precision,recall
0.03133954877507366,1.0
0.03138832184651454,1.0
0.031390225168775515,1.0
0.031394032505862375,1.0
0.03139530182347471,1.0
0.031395936520772265,1.0
0.03140038012050629,1.0
0.03140291988514579,1.0
0.03140990635681492,1.0
0.031418167104996966,1.0
0.031432156735751296,1.0
0.031432792924079585,1.0
0.031433429138161356,1.0
0.03143724696356275,1.0
0.03143979269576484,1.0
0.031455075751438064,1.0
0.03145762437206288,1.0
0.03146208545207755,1.0
0.031469098277608916,1.0
0.03147228695916506,1.0
0.031473562612731286,1.0
0.03148185688222177,1.0
0.03148313331170938,1.0
0.03148377156526851,1.0
0.03148504815002534,1.0
0.03151124097070043,1.0
0.03152403377720039,1.0
0.03152595359412111,1.0
0.03153043407642019,1.0
0.03153107424928431,1.0
0.03153171444814424,1.0
0.03159265211465305,1.0
0.031601652320778134,1.0
0.03160229538887306,1.0
0.03160358160358161,1.0
0.03160551112196512,1.0
0.03165124526148453,1.0
0.031652535463883906,1.0
0.031653180604528874,1.0
0.03166996349695128,1.0
0.03167190112982828,1.0
0.03167319301680535,1.0
0.03169323075039285,1.0
0.031700347009593795,1.0
0.03170099410071649,1.0
0.03175025044466706,1.0
0.03175154873136922,1.0
0.03175349636051362,1.0
0.03175479491268965,1.0
0.03175544422860648,1.0
0.03175674294010592,1.0
0.03175869120654397,1.0
0.03175999018364759,1.0
0.03176583689582524,1.0
0.0317684361256009,1.0
0.03177948759924695,1.0
0.031789245286881054,1.0
0.03179966009378135,1.0
0.031808778649407045,1.0
0.03181008172712562,1.0
0.03181203654389774,1.0
0.03181333988856113,1.0
0.03181399160094233,1.0
0.0318146433400254,1.0
0.03181529510581198,1.0
0.03187340940809457,1.0
0.031874063583933666,1.0
0.0318773348659633,1.0
0.03198434764699825,1.0
0.03198566514942434,1.0
0.031986323941341245,1.0
0.03198764160659114,1.0
0.03214189622700085,1.0
0.032143226741177686,1.0
0.03214455736551239,1.0
0.03216386380581559,1.0
0.03216452995878467,1.0
0.032167194846620686,1.0
0.03217385899852908,1.0
0.03217652543250803,1.0
0.03217785881524149,1.0
0.032199207978271235,1.0
0.03219987559610201,1.0
0.03220454969620306,1.0
0.032209225153476025,1.0
0.032209893186767605,1.0
0.03221056124777036,1.0
0.032211897452916284,1.0
0.03221390196851211,1.0
0.03221724338229193,1.0
0.032227940566116046,1.0
0.03223396085431412,1.0
0.032235968116904684,1.0
0.032241991404903775,1.0
0.03224533864872721,1.0
0.03224801694422526,1.0
0.032265436715698495,1.0
0.03226744790043425,1.0
0.032274824390041146,1.0
0.03227750758614956,1.0
0.032278849351513136,1.0
0.03227952027602835,1.0
0.032358885670826995,1.0
0.032373050946385394,1.0
0.03237507556963873,1.0
0.032379800675534795,1.0
0.032380475803256814,1.0
0.03238655321988655,1.0
0.032388579532419866,1.0
0.032396011514873375,1.0
0.03239668731877256,1.0
0.032398714899653694,1.0
0.03240750401702803,1.0
0.03240953295212655,1.0
0.03241088571667084,1.0
0.03241291507524054,1.0
0.03241426812214314,1.0
0.03241494468795659,1.0
0.03257677462661521,1.0
0.03261645734447852,1.0
0.03261714237708189,1.0
0.03262742132022354,1.0
0.032629477886332595,1.0
0.03263222037780253,1.0
0.032667914764719495,1.0
0.032669289185266216,1.0
0.03267891336826379,1.0
0.03268028871446308,1.0
0.03268372758649718,1.0
0.03385950377185715,1.0
0.033863933711295244,1.0
0.03387427474588841,1.0
0.03388979814511729,1.0
0.03390829694323144,1.0
0.03391496145530781,1.0
0.033922369541949715,1.0
0.03411912032866841,1.0
0.034124368270709735,1.0
0.03413036789591666,1.0
0.034234194515474825,1.0
0.03424249773995105,1.0
0.034245518093011976,1.0
0.03424778370749349,1.0
0.034248538978939244,1.0
0.03426138369219908,1.0
0.03426289546838459,1.0
0.03431589181544988,1.0
0.03431968354290513,1.0
0.03432423472206874,1.0
0.03432575205004089,1.0
0.03435004755479861,1.0
0.034352327021766056,1.0
0.03435460679128415,1.0
0.03436372889606797,1.0
0.03436524971786418,1.0
0.03436601017924319,1.0
0.03436829176533074,1.0
0.03438122647775072,1.0
0.03438274884874247,1.0
0.03440026581016724,1.0
0.03440102782208045,1.0
0.034404076207354896,1.0
0.03440636285087622,1.0
0.03440864979837816,1.0
0.03441093704992134,1.0
0.0344124620532252,1.0
0.03441322460556639,1.0
0.03441474981163852,1.0
0.03441932624113475,1.0
0.034432299403587344,1.0
0.03443306283535098,1.0
0.03443382630096894,1.0
0.034434589800443456,1.0
0.0344353533337768,1.0
0.03443611690097122,1.0
0.03443764413695228,1.0
0.03444375443577005,1.0
0.03444757447374842,1.0
0.034449102726203946,1.0
0.03445139535915524,1.0
0.03445292395066111,1.0
0.034480461811722915,1.0
0.03448199298370265,1.0
0.03448352429167777,1.0
0.034484289996669255,1.0
0.03448505573566638,1.0
0.034487353156714265,1.0
0.03448965088389447,1.0
0.034490416860994515,1.0
0.034491948917268186,1.0
0.034495013438173294,1.0
0.03449577965348734,1.0
0.03449654590284102,1.0
0.03449731218623662,1.0
0.03449807850367639,1.0
0.03449884485516261,1.0
0.034499611240697545,1.0
0.034500377660283466,1.0
0.03450114411392265,1.0
0.03450191060161735,1.0
0.0345049768929968,1.0
0.03450574355100318,1.0
0.03450881052374286,1.0
0.03450957735211768,1.0
0.03451341200524479,1.0
0.03451417903813672,1.0
0.03451571320620527,1.0
0.034516480341386435,1.0
0.034517247510668564,1.0
0.03451801471405392,1.0
0.034518781951544786,1.0
0.03451954922314344,1.0
0.03452031652885214,1.0
0.03452108386867317,1.0
0.034521851242608814,1.0
0.03452261865066133,1.0
0.03452338609283301,1.0
0.034524153569126116,1.0
0.03452492107954293,1.0
0.034525688624085726,1.0
0.03452645620275678,1.0
0.034527223815558374,1.0
0.034527991462492774,1.0
0.034528759143562265,1.0
0.03452952685876912,1.0
0.034530294608115616,1.0
0.034531062391604035,1.0
0.034531830209236655,1.0
0.03453336594694358,1.0
0.03453413386702246,1.0
0.03453490182125464,1.0
0.034537973979762035,1.0
0.03453874210479495,1.0
0.03453951026399484,1.0
0.034541046684904694,1.0
0.03454181494661922,1.0
0.03454258324250984,1.0
0.03454335157257885,1.0
0.03454411993682852,1.0
0.03454488833526114,1.0
0.03454565676787899,1.0
0.03454642523468435,1.0
0.034547962270866706,1.0
0.03454873084024827,1.0
0.03454949944382647,1.0
0.034550268081603594,1.0
0.03455103675358192,1.0
0.034551805459763725,1.0
0.034552574200151294,1.0
0.034553342974746916,1.0
0.03455411178355287,1.0
0.03455488062657144,1.0
0.0345556495038049,1.0
0.03455641841525556,1.0
0.03455718736092568,1.0
0.03455872535493346,1.0
0.034559494403275694,1.0
0.03456026348584654,1.0
0.03456103260264827,1.0
0.034562570938953555,1.0
0.03456718676964854,1.0
0.03456795619463117,1.0
0.034569495147359984,1.0
0.03457103423712212,1.0
0.034571803833396406,1.0
0.034572573463935885,1.0
0.03457411282781958,1.0
0.03457488256116838,1.0
0.03457642213069131,1.0
0.03457719196687002,1.0
0.034577961837329946,1.0
0.03457873174207339,1.0
0.034579501681102624,1.0
0.03458027165441995,1.0
0.034581041662027655,1.0
0.03458181170392803,1.0
0.03458258178012336,1.0
0.034583351890615954,1.0
0.03458412203540808,1.0
0.03458489221450205,1.0
0.03458566242790014,1.0
0.03458643267560465,1.0
0.03458720295761787,1.0
0.03458797327394209,1.0
0.034588743624579615,1.0
0.03458951400953272,1.0
0.03459028442880371,1.0
0.03459105488239487,1.0
0.03459259589254689,1.0
0.03459336644911233,1.0
0.03459413704000713,1.0
0.034594907665233564,1.0
0.03459644901869055,1.0
0.03459799050950164,1.0
0.03459876130642071,1.0
0.0345995321376852,1.0
0.03460030300329739,1.0
0.03460107390325959,1.0
0.034601844837574086,1.0
0.03460261580624318,1.0
0.03460415784665434,1.0
0.034604928918401,1.0
0.034605700024511445,1.0
0.03460724233983287,1.0
0.03461032738294221,1.0
0.0346118701107669,1.0
0.034614184460393174,1.0
0.034614955979048255,1.0
0.034615727532097004,1.0
0.03461649911954172,1.0
0.03461727074138469,1.0
0.03461804239762823,1.0
0.034618814088274635,1.0
0.0346195858133262,1.0
0.03462035757278523,1.0
0.034621129366654034,1.0
0.034621901194934905,1.0
0.03462267305763014,1.0
0.03462344495474205,1.0
0.034624216886272936,1.0
0.03462730495663226,1.0
0.03462807706029254,1.0
0.034628849198385624,1.0
0.03462962137091379,1.0
0.034630393577879365,1.0
0.03463116581928463,1.0
0.0346319380951319,1.0
0.034632710405423484,1.0
0.034635799991079,1.0
0.03463657247362669,1.0
0.03463734499063253,1.0
0.034638117542098806,1.0
0.03463889012802784,1.0
0.03463966274842192,1.0
0.03464043540328337,1.0
0.034641208092614485,1.0
0.034641980816417575,1.0
0.03464275357469495,1.0
0.03464507205639584,1.0
0.034645844952593416,1.0
0.03464661788327682,1.0
0.03464739084844834,1.0
0.0346481638481103,1.0
0.03464893688226501,1.0
0.03464970995091477,1.0
0.03465280257051053,1.0
0.0346535758116702,1.0
0.034654349087338776,1.0
0.03465512239751858,1.0
0.034659762983462405,1.0
0.03466131012163821,1.0
0.03466440481239258,1.0
0.03466517857142857,1.0
0.03466595236500815,1.0
0.03466672619313362,1.0
0.03466750005580731,1.0
0.03466827395303152,1.0
0.034669047884808575,1.0
0.03467059585203045,1.0
0.03467136988747991,1.0
0.034672918062067425,1.0
0.03467369220121012,1.0
0.03467446637492185,1.0
0.034675240583204946,1.0
0.03467601482606172,1.0
0.034677563415505534,1.0
0.03467911214327185,1.0
0.03467988655903173,1.0
0.034680661009379186,1.0
0.034681435494316536,1.0
0.03468221001384608,1.0
0.034682984567970164,1.0
0.034683759156691085,1.0
0.03468453378001117,1.0
0.03468530843793273,1.0
0.03468685785758956,1.0
0.03468763261932948,1.0
0.03468840741568014,1.0
0.034689182246643885,1.0
0.034689957112223016,1.0
0.03469460703275099,1.0
0.03469538214070284,1.0
0.03469615728328865,1.0
0.034704686138237725,1.0
0.0347062372896507,1.0
0.03470701291735574,1.0
0.03470778857972958,1.0
0.03470856427677454,1.0
0.03470934000849295,1.0
0.03471011577488713,1.0
0.03471089157595941,1.0
0.03471166741171212,1.0
0.034712443282147565,1.0
0.03471321918726809,1.0
0.03471632315464747,1.0
0.034717875346508095,1.0
0.03471865149448928,1.0
0.034719427677174154,1.0
0.03472253275499709,1.0
0.03472330911123533,1.0
0.034724085502191214,1.0
0.03472486192786709,1.0
0.03472641488338812,1.0
0.03472719141323793,1.0
0.034727967977817034,1.0
0.03472874457712778,1.0
0.034734958622232165,1.0
0.03473573553423248,1.0
0.03473651248098774,1.0
0.03473728946250028,1.0
0.03473806647877242,1.0
0.03474039773616983,1.0
0.03474117489150374,1.0
0.034741952081608914,1.0
0.034742729306487696,1.0
0.03474350656614242,1.0
0.03474428386057542,1.0
0.034745061189789025,1.0
0.034745838553785574,1.0
0.0347466159525674,1.0
0.03474739338613684,1.0
0.03474817085449623,1.0
0.0347489483576479,1.0
0.03475128107587997,1.0
0.03475205871822413,1.0
0.03475283639537226,1.0
0.03475361410732668,1.0
0.03475439185408974,1.0
0.034755947452051114,1.0
0.034759837056269303,1.0
0.03476217123670957,1.0
0.03476684053818084,1.0
0.03476761887704845,1.0
0.03476839725076679,1.0
0.0347691756593382,1.0
0.03476995410276503,1.0
0.03477073258104962,1.0
0.034771511094194296,1.0
0.03477384684281236,1.0
0.034774625495420854,1.0
0.03477540418290116,1.0
0.034776182905255616,1.0
0.03477696166248656,1.0
0.03477774045459635,1.0
0.034779298143461805,1.0
0.034780077040222165,1.0
0.034783972047394,1.0
0.034786309470477554,1.0
0.03478708868131622,1.0
0.034787867927064196,1.0
0.034789426523297494,1.0
0.0347909852591962,1.0
0.03479176467952595,1.0
0.0347925441347791,1.0
0.03479332362495799,1.0
0.03479488271010239,1.0
0.03479566230507259,1.0
0.03479644193497793,1.0
0.03479722159982075,1.0
0.0347980012996034,1.0
0.03479878103432822,1.0
0.03479956080399758,1.0
0.03480034060861381,1.0
0.03480112044817927,1.0
0.03481828576553147,1.0
0.03481906640957805,1.0
0.0348198470886303,1.0
0.03482062780269058,1.0
0.03482140855176125,1.0
0.034822189335844654,1.0
0.03482297015494316,1.0
0.03482375100905911,1.0
0.03482531282235278,1.0
0.03482609378153522,1.0
0.034826874775744525,1.0
0.034827655804983065,1.0
0.034828436869253195,1.0
0.034829217968557265,1.0
0.03483078027227667,1.0
0.03483156147669672,1.0
0.03483234271616014,1.0
0.0348331239906693,1.0
0.03483390530022654,1.0
0.03483546802449474,1.0
0.03483624943921041,1.0
0.0348370308889836,1.0
0.03483781237381668,1.0
0.034838593893712,1.0
0.03483937544867193,1.0
0.034840157038698825,1.0
0.034840938663795035,1.0
0.03484172032396294,1.0
0.034842502019204885,1.0
0.03484406551492035,1.0
0.03484562915096033,1.0
0.03484641102160792,1.0
0.034847192927343715,1.0
0.03484797486817009,1.0
0.0348487568440894,1.0
0.03484953885510401,1.0
0.034850320901216286,1.0
0.03485188509874327,1.0
0.03485266725016271,1.0
0.034853449436689256,1.0
0.03485423165832529,1.0
0.03485970819304152,1.0
0.03486049069563851,1.0
0.034861273233366255,1.0
0.03486205580622713,1.0
0.034862838414223496,1.0
0.03486440373563218,1.0
0.034865186449049235,1.0
0.03486596919761124,1.0
0.03486675198132058,1.0
0.034867534800179616,1.0
0.034869100543356235,1.0
0.03486988346767856,1.0
0.03487066642716005,1.0
0.03487144942180308,1.0
0.034888684204614384,1.0
0.034889468008626884,1.0
0.03489025184785783,1.0
0.034891035722309595,1.0
0.03489417157237226,1.0
0.034894955622963714,1.0
0.03489573970879022,1.0
0.03489652382985417,1.0
0.03489730798615793,1.0
0.0349004449638186,1.0
0.034902013664149585,1.0
0.03490358250550636,1.0
0.03490436697907536,1.0
0.03490515148790794,1.0
0.03490593603200647,1.0
0.034907505226010924,1.0
0.034908289875921594,1.0
0.03490985928157173,1.0
0.03491142882834278,1.0
0.034912213654654585,1.0
0.03491299851625376,1.0
0.03491378341314269,1.0
0.03491456834532374,1.0
0.0349153533127993,1.0
0.03491692335364346,1.0
0.034917708427016816,1.0
0.034920849073574387,1.0
0.03492163432349171,1.0
0.03492241960872498,1.0
0.03492399028514887,1.0
0.03492477567634426,1.0
0.03492556110286511,1.0
0.03492870316225091,1.0
0.03492948876543488,1.0
0.03493106007782451,1.0
0.034931845787034954,1.0
0.034932631531592324,1.0
0.03493341731149901,1.0
0.034935774863338806,1.0
0.03493656078466661,1.0
0.03493734674135565,1.0
0.03494284942849429,1.0
0.034943635668159216,1.0
0.03494442194320688,1.0
0.03494599459945995,1.0
0.03494678098067013,1.0
0.03494835384926975,1.0
0.034949140336663964,1.0
0.03495071341765315,1.0
0.034952286640259275,1.0
0.03495307330467466,1.0
0.034953860004501465,1.0
0.03495464673974206,1.0
0.03495622031647422,1.0
0.03495700715797056,1.0
0.034957794034890265,1.0
0.03495858094723573,1.0
0.034960154878213495,1.0
0.03496094189685059,1.0
0.034964090325776166,1.0
0.034964877521613834,1.0
0.03496566475289879,1.0
0.03496802665946141,1.0
0.0349688140325595,1.0
0.03497353901587659,1.0
0.034974326637239886,1.0
0.03497511429407923,1.0
0.03497590198639701,1.0
0.034977477477477474,1.0
0.03497826527624496,1.0
0.03497905311050047,1.0
0.03497984098024641,1.0
0.03498062888548518,1.0
0.03498141682621917,1.0
0.03498220480245078,1.0
0.03498299281418241,1.0
0.034984568944155345,1.0
0.03498614521615716,1.0
0.03498693340542489,1.0
0.034987721630207046,1.0
0.03498929818632421,1.0
0.034990086517664026,1.0
0.03499087488452786,1.0
0.034992451724837205,1.0
0.03499402870727146,1.0
0.034994817251791425,1.0
0.03499639444744907,1.0
0.03499797178527967,1.0
0.03499876050751583,1.0
0.034999549265302445,1.0
0.0350003380586419,1.0
0.03500112688753662,1.0
0.03500270465200144,1.0
0.03500349358757635,1.0
0.035004282558716134,1.0
0.03500980635271309,1.0
0.03501059560845845,1.0
0.03501138489979034,1.0
0.035013752987329214,1.0
0.03501533189033189,1.0
0.035016121395233475,1.0
0.035017700511849194,1.0
0.03501849012356814,1.0
0.03502085917239824,1.0
0.035021648926574056,1.0
0.03502243871637011,1.0
0.035023228541788826,1.0
0.03502401840283259,1.0
0.035024808299503836,1.0
0.035025598231804955,1.0
0.03502638819973837,1.0
0.035027968242511726,1.0
0.03502875831735649,1.0
0.03503033857397424,1.0
0.03503112875575205,1.0
0.03503270922625761,1.0
0.03503903253463291,1.0
0.03503982310868437,1.0
0.03504140436381687,1.0
0.035043776514125824,1.0
0.035044567302267855,1.0
0.035050103818723484,1.0
0.035051686001895906,1.0
0.035052477147048865,1.0
0.035054059544500374,1.0
0.03505485079680375,1.0
0.03505643340857788,1.0
0.0350627652849273,1.0
0.0350643486114247,1.0
0.035065140328298224,1.0
0.03506593208092486,1.0
0.03506672386930702,1.0
0.03506751569344714,1.0
0.03506989138043945,1.0
0.035070683347635606,1.0
0.03507147535060184,1.0
0.03507226738934056,1.0
0.03507622811970638,1.0
0.03507702037313096,1.0
0.035077812662345,1.0
0.03507860498735092,1.0
0.03507939734815116,1.0
0.035080982177144275,1.0
0.035081774645342005,1.0
0.035082567149343755,1.0
0.035083359689151945,1.0
0.035084944876197365,1.0
0.03508573752343944,1.0
0.0350881156800723,1.0
0.035090494159116074,1.0
0.0350912870571222,1.0
0.03509207999096147,1.0
0.035093665966149185,1.0
0.035094459007502486,1.0
0.03509525208469865,1.0
0.035096045197740115,1.0
0.0350968383466293,1.0
0.03509763153136865,1.0
0.03509921800840754,1.0
0.03510001130071194,1.0
0.035100804628876235,1.0
0.03510635893030721,1.0
0.03510715254543811,1.0
0.03510794619645077,1.0
0.03510873988334765,1.0
0.03510953360613117,1.0
0.03511032736480376,1.0
0.03511112115936786,1.0
0.03511191498982591,1.0
0.035112708856180334,1.0
0.03511350275843357,1.0
0.035114296696588054,1.0
0.03511588468061051,1.0
0.03511667872648336,1.0
0.03511826692596445,1.0
0.03513415682548301,1.0
0.03513495169792539,1.0
0.03513574660633484,1.0
0.035136541550713815,1.0
0.03513733653106475,1.0
0.03513892659969228,1.0
0.03514290240094137,1.0
0.03514369766915592,1.0
0.03515801865435117,1.0
0.03516120268067379,1.0
0.03516199877736772,1.0
0.03516359107890864,1.0
0.03516438728376053,1.0
0.03516518352466997,1.0
0.03516597980163942,1.0
0.03516677611467132,1.0
0.03516916527016622,1.0
0.03517075822085334,1.0
0.035171554750311404,1.0
0.035172351315849074,1.0
0.03517474122896424,1.0
0.03517553793884485,1.0
0.035176334684817324,1.0
0.035177131466884115,1.0
0.03517872513931047,1.0
0.03518111591871871,1.0
0.03518270995219864,1.0
0.03518350702310829,1.0
0.035185101273279264,1.0
0.03518589845254548,1.0
0.03518749291945168,1.0
0.035189884890782196,1.0
0.03519147971901201,1.0
0.035192277187337126,1.0
0.03519307469180566,1.0
0.03519387223242006,1.0
0.035194669809182795,1.0
0.03519546742209632,1.0
0.03519626507116309,1.0
0.035201849627127864,1.0
0.035203445540065735,1.0
0.03520504159771496,1.0
0.03520583968081248,1.0
0.03520663780009521,1.0
0.03520743595556563,1.0
0.03520823414722619,1.0
0.03520903237507935,1.0
0.035209830639127575,1.0
0.03521062893937333,1.0
0.035211427275819066,1.0
0.03521222564846726,1.0
0.035213024057320366,1.0
0.03521462098365116,1.0
0.035216218054831175,1.0
0.0352178152708801,1.0
0.035218613933236574,1.0
0.035219412631817666,1.0
0.03522021136662584,1.0
0.03522420558415931,1.0
0.035225004536381783,1.0
0.03522740161052512,1.0
0.03522820070773977,1.0
0.03522899984120863,1.0
0.03523219673767554,1.0
0.03523299605245247,1.0
0.0352385922715618,1.0
0.03524419026870007,1.0
0.035249790044714804,1.0
0.03525059015798075,1.0
0.03525219049348527,1.0
0.035257792812223306,1.0
0.0352585932888344,1.0
0.03526019435110344,1.0
0.03526099493676634,1.0
0.03526499841046369,1.0
0.035266600054500864,1.0
0.03526740093107755,1.0
0.03526980377906977,1.0
0.035271405859641156,1.0
0.03527220695450726,1.0
0.035295454545454547,1.0
0.03529625673310757,1.0
0.035329177851585604,1.0
0.03533078533078533,1.0
0.03533239295627247,1.0
0.03533400072806698,1.0
0.03534043327871837,1.0
0.035341237512231755,1.0
0.03534365043240783,1.0
0.03534525922891347,1.0
0.035348477261346566,1.0
0.03534928186101564,1.0
0.03535008649731403,1.0
0.035351695879808784,1.0
0.035352500626010155,1.0
0.035354110228333374,1.0
0.03535491508446023,1.0
0.03535571997723392,1.0
0.035357329872731824,1.0
0.03536618691929313,1.0
0.03536699232538544,1.0
0.03536779776816215,1.0
0.03537021431662377,1.0
0.03539439797616063,1.0
0.03539520466769988,1.0
0.035396011396011395,1.0
0.03539681816109769,1.0
0.03540004558924094,1.0
0.035400852538238846,1.0
0.03540165952402662,1.0
0.03540246654660679,1.0
0.035427502509353045,1.0
0.03542911894876124,1.0
0.03542992722378117,1.0
0.03543154388446533,1.0
0.03543235227013461,1.0
0.03543882068367487,1.0
0.03544043815609311,1.0
0.0354436735439109,1.0
0.035444482483167866,1.0
0.03544610047246251,1.0
0.035447718609481635,1.0
0.03545257390708823,1.0
0.03545824010228778,1.0
0.03546714778358873,1.0
0.035468767842868565,1.0
0.03546957792801023,1.0
0.035470388050156454,1.0
0.03547119820930976,1.0
0.035472008405472696,1.0
0.035472818638647784,1.0
0.03547362890883757,1.0
0.03547524956027138,1.0
0.03547605994152047,1.0
0.0354768703597944,1.0
0.03548497657945847,1.0
0.03548659826794324,1.0
0.03548740916777113,1.0
0.0354890310786106,1.0
0.03548984208962728,1.0
0.0354914642228672,1.0
0.03550201170446233,1.0
0.03550444662902083,1.0
0.03550688188760346,1.0
0.035509317480278954,1.0
0.03551012941875886,1.0
0.03551175340711607,1.0
0.03551825084621718,1.0
0.03552150045745654,1.0
0.03552393805613377,1.0
0.03552718870816462,1.0
0.03552962708762297,1.0
0.03553043995515798,1.0
0.03553125285988835,1.0
0.03553531794156008,1.0
0.035536131069516266,1.0
0.0355369442346857,1.0
0.03553775743707094,1.0
0.03553857067667452,1.0
0.03554019726754697,1.0
0.035541010618820944,1.0
0.03554263743305717,1.0
0.03554345089602454,1.0
0.03554426439622814,1.0
0.03554507793367055,1.0
0.035547518769456145,1.0
0.03554833245587932,1.0
0.03554914617955409,1.0
0.035549959940483,1.0
0.0355515875741135,1.0
0.0355540293040293,1.0
0.03555891377020653,1.0
0.03555972797838482,1.0
0.03556054222385052,1.0
0.03556135650660622,1.0
0.0355629851839978,1.0
0.03556705753023085,1.0
0.03556787211139867,1.0
0.03557683496746999,1.0
0.035577649996563654,1.0
0.03558743325924059,1.0
0.03558824877400431,1.0
0.035589064326145246,1.0
0.03559151120685704,1.0
0.035592326908532534,1.0
0.035593142647598094,1.0
0.03559395842405629,1.0
0.035594774237909695,1.0
0.035595590089160876,1.0
0.03559640597781241,1.0
0.03559722190386687,1.0
0.03559803786732682,1.0
0.0355996699064735,1.0
0.03560048598216537,1.0
0.03560130209527303,1.0
0.03560211824579904,1.0
0.03560864879737693,1.0
0.035609465284784,1.0
0.035611914971680154,1.0
0.0356127316088791,1.0
0.03561354828353246,1.0
0.0356143649956428,1.0
0.03561518174521271,1.0
0.035620083029427284,1.0
0.0356209000412863,1.0
0.03562253417744747,1.0
0.035623351301754785,1.0
0.03562416846355003,1.0
0.03562498566283578,1.0
0.03562580289961461,1.0
0.0356266201738891,1.0
0.03562743748566185,1.0
0.035629072221712396,1.0
0.035629889645995366,1.0
0.0356307071077869,1.0
0.03563152460708959,1.0
0.03563234214390602,1.0
0.035633159718238765,1.0
0.035633977330090404,1.0
0.03563479497946353,1.0
0.035636430390784554,1.0
0.035638065952222506,1.0
0.035638883789241786,1.0
0.035640519575893884,1.0
0.035643791599724584,1.0
0.035644609699557024,1.0
0.03564542783694455,1.0
0.03564624601188973,1.0
0.03564706422439517,1.0
0.03564951908729885,1.0
0.035650337450071165,1.0
0.03565361127691813,1.0
0.035655248415832494,1.0
0.03565606704167145,1.0
0.03565688570510171,1.0
0.03565770440612587,1.0
0.035662617401887614,1.0
0.035663436366141554,1.0
0.03566425536801011,1.0
0.03566507440749587,1.0
0.03566671259932938,1.0
0.03566753175168232,1.0
0.03566835094166284,1.0
0.035669170169273526,1.0
0.03567080873739578,1.0
0.03567244745606983,1.0
0.035673266871870266,1.0
0.03567408632531643,1.0
0.035675725345156326,1.0
0.03567736451561028,1.0
0.035678184157324024,1.0
0.03568228293086414,1.0
0.03568310279858462,1.0
0.035683922703981984,1.0
0.03568474264705882,1.0
0.03568556262781773,1.0
0.03568638264626132,1.0
0.03568802279621289,1.0
0.035688842927726075,1.0
0.035692944150769935,1.0
0.035694584903925713,1.0
0.03569622580793454,1.0
0.03570361174333862,1.0
0.03570443259150267,1.0
0.0357052534774112,1.0
0.035706895362472124,1.0
0.03570771636162973,1.0
0.03571182192379332,1.0
0.035712643149519385,1.0
0.03571346441301598,1.0
0.03571428571428571,1.0
0.03571510705333119,1.0
0.03571592843015501,1.0
0.03571674984475978,1.0
0.035717571297148115,1.0
0.03571839278732262,1.0
0.035719214315285894,1.0
0.03572003588104055,1.0
0.0357208574845892,1.0
0.03572167912593444,1.0
0.0357225008050789,1.0
0.03572332252202517,1.0
0.03572414427677586,1.0
0.03572496606933358,1.0
0.03573071967605375,1.0
0.03573236390410013,1.0
0.03573318607487173,1.0
0.035734008283479064,1.0
0.03573483052992476,1.0
0.03573647513634167,1.0
0.03573729749631811,1.0
0.03573811989414337,1.0
0.03573976480335075,1.0
0.0357405873147381,1.0
0.03574140986398472,1.0
0.03574963743928547,1.0
0.03575210645057323,1.0
0.035752929530124086,1.0
0.03575457580292391,1.0
0.035755398996178106,1.0
0.03575622222733866,1.0
0.03575704549640818,1.0
0.035757868803389284,1.0
0.035758692148284595,1.0
0.035759515531096735,1.0
0.03576033895182831,1.0
0.03576116241048196,1.0
0.035761985907060284,1.0
0.035762809441565915,1.0
0.03576445662436958,1.0
0.03576528027267284,1.0
0.03576692768309535,1.0
0.035767751445219834,1.0
0.03576857524528997,1.0
0.03577022295927768,1.0
0.03577269481491719,1.0
0.0357735188427163,1.0
0.03577434290847942,1.0
0.03577516701220917,1.0
0.03577599115390818,1.0
0.035776815333579064,1.0
0.035777639551224455,1.0
0.03577846380684698,1.0
0.03577928810044926,1.0
0.03578011243203391,1.0
0.035780936801603574,1.0
0.03578176120916087,1.0
0.035783410138248845,1.0
0.03578423465978479,1.0
0.0357858838168537,1.0
0.03578670845239192,1.0
0.03578753312593617,1.0
0.035789182587053214,1.0
0.0357916570638396,1.0
0.03579248196547512,1.0
0.03579330690513506,1.0
0.035794131882822044,1.0
0.0357949568985387,1.0
0.03579578195228766,1.0
0.035796607044071546,1.0
0.035797432173893,1.0
0.035798257341754645,1.0
0.035799082547659115,1.0
0.035799907791609034,1.0
0.035800733073607045,1.0
0.03580155839365577,1.0
0.035802383751757844,1.0
0.0358032091479159,1.0
0.03580486005441048,1.0
0.03580568556475226,1.0
0.03580651111316056,1.0
0.03580733669963801,1.0
0.03580816232418722,1.0
0.035808987986810856,1.0
0.03580981368751153,1.0
0.03581063942629188,1.0
0.03581146520315454,1.0
0.035812291018102155,1.0
0.03581311687113735,1.0
0.03581394276226276,1.0
0.03581559465879477,1.0
0.03581642066420664,1.0
0.035817246707719276,1.0
0.035818072789335305,1.0
0.03581889890905736,1.0
0.03581972506688809,1.0
0.035820551262830125,1.0
0.0358213774968861,1.0
0.03582220376905866,1.0
0.035823030079350435,1.0
0.03582550923896745,1.0
0.03582633570176248,1.0
0.03582881531895259,1.0
0.0358296419342931,1.0
0.035830468587776575,1.0
0.03583212200918299,1.0
0.03583294877711121,1.0
0.035833775583192964,1.0
0.03583460242743089,1.0
0.03583542930982763,1.0
0.035838737221055544,1.0
0.035839564294285975,1.0
0.03584039140569108,1.0
0.03584121855527348,1.0
0.035842045743035844,1.0
0.035842872968980796,1.0
0.035843700233110995,1.0
0.03584452753542907,1.0
0.03584535487593768,1.0
0.03584618225463946,1.0
0.03584700967153706,1.0
0.03584866461993029,1.0
0.03584949215143121,1.0
0.03585031972113853,1.0
0.035851147329054894,1.0
0.03585197497518296,1.0
0.03585280265952535,1.0
0.03585363038208473,1.0
0.03585445814286374,1.0
0.03585528594186503,1.0
0.035856113779091245,1.0
0.03585694165454503,1.0
0.035857769568229045,1.0
0.03585942551029833,1.0
0.035860253538688894,1.0
0.03586190971019513,1.0
0.03586273785331609,1.0
0.03586439425430696,1.0
0.03586522251218217,1.0
0.035866050808314086,1.0
0.03586687914270537,1.0
0.03586770751535868,1.0
0.035868535926276646,1.0
0.03586936437546193,1.0
0.0358701928629172,1.0
0.03587102138864508,1.0
0.035872678554929316,1.0
0.035873507195490976,1.0
0.035874335874335875,1.0
0.03587599334688597,1.0
0.03587682214059648,1.0
0.035877650972600844,1.0
0.0358784798429017,1.0
0.03587930875150171,1.0
0.03588013769840353,1.0
0.035880966683609815,1.0
0.035881795707123215,1.0
0.035882624768946395,1.0
0.035883453869082,1.0
0.03588428300753269,1.0
0.03588594139938996,1.0
0.035886770652801846,1.0
0.035887599944539446,1.0
0.035888429274605414,1.0
0.0358892586430024,1.0
0.03589008804973308,1.0
0.03589091749480009,1.0
0.03589174697820611,1.0
0.035892576499953775,1.0
0.03589423565848472,1.0
0.0358958949704142,1.0
0.03589672468391004,1.0
0.035897554435763486,1.0
0.03589838422597721,1.0
0.03589921405455386,1.0
0.03590004392149611,1.0
0.0359008738268066,1.0
0.035901703770488014,1.0
0.035902533752543,1.0
0.03590336377297422,1.0
0.035904193831784344,1.0
0.03590502392897602,1.0
0.03590585406455193,1.0
0.035906684238514716,1.0
0.035907514450867054,1.0
0.0359083447016116,1.0
0.03590917499075102,1.0
0.035910005318287974,1.0
0.03591083568422513,1.0
0.0359124965313107,1.0
0.03591332701246445,1.0
0.03591415753202905,1.0
0.03591498809000717,1.0
0.03591581868640148,1.0
0.03591664932121465,1.0
0.035917479994449324,1.0
0.035918310706108195,1.0
0.03591914145619391,1.0
0.03591997224470915,1.0
0.035920803071656564,1.0
0.03592163393703884,1.0
0.03592246484085862,1.0
0.0359232957831186,1.0
0.03592412676382142,1.0
0.035924957782969766,1.0
0.0359257888405663,1.0
0.03592661993661369,1.0
0.035927451071114606,1.0
0.035929113455487695,1.0
0.0359299447053652,1.0
0.03593077599370691,1.0
0.03593909099324262,1.0
0.03593992270486682,1.0
0.03594075445498727,1.0
0.03594158624360665,1.0
0.03594241807072764,1.0
0.03594324993635291,1.0
0.035944081840485115,1.0
0.035944913783126954,1.0
0.035945745764281084,1.0
0.035947409842136936,1.0
0.03594824193884401,1.0
0.03594907407407407,1.0
0.03594990624782981,1.0
0.035950738460113894,1.0
0.035951570710929,1.0
0.035952403000277806,1.0
0.03595323532816298,1.0
0.03595406769458721,1.0
0.03595490009955317,1.0
0.03595573254306353,1.0
0.03595656502512098,1.0
0.03595739754572818,1.0
0.03595989533887512,1.0
0.03596072801370814,1.0
0.03596156072710432,1.0
0.035962393479066324,1.0
0.03596322626959683,1.0
0.035964059098698535,1.0
0.03596655781745756,1.0
0.035967390800870816,1.0
0.035968223822868656,1.0
0.03596905688345377,1.0
0.035970723120396536,1.0
0.03597155629675955,1.0
0.03597238951172056,1.0
0.0359740560574473,1.0
0.0359748893882184,1.0
0.03597572275759822,1.0
0.03597738961219478,1.0
0.03597822309741689,1.0
0.03597905662125846,1.0
0.03597989018372217,1.0
0.035980723784810716,1.0
0.03598155742452677,1.0
0.03598239110287303,1.0
0.03598322481985217,1.0
0.03598405857546689,1.0
0.035985726202613776,1.0
0.03598656007415132,1.0
0.03598739398433517,1.0
0.03598822793316803,1.0
0.03598906192065258,1.0
0.035990730011587486,1.0
0.03599156411504322,1.0
0.0359923982571614,1.0
0.0359932324379447,1.0
0.035994066657395817,1.0
0.03599490091551744,1.0
0.03599573521231226,1.0
0.03599656954778296,1.0
0.03599740392193222,1.0
0.035998238334762754,1.0
0.03599907278627724,1.0
0.03599990727647836,1.0
0.036000741805368816,1.0
0.036001576372951295,1.0
0.03600324562420308,1.0
0.03600408030787778,1.0
0.036004915030255255,1.0
0.03600574979133822,1.0
0.03600741942963135,1.0
0.0360082543068469,1.0
0.036009089222778706,1.0
0.03600992417742945,1.0
0.036010759170801834,1.0
0.03601159420289855,1.0
0.03601326438327575,1.0
0.036014099531561615,1.0
0.036014934718582595,1.0
0.03601576994434137,1.0
0.03601660520884065,1.0
0.036017440512083124,1.0
0.03601827585407148,1.0
0.03601911123480842,1.0
0.03601994665429665,1.0
0.03602078211253885,1.0
0.036021617609537725,1.0
0.03602245314529597,1.0
0.03602328871981629,1.0
0.03602412433310137,1.0
0.03602495998515391,1.0
0.036025795675976614,1.0
0.03602663140557218,1.0
0.036027467173943305,1.0
0.03602830298109268,1.0
0.03603164659752674,1.0
0.03603248259860789,1.0
0.03603331863848349,1.0
0.03603415471715625,1.0
0.03603499083462886,1.0
0.036036663185984454,1.0
0.03603749941987284,1.0
0.03603833569257188,1.0
0.03603917200408428,1.0
0.036040008354412754,1.0
0.036040844743559994,1.0
0.03604168117152869,1.0
0.03604251763832157,1.0
0.03604335414394133,1.0
0.03604419068839066,1.0
0.036045027271672275,1.0
0.03604586389378888,1.0
0.03604670055474317,1.0
0.03604837399317565,1.0
0.036049210770659236,1.0
0.03605004758699134,1.0
0.03605088444217466,1.0
0.0360517213362119,1.0
0.03605339524085897,1.0
0.03605423225147421,1.0
0.036055069300954194,1.0
0.03605590638930163,1.0
0.03606511692714986,1.0
0.036065954482117975,1.0
0.03606679207598876,1.0
0.03606762970876492,1.0
0.03606846738044917,1.0
0.036069305091044224,1.0
0.03607014284055278,1.0
0.03607098062897756,1.0
0.036074332171893146,1.0
0.03607517015493972,1.0
0.036076008176918785,1.0
0.03607684623783307,1.0
0.03607768433768527,1.0
0.0360785224764781,1.0
0.03607936065421429,1.0
0.03608019887089654,1.0
0.036081037126527576,1.0
0.03608271375464684,1.0
0.0360835521271405,1.0
0.0360843905385938,1.0
0.036085228989009455,1.0
0.03608606747839019,1.0
0.036088583180349965,1.0
0.03608942182561815,1.0
0.03609026050986498,1.0
0.03609109923309319,1.0
0.03609193799530549,1.0
0.0360927767965046,1.0
0.03609361563669324,1.0
0.03609445451587412,1.0
0.03609529343404997,1.0
0.0360961323912235,1.0
0.03609697138739744,1.0
0.0360978104225745,1.0
0.03611879898597577,1.0
0.036119639036189415,1.0
0.03612047912547971,1.0
0.03612131925384937,1.0
0.03612215942130114,1.0
0.036122999627837736,1.0
0.036123839873461884,1.0
0.03612468015817632,1.0
0.03612552048198377,1.0
0.03612636084488695,1.0
0.0361272012468886,1.0
0.03612804168799144,1.0
0.036128882168198206,1.0
0.036129722687511634,1.0
0.03613056324593444,1.0
0.036131403843469356,1.0
0.03613224448011912,1.0
0.03613476662478477,1.0
0.03613560741792121,1.0
0.03613644825018615,1.0
0.03613728912158232,1.0
0.03613813003211244,1.0
0.036138970981779255,1.0
0.036139811970585495,1.0
0.03614149406562718,1.0
0.036142335171868094,1.0
0.03614317631725936,1.0
0.03614401750180371,1.0
0.03614485872550389,1.0
0.03614569998836262,1.0
0.036146541290382646,1.0
0.036147382631566694,1.0
0.03614822401191751,1.0
0.03614906543143782,1.0
0.036149906890130354,1.0
0.03615074838799786,1.0
0.03615158992504307,1.0
0.03615243150126871,1.0
0.03615327311667753,1.0
0.03615411477127226,1.0
0.03615495646505564,1.0
0.03615579819803041,1.0
0.03615748178156504,1.0
0.03615832363213038,1.0
0.036159165521898066,1.0
0.03616000745087082,1.0
0.03616169142644251,1.0
0.03616253347304692,1.0
0.03616337555886736,1.0
0.036164217683906576,1.0
0.03616505984816729,1.0
0.036165902051652266,1.0
0.03616674429436423,1.0
0.03616758657630592,1.0
0.036168428897480086,1.0
0.03616927125788946,1.0
0.0361701136575368,1.0
0.03617095609642483,1.0
0.036171798574556296,1.0
0.036172641091933945,1.0
0.03617348364856052,1.0
0.036174326244438754,1.0
0.03617601155396119,1.0
0.036176854267610886,1.0
0.03617769702052322,1.0
0.03617853981270093,1.0
0.03617938264414677,1.0
0.03618022551486348,1.0
0.03618106842485381,1.0
0.036181911374120496,1.0
0.0361827543626663,1.0
0.03618359739049394,1.0
0.03618444045760619,1.0
0.03618528356400578,1.0
0.03618612670969546,1.0
0.03618696989467798,1.0
0.03618781311895607,1.0
0.036188656382532505,1.0
0.03618949968541001,1.0
0.03619034302759135,1.0
0.03619118640907926,1.0
0.03619202982987649,1.0
0.036192873289985786,1.0
0.0361937167894099,1.0
0.03619456032815158,1.0
0.036195403906213584,1.0
0.036197091180309525,1.0
0.036197934876348974,1.0
0.03619877861171973,1.0
0.03619962238642456,1.0
0.0362004662004662,1.0
0.036201310053847406,1.0
0.036202153946570934,1.0
0.03620299787863953,1.0
0.03620384185005595,1.0
0.03620468586082294,1.0
0.03620552991094326,1.0
0.03620637400041965,1.0
0.03620721812925487,1.0
0.03620806229745168,1.0
0.03620890650501282,1.0
0.03620975075194106,1.0
0.03621059503823913,1.0
0.03621143936390981,1.0
0.03621228372895584,1.0
0.03621312813337997,1.0
0.036213972577184964,1.0
0.03621481706037358,1.0
0.036215661582948554,1.0
0.03621650614491267,1.0
0.03621735074626865,1.0
0.036218195387019286,1.0
0.036219040067167314,1.0
0.036219884786715485,1.0
0.036220729545666575,1.0
0.03622157434402332,1.0
0.03622326405896485,1.0
0.03622410897555514,1.0
0.03622495393156213,1.0
0.03622579892698857,1.0
0.036226643961837224,1.0
0.03622833414981221,1.0
0.03622917930294406,1.0
0.036230024495509154,1.0
0.03623171499895014,1.0
0.03623256030983155,1.0
0.03623340566015725,1.0
0.03623425104993001,1.0
0.03623509647915257,1.0
0.03623594194782771,1.0
0.03623678745595819,1.0
0.03623763300354676,1.0
0.036238478590596195,1.0
0.03623932421710926,1.0
0.0362401698830887,1.0
0.03624101558853729,1.0
0.036241861333457796,1.0
0.036242707117852976,1.0
0.03624355294172559,1.0
0.03624439880507842,1.0
0.03624524470791421,1.0
0.03624609065023573,1.0
0.03624693663204575,1.0
0.03624778265334703,1.0
0.036248628714142334,1.0
0.03624947481443443,1.0
0.03625032095422609,1.0
0.03625116713352008,1.0
0.036252013352319146,1.0
0.03625285961062608,1.0
0.03625370590844364,1.0
0.036254552245774584,1.0
0.036255398622621685,1.0
0.03625624503898772,1.0
0.036257091494875444,1.0
0.036257937990287634,1.0
0.03625878452522706,1.0
0.036259631099696474,1.0
0.03626047771369866,1.0
0.036261324367236385,1.0
0.03626217106031242,1.0
0.03626301779292953,1.0
0.03626386456509048,1.0
0.036264711376798056,1.0
0.036265558228055016,1.0
0.036266405118864135,1.0
0.036267252049228184,1.0
0.03626809901914993,1.0
0.03626894602863215,1.0
0.03626979307767761,1.0
0.03627064016628909,1.0
0.03627148729446936,1.0
0.03627233446222118,1.0
0.03627318166954734,1.0
0.03627402891645061,1.0
0.03627487620293376,1.0
0.036275723528999555,1.0
0.036276570894650785,1.0
0.03627741829989021,1.0
0.036278265744720616,1.0
0.03627911322914477,1.0
0.03627996075316545,1.0
0.03628080831678542,1.0
0.036281655920007476,1.0
0.036283351245268915,1.0
0.03628419896731385,1.0
0.03628504672897196,1.0
0.036285894530246034,1.0
0.03628674237113884,1.0
0.03628759025165315,1.0
0.03628928613155742,1.0
0.03629013413095294,1.0
0.03629098216998107,1.0
0.03629183024864461,1.0
0.03629267836694632,1.0
0.03629352652488899,1.0
0.0362943747224754,1.0
0.03629522295970833,1.0
0.03629607123659055,1.0
0.036296919553124855,1.0
0.036297767909314015,1.0
0.036298616305160805,1.0
0.036299464740668023,1.0
0.03630031321583844,1.0
0.03630201028517999,1.0
0.03630285887935669,1.0
0.036303707513207724,1.0
0.036304556186735865,1.0
0.0363054048999439,1.0
0.036307102445410765,1.0
0.0363088001496306,1.0
0.03630964906127984,1.0
0.036310498012625675,1.0
0.03631219603441826,1.0
0.03631304510487058,1.0
0.03631389421503063,1.0
0.0363147433649012,1.0
0.036315592554485084,1.0
0.03631644178378505,1.0
0.036317291052803895,1.0
0.0363181403615444,1.0
0.03631898971000935,1.0
0.03631983909820155,1.0
0.036320688526123766,1.0
0.036321537993778796,1.0
0.03632238750116942,1.0
0.03632323704829844,1.0
0.03632408663516864,1.0
0.0363249362617828,1.0
0.036325785928143714,1.0
0.036326635634254166,1.0
0.03632748538011696,1.0
0.036328335165734874,1.0
0.03633003485624722,1.0
0.03633088476114724,1.0
0.036331734705813544,1.0
0.03633258469024892,1.0
0.036333434714456166,1.0
0.03633428477843807,1.0
0.036335134882197424,1.0
0.03633598502573702,1.0
0.03633683520905964,1.0
0.036337685432168094,1.0
0.03633853569506516,1.0
0.03633938599775365,1.0
0.03634023634023634,1.0
0.03634108672251603,1.0
0.03634278760647758,1.0
0.03634363810816503,1.0
0.03634448864966066,1.0
0.03634533923096726,1.0
0.036346189852087624,1.0
0.03634704051302455,1.0
0.036347891213780834,1.0
0.036348741954359276,1.0
0.03634959273476266,1.0
0.0363504435549938,1.0
0.036351294415055475,1.0
0.03635214531495049,1.0
0.03635299625468165,1.0
0.03635384723425174,1.0
0.03635469825366356,1.0
0.03635554931291991,1.0
0.0363564004120236,1.0
0.03635725155097741,1.0
0.036358102729784146,1.0
0.0363598052069676,1.0
0.03636065650534991,1.0
0.03636150784359635,1.0
0.03636235922170971,1.0
0.0363632106396928,1.0
0.03636406209754841,1.0
0.03636491359527935,1.0
0.036365765132888424,1.0
0.03636661671037842,1.0
0.03636746832775215,1.0
0.036368319985012415,1.0
0.03636917168216201,1.0
0.03637002341920375,1.0
0.03637087519614043,1.0
0.036372578869709814,1.0
0.036373430766348136,1.0
0.03637428270289261,1.0
0.03637513467934604,1.0
0.03637598669571124,1.0
0.036376838751991006,1.0
0.03637769084818814,1.0
0.036378542984305456,1.0
0.03637939516034576,1.0
0.03638024737631185,1.0
0.03638109963220652,1.0
0.03638195192803261,1.0
0.0363828042637929,1.0
0.03638536151070709,1.0
0.03638621400623228,1.0
0.03638706654170572,1.0
0.036387919117130206,1.0
0.036388771732508554,1.0
0.03638962438784357,1.0
0.03639047708313806,1.0
0.03639218259361672,1.0
0.03639303540880651,1.0
0.03639388826396701,1.0
0.03639474115910103,1.0
0.03639559409421139,1.0
0.0363964470693009,1.0
0.036397300084372364,1.0
0.036398153139428596,1.0
0.03639900623447241,1.0
0.03639985936950662,1.0
0.03640071254453403,1.0
0.03640241901457972,1.0
0.03640327230960362,1.0
0.036404125644631975,1.0
0.0364049790196676,1.0
0.0364058324347133,1.0
0.0364066858897719,1.0
0.03640753938484621,1.0
0.036408392919939046,1.0
0.03640924649505322,1.0
0.036410100110191544,1.0
0.03641095376535684,1.0
0.03641180746055192,1.0
0.0364126611957796,1.0
0.03641436878634403,1.0
0.0364152226416864,1.0
0.03641607653707264,1.0
0.03641693047250557,1.0
0.036417784447987996,1.0
0.03642034661476044,1.0
0.03642120075046904,1.0
0.03642205492624123,1.0
0.03642290914207984,1.0
0.03642376339798766,1.0
0.03642461769396754,1.0
0.036425472030022284,1.0
0.03642632640615471,1.0
0.03642718082236765,1.0
0.036428035278663916,1.0
0.036428889775046325,1.0
0.03642974431151771,1.0
0.03643059888808088,1.0
0.03643145350473867,1.0
0.03643230816149389,1.0
0.03643316285834936,1.0
0.03643401759530792,1.0
0.03643487237237237,1.0
0.036435727189545554,1.0
0.03643658204683028,1.0
0.03643743694422937,1.0
0.03643914685938197,1.0
0.036440001877141116,1.0
0.036440856935025925,1.0
0.03644171203303923,1.0
0.036442567171183854,1.0
0.036443422349462615,1.0
0.036444277567878346,1.0
0.03644598812513201,1.0
0.036446843463975594,1.0
0.036447698842967446,1.0
0.036448554262110404,1.0
0.03644940972140728,1.0
0.03645026522086091,1.0
0.036451120760474125,1.0
0.03645197634024974,1.0
0.0364528319601906,1.0
0.03645368762029952,1.0
0.03645625484166295,1.0
0.03645711066247242,1.0
0.03645796652346409,1.0
0.03645882242464081,1.0
0.0364596783660054,1.0
0.03646139036930951,1.0
0.036462246431254695,1.0
0.03646310253339907,1.0
0.03646395867574548,1.0
0.036465671081055695,1.0
0.036466527344025175,1.0
0.036467383647208,1.0
0.03646823999060702,1.0
0.03646909637422506,1.0
0.036469952798064954,1.0
0.03647080926212954,1.0
0.03647166576642164,1.0
0.036472522310944104,1.0
0.03647337889569976,1.0
0.036474235520691435,1.0
0.03647509218592198,1.0
0.03647594889139421,1.0
0.03647680563711098,1.0
0.03647766242307512,1.0
0.03647851924928946,1.0
0.036479376115756836,1.0
0.036480233022480095,1.0
0.03648108996946206,1.0
0.036481946956705584,1.0
0.0364828039842135,1.0
0.03648366105198863,1.0
0.03648451816003383,1.0
0.03648623249694578,1.0
0.03648880430441014,1.0
0.036489661654135336,1.0
0.036490519044150474,1.0
0.03649137647445839,1.0
0.03649223394506192,1.0
0.036493091455963904,1.0
0.036493949007167195,1.0
0.03649480659867463,1.0
0.036495664230489035,1.0
0.03649652190261327,1.0
0.036497379615050174,1.0
0.03649823736780258,1.0
0.036499095160873345,1.0
0.0364999529942653,1.0
0.03650081086798129,1.0
0.03650166878202416,1.0
0.036502526736396756,1.0
0.036503384731101915,1.0
0.03650424276614249,1.0
0.036505100841521324,1.0
0.03650595895724125,1.0
0.036506817113305126,1.0
0.03650767530971579,1.0
0.03650853354647609,1.0
0.03650939182358887,1.0
0.03651025014105699,1.0
0.036511108498883275,1.0
0.03651196689707058,1.0
0.03651368381453964,1.0
0.03651454233382709,1.0
0.03651540089348695,1.0
0.03651711813393529,1.0
0.036517976814729465,1.0
0.03651883553590744,1.0
0.03651969429747207,1.0
0.03652055309942621,1.0
0.036521411941772684,1.0
0.0365231297476541,1.0
0.036523988711194735,1.0
0.036524847715139114,1.0
0.0365257067594901,1.0
0.036526565844250534,1.0
0.036527424969423274,1.0
0.036529143341017076,1.0
0.03653000258744384,1.0
0.036530861874294315,1.0
0.03653172120157136,1.0
0.036532580569277814,1.0
0.036533439977416544,1.0
0.0365342994259904,1.0
0.03653515891500223,1.0
0.03653687801435125,1.0
0.036537737624694144,1.0
0.03653859727548644,1.0
0.03653945696673098,1.0
0.03654117647058824,1.0
0.036542036283206666,1.0
0.03654289613628876,1.0
0.0365437560298374,1.0
0.03654547593834569,1.0
0.036546335953311054,1.0
0.03654719600875438,1.0
0.036548056104678525,1.0
0.036548916241086346,1.0
0.036549776417980705,1.0
0.036550636635364446,1.0
0.03655149689324044,1.0
0.03655321753048063,1.0
0.03655407790985053,1.0
0.03655665929099383,1.0
0.036557519832395656,1.0
0.03655924103674757,1.0
0.036560101699703376,1.0
0.0365609624031829,1.0
0.036561823147189004,1.0
0.03656268393172454,1.0
0.03656354475679239,1.0
0.03656440562239541,1.0
0.03656526652853645,1.0
0.03656698846244408,1.0
0.036567849490216395,1.0
0.03656871055853819,1.0
0.03656957166741234,1.0
0.036570432816841705,1.0
0.03657215523737754,1.0
0.03657301650848974,1.0
0.03657387782016862,1.0
0.03657473917241704,1.0
0.03657560056523787,1.0
0.03657646199863398,1.0
0.036577323472608225,1.0
0.03657818498716348,1.0
0.0365799081380285,1.0
0.036580769774344,1.0
0.03658163145125197,1.0
0.0365824931687553,1.0
0.03658507856486608,1.0
0.036585940444779495,1.0
0.03658680236530261,1.0
0.0365876643264383,1.0
0.03658852632818942,1.0
0.036589388370558855,1.0
0.03659025045354947,1.0
0.036591974741405714,1.0
0.03659369919178115,1.0
0.03659542380469873,1.0
0.03659628617211801,1.0
0.036597148580181454,1.0
0.03659801102889192,1.0
0.036598873518252306,1.0
0.03659973604826546,1.0
0.03660059861893427,1.0
0.03660146123026161,1.0
0.03660232388225035,1.0
0.036603186574903364,1.0
0.03660404930822354,1.0
0.03660491208221374,1.0
0.036605774896876844,1.0
0.036606637752215725,1.0
0.03660750064823327,1.0
0.036608363584932344,1.0
0.036609226562315834,1.0
0.03661008958038661,1.0
0.03661095263914755,1.0
0.03661181573860154,1.0
0.03661267887875144,1.0
0.03661354205960015,1.0
0.036614405281150536,1.0
0.03661526854340548,1.0
0.03661613184636786,1.0
0.03661699519004055,1.0
0.03661785857442645,1.0
0.03661872199952841,1.0
0.03661958546534934,1.0
0.036620448971892094,1.0
0.03662131251915957,1.0
0.036622176107154646,1.0
0.0366230397358802,1.0
0.036623903405339116,1.0
0.03662476711553428,1.0
0.036626494658144854,1.0
0.03662735849056604,1.0
0.036628222363734995,1.0
0.036629086277654606,1.0
0.036629950232327756,1.0
0.03663081422775734,1.0
0.03663167826394622,1.0
0.03663340645861345,1.0
0.036634270617097564,1.0
0.03663513481635253,1.0
0.03663599905638122,1.0
0.036636863337186534,1.0
0.03663772765877135,1.0
0.036638592021138554,1.0
0.03663945642429104,1.0
0.03664118535296338,1.0
0.036642049878489014,1.0
0.036643779051933646,1.0
0.036644643699858426,1.0
0.03664637311812733,1.0
0.03664723788847724,1.0
0.036648102699641305,1.0
0.03664896755162242,1.0
0.03664983244442347,1.0
0.03665069737804734,1.0
0.03665242736777513,1.0
0.03665329242388483,1.0
0.03665415752082891,1.0
0.03665502265861027,1.0
0.03665588783723181,1.0
0.036656753056696405,1.0
0.036657618317006965,1.0
0.03665848361816637,1.0
0.036659348960177515,1.0
0.03666021434304329,1.0
0.0366610797667666,1.0
0.03666194523135033,1.0
0.03666281073679738,1.0
0.03666367628311063,1.0
0.036664541870292985,1.0
0.03666540749834734,1.0
0.03666627316727659,1.0
0.03666713887708363,1.0
0.03666800462777135,1.0
0.03666973625180043,1.0
0.036670602125147576,1.0
0.036671468039387,1.0
0.03667319999055423,1.0
0.03667406602748784,1.0
0.036674932105325304,1.0
0.03667579822406952,1.0
0.036676664383723405,1.0
0.03667753058428983,1.0
0.03667839682577171,1.0
0.03667926310817194,1.0
0.03668012943149342,1.0
0.03668359513404984,1.0
0.03668446166202107,1.0
0.03668532823093095,1.0
0.03668706149157828,1.0
0.03668792818332152,1.0
0.036688794916015025,1.0
0.03668966168966169,1.0
0.036691395359826115,1.0
0.036692262256349674,1.0
0.03669312919383801,1.0
0.036693996172294026,1.0
0.03669486319172062,1.0
0.036696597353497167,1.0
0.03669746449585293,1.0
0.036698331679190885,1.0
0.036699198903513953,1.0
0.036700066168825034,1.0
0.036700933475127026,1.0
0.03670180082242284,1.0
0.03670266821071538,1.0
0.03670353564000756,1.0
0.036704403110302285,1.0
0.036705270621602455,1.0
0.03670613817391099,1.0
0.03670700576723079,1.0
0.036709608793286844,1.0
0.036712212188549004,1.0
0.036713080069029104,1.0
0.036713947990543734,1.0
0.036714815953095815,1.0
0.03671568395668826,1.0
0.03671655200132397,1.0
0.03671742008700586,1.0
0.03671828821373685,1.0
0.03671915638151984,1.0
0.036720024590357746,1.0
0.03672176113120995,1.0
0.03672262946323008,1.0
0.036723497836316774,1.0
0.03672436625047295,1.0
0.036725234705701514,1.0
0.036726103202005395,1.0
0.03672697173938749,1.0
0.03672784031785072,1.0
0.036728708937398005,1.0
0.03672957759803226,1.0
0.03673044629975639,1.0
0.03673131504257332,1.0
0.036732183826485965,1.0
0.03673305265149723,1.0
0.03673392151761005,1.0
0.03673565937315198,1.0
0.03673652836258693,1.0
0.03673826646479939,1.0
0.03674087392651825,1.0
0.036741743162676255,1.0
0.03674261243996498,1.0
0.036743481758387354,1.0
0.03674522051864471,1.0
0.036746089960485534,1.0
0.03674695944347168,1.0
0.03674782896760607,1.0
0.03674869853289162,1.0
0.036749568139331265,1.0
0.036750437786927916,1.0
0.0367513074756845,1.0
0.03675304697668915,1.0
0.03675391678894306,1.0
0.036754786642368587,1.0
0.03675565653696866,1.0
0.03675826646784539,1.0
0.036759136527172886,1.0
0.03676000662768954,1.0
0.036760876769398286,1.0
0.03676174695230205,1.0
0.03676261717640375,1.0
0.036763487441706315,1.0
0.03676435774821268,1.0
0.03676522809592576,1.0
0.036766098484848485,1.0
0.03676696891498378,1.0
0.03676783938633458,1.0
0.0367687098989038,1.0
0.036769580452694385,1.0
0.03677132168395132,1.0
0.03677219236142353,1.0
0.036773063080128815,1.0
0.0367748046412503,1.0
0.03677567548367236,1.0
0.03677654636733921,1.0
0.03677741729225377,1.0
0.03677828825841899,1.0
0.036779159265837774,1.0
0.03678177253564492,1.0
0.03678264370810734,1.0
0.03678351492183799,1.0
0.03678438617683981,1.0
0.036785257473115736,1.0
0.036786128810668686,1.0
0.03678700018950161,1.0
0.03678787160961743,1.0
0.03678874307101909,1.0
0.03679135770296842,1.0
0.036792229329542764,1.0
0.03679310099741761,1.0
0.03679484445708058,1.0
0.036795716248874566,1.0
0.03679658808198081,1.0
0.03679745995640224,1.0
0.03679833187214179,1.0
0.03680269207071425,1.0
0.03680356423442425,1.0
0.03680443643947293,1.0
0.03680530868586326,1.0
0.03680705330268054,1.0
0.03680792567311339,1.0
0.036808798084899626,1.0
0.03680967053804219,1.0
0.03681054303254403,1.0
0.03681316076423458,1.0
0.03681490612554523,1.0
0.03681577886826447,1.0
0.036816651652363565,1.0
0.036817524477845476,1.0
0.036818397344713136,1.0
0.03681927025296949,1.0
0.03682014320261748,1.0
0.03682101619366005,1.0
0.03682188922610015,1.0
0.03682450857183506,1.0
0.036825381769894715,1.0
0.03682712829025374,1.0
0.03682800161255899,1.0
0.036828874976285335,1.0
0.03683062182801309,1.0
0.03683848471191024,1.0
0.03683935857291963,1.0
0.036840232475388444,1.0
0.036842854431580946,1.0
0.03684372849991697,1.0
0.03684460260972716,1.0
0.036845476761014496,1.0
0.036846350953781914,1.0
0.036847225188032365,1.0
0.03684984813971146,1.0
0.036850722539923594,1.0
0.036851596981633525,1.0
0.036852471464844216,1.0
0.03685334598955861,1.0
0.03685422055577968,1.0
0.03685509516351037,1.0
0.03685596981275364,1.0
0.03685684450351243,1.0
0.036857719235789725,1.0
0.036858594009588456,1.0
0.03685946882491159,1.0
0.03686034368176208,1.0
0.036861218580142886,1.0
0.03686209352005697,1.0
0.036862968501507276,1.0
0.03686646884272997,1.0
0.036868219262635615,1.0
0.036870845204178535,1.0
0.03687259603969799,1.0
0.03687347151981385,1.0
0.03687434704150442,1.0
0.03687522260477265,1.0
0.036876098209621504,1.0
0.03687697385605395,1.0
0.03687784954407295,1.0
0.03687872527368146,1.0
0.03687960104488245,1.0
0.03688047685767888,1.0
0.03688135271207372,1.0
0.03688222860806992,1.0
0.03688310454567045,1.0
0.03688398052487828,1.0
0.03688485654569637,1.0
0.036885732608127685,1.0
0.036888361045130644,1.0
0.036889237274044515,1.0
0.03689011354458644,1.0
0.03689098985675939,1.0
0.036891866210566324,1.0
0.03689274260601021,1.0
0.03689361904309403,1.0
0.03689449552182073,1.0
0.03689537204219329,1.0
0.03689624860421468,1.0
0.03689712520788786,1.0
0.0368980018532158,1.0
0.036898878540201484,1.0
0.03689975526884786,1.0
0.036900632039157916,1.0
0.03690150885113461,1.0
0.03690238570478092,1.0
0.03690413953709425,1.0
0.03690589353612167,1.0
0.0369067705981606,1.0
0.036907647701886974,1.0
0.03690852484730375,1.0
0.03690940203441392,1.0
0.03691027926322044,1.0
0.03691115653372629,1.0
0.036918176199305854,1.0
0.03691905384523951,1.0
0.036919931532902246,1.0
0.03692080926229703,1.0
0.036926076515205554,1.0
0.03692695453680807,1.0
0.03692783260016645,1.0
0.03692871070528368,1.0
0.0369339802130898,1.0
0.036934858610602424,1.0
0.03693573704989773,1.0
0.03693661553097871,1.0
0.03693749405384835,1.0
0.03693837261850962,1.0
0.03693925122496551,1.0
0.036940129873219,1.0
0.03694100856327307,1.0
0.03694188729513071,1.0
0.0369427660687949,1.0
0.03694364488426862,1.0
0.03694452374155486,1.0
0.03694540264065659,1.0
0.03694628158157682,1.0
0.03694716056431851,1.0
0.03694803958888466,1.0
0.03694979776350226,1.0
0.03695067691355969,1.0
0.03695155610545351,1.0
0.03695243533918671,1.0
0.03695331461476229,1.0
0.03695419393218322,1.0
0.036955073291452506,1.0
0.03695595269257312,1.0
0.03695683213554805,1.0
0.036957711620380286,1.0
0.036958591147072825,1.0
0.03695947071562864,1.0
0.03696035032605074,1.0
0.03696210967250571,1.0
0.03696298940854457,1.0
0.036965628867942496,1.0
0.036966508771512224,1.0
0.03696738871697215,1.0
0.03696826870432526,1.0
0.036969148733574556,1.0
0.03697002880472302,1.0
0.03697090891777365,1.0
0.03697442978905766,1.0
0.03697531011166401,1.0
0.036976190476190475,1.0
0.036977070882640066,1.0
0.036977951331015765,1.0
0.03697883182132057,1.0
0.03697971235355748,1.0
0.03698059292772949,1.0
0.0369814735438396,1.0
0.03698235420189079,1.0
0.036983234901886076,1.0
0.03698411564382844,1.0
0.036984996427720886,1.0
0.03698587725356641,1.0
0.03698675812136801,1.0
0.036987639031128686,1.0
0.03698851998285143,1.0
0.03698940097653924,1.0
0.03699028201219512,1.0
0.036991163089822074,1.0
0.036992044209423085,1.0
0.03699292537100117,1.0
0.036993806574559314,1.0
0.03699645043714415,1.0
0.03699733180865256,1.0
0.036998213222156046,1.0
0.0369990946776576,1.0
0.03700085771466692,1.0
0.0370017392961807,1.0
0.03700262091970455,1.0
0.03700438429279451,1.0
0.03700526604236662,1.0
0.03700614783396083,1.0
0.03700702966758013,1.0
0.03700791154322753,1.0
0.037011439466158244,1.0
0.03701232155199123,1.0
0.03701320367987035,1.0
0.03701673261190828,1.0
0.03701937975256847,1.0
0.037020262216924914,1.0
0.03702114472335455,1.0
0.0370220272718604,1.0
0.03702290986244547,1.0
0.0370246751698653,1.0
0.03702908917501192,1.0
0.03702997210233911,1.0
0.03703085507177262,1.0
0.037031738083315446,1.0
0.03703350423274115,1.0
0.037037037037037035,1.0
0.03703792034342952,1.0
0.037038803691955446,1.0
0.037039687082617824,1.0
0.03704057051541966,1.0
0.03704145399036397,1.0
0.03704233750745379,1.0
0.03704322106669211,1.0
0.03704587199732831,1.0
0.03704675572519084,1.0
0.0370485233074097,1.0
0.037049407161772074,1.0
0.03705029105830709,1.0
0.03705117499701777,1.0
0.037052943000978215,1.0
0.037053827066234016,1.0
0.037054711173677556,1.0
0.037058248025389554,1.0
0.037059132343817115,1.0
0.03706001670445054,1.0
0.03706090110729286,1.0
0.037061785552347085,1.0
0.03706267003961625,1.0
0.03706443914081146,1.0
0.03706532375474355,1.0
0.03706620841090267,1.0
0.037067093109291835,1.0
0.03706797784991407,1.0
0.037068862632772405,1.0
0.03706974745786986,1.0
0.03707063232520946,1.0
0.03707151723479423,1.0
0.0370724021866272,1.0
0.037074172217049825,1.0
0.03707594241650154,1.0
0.037077712785006565,1.0
0.037078598032661635,1.0
0.03707948332258912,1.0
0.037080368654792036,1.0
0.03708125402927342,1.0
0.03708213944603629,1.0
0.037083910406418646,1.0
0.03708479595004418,1.0
0.03708568153596332,1.0
0.0370865671641791,1.0
0.03709011010006926,1.0
0.03709099593981371,1.0
0.037091881821872986,1.0
0.037092767746250116,1.0
0.03709365371294814,1.0
0.0370945397219701,1.0
0.037095425773319,1.0
0.0370963118669979,1.0
0.03709719800300982,1.0
0.03709808418135779,1.0
0.037098970402044865,1.0
0.03709985666507406,1.0
0.03710162931817096,1.0
0.037102515708244736,1.0
0.03710340214067278,1.0
0.03710606169211287,1.0
0.03710694829398834,1.0
0.037107834938233254,1.0
0.03711315569363126,1.0
0.037114042634547366,1.0
0.03711492961785723,1.0
0.037115816643563886,1.0
0.03712025240815546,1.0
0.03712113968830672,1.0
0.03712291437586652,1.0
0.03712380178328114,1.0
0.03712468923312297,1.0
0.03712557672539504,1.0
0.037126464260100404,1.0
0.037127351837242105,1.0
0.037128239456823184,1.0
0.03712912711884668,1.0
0.03713001482331564,1.0
0.03713090257023311,1.0
0.037131790359602145,1.0
0.03713267819142577,1.0
0.037133566065707044,1.0
0.037136229943327194,1.0
0.03713711798746951,1.0
0.037138006074084705,1.0
0.037138894203175815,1.0
0.037139782374745904,1.0
0.03714067058879801,1.0
0.03714600076540375,1.0
0.03714688927691535,1.0
0.03714777783093336,1.0
0.03714866642746083,1.0
0.03714955506650081,1.0
0.03715044374805636,1.0
0.03715133247213052,1.0
0.03715488779367434,1.0
0.03715577673038735,1.0
0.037156665709637285,1.0
0.037157554731427206,1.0
0.03715844379576016,1.0
0.037159332902639196,1.0
0.037161111244047765,1.0
0.037162000478583396,1.0
0.03716288975567733,1.0
0.03716377907533263,1.0
0.037164668437552346,1.0
0.03716555784233954,1.0
0.03716644728969726,1.0
0.037167336779628565,1.0
0.03716822631213652,1.0
0.037169115887224165,1.0
0.03717000550489457,1.0
0.03717089516515079,1.0
0.03717178486799588,1.0
0.037180684239507766,1.0
0.03718157441103237,1.0
0.037182464625182564,1.0
0.0371833548819614,1.0
0.037184245181371964,1.0
0.0371851355234173,1.0
0.037186025908100474,1.0
0.03718691633542455,1.0
0.03718780680539259,1.0
0.03718869731800766,1.0
0.037189587873272825,1.0
0.03719047847119115,1.0
0.03719225979499952,1.0
0.0371931505208957,1.0
0.037194041289457296,1.0
0.037194932100687375,1.0
0.03719671385116524,1.0
0.03719760479041916,1.0
0.03719849577235383,1.0
0.03719938679697231,1.0
0.037200277864277674,1.0
0.03720116897427298,1.0
0.03720206012696131,1.0
0.037203842560429294,1.0
0.037206516530905606,1.0
0.03720740793981648,1.0
0.03720829939144185,1.0
0.037209190885784796,1.0
0.03721008242284838,1.0
0.03721097400263568,1.0
0.03721454074908342,1.0
0.03721543254253535,1.0
0.03721632437872942,1.0
0.03721721625766871,1.0
0.03721810817935629,1.0
0.037219892150988615,1.0
0.03722078420093951,1.0
0.03722167629365098,1.0
0.03722256842912612,1.0
0.03722346060736799,1.0
0.03722435282837967,1.0
0.03722613739872477,1.0
0.03722702974806434,1.0
0.03722881457509289,1.0
0.03722970705278803,1.0
0.03723059957327452,1.0
0.037231492136555425,1.0
0.03724220623501199,1.0
0.0372430993549006,1.0
0.037243992517626744,1.0
0.03724488572319352,1.0
0.03724577897160399,1.0
0.037246672262861255,1.0
0.03724756559696839,1.0
0.037249352393744606,1.0
0.03725024585641985,1.0
0.03725113936195731,1.0
0.037252926501631166,1.0
0.03725739510112036,1.0
0.03725828894966652,1.0
0.03725918284110266,1.0
0.03726007677543186,1.0
0.03726097075265721,1.0
0.0372618647727818,1.0
0.03726275883580872,1.0
0.03726365294174105,1.0
0.037264547090581884,1.0
0.03726544128233431,1.0
0.03727080733416531,1.0
0.03727170182638539,1.0
0.03727259636154179,1.0
0.03727349093963758,1.0
0.03727438556067588,1.0
0.03727528022465977,1.0
0.03727617493159234,1.0
0.037277069681476684,1.0
0.03727796447431589,1.0
0.03727885931011306,1.0
0.037279754188871285,1.0
0.03728154407528327,1.0
0.03728333413357661,1.0
0.037284229227186515,1.0
0.03728512436377605,1.0
0.0372860195433483,1.0
0.0372896006915264,1.0
0.03729049608605869,1.0
0.03729139152359227,1.0
0.037292287004130245,1.0
0.03729318252767572,1.0
0.03729407809423178,1.0
0.03729497370380154,1.0
0.03729586935638809,1.0
0.03729676505199452,1.0
0.03729766079062395,1.0
0.037300348264681156,1.0
0.03730124417543354,1.0
0.03730214012922441,1.0
0.03730303612605688,1.0
0.03730393216593404,1.0
0.037304828248858994,1.0
0.03730572437483485,1.0
0.03730662054386471,1.0
0.03730751675595167,1.0
0.037308413011098836,1.0
0.037309309309309306,1.0
0.0373102056505862,1.0
0.03731110203493261,1.0
0.03731199846235164,1.0
0.0373128949328464,1.0
0.03731379144641999,1.0
0.03731468800307552,1.0
0.03731558460281609,1.0
0.03731648124564481,1.0
0.03731917143269092,1.0
0.037322758952174954,1.0
0.03732365593982071,1.0
0.037324552970582583,1.0
0.03732545004446367,1.0
0.0373263471614671,1.0
0.03732724432159596,1.0
0.03732814152485338,1.0
0.03732903877124246,1.0
0.03732993606076631,1.0
0.03733083339342804,1.0
0.03733352565027165,1.0
0.03733442315551602,1.0
0.037335320703913835,1.0
0.03734699276146502,1.0
0.03734789091433793,1.0
0.03734878911041101,1.0
0.03734968734968735,1.0
0.037350585632170086,1.0
0.03735328073888782,1.0
0.037355077692788764,1.0
0.037358672119316816,1.0
0.037359570834034975,1.0
0.03736046959199384,1.0
0.03736136839319652,1.0
0.03736226723764615,1.0
0.03736316612534584,1.0
0.03736586304797652,1.0
0.03736676210870768,1.0
0.037367661212704524,1.0
0.03736856035997016,1.0
0.03736945955050772,1.0
0.03737035878432033,1.0
0.03737125806141111,1.0
0.03737215738178318,1.0
0.03737305674543967,1.0
0.03737755421309779,1.0
0.03737845383652643,1.0
0.03737935350326137,1.0
0.037380253213305736,1.0
0.03738295260332667,1.0
0.03738385248664003,1.0
0.037384752413278446,1.0
0.037385652383245066,1.0
0.03738655239654301,1.0
0.03738745245317541,1.0
0.03738835255314539,1.0
0.037389252696456085,1.0
0.03739015288311063,1.0
0.03739105311311215,1.0
0.03739645540358313,1.0
0.03739735593710116,1.0
0.037398256513991236,1.0
0.03739915713425647,1.0
0.03740005779790001,1.0
0.03740095850492498,1.0
0.03740276004913176,1.0
0.03740366088631985,1.0
0.0374045617669019,1.0
0.03740636365826047,1.0
0.037409066820831526,1.0
0.03740996796184328,1.0
0.03741086914627096,1.0
0.037411770374117706,1.0
0.037412671645386655,1.0
0.037415375719758115,1.0
0.03741627716474726,1.0
0.037417178653174316,1.0
0.037418080185042404,1.0
0.03741898176035467,1.0
0.0374207850413243,1.0
0.03742258849610834,1.0
0.037424392124731906,1.0
0.037425294004241376,1.0
0.03742619592722015,1.0
0.03742709789367137,1.0
0.03742890195700376,1.0
0.03742980405389121,1.0
0.03743160837812432,1.0
0.0374334128763227,1.0
0.03743431519066673,1.0
0.03743611994986019,1.0
0.037437022394715906,1.0
0.037438827414961066,1.0
0.0374397299903568,1.0
0.037441535271710305,1.0
0.037446049236852894,1.0
0.037446952160493825,1.0
0.037447855127679584,1.0
0.037448758138413314,1.0
0.03744966119269816,1.0
0.03745056429053728,1.0
0.037451467431933824,1.0
0.03745327384541179,1.0
0.037454177117499515,1.0
0.037455080433157276,1.0
0.03745598379238821,1.0
0.037456887195195486,1.0
0.03745779064158225,1.0
0.037459597665106856,1.0
0.037460501242251004,1.0
0.03746140486298726,1.0
0.03746592362066054,1.0
0.0374695394117789,1.0
0.037470443468609754,1.0
0.037474060132233,1.0
0.037474964407229555,1.0
0.03747586872586873,1.0
0.03747677308815367,1.0
0.03747767749408755,1.0
0.037478581943673525,1.0
0.037480390973814406,1.0
0.03748310484649546,1.0
0.03749215392786442,1.0
0.03749305907631395,1.0
0.03749396426846934,1.0
0.03749486950433376,1.0
0.03749577478391038,1.0
0.037496680107202356,1.0
0.03749758547421286,1.0
0.03749849088494507,1.0
0.037499396339402136,1.0
0.03750030183758723,1.0
0.03750211296515418,1.0
0.03750301859454238,1.0
0.03750392426767128,1.0
0.03750482998454405,1.0
0.03750573574516386,1.0
0.03750754739765729,1.0
0.03750935922517692,1.0
0.037510265204579486,1.0
0.03751117122774812,1.0
0.03751207729468599,1.0
0.037512983405396265,1.0
0.03751388955988212,1.0
0.03751479575814672,1.0
0.03751570200019325,1.0
0.037516608286024884,1.0
0.03751751461564478,1.0
0.03751842098905612,1.0
0.03751932740626208,1.0
0.037522046920679404,1.0
0.03750241639280882,0.9993560849967804
0.03750332262039968,0.9993560849967804
0.03750513520697905,0.9993560849967804
0.037506041565973904,0.9993560849967804
0.03750694796877643,0.9993560849967804
0.03750785441538982,0.9993560849967804
0.03750876090581724,0.9993560849967804
0.03750966744006187,0.9993560849967804
0.03751057401812689,0.9993560849967804
0.03751148064001547,0.9993560849967804
0.03751238730573079,0.9993560849967804
0.03751329401527603,0.9993560849967804
0.037514200768654374,0.9993560849967804
0.03751510756586899,0.9993560849967804
0.03751601440692306,0.9993560849967804
0.037516921291819764,0.9993560849967804
0.03751782822056229,0.9993560849967804
0.037518735193153796,0.9993560849967804
0.037519642209597484,0.9993560849967804
0.037526899920206976,0.9993560849967804
0.03752780733146339,0.9993560849967804
0.037528714786603794,0.9993560849967804
0.03752962228563138,0.9993560849967804
0.03753052982854932,0.9993560849967804
0.03753234504606902,0.9993560849967804
0.037510883234981134,0.9987121699935608
0.03751269772166594,0.9987121699935608
0.037516327221711575,0.9987121699935608
0.03751723470646574,0.9987121699935608
0.03752177278885233,0.9987121699935608
0.037523588329220495,0.9987121699935608
0.03752540404529178,0.9987121699935608
0.03752631196922407,0.9987121699935608
0.0375272199370917,0.9987121699935608
0.03752812794889787,0.9987121699935608
0.03752903600464576,0.9987121699935608
0.03752994410433857,0.9987121699935608
0.03753085224797948,0.9987121699935608
0.03753176043557169,0.9987121699935608
0.03753539362551729,0.9987121699935608
0.037536302032913846,0.9987121699935608
0.03753721048428084,0.9987121699935608
0.03753811897962147,0.9987121699935608
0.037539936102236424,0.9987121699935608
0.037540844729517124,0.9987121699935608
0.037541753400784236,0.9987121699935608
0.03754266211604096,0.9987121699935608
0.03754357087529047,0.9987121699935608
0.03754538852578068,0.9987121699935608
0.037546297417027766,0.9987121699935608
0.03755175168873932,0.9987121699935608
0.037559936068193925,0.9987121699935608
0.03756084566391398,0.9987121699935608
0.03756175530369079,0.9987121699935608
0.03756266498752755,0.9987121699935608
0.03756357471542746,0.9987121699935608
0.03757085412528463,0.9987121699935608
0.03757176424989705,0.9987121699935608
0.03757267441860465,0.9987121699935608
0.03757540518933062,0.9987121699935608
0.03757631553445101,0.9987121699935608
0.037577225923682615,0.9987121699935608
0.03758086792178527,0.9987121699935608
0.0375872431174874,0.9987121699935608
0.037589976006398296,0.9987121699935608
0.03759270929274323,0.9987121699935608
0.03759635429291705,0.9987121699935608
0.03759726565340703,0.9987121699935608
0.037598177058082036,0.9987121699935608
0.03759908850694529,0.9987121699935608
0.0376,0.9987121699935608
0.037614589901537564,0.9987121699935608
0.037617326768693456,0.9987121699935608
0.03761823914625273,0.9987121699935608
0.03762371434116049,0.9987121699935608
0.03762645253632857,0.9987121699935608
0.037627365356623,0.9987121699935608
0.037628278221208664,0.9987121699935608
0.03762919113008879,0.9987121699935608
0.03763010408326661,0.9987121699935608
0.037631930122528204,0.9987121699935608
0.037636495996117444,0.9987121699935608
0.03764014949279231,0.9987121699935608
0.03764106297779396,0.9987121699935608
0.03764197650713523,0.9987121699935608
0.037642890080819356,0.9987121699935608
0.03764563106796116,0.9987121699935608
0.03764745861449585,0.9987121699935608
0.03768770957865578,0.9987121699935608
0.03768862537360581,0.9987121699935608
0.03769045709703288,0.9987121699935608
0.03769320501603966,0.9987121699935608
0.03769412107808589,0.9987121699935608
0.037695037184659504,0.9987121699935608
0.03769595333576376,0.9987121699935608
0.0376968695314019,0.9987121699935608
0.03769778577157718,0.9987121699935608
0.03769870205629284,0.9987121699935608
0.037700534759358285,0.9987121699935608
0.037701451177714576,0.9987121699935608
0.03770236764062424,0.9987121699935608
0.03771061781224926,0.9987121699935608
0.03771153472087142,0.9987121699935608
0.037714285714285714,0.9987121699935608
0.037715202801283924,0.9987121699935608
0.037716119932884276,0.9987121699935608
0.037717037109090024,0.9987121699935608
0.03771795432990443,0.9987121699935608
0.03772254110322016,0.9987121699935608
0.037723458591754834,0.9987121699935608
0.03772437612492095,0.9987121699935608
0.03773447193635501,0.9987121699935608
0.03773539000535254,0.9987121699935608
0.03773630811902387,0.9987121699935608
0.03773722627737226,0.9987121699935608
0.0377436546370428,0.9987121699935608
0.03774457315292514,0.9987121699935608
0.03774549171351391,0.9987121699935608
0.037746410318812366,0.9987121699935608
0.037747328968823775,0.9987121699935608
0.0377482476635514,0.9987121699935608
0.03774916640299852,0.9987121699935608
0.03775008518716838,0.9987121699935608
0.03775835625775982,0.9987121699935608
0.03776019476567255,0.9987121699935608
0.03776111408677022,0.9987121699935608
0.03777214943256539,0.9987121699935608
0.037773069335866154,0.9987121699935608
0.03777398928397467,0.9987121699935608
0.037774909276894225,0.9987121699935608
0.03777766952455183,0.9987121699935608
0.037778589696748265,0.9987121699935608
0.0377795099137721,0.9987121699935608
0.03778043017562663,0.9987121699935608
0.03778135048231511,0.9987121699935608
0.03778687326414267,0.9987121699935608
0.037787793884760626,0.9987121699935608
0.037788714550238765,0.9987121699935608
0.037789635260580365,0.9987121699935608
0.03779055601578871,0.9987121699935608
0.03779239766081871,0.9987121699935608
0.03780160857908847,0.9987121699935608
0.03780898054702355,0.9987121699935608
0.037809902245191485,0.9987121699935608
0.03781358948728576,0.9987121699935608
0.03781451141018139,0.9987121699935608
0.03781543337803243,0.9987121699935608
0.03782188841201717,0.9987121699935608
0.03782281073962982,0.9987121699935608
0.037823733112227476,0.9987121699935608
0.037824655529813435,0.9987121699935608
0.03782557799239099,0.9987121699935608
0.03782834565010609,0.9987121699935608
0.037829268292682926,0.9987121699935608
0.03783019098026781,0.9987121699935608
0.037831113712864045,0.9987121699935608
0.03783203649047491,0.9987121699935608
0.037834805093428306,0.9987121699935608
0.03783572805113068,0.9987121699935608
0.03784126674311367,0.9987121699935608
0.037849577822246086,0.9987121699935608
0.03785050150084194,0.9987121699935608
0.03785142522452167,0.9987121699935608
0.03785234899328859,0.9987121699935608
0.037854196666097184,0.9987121699935608
0.0378625134264232,0.9987121699935608
0.03786343773649391,0.9987121699935608
0.03786436209169474,0.9987121699935608
0.037874532978437646,0.9987121699935608
0.037875457875457874,0.9987121699935608
0.037877307805021,0.9987121699935608
0.037880083038222004,0.9987121699935608
0.03788193341963217,0.9987121699935608
0.03788470933072789,0.9987121699935608
0.03788563472483451,0.9987121699935608
0.03788748564867968,0.9987121699935608
0.03788933675338952,0.9987121699935608
0.037890262373576976,0.9987121699935608
0.03789303950550927,0.9987121699935608
0.037895817044566064,0.9987121699935608
0.03790229955279685,0.9987121699935608
0.03790415210537892,0.9987121699935608
0.03790507844958209,0.9987121699935608
0.03790693127382931,0.9987121699935608
0.03791063746578021,0.9987121699935608
0.037911564127007406,0.9987121699935608
0.037913417585372415,0.9987121699935608
0.037929179301574883,0.9987121699935608
0.03793010686948228,0.9987121699935608
0.03793103448275862,0.9987121699935608
0.037931962141407226,0.9987121699935608
0.03793752904630286,0.9987121699935608
0.03793845702265056,0.9987121699935608
0.03794031311154599,0.9987121699935608
0.03794309758543925,0.9987121699935608
0.03794681085313043,0.9987121699935608
0.037959813015492304,0.9987121699935608
0.03796074208233394,0.9987121699935608
0.037961671194654524,0.9987121699935608
0.03796352955574593,0.9987121699935608
0.03796445880452343,0.9987121699935608
0.03796538809879323,0.9987121699935608
0.037967246823823166,0.9987121699935608
0.037968176254589966,0.9987121699935608
0.03796910573086244,0.9987121699935608
0.03797003525264395,0.9987121699935608
0.0379746835443038,0.9987121699935608
0.03797561333920964,0.9987121699935608
0.0379765431796479,0.9987121699935608
0.037977473065621936,0.9987121699935608
0.03797840299713509,0.9987121699935608
0.037984913793103446,0.9987121699935608
0.03798584408904999,0.9987121699935608
0.037966932026944275,0.9980682549903412
0.03796786204193612,0.9980682549903412
0.03797158255756982,0.9980682549903412
0.03797344308883336,0.9980682549903412
0.03797530380243042,0.9980682549903412
0.03802747791952895,0.9980682549903412
0.03802841090311342,0.9980682549903412
0.03802934393247951,0.9980682549903412
0.03803027700763059,0.9980682549903412
0.038034009766152184,0.9980682549903412
0.03804147748189962,0.9980682549903412
0.03804241115256234,0.9980682549903412
0.03804334486905726,0.9980682549903412
0.038044278631387755,0.9980682549903412
0.038045212439557205,0.9980682549903412
0.0380517503805175,0.9980682549903412
0.03805268455552009,0.9980682549903412
0.03805455304313668,0.9980682549903412
0.03805829056891006,0.9980682549903412
0.038059225065069,0.9980682549903412
0.0380760538469097,0.9980682549903412
0.038076989215614025,0.9980682549903412
0.038077924630275636,0.9980682549903412
0.03807979559748428,0.9980682549903412
0.03808073115003808,0.9980682549903412
0.038083538083538086,0.9980682549903412
0.03808447381999558,0.9980682549903412
0.03808540960243747,0.9980682549903412
0.03808634543086714,0.9980682549903412
0.038089153192116774,0.9980682549903412
0.038091025262950946,0.9980682549903412
0.03809196136737854,0.9980682549903412
0.038104134913220906,0.9980682549903412
0.03810507166211864,0.9980682549903412
0.03810600845707542,0.9980682549903412
0.03810694529809465,0.9980682549903412
0.03810788218517972,0.9980682549903412
0.03810881911833403,0.9980682549903412
0.038109756097560975,0.9980682549903412
0.03811725359039937,0.9980682549903412
0.03811912842457331,0.9980682549903412
0.03812006591082364,0.9980682549903412
0.03812100344318741,0.9980682549903412
0.03812381631699338,0.9980682549903412
0.03812756746119598,0.9980682549903412
0.03812944331012767,0.9980682549903412
0.03813413374009743,0.9980682549903412
0.03813507196457129,0.9980682549903412
0.038146334260330275,0.9980682549903412
0.038147273085253,0.9980682549903412
0.03814821195638798,0.9980682549903412
0.038149150873738616,0.9980682549903412
0.038150089837308325,0.9980682549903412
0.03816417983946423,0.9980682549903412
0.038166059292819854,0.9980682549903412
0.03816793893129771,0.9980682549903412
0.038168878819966015,0.9980682549903412
0.0381716987637295,0.9980682549903412
0.038172638837581575,0.9980682549903412
0.03817357895773815,0.9980682549903412
0.03818110158636319,0.9980682549903412
0.038182042123414216,0.9980682549903412
0.03818298270680396,0.9980682549903412
0.038183923336535856,0.9980682549903412
0.038184864012613326,0.9980682549903412
0.03818580473503979,0.9980682549903412
0.03818768631895341,0.9980682549903412
0.03819145004311938,0.9980682549903412
0.038192391090084765,0.9980682549903412
0.038193332183426555,0.9980682549903412
0.03819709702062643,0.9980682549903412
0.03819803834590172,0.9980682549903412
0.03820180411100705,0.9980682549903412
0.0382046289221365,0.9980682549903412
0.038206512361655454,0.9980682549903412
0.03820839598688589,0.9980682549903412
0.038209337869151504,0.9980682549903412
0.038210279797855295,0.9980682549903412
0.03821122177300069,0.9980682549903412
0.03821593234547203,0.9980682549903412
0.038216874599339215,0.9980682549903412
0.03821781689967207,0.9980682549903412
0.03821875924647401,0.9980682549903412
0.03821970163974849,0.9980682549903412
0.03822252909844151,0.9980682549903412
0.0382234716776405,0.9980682549903412
0.03822441430332922,0.9980682549903412
0.03822535697551111,0.9980682549903412
0.0382262996941896,0.9980682549903412
0.03822724245936814,0.9980682549903412
0.038228185271050166,0.9980682549903412
0.03823007103393844,0.9980682549903412
0.03823195698288195,0.9980682549903412
0.03823478625521103,0.9980682549903412
0.038235729439044845,0.9980682549903412
0.03823950263975921,0.9980682549903412
0.0382404460562998,0.9980682549903412
0.0382432765852455,0.9980682549903412
0.038244220188013524,0.9980682549903412
0.03824516383734702,0.9980682549903412
0.03824610753324944,0.9980682549903412
0.038253658777363704,0.9980682549903412
0.03825460289254159,0.9980682549903412
0.03827444008198138,0.9980682549903412
0.03827538522323192,0.9980682549903412
0.038288622103651006,0.9980682549903412
0.038290513833992096,0.9980682549903412
0.03829145976926308,0.9980682549903412
0.038292405751272296,0.9980682549903412
0.03829335178002322,0.9980682549903412
0.03829429785551932,0.9980682549903412
0.03829808262502471,0.9980682549903412
0.03829902893429863,0.9980682549903412
0.03830186814273006,0.9980682549903412
0.038305654408857255,0.9980682549903412
0.03830754782264841,0.9980682549903412
0.03830849459973802,0.9980682549903412
0.03830944142362828,0.9980682549903412
0.03831038829432265,0.9980682549903412
0.038314176245210725,0.9980682549903412
0.038315123349977755,0.9980682549903412
0.038316070501569724,0.9980682549903412
0.03831701769999011,0.9980682549903412
0.038317964945242394,0.9980682549903412
0.03832270187410374,0.9980682549903412
0.03832364940042032,0.9980682549903412
0.03832649226052124,0.9980682549903412
0.03832743997428353,0.9980682549903412
0.038328387734915925,0.9980682549903412
0.03832933554242192,0.9980682549903412
0.0383312312980686,0.9980682549903412
0.03834071288990031,0.9980682549903412
0.038341661307079604,0.9980682549903412
0.03834355828220859,0.9980682549903412
0.03834450684016525,0.9980682549903412
0.03835019917361506,0.9980682549903412
0.03835114806017419,0.9980682549903412
0.03835494407601703,0.9980682549903412
0.03835589319739675,0.9980682549903412
0.03835684236575105,0.9980682549903412
0.03835874084339735,0.9980682549903412
0.038359690152696316,0.9980682549903412
0.038360639508983815,0.9980682549903412
0.038361588912263336,0.9980682549903412
0.03836253836253836,0.9980682549903412
0.03836348785981239,0.9980682549903412
0.03836443740408891,0.9980682549903412
0.038366336633663366,0.9980682549903412
0.03836823605128967,0.9980682549903412
0.03836918583063099,0.9980682549903412
0.03837013565699574,0.9980682549903412
0.03837108553038743,0.9980682549903412
0.03837298541826554,0.9980682549903412
0.0383767857584986,0.9980682549903412
0.038377735961176586,0.9980682549903412
0.03837963650770069,0.9980682549903412
0.038381537242472265,0.9980682549903412
0.0383824876804596,0.9980682549903412
0.03838343816551929,0.9980682549903412
0.03838533927686974,0.9980682549903412
0.03838628990316749,0.9980682549903412
0.038397701092476526,0.9980682549903412
0.0383986523311698,0.9980682549903412
0.03840245775729647,0.9980682549903412
0.03840340923168405,0.9980682549903412
0.03841387856257745,0.9980682549903412
0.03841578269059185,0.9980682549903412
0.038416734825389744,0.9980682549903412
0.038420543836601144,0.9980682549903412
0.03842242341560213,0.9974243399871217
0.03842432962071788,0.9974243399871217
0.0384252827942052,0.9974243399871217
0.0384262360149835,0.9974243399871217
0.038427189283056315,0.9974243399871217
0.03842909596109954,0.9974243399871217
0.03843004937107698,0.9974243399871217
0.03843195633296117,0.9974243399871217
0.038433863484107884,0.9974243399871217
0.038435770824545294,0.9974243399871217
0.03843672456575682,0.9974243399871217
0.03843958607340497,0.9974243399871217
0.03844054000397062,0.9974243399871217
0.03844435619974188,0.9974243399871217
0.03844626458178208,0.9974243399871217
0.03844721884385316,0.9974243399871217
0.03844817315329627,0.9974243399871217
0.038450081914312664,0.9974243399871217
0.03845103636589301,0.9974243399871217
0.038451990864859495,0.9974243399871217
0.03845294541121565,0.9974243399871217
0.038453900004965,0.9974243399871217
0.03845485464611107,0.9974243399871217
0.0384558093346574,0.9974243399871217
0.038461538461538464,0.9974243399871217
0.038464403665168484,0.9974243399871217
0.03847013535328449,0.9974243399871217
0.03847109080071528,0.9974243399871217
0.03847204629560639,0.9974243399871217
0.03847300183796135,0.9974243399871217
0.038473957427783714,0.9974243399871217
0.03848255987280135,0.9974243399871217
0.038486384416616976,0.9974243399871217
0.03849116616554432,0.9974243399871217
0.038494992420288775,0.9974243399871217
0.03850456138606478,0.9974243399871217
0.038505518544297505,0.9974243399871217
0.038511262493162945,0.9974243399871217
0.038512219984585164,0.9974243399871217
0.03851317752362009,0.9974243399871217
0.03851413511027126,0.9974243399871217
0.03851509274454225,0.9974243399871217
0.038516050426436584,0.9974243399871217
0.03859858961899778,0.9974243399871217
0.038599551457762275,0.9974243399871217
0.03860243726169412,0.9974243399871217
0.03860339929222948,0.9974243399871217
0.03860436137071651,0.9974243399871217
0.03860532349715881,0.9974243399871217
0.03860628567155995,0.9974243399871217
0.03860724789392354,0.9974243399871217
0.038608210164253136,0.9974243399871217
0.038610134848824744,0.9974243399871217
0.038648668878964045,0.9974243399871217
0.0386496332152303,0.9974243399871217
0.03865156203213894,0.9974243399871217
0.03865252651278852,0.9974243399871217
0.038666034297696016,0.9974243399871217
0.03866893005142543,0.9974243399871217
0.038671826238921486,0.9974243399871217
0.03866423558208657,0.9967804249839022
0.03866520131881307,0.9967804249839022
0.038676793923645814,0.9967804249839022
0.0386777602878345,0.9967804249839022
0.03867969316109043,0.9967804249839022
0.03868549294014745,0.9967804249839022
0.038686459739091315,0.9967804249839022
0.03869709771767117,0.9967804249839022
0.03870290271770383,0.9967804249839022
0.03870483810476309,0.9967804249839022
0.03870677368539494,0.9967804249839022
0.03870774154830966,0.9967804249839022
0.03871258158901643,0.9967804249839022
0.03871839123583702,0.9967804249839022
0.03872032817229045,0.9967804249839022
0.03872129671319226,0.9967804249839022
0.038722265302548964,0.9967804249839022
0.03872323394036422,0.9967804249839022
0.0387251713613849,0.9967804249839022
0.038726140144597604,0.9967804249839022
0.03872807785644592,0.9967804249839022
0.038729046785088816,0.9967804249839022
0.038730015762215714,0.9967804249839022
0.03873098478783026,0.9967804249839022
0.03873292298453686,0.9967804249839022
0.03873486137523771,0.9967804249839022
0.038736799959961966,0.9967804249839022
0.038737769325091966,0.9967804249839022
0.03873873873873874,0.9967804249839022
0.03873970820090593,0.9967804249839022
0.03874067771159718,0.9967804249839022
0.03874164727081613,0.9967804249839022
0.03874261687856642,0.9967804249839022
0.038745525993041825,0.9967804249839022
0.03874746564541563,0.9967804249839022
0.03874843554443054,0.9967804249839022
0.03875037548813458,0.9967804249839022
0.038751345532831,0.9967804249839022
0.038753285767930905,0.9967804249839022
0.03875425595834168,0.9967804249839022
0.0387552261973312,0.9967804249839022
0.03875716682106106,0.9967804249839022
0.038758137205808715,0.9967804249839022
0.038759107639149706,0.9967804249839022
0.038761048651626315,0.9967804249839022
0.03876201923076923,0.9967804249839022
0.03876298985852009,0.9967804249839022
0.038763960534882555,0.9967804249839022
0.03876687285567604,0.9967804249839022
0.038767843726521416,0.9967804249839022
0.038768814645996644,0.9967804249839022
0.03876978561410539,0.9967804249839022
0.03877172769623804,0.9967804249839022
0.038772698810269256,0.9967804249839022
0.0387736699729486,0.9967804249839022
0.03877755511022044,0.9967804249839022
0.038778526516195296,0.9967804249839022
0.038779497970840224,0.9967804249839022
0.03878046947415888,0.9967804249839022
0.03878241262683202,0.9967804249839022
0.03879310344827586,0.9967804249839022
0.03879699248120301,0.9967804249839022
0.03879893729008973,0.9967804249839022
0.038800882293964306,0.9967804249839022
0.038801854869031205,0.9967804249839022
0.038802827492856067,0.9967804249839022
0.03880671847580847,0.9967804249839022
0.038807691343478154,0.9967804249839022
0.03881352957400396,0.9967804249839022
0.03881450278321047,0.9967804249839022
0.03881547604122264,0.9967804249839022
0.038817422703678627,0.9967804249839022
0.038818396108129795,0.9967804249839022
0.03882423756019262,0.9967804249839022
0.038825211306463346,0.9967804249839022
0.03882618510158013,0.9967804249839022
0.03883008077058145,0.9967804249839022
0.038831054809983695,0.9967804249839022
0.03883300303539623,0.9967804249839022
0.03883397722141388,0.9967804249839022
0.038834951456310676,0.9967804249839022
0.038835925740090316,0.9967804249839022
0.03883787445431281,0.9967804249839022
0.03884079789235981,0.9967804249839022
0.038848595879238085,0.9967804249839022
0.038849570847763894,0.9967804249839022
0.03885249604698442,0.9967804249839022
0.03886615280323383,0.9967804249839022
0.03886810455218821,0.9967804249839022
0.03887005649717514,0.9967804249839022
0.038871032543190034,0.9967804249839022
0.03887200863822414,0.9967804249839022
0.03887298478228115,0.9967804249839022
0.03887396097536476,0.9967804249839022
0.03887786623803903,0.9967804249839022
0.038888609757323014,0.9967804249839022
0.038889586735334755,0.9967804249839022
0.03889056376243594,0.9967804249839022
0.03889154083863025,0.9967804249839022
0.03889251796392141,0.9967804249839022
0.03889447236180905,0.9967804249839022
0.038901314301510316,0.9967804249839022
0.03890424729831616,0.9967804249839022
0.038906202875238764,0.9967804249839022
0.03891109267777694,0.9967804249839022
0.03891402714932127,0.9967804249839022
0.03891500540486186,0.9967804249839022
0.038916962063504035,0.9967804249839022
0.038919897420425405,0.9967804249839022
0.038921854571055015,0.9967804249839022
0.03892576946288473,0.9967804249839022
0.03892674830889934,0.9967804249839022
0.038927727204144245,0.9967804249839022
0.03893066418529789,0.9967804249839022
0.03893262241895325,0.9967804249839022
0.03893360160965795,0.9967804249839022
0.038934580849618955,0.9967804249839022
0.03893556013883998,0.9967804249839022
0.03893653947732475,0.9967804249839022
0.03893751886507697,0.9967804249839022
0.03893947778839865,0.9967804249839022
0.03894045732397555,0.9967804249839022
0.03894339622641509,0.9967804249839022
0.038946335572496035,0.9967804249839022
0.03894731545312736,0.9967804249839022
0.03894927536231884,0.9967804249839022
0.038952215595984,0.9967804249839022
0.03895417599838949,0.9967804249839022
0.0389571169720153,0.9967804249839022
0.03895809739524349,0.9967804249839022
0.03896005838975159,0.9967804249839022
0.03896103896103896,0.9967804249839022
0.03896398097107906,0.9967804249839022
0.03896496173983085,0.9967804249839022
0.038967904342353685,0.9967804249839022
0.03896888530862955,0.9967804249839022
0.03897477214361247,0.9967804249839022
0.03897575345569907,0.9967804249839022
0.03899637243047158,0.9967804249839022
0.03899833728019348,0.9967804249839022
0.03900030232792502,0.9967804249839022
0.03900914749388907,0.9967804249839022
0.039017996672884005,0.9967804249839022
0.03900163872431615,0.9961365099806826
0.03900360537528679,0.9961365099806826
0.03900557222460351,0.9961365099806826
0.03900655572365103,0.9961365099806826
0.039009506518395236,0.9961365099806826
0.03901245775962072,0.9961365099806826
0.039014425501866234,0.9961365099806826
0.03901540944742882,0.9961365099806826
0.03902623612512614,0.9961365099806826
0.0390272206665153,0.9961365099806826
0.039028205257581106,0.9961365099806826
0.039030174588757696,0.9961365099806826
0.03903312895819141,0.9961365099806826
0.03904002422651794,0.9961365099806826
0.039041994750656166,0.9961365099806826
0.03904298008732302,0.9961365099806826
0.03904396547372672,0.9961365099806826
0.03904593639575972,0.9961365099806826
0.0390479075167853,0.9961365099806826
0.03904889315192973,0.9961365099806826
0.039053822074118956,0.9961365099806826
0.039056780024741854,0.9961365099806826
0.039057766107857,0.9961365099806826
0.03905973842347119,0.9961365099806826
0.039061710938289064,0.9961365099806826
0.03906269727040881,0.9961365099806826
0.039063683652340794,0.9961365099806826
0.03906467008408879,0.9961365099806826
0.03906565656565657,0.9961365099806826
0.0390666430970479,0.9961365099806826
0.039068616309316365,0.9961365099806826
0.03906960299020103,0.9961365099806826
0.03907058972092436,0.9961365099806826
0.0390725633319021,0.9961365099806826
0.03907355021216408,0.9961365099806826
0.039141765554234244,0.9961365099806826
0.03914275593340418,0.9961365099806826
0.03914374636269325,0.9961365099806826
0.03914473684210526,0.9961365099806826
0.03914572737164402,0.9961365099806826
0.039146717951313324,0.9961365099806826
0.03915167160175132,0.9961365099806826
0.03912735371532699,0.995492594977463
0.03912834400546683,0.995492594977463
0.039129334345735255,0.995492594977463
0.03913329620817091,0.995492594977463
0.03913428679913935,0.995492594977463
0.039135277440259214,0.995492594977463
0.03913626813153431,0.995492594977463
0.039141222340371665,0.995492594977463
0.039142213332658174,0.995492594977463
0.03915014307781914,0.995492594977463
0.03915212601615722,0.995492594977463
0.039153117560654406,0.995492594977463
0.03915410915537546,0.995492594977463
0.03915609249550439,0.995492594977463
0.039158076036574556,0.995492594977463
0.03916502001317323,0.995492594977463
0.03916700445885691,0.995492594977463
0.03916898910564986,0.995492594977463
0.03916998150447187,0.995492594977463
0.03917196645298604,0.995492594977463
0.03917295900268586,0.995492594977463
0.03916746945190894,0.9948486799742434
0.03916846241602231,0.9948486799742434
0.039169455430483724,0.9948486799742434
0.03917044849529701,0.9948486799742434
0.039171441610466,0.9948486799742434
0.039172434775994525,0.9948486799742434
0.03917938834508292,0.9948486799742434
0.03923709874034945,0.9948486799742434
0.03923809523809524,0.9948486799742434
0.03923909178645807,0.9948486799742434
0.0392400883854418,0.9948486799742434
0.03924307848615697,0.9948486799742434
0.03924507213980898,0.9948486799742434
0.03924706599603719,0.9948486799742434
0.039248063000127016,0.9948486799742434
0.03922764227642277,0.9942047649710238
0.03924558995475573,0.9942047649710238
0.03924758515505847,0.9942047649710238
0.03924958055823885,0.9942047649710238
0.03929353081895455,0.9942047649710238
0.03929553089687468,0.9942047649710238
0.039296531012191084,0.9942047649710238
0.0392975311784169,0.9942047649710238
0.03929853139555601,0.9942047649710238
0.03930253277332315,0.9942047649710238
0.03930453376778759,0.9942047649710238
0.039305534341428645,0.9942047649710238
0.039306534966014106,0.9942047649710238
0.03932555651775253,0.9942047649710238
0.03932655816204376,0.9942047649710238
0.039338581874697444,0.9942047649710238
0.039340586541646495,0.9942047649710238
0.039343593925186014,0.9942047649710238
0.0393506129418661,0.9942047649710238
0.039353621858592036,0.9942047649710238
0.03935462493309204,0.9942047649710238
0.03935663123550254,0.9942047649710238
0.03935863774248643,0.9942047649710238
0.03935964107270317,0.9942047649710238
0.039360644454075,0.9942047649710238
0.03936164788660582,0.9942047649710238
0.03936465849119139,0.9942047649710238
0.03936566212839733,0.9942047649710238
0.0393676695563488,0.9942047649710238
0.039377709767916345,0.9942047649710238
0.03937871407074906,0.9942047649710238
0.039379718424811264,0.9942047649710238
0.03938072283010687,0.9942047649710238
0.0393817272866398,0.9942047649710238
0.03938373635343332,0.9942047649710238
0.03938474096370176,0.9942047649710238
0.039385745625223206,0.9942047649710238
0.03938675033800158,0.9942047649710238
0.03938775510204082,0.9942047649710238
0.03938875991734483,0.9942047649710238
0.03938976478391755,0.9942047649710238
0.03939076970176289,0.9942047649710238
0.03939378476297392,0.9942047649710238
0.03939478988594902,0.9942047649710238
0.03939579506021637,0.9942047649710238
0.039396800285779895,0.9942047649710238
0.039399816270286825,0.9942047649710238
0.03940082170107433,0.9942047649710238
0.03942496744376069,0.9942047649710238
0.03942597415862315,0.9942047649710238
0.039426980924899775,0.9942047649710238
0.039432015527633056,0.9942047649710238
0.03943302260247734,0.9942047649710238
0.03943503690649503,0.9942047649710238
0.03943604413567634,0.9942047649710238
0.03943705141631121,0.9942047649710238
0.03943906613195739,0.9942047649710238
0.039441081053465145,0.9942047649710238
0.03944208859142696,0.9942047649710238
0.03941755013411675,0.9935608499678042
0.03941855712241978,0.9935608499678042
0.03942258559018907,0.9935608499678042
0.03942359283579039,0.9935608499678042
0.039424600132863204,0.9935608499678042
0.039425607481411454,0.9935608499678042
0.03942661488143909,0.9935608499678042
0.039427622332950045,0.9935608499678042
0.03942862983594828,0.9935608499678042
0.03942963739043774,0.9935608499678042
0.03943064499642236,0.9935608499678042
0.03943769968051118,0.9935608499678042
0.039441732062063854,0.9935608499678042
0.039442740286298565,0.9935608499678042
0.03944374856207981,0.9935608499678042
0.03944979929946565,0.9935608499678042
0.03945080793618327,0.9935608499678042
0.039451816624479046,0.9935608499678042
0.03945383415582091,0.9935608499678042
0.0394558518935229,0.9935608499678042
0.039456860839768834,0.9935608499678042
0.0394598879881339,0.9935608499678042
0.03946089714081121,0.9935608499678042
0.03946190634510626,0.9935608499678042
0.03946291560102302,0.9935608499678042
0.039463924908565436,0.9935608499678042
0.03946796265507098,0.9935608499678042
0.039468972220801146,0.9935608499678042
0.03946998183818075,0.9935608499678042
0.039470991507213754,0.9935608499678042
0.03947200122790412,0.9935608499678042
0.03947301100025582,0.9935608499678042
0.039474020824272815,0.9935608499678042
0.039475030699959064,0.9935608499678042
0.03947604062731855,0.9935608499678042
0.039479070719476,0.9935608499678042
0.039481091039353156,0.9935608499678042
0.03948210127683529,0.9935608499678042
0.03948311156601842,0.9935608499678042
0.039484121906906526,0.9935608499678042
0.0394861427438135,0.9935608499678042
0.03949119574119574,0.9935608499678042
0.0394922064958665,0.9935608499678042
0.039493217302277964,0.9935608499678042
0.039495239070338896,0.9935608499678042
0.03949625003199631,0.9935608499678042
0.039498272110584924,0.9935608499678042
0.03950332821300563,0.9935608499678042
0.03950433958882716,0.9935608499678042
0.039509397244840476,0.9935608499678042
0.03951040893145213,0.9935608499678042
0.03951142066987606,0.9935608499678042
0.03951243246011626,0.9935608499678042
0.039513444302176695,0.9935608499678042
0.03951445619606136,0.9935608499678042
0.03951546814177423,0.9935608499678042
0.039516480139319285,0.9935608499678042
0.03951850428992189,0.9935608499678042
0.03952052864790103,0.9935608499678042
0.0395225532132886,0.9935608499678042
0.03952457798611645,0.9935608499678042
0.039525590450330446,0.9935608499678042
0.03953166632506661,0.9935608499678042
0.039533692031770436,0.9935608499678042
0.03953875720691864,0.9935608499678042
0.03954078364041719,0.9935608499678042
0.039541796935062275,0.9935608499678042
0.03954281028164322,0.9935608499678042
0.03954382368016402,0.9935608499678042
0.039552946604803775,0.9935608499678042
0.039554974493065706,0.9935608499678042
0.039589480436177035,0.9935608499678042
0.03960675599363417,0.9935608499678042
0.03960777267243371,0.9935608499678042
0.03960878940342951,0.9935608499678042
0.03961082302202598,0.9935608499678042
0.03961183990963469,0.9935608499678042
0.03961692513094382,0.9935608499678042
0.039617942331886924,0.9935608499678042
0.0395942996533573,0.9929169349645847
0.03959633310222633,0.9929169349645847
0.0395973499049869,0.9929169349645847
0.039598366759970215,0.9929169349645847
0.03959938366718028,0.9929169349645847
0.03960243470221127,0.9929169349645847
0.039608538182939045,0.9929169349645847
0.03961057309460813,0.9929169349645847
0.03961362585418486,0.9929169349645847
0.03961464354527938,0.9929169349645847
0.03961871483260965,0.9929169349645847
0.03961973278520041,0.9929169349645847
0.03962075079010252,0.9929169349645847
0.03962176884732001,0.9929169349645847
0.03962685991827924,0.9929169349645847
0.03960421485479311,0.9922730199613651
0.039605232722506364,0.9922730199613651
0.0396072686149022,0.9922730199613651
0.039615414278002005,0.9922730199613651
0.039616432721476684,0.9922730199613651
0.03961846976552859,0.9922730199613651
0.0396194883661139,0.9922730199613651
0.039620507019077496,0.9922730199613651
0.039621525724423415,0.9922730199613651
0.039627639056754184,0.9922730199613651
0.03962967725343963,0.9922730199613651
0.039630696430408396,0.9922730199613651
0.03963885173371746,0.9922730199613651
0.03963987138263666,0.9922730199613651
0.03964089108401502,0.9922730199613651
0.03964701039415457,0.9922730199613651
0.03964803046286052,0.9922730199613651
0.03964905058405804,0.9922730199613651
0.03965007075775119,0.9922730199613651
0.03965109098394401,0.9922730199613651
0.03965211126264056,0.9922730199613651
0.03967763530562851,0.9922730199613651
0.039678656950845846,0.9922730199613651
0.039679678648676484,0.9922730199613651
0.039680700399124504,0.9922730199613651
0.03968172220219395,0.9922730199613651
0.03968376596621343,0.9922730199613651
0.0396888762974219,0.9922730199613651
0.03968989852160923,0.9922730199613651
0.03969398794497965,0.9922730199613651
0.039695010432497874,0.9922730199613651
0.03969603297269449,0.9922730199613651
0.03969705556557356,0.9922730199613651
0.039699100909395366,0.9922730199613651
0.03970319222940767,0.9922730199613651
0.039704215191177984,0.9922730199613651
0.039705238205663344,0.9922730199613651
0.039711377399819614,0.9922730199613651
0.03971444770888099,0.9922730199613651
0.03971547125074096,0.9922730199613651
0.03971649484536083,0.9922730199613651
0.03972058975152078,0.9922730199613651
0.03972161361000129,0.9922730199613651
0.03972980637842576,0.9922730199613651
0.03973083071211262,0.9922730199613651
0.03974005209273539,0.9922730199613651
0.03974107695481741,0.9922730199613651
0.039742101869761445,0.9922730199613651
0.03974415185825188,0.9922730199613651
0.03974517693180646,0.9922730199613651
0.03974620205823941,0.9922730199613651
0.03975748194014448,0.9922730199613651
0.039761585302920836,0.9922730199613651
0.03976363730195593,0.9922730199613651
0.039770820966784526,0.9922730199613651
0.03977184741650751,0.9922730199613651
0.03977390047491224,0.9922730199613651
0.039774927083602196,0.9922730199613651
0.039778007227671656,0.9922730199613651
0.0397964981147668,0.9922730199613651
0.03979752589034374,0.9922730199613651
0.03979958160076448,0.9922730199613651
0.03980163752356846,0.9922730199613651
0.039802665564624445,0.9922730199613651
0.03980472180606499,0.9922730199613651
0.03980575000645778,0.9922730199613651
0.039806778259971067,0.9922730199613651
0.039808834926375616,0.9922730199613651
0.0398098633392751,0.9922730199613651
0.03981089180531156,0.9922730199613651
0.039813977522283946,0.9922730199613651
0.03981500620090947,0.9922730199613651
0.03979019714234039,0.9916291049581455
0.0397912252596765,0.9916291049581455
0.03979739507959479,0.9916291049581455
0.03979842356893656,0.9916291049581455
0.039801509355939214,0.9916291049581455
0.03980253805794629,0.9916291049581455
0.03980459562149448,0.9916291049581455
0.03980562448304384,0.9916291049581455
0.0398066533977822,0.9916291049581455
0.03980768236571369,0.9916291049581455
0.03981076958870822,0.9916291049581455
0.03981179876945349,0.9916291049581455
0.03981385729058945,0.9916291049581455
0.03982003413145783,0.9916291049581455
0.03982106379127557,0.9916291049581455
0.03982415309025084,0.9916291049581455
0.03982621288921072,0.9916291049581455
0.039831363318935414,0.9916291049581455
0.039832393564740574,0.9916291049581455
0.0398406374501992,0.9916291049581455
0.03985507246376811,0.9916291049581455
0.03985610393643728,0.9916291049581455
0.039857135462498056,0.9916291049581455
0.039858167041954606,0.9916291049581455
0.03985919867481106,0.9916291049581455
0.039860230361071565,0.9916291049581455
0.03986332574031891,0.9916291049581455
0.03986538959358012,0.9916291049581455
0.039867453660557106,0.9916291049581455
0.039868485774199394,0.9916291049581455
0.03986951794128307,0.9916291049581455
0.0398705501618123,0.9916291049581455
0.039872614763223985,0.9916291049581455
0.03987364714411475,0.9916291049581455
0.039877777202340876,0.9916291049581455
0.03987880985058394,0.9916291049581455
0.039879842552309926,0.9916291049581455
0.03988087530752298,0.9916291049581455
0.03988190811622728,0.9916291049581455
0.039882940978426956,0.9916291049581455
0.03988397389412618,0.9916291049581455
0.0398850068633291,0.9916291049581455
0.039886039886039885,0.9916291049581455
0.03988707296226268,0.9916291049581455
0.039889139275260964,0.9916291049581455
0.03989017251204476,0.9916291049581455
0.0398932725435847,0.9916291049581455
0.03989533949897671,0.9916291049581455
0.03990257552987511,0.9916291049581455
0.03993979186671165,0.9909851899549259
0.03994186499182476,0.9909851899549259
0.039943938332165384,0.9909851899549259
0.03994497508305648,0.9909851899549259
0.03994601188776702,0.9909851899549259
0.0399470487463012,0.9909851899549259
0.03994912262485723,0.9909851899549259
0.03995119671875811,0.9909851899549259
0.03995327102803738,0.9909851899549259
0.039956382895864166,0.9909851899549259
0.0399574202928653,0.9909851899549259
0.03995845774373621,0.9909851899549259
0.039959495248481074,0.9909851899549259
0.039961570419609474,0.9909851899549259
0.039962608086001404,0.9909851899549259
0.03996675929051861,0.9909851899549259
0.039967797226406275,0.9909851899549259
0.039969873259921046,0.9909851899549259
0.039972987714604814,0.9909851899549259
0.039974025974025974,0.9909851899549259
0.039975064287384086,0.9909851899549259
0.03997610265468336,0.9909851899549259
0.03997921808027016,0.9909851899549259
0.03998025666337611,0.9909851899549259
0.039984411535463754,0.9909851899549259
0.03998648929536479,0.9909851899549259
0.039987528256294334,0.9909851899549259
0.039989606340132516,0.9909851899549259
0.040006238789674804,0.9909851899549259
0.040007278777165436,0.9909851899549259
0.04000831881872774,0.9909851899549259
0.04000935891436593,0.9909851899549259
0.04001351983776195,0.9909851899549259
0.04001560062402496,0.9909851899549259
0.04001872220922069,0.9909851899549259
0.0400197628458498,0.9909851899549259
0.04002080353660122,0.9909851899549259
0.04002288508048787,0.9909851899549259
0.04002392593363154,0.9909851899549259
0.04002496684091441,0.9909851899549259
0.0400260078023407,0.9909851899549259
0.04002704881791464,0.9909851899549259
0.04002808988764045,0.9909851899549259
0.04003017218956458,0.9909851899549259
0.040031213421771364,0.9909851899549259
0.04003225470814691,0.9909851899549259
0.04003433744342126,0.9909851899549259
0.040035378892328506,0.9909851899549259
0.040036420395421435,0.9909851899549259
0.04003850356418128,0.9909851899549259
0.04004162872381944,0.9909851899549259
0.040042670552115314,0.9909851899549259
0.04004371243462649,0.9909851899549259
0.040044754371357204,0.9909851899549259
0.040045796362311675,0.9909851899549259
0.04004892266056001,0.9909851899549259
0.040049964868451866,0.9909851899549259
0.040051007130588664,0.9909851899549259
0.04005204944697462,0.9909851899549259
0.04005309181761399,0.9909851899549259
0.040054134242510996,0.9909851899549259
0.040055176721669875,0.9909851899549259
0.04005621925509487,0.9909851899549259
0.040059347181008904,0.9909851899549259
0.04006143273635985,0.9909851899549259
0.04006247559547052,0.9909851899549259
0.040070820423360326,0.9909851899549259
0.040071863771285736,0.9909851899549259
0.040072907173545114,0.9909851899549259
0.040074994141082725,0.9909851899549259
0.04007603770636946,0.9909851899549259
0.04007708132600714,0.9909851899549259
0.0400791687283523,0.9909851899549259
0.04008021251106828,0.9909851899549259
0.04008438818565401,0.9909851899549259
0.04008543224025213,0.9909851899549259
0.04008752051262014,0.9909851899549259
0.04008856473039854,0.9909851899549259
0.04009378663540446,0.9909851899549259
0.04009483117965819,0.9909851899549259
0.04009692043145224,0.9909851899549259
0.04009796513900107,0.9909851899549259
0.0400990099009901,0.9909851899549259
0.04010005471742359,0.9909851899549259
0.0401010995883058,0.9909851899549259
0.04010527961640694,0.9909851899549259
0.04010632475959659,0.9909851899549259
0.040107369957260504,0.9909851899549259
0.040108415209402934,0.9909851899549259
0.04010946051602815,0.9909851899549259
0.0401105058771404,0.9909851899549259
0.040111551292743956,0.9909851899549259
0.04011259676284307,0.9909851899549259
0.04012096248598764,0.9909851899549259
0.04012200844673862,0.9909851899549259
0.04012305446202779,0.9909851899549259
0.04012410053185942,0.9909851899549259
0.04012619283516713,0.9909851899549259
0.04012723906865173,0.9909851899549259
0.04012828535669587,0.9909851899549259
0.0401293316993038,0.9909851899549259
0.04013037809647979,0.9909851899549259
0.040131424548228115,0.9909851899549259
0.04013247105455304,0.9909851899549259
0.04013351761545884,0.9909851899549259
0.04013979812733105,0.9909851899549259
0.04014084507042254,0.9909851899549259
0.040141892068129056,0.9909851899549259
0.0401429391204549,0.9909851899549259
0.04014398622740434,0.9909851899549259
0.04014608060519108,0.9909851899549259
0.040148175201523494,0.9909851899549259
0.040149222581655014,0.9909851899549259
0.040151317505870074,0.9909851899549259
0.04015236504996217,0.9909851899549259
0.040154460302136874,0.9909851899549259
0.04015655577299413,0.9909851899549259
0.04015760359043941,0.9909851899549259
0.04017437610942884,0.9909851899549259
0.04017857142857143,0.9909851899549259
0.04019326194828937,0.9909851899549259
0.04019431168220638,0.9909851899549259
0.04019536147095696,0.9909851899549259
0.0401985111662531,0.9909851899549259
0.04019956117438094,0.9909851899549259
0.0402016613552061,0.9909851899549259
0.04020271152791202,0.9909851899549259
0.040204812037932025,0.9909851899549259
0.04020586237525472,0.9909851899549259
0.04020691276745827,0.9909851899549259
0.04020796321454698,0.9909851899549259
0.04020901371652515,0.9909851899549259
0.040210064273397086,0.9909851899549259
0.040212165551839464,0.9909851899549259
0.04021636876763876,0.9909851899549259
0.04021847070506455,0.9909851899549259
0.04021952175617405,0.9909851899549259
0.04022057286222036,0.9909851899549259
0.0402216240232078,0.9909851899549259
0.040222675239140665,0.9909851899549259
0.04022582921665491,0.9909851899549259
0.04022688065241257,0.9909851899549259
0.040248973507335827,0.9909851899549259
0.04025213161060836,0.9909851899549259
0.040253184421834544,0.9909851899549259
0.04025423728813559,0.9909851899549259
0.0402563431859796,0.9909851899549259
0.040257396217531195,0.9909851899549259
0.04025844930417495,0.9909851899549259
0.04025950244591519,0.9909851899549259
0.04026055564275624,0.9909851899549259
0.04026160889470242,0.9909851899549259
0.04026371556392748,0.9909851899549259
0.040264768981215004,0.9909851899549259
0.04026582245362497,0.9909851899549259
0.040266875981161694,0.9909851899549259
0.04027214444589821,0.9909851899549259
0.04027425221783163,0.9909851899549259
0.04027530618653826,0.9909851899549259
0.04027636021041062,0.9909851899549259
0.04027741428945302,0.9909851899549259
0.040279522613065326,0.9909851899549259
0.040280576857643885,0.9909851899549259
0.040282685512367494,0.9909851899549259
0.040283739922521204,0.9909851899549259
0.0402847943878753,0.9909851899549259
0.040287958115183244,0.9909851899549259
0.040291122339450744,0.9909851899549259
0.040356627769765306,0.9909851899549259
0.04035768605443961,0.9909851899549259
0.040359802790307354,0.9909851899549259
0.04036086124150953,0.9909851899549259
0.04033569367951744,0.9903412749517064
0.040336751553935325,0.9903412749517064
0.040338867469247516,0.9903412749517064
0.04033992551015055,0.9903412749517064
0.04034098360655738,0.9903412749517064
0.040342041758472356,0.9903412749517064
0.040343099965899853,0.9903412749517064
0.04034415822884424,0.9903412749517064
0.04034521654730988,0.9903412749517064
0.040346274921301155,0.9903412749517064
0.040354743912678424,0.9903412749517064
0.04035580278659705,0.9903412749517064
0.04035686171608502,0.9903412749517064
0.04035792070114671,0.9903412749517064
0.0403589797417865,0.9903412749517064
0.04036003883800877,0.9903412749517064
0.04036109798981788,0.9903412749517064
0.04036427577881007,0.9903412749517064
0.04036533515301034,0.9903412749517064
0.040368513609281086,0.9903412749517064
0.04037063285823031,0.9903412749517064
0.04037169256614868,0.9903412749517064
0.04037275232970206,0.9903412749517064
0.040375931954216106,0.9903412749517064
0.040376991940353366,0.9903412749517064
0.04037805198214754,0.9903412749517064
0.040407755766906625,0.9903412749517064
0.04040987913820284,0.9903412749517064
0.040410940907538294,0.9903412749517064
0.04041200273267118,0.9903412749517064
0.04041306461360591,0.9903412749517064
0.04041412655034686,0.9903412749517064
0.040426874145726,0.9903412749517064
0.04043006230120134,0.9903412749517064
0.04043325095956675,0.9903412749517064
0.04043431395746247,0.9903412749517064
0.0404353770112525,0.9903412749517064
0.04043644012094124,0.9903412749517064
0.0404375032865331,0.9903412749517064
0.0404385665080325,0.9903412749517064
0.04043962978544384,0.9903412749517064
0.04045345748178542,0.9903412749517064
0.04047687975366476,0.9903412749517064
0.040477945046847034,0.9903412749517064
0.04047901039610475,0.9903412749517064
0.04048007580144233,0.9903412749517064
0.04048220678037481,0.9903412749517064
0.040483272353978576,0.9903412749517064
0.04048433798367992,0.9903412749517064
0.04048966697380545,0.9903412749517064
0.04051740035301246,0.9903412749517064
0.04051846778017809,0.9903412749517064
0.04052060280324586,0.9903412749517064
0.0405216703991569,0.9903412749517064
0.04053555426703916,0.9903412749517064
0.04053662265095807,0.9903412749517064
0.04053982814065053,0.9903412749517064
0.040541965415436525,0.9903412749517064
0.040544102915590234,0.9903412749517064
0.04054837859214342,0.9903412749517064
0.040549447652192254,0.9903412749517064
0.04055158594141377,0.9903412749517064
0.04055265517059537,0.9903412749517064
0.04055479379812256,0.9903412749517064
0.040555863196477075,0.9903412749517064
0.040556932651231475,0.9903412749517064
0.04055800216239023,0.9903412749517064
0.040559071729957805,0.9903412749517064
0.04056014135393866,0.9903412749517064
0.040561211034337255,0.9903412749517064
0.04056335056440553,0.9903412749517064
0.04056549032019834,0.9903412749517064
0.04056870037719923,0.9903412749517064
0.040614767085666,0.9903412749517064
0.040623349181193875,0.9903412749517064
0.04062442219815632,0.9903412749517064
0.040626568402144916,0.9903412749517064
0.040628714832915074,0.9903412749517064
0.04064159818196232,0.9903412749517064
0.04064374620121033,0.9903412749517064
0.04064482029598308,0.9903412749517064
0.04064589444752768,0.9903412749517064
0.04066416371424039,0.9903412749517064
0.040667389407440704,0.9903412749517064
0.04066846475223439,0.9903412749517064
0.04066954015389904,0.9903412749517064
0.040671691127859316,0.9903412749517064
0.04067491801544483,0.9903412749517064
0.04067599375843008,0.9903412749517064
0.0406770695583179,0.9903412749517064
0.04068675431866882,0.9903412749517064
0.04068783068783069,0.9903412749517064
0.040688907113944815,0.9903412749517064
0.040691060137047916,0.9903412749517064
0.04069213673404593,0.9903412749517064
0.040693213388014286,0.9903412749517064
0.04069429009895751,0.9903412749517064
0.040672135485578194,0.9896973599484868
0.04067321178120617,0.9896973599484868
0.04067428813379909,0.9896973599484868
0.04067751753341273,0.9896973599484868
0.04067859411391065,0.9896973599484868
0.040683977871304164,0.9896973599484868
0.04068505479379533,0.9896973599484868
0.040686131773301215,0.9896973599484868
0.04068828590337525,0.9896973599484868
0.04068936305395245,0.9896973599484868
0.04069044026156249,0.9896973599484868
0.04069151752620989,0.9896973599484868
0.0406936722266349,0.9896973599484868
0.040694749662421564,0.9896973599484868
0.04069690470516588,0.9896973599484868
0.040697982312132605,0.9896973599484868
0.04069905997616841,0.9896973599484868
0.04070013769727783,0.9896973599484868
0.0407012154754654,0.9896973599484868
0.04070229331073566,0.9896973599484868
0.04070444915254237,0.9896973599484868
0.0407087615213476,0.9896973599484868
0.04070983975632367,0.9896973599484868
0.04071091804841871,0.9896973599484868
0.04071199639763727,0.9896973599484868
0.040713074803983895,0.9896973599484868
0.040716310365837505,0.9896973599484868
0.04071738900074176,0.9896973599484868
0.04072062524837727,0.9896973599484868
0.040721704111911824,0.9896973599484868
0.04072602013778484,0.9896973599484868
0.040727099287209516,0.9896973599484868
0.040729257757638394,0.9896973599484868
0.040735734541888634,0.9896973599484868
0.04073681420620196,0.9896973599484868
0.04073789392774789,0.9896973599484868
0.040738973706530957,0.9896973599484868
0.04074005354255573,0.9896973599484868
0.04074113343582675,0.9896973599484868
0.04074221338634858,0.9896973599484868
0.04074329339412575,0.9896973599484868
0.04074437345916285,0.9896973599484868
0.040748694292001376,0.9896973599484868
0.04074977464340633,0.9896973599484868
0.04075085505209852,0.9896973599484868
0.04075517725983083,0.9896973599484868
0.040756257955027575,0.9896973599484868
0.0407584195173694,0.9896973599484868
0.04075950038452359,0.9896973599484868
0.04076274332997401,0.9896973599484868
0.040763824426468635,0.9896973599484868
0.04076490558030978,0.9896973599484868
0.040767068060049864,0.9896973599484868
0.040769230769230766,0.9896973599484868
0.04077031220987294,0.9896973599484868
0.040771393707889014,0.9896973599484868
0.04077247526328355,0.9896973599484868
0.04077355687606112,0.9896973599484868
0.04077572027378363,0.9896973599484868
0.04077788390109307,0.9896973599484868
0.040778965800854314,0.9896973599484868
0.040780047758026,0.9896973599484868
0.040781129772612695,0.9896973599484868
0.04078221184461898,0.9896973599484868
0.04078329397404941,0.9896973599484868
0.04078437616090856,0.9896973599484868
0.04078545840520101,0.9896973599484868
0.04078654070693132,0.9896973599484868
0.040787623066104076,0.9896973599484868
0.04078870548272385,0.9896973599484868
0.0407897879567952,0.9896973599484868
0.040790870488322716,0.9896973599484868
0.04079195307731097,0.9896973599484868
0.04079303572376453,0.9896973599484868
0.04079411842768798,0.9896973599484868
0.04079520118908589,0.9896973599484868
0.04079628400796284,0.9896973599484868
0.04079736688432341,0.9896973599484868
0.04079844981817216,0.9896973599484868
0.0407995328095137,0.9896973599484868
0.04080169896469339,0.9896973599484868
0.04080278212854071,0.9896973599484868
0.04080386534989912,0.9896973599484868
0.04080603196516752,0.9896973599484868
0.04081144951010329,0.9896973599484868
0.04081253319171535,0.9896973599484868
0.040814700727601044,0.9896973599484868
0.04081578458188385,0.9896973599484868
0.04081686849373274,0.9896973599484868
0.040817952463152306,0.9896973599484868
0.0408201205747218,0.9896973599484868
0.04082120471688091,0.9896973599484868
0.04082228891662904,0.9896973599484868
0.040823373173970785,0.9896973599484868
0.040824457488910726,0.9896973599484868
0.04082662629160358,0.9896973599484868
0.04082771077936567,0.9896973599484868
0.04082879532474432,0.9896973599484868
0.04084832699922928,0.9896973599484868
0.04085049833887043,0.9896973599484868
0.040851584095258346,0.9896973599484868
0.04085375578119185,0.9896973599484868
0.04085701374305537,0.9896973599484868
0.040858099845818494,0.9896973599484868
0.040833687792428755,0.9890534449452673
0.04085432348325664,0.9890534449452673
0.04085649687458438,0.9890534449452673
0.04085758365696654,0.9890534449452673
0.04085867049716702,0.9890534449452673
0.04085975739519047,0.9890534449452673
0.04086845466155811,0.9890534449452673
0.04086954208019583,0.9890534449452673
0.040870629556702676,0.9890534449452673
0.04087171709108326,0.9890534449452673
0.040873892333484124,0.9890534449452673
0.04087498004151365,0.9890534449452673
0.0408760678074354,0.9890534449452673
0.040879331452600205,0.9890534449452673
0.04088041945013707,0.9890534449452673
0.04088150750558927,0.9890534449452673
0.04088477201948415,0.9890534449452673
0.04088694865174222,0.9890534449452673
0.04088912551577266,0.9890534449452673
0.04089021403471409,0.9890534449452673
0.040891302611612494,0.9890534449452673
0.040892391246472495,0.9890534449452673
0.04089456869009585,0.9890534449452673
0.04089565749886845,0.9890534449452673
0.04089674636562117,0.9890534449452673
0.04089892427308552,0.9890534449452673
0.04090001331380642,0.9890534449452673
0.04090110241252596,0.9890534449452673
0.0409021915692488,0.9890534449452673
0.04090437005672286,0.9890534449452673
0.040905459387483356,0.9890534449452673
0.04090654877626568,0.9890534449452673
0.040907638223074465,0.9890534449452673
0.040908727727914346,0.9890534449452673
0.04091090691170595,0.9890534449452673
0.04091417612274253,0.9890534449452673
0.04091526597586639,0.9890534449452673
0.04091635588705381,0.9890534449452673
0.04091853588363791,0.9890534449452673
0.04092289657377311,0.9890534449452673
0.04092398689153545,0.9890534449452673
0.04092725819344525,0.9890534449452673
0.04092943935195054,0.9890534449452673
0.040930530018386764,0.9890534449452673
0.04093271152564957,0.9890534449452673
0.04093380236648545,0.9890534449452673
0.04093489326546385,0.9890534449452673
0.040935984222589414,0.9890534449452673
0.04093707523786679,0.9890534449452673
0.040945805454109245,0.9890534449452673
0.0409479885900136,0.9890534449452673
0.0409578155831689,0.9890534449452673
0.04095890776245967,0.9890534449452673
0.04096,0.9890534449452673
0.04096109229579455,0.9890534449452673
0.040962184649847994,0.9890534449452673
0.04096436953275016,0.9890534449452673
0.04096546206160821,0.9890534449452673
0.04096764729416158,0.9890534449452673
0.04096873999786621,0.9890534449452673
0.040969832759862365,0.9890534449452673
0.04097092558015471,0.9890534449452673
0.0409720184587479,0.9890534449452673
0.040974204390855494,0.9890534449452673
0.040978576954886214,0.9890534449452673
0.04098623118796029,0.9890534449452673
0.0409884186369216,0.9890534449452673
0.04099279423538831,0.9890534449452673
0.04099388828097894,0.9890534449452673
0.04099498238496851,0.9890534449452673
0.040996076547361676,0.9890534449452673
0.04099826504737755,0.9890534449452673
0.041005926637834374,0.9890534449452673
0.04100702138452092,0.9890534449452673
0.04100811618966254,0.9890534449452673
0.04101140095586468,0.9890534449452673
0.04101249599487344,0.9890534449452673
0.041013591092360684,0.9890534449452673
0.04101578146278939,0.9890534449452673
0.041016876735740226,0.9890534449452673
0.04104208416833667,0.9890534449452673
0.04104427758330439,0.9890534449452673
0.041045374378707714,0.9890534449452673
0.04104647123273029,0.9890534449452673
0.0410475681453768,0.9890534449452673
0.04104866511665197,0.9890534449452673
0.041049762146560476,0.9890534449452673
0.04105085923510704,0.9890534449452673
0.041059638055013496,0.9890534449452673
0.041060735671514116,0.9890534449452673
0.04106293108057531,0.9890534449452673
0.041067322603069355,0.9890534449452673
0.041068420630464425,0.9890534449452673
0.04107061686141341,0.9890534449452673
0.041071715064976734,0.9890534449452673
0.04107391164830463,0.9890534449452673
0.04107501002807862,0.9890534449452673
0.04107610846659892,0.9890534449452673
0.0410783055198973,0.9890534449452673
0.04107940413468482,0.9890534449452673
0.04106144504186395,0.9884095299420477
0.04106254347011931,0.9884095299420477
0.041063641957144,0.9884095299420477
0.04106474050294275,0.9884095299420477
0.04106583910752026,0.9884095299420477
0.04106803649303047,0.9884095299420477
0.04107023411371238,0.9884095299420477
0.04107133301225451,0.9884095299420477
0.04107243196960372,0.9884095299420477
0.041073530985764745,0.9884095299420477
0.04107463006074229,0.9884095299420477
0.041075729194541076,0.9884095299420477
0.04107792763862128,0.9884095299420477
0.041086723768736615,0.9884095299420477
0.041087823549880886,0.9884095299420477
0.0410889233899031,0.9884095299420477
0.04109002328880799,0.9884095299420477
0.041091123246600275,0.9884095299420477
0.041092223263284704,0.9884095299420477
0.041093323338865985,0.9884095299420477
0.04109552366673806,0.9884095299420477
0.041099925029452714,0.9884095299420477
0.04110102551744451,0.9884095299420477
0.0411054280588062,0.9884095299420477
0.041106528841518934,0.9884095299420477
0.04111203363955326,0.9884095299420477
0.04111423597160841,0.9884095299420477
0.04111643853962982,0.9884095299420477
0.04111753991213972,0.9884095299420477
0.04111864134365541,0.9884095299420477
0.04111974283418162,0.9884095299420477
0.04112304765987087,0.9884095299420477
0.04112414938648663,0.9884095299420477
0.04112525117213664,0.9884095299420477
0.041126353016825636,0.9884095299420477
0.041127454920558366,0.9884095299420477
0.041128556883339586,0.9884095299420477
0.04112965890517403,0.9884095299420477
0.041138477206335594,0.9884095299420477
0.04113957975986278,0.9884095299420477
0.04114068237249069,0.9884095299420477
0.04114178504422407,0.9884095299420477
0.04114288777506768,0.9884095299420477
0.04114399056502627,0.9884095299420477
0.041146196322307406,0.9884095299420477
0.04114729928963946,0.9884095299420477
0.04115281501340483,0.9884095299420477
0.041153918335612216,0.9884095299420477
0.04115502171698215,0.9884095299420477
0.041156125157519374,0.9884095299420477
0.04115722865722866,0.9884095299420477
0.041158332216114764,0.9884095299420477
0.04115943583418244,0.9884095299420477
0.04116164324788158,0.9884095299420477
0.04116274704352257,0.9884095299420477
0.04116495481241117,0.9884095299420477
0.04116826690983211,0.9884095299420477
0.04116937106074829,0.9884095299420477
0.04117047527089368,0.9884095299420477
0.04117489270386266,0.9884095299420477
0.04117599721022559,0.9884095299420477
0.041177101775846346,0.9884095299420477
0.04118041582830315,0.9884095299420477
0.041181520631002846,0.9884095299420477
0.041182625492984196,0.9884095299420477
0.04118373041425199,0.9884095299420477
0.04118483539481098,0.9884095299420477
0.04118594043466595,0.9884095299420477
0.04118704553382167,0.9884095299420477
0.041188150692282925,0.9884095299420477
0.04118925591005447,0.9884095299420477
0.041190361187141096,0.9884095299420477
0.04119257191927866,0.9884095299420477
0.041193677374339155,0.9884095299420477
0.041201417221387156,0.9884095299420477
0.04120252315125487,0.9884095299420477
0.04120362914049498,0.9884095299420477
0.04120473518911229,0.9884095299420477
0.041205841297111565,0.9884095299420477
0.041210266323024054,0.9884095299420477
0.04121137272800494,0.9884095299420477
0.0412124791923965,0.9884095299420477
0.04121358571620352,0.9884095299420477
0.04121469229943078,0.9884095299420477
0.041215798942083076,0.9884095299420477
0.04121690564416519,0.9884095299420477
0.041219119226638026,0.9884095299420477
0.04122244004619062,0.9884095299420477
0.0412235471049522,0.9884095299420477
0.041224654223177115,0.9884095299420477
0.04122686863803615,0.9884095299420477
0.041231298181525156,0.9884095299420477
0.04123240571612764,0.9884095299420477
0.04123351331023182,0.9884095299420477
0.04123462096384248,0.9884095299420477
0.04123794428176128,0.9884095299420477
0.04123905217344581,0.9884095299420477
0.04124126813541107,0.9884095299420477
0.04124570077386071,0.9884095299420477
0.04124791745042188,0.9884095299420477
0.04124902587805337,0.9884095299420477
0.04125124291204214,0.9884095299420477
0.04125235151840903,0.9884095299420477
0.041253460184363995,0.9884095299420477
0.041254568909911846,0.9884095299420477
0.04125900440812816,0.9884095299420477
0.04126011343171249,0.9884095299420477
0.04126233165775114,0.9884095299420477
0.04126344086021505,0.9884095299420477
0.04126455012231511,0.9884095299420477
0.04126676882544291,0.9884095299420477
0.04126787826648027,0.9884095299420477
0.041268987767173006,0.9884095299420477
0.04127009732752594,0.9884095299420477
0.04127342636659407,0.9884095299420477
0.04127564602436204,0.9884095299420477
0.041276755942777237,0.9884095299420477
0.04127786592088633,0.9884095299420477
0.041278975958694133,0.9884095299420477
0.04128119621342513,0.9884095299420477
0.04128230643035796,0.9884095299420477
0.04128674789531725,0.9884095299420477
0.04128785841088816,0.9884095299420477
0.04129230107064077,0.9884095299420477
0.04129452275906596,0.9884095299420477
0.041296744686575196,0.9884095299420477
0.04129785573999838,0.9884095299420477
0.04129896685320706,0.9884095299420477
0.04130007802620604,0.9884095299420477
0.04130230055159424,0.9884095299420477
0.0413111930457249,0.9884095299420477
0.04131230487673592,0.9884095299420477
0.04131564072887788,0.9884095299420477
0.041317864929611585,0.9884095299420477
0.041318977119784654,0.9884095299420477
0.041320089369834986,0.9884095299420477
0.04132120167976742,0.9884095299420477
0.0413234264792979,0.9884095299420477
0.04132453896890564,0.9884095299420477
0.041325651518414816,0.9884095299420477
0.04132787679715686,0.9884095299420477
0.0413289895263994,0.9884095299420477
0.041330102315562736,0.9884095299420477
0.041332328073671175,0.9884095299420477
0.04133344104262595,0.9884095299420477
0.041334554071520896,0.9884095299420477
0.04133566716036084,0.9884095299420477
0.04133789351789514,0.9884095299420477
0.04133900678659916,0.9884095299420477
0.0413412335039052,0.9884095299420477
0.0413423469525169,0.9884095299420477
0.04135794153307288,0.9884095299420477
0.04136239928862062,0.9884095299420477
0.04136685800522812,0.9884095299420477
0.04136797283458201,0.9884095299420477
0.04137131768320621,0.9884095299420477
0.04137243275295132,0.9884095299420477
0.041373547882806394,0.9884095299420477
0.041378009003423456,0.9884095299420477
0.04137912443390123,0.9884095299420477
0.04138135547527902,0.9884095299420477
0.04138247108618877,0.9884095299420477
0.04138470248847429,0.9884095299420477
0.0413858182798598,0.9884095299420477
0.04138693413141362,0.9884095299420477
0.041390282047133686,0.9884095299420477
0.041391398139409466,0.9884095299420477
0.0413925142918779,0.9884095299420477
0.04139363050454386,0.9884095299420477
0.04139474677741222,0.9884095299420477
0.04139586311048785,0.9884095299420477
0.04139697950377562,0.9884095299420477
0.041398095957280404,0.9884095299420477
0.041399212471007064,0.9884095299420477
0.041400329044960486,0.9884095299420477
0.04140144567914554,0.9884095299420477
0.04140367912823003,0.9884095299420477
0.041404795943139214,0.9884095299420477
0.04140591281829953,0.9884095299420477
0.041407029753715845,0.9884095299420477
0.041409263805335994,0.9884095299420477
0.04141038092154958,0.9884095299420477
0.041411498098038686,0.9884095299420477
0.04141261533480818,0.9884095299420477
0.041413732631862946,0.9884095299420477
0.04141484998920786,0.9884095299420477
0.041415967406847796,0.9884095299420477
0.0414182024230323,0.9884095299420477
0.04141932002158662,0.9884095299420477
0.0414215553996438,0.9884095299420477
0.04142267317915643,0.9884095299420477
0.04142826298175537,0.9884095299420477
0.04142938112331651,0.9884095299420477
0.04143049932523617,0.9884095299420477
0.04143609124038332,0.9884095299420477
0.04143720980455674,0.9884095299420477
0.041438328429122914,0.9884095299420477
0.04143944711408671,0.9884095299420477
0.041440565859453035,0.9884095299420477
0.04144168466522678,0.9884095299420477
0.04144392245801609,0.9884095299420477
0.04144839876869903,0.9884095299420477
0.041450637286670984,0.9884095299420477
0.04145399551702719,0.9884095299420477
0.04145511504807173,0.9884095299420477
0.04145623463958733,0.9884095299420477
0.04145959377700951,0.9884095299420477
0.04146407347379795,0.9884095299420477
0.04147751837440553,0.9884095299420477
0.04147863917637204,0.9884095299420477
0.041485365260398366,0.9884095299420477
0.04149658024924982,0.9884095299420477
0.04149770208164369,0.9884095299420477
0.04151229142439895,0.9884095299420477
0.041513414106447426,0.9884095299420477
0.041519028427686566,0.9884095299420477
0.041520151474168245,0.9884095299420477
0.041521274581406045,0.9884095299420477
0.041526891029109406,0.9884095299420477
0.04153026162712048,0.9884095299420477
0.04153138528138528,0.9884095299420477
0.04153363277233617,0.9884095299420477
0.04154824739477602,0.9884095299420477
0.04154937202252057,0.9884095299420477
0.04155049671114961,0.9884095299420477
0.04155162146066808,0.9884095299420477
0.041552746271080916,0.9884095299420477
0.04155387114239307,0.9884095299420477
0.041556121067735124,0.9884095299420477
0.041557246121774916,0.9884095299420477
0.04155837123673381,0.9884095299420477
0.041562872305859415,0.9884095299420477
0.04156737435008666,0.9884095299420477
0.041568500013540226,0.9884095299420477
0.04156962573796241,0.9884095299420477
0.04157075152335816,0.9884095299420477
0.041571877369732425,0.9884095299420477
0.04157300327709016,0.9884095299420477
0.041574129245436325,0.9884095299420477
0.041575255274775874,0.9884095299420477
0.04157638136511376,0.9884095299420477
0.041583139188383814,0.9884095299420477
0.04158539228435197,0.9884095299420477
0.04158651892389802,0.9884095299420477
0.041587645624492006,0.9884095299420477
0.04158877238613888,0.9884095299420477
0.04158989920884361,0.9884095299420477
0.04159102609261116,0.9884095299420477
0.04159215303744648,0.9884095299420477
0.04159328004335456,0.9884095299420477
0.04159440711034034,0.9884095299420477
0.0415955342384088,0.9884095299420477
0.0415966614275649,0.9884095299420477
0.04160004336160872,0.9884095299420477
0.04160117079516505,0.9884095299420477
0.04161019246408241,0.9884095299420477
0.041612448492734766,0.9884095299420477
0.041613576598801744,0.9884095299420477
0.0416147047660359,0.9884095299420477
0.0416180896347911,0.9884095299420477
0.04161921804674367,0.9884095299420477
0.04162034651988829,0.9884095299420477
0.04162147505422994,0.9884095299420477
0.04162260364977358,0.9884095299420477
0.04162373230652421,0.9884095299420477
0.04162486102448681,0.9884095299420477
0.0416271186440678,0.9884095299420477
0.041628247545696155,0.9884095299420477
0.04163163461799246,0.9884095299420477
0.04163276376457825,0.9884095299420477
0.04163502224151025,0.9884095299420477
0.04164179914274863,0.9884095299420477
0.041644058600108516,0.9884095299420477
0.041657620495006514,0.9884095299420477
0.041658751051645994,0.9884095299420477
0.041664404755442155,0.9884095299420477
0.04166553568035612,0.9884095299420477
0.041666666666666664,0.9884095299420477
0.041670059994027744,0.9884095299420477
0.04167458529036462,0.9884095299420477
0.0416757167680278,0.9884095299420477
0.04168024329314652,0.9884095299420477
0.04168137507806772,0.9884095299420477
0.041684770801651096,0.9884095299420477
0.041687034924773235,0.9884095299420477
0.041688167078569295,0.9884095299420477
0.04168929929386203,0.9884095299420477
0.04169043157065645,0.9884095299420477
0.04169156390895758,0.9884095299420477
0.041692696308770406,0.9884095299420477
0.04169382877009996,0.9884095299420477
0.0417040236911457,0.9884095299420477
0.04170742310618411,0.9884095299420477
0.041708556367687416,0.9884095299420477
0.04171309002962037,0.9884095299420477
0.041716490922926404,0.9884095299420477
0.04171762467726593,0.9884095299420477
0.041718758493232595,0.9884095299420477
0.04171989237083141,0.9884095299420477
0.041721026310067404,0.9884095299420477
0.041723294373471054,0.9884095299420477
0.04172556268348374,0.9884095299420477
0.04172669693098105,0.9884095299420477
0.04172783124014571,0.9884095299420477
0.041728965610982736,0.9884095299420477
0.04173010004349717,0.9884095299420477
0.04173123453769404,0.9884095299420477
0.04173236909357838,0.9884095299420477
0.041733503711155216,0.9884095299420477
0.04173690793409103,0.9884095299420477
0.04173804279848819,0.9884095299420477
0.04174031271244052,0.9884095299420477
0.041741447762005765,0.9884095299420477
0.041743718046339605,0.9884095299420477
0.04174598857764482,0.9884095299420477
0.04174825935596171,0.9884095299420477
0.041751665986672105,0.9884095299420477
0.041752801653791756,0.9884095299420477
0.041753937382694555,0.9884095299420477
0.04175734494015234,0.9884095299420477
0.0417584809162382,0.9884095299420477
0.04175961695413243,0.9884095299420477
0.04176075305384008,0.9884095299420477
0.0417618892153662,0.9884095299420477
0.041764161723894,0.9884095299420477
0.041765298070905774,0.9884095299420477
0.041767570950450326,0.9884095299420477
0.041768707482993196,0.9884095299420477
0.04176984407738986,0.9884095299420477
0.041770980733645366,0.9884095299420477
0.04177325423175312,0.9884095299420477
0.041774391073615455,0.9884095299420477
0.04177552797735685,0.9884095299420477
0.04177780197049698,0.9884095299420477
0.041778939059905824,0.9884095299420477
0.04178121342442636,0.9884095299420477
0.04178235069954815,0.9884095299420477
0.04178462543554007,0.9884095299420477
0.04178576289642031,0.9884095299420477
0.04178690041923014,0.9884095299420477
0.041790313359287797,0.9884095299420477
0.0417914511298666,0.9884095299420477
0.0417960028317813,0.9884095299420477
0.04179714091218516,0.9884095299420477
0.04180510921074133,0.9884095299420477
0.041806247787128575,0.9884095299420477
0.04180738642553655,0.9884095299420477
0.04180966388843493,0.9884095299420477
0.041810802712935476,0.9884095299420477
0.04181194159947701,0.9884095299420477
0.04181421955870335,0.9884095299420477
0.04181763696297709,0.9884095299420477
0.041818776221871086,0.9884095299420477
0.04182447344758999,0.9884095299420477
0.041825613079019074,0.9884095299420477
0.04182675277255511,0.9884095299420477
0.041827892528203174,0.9884095299420477
0.04183017222585568,0.9884095299420477
0.04183131216787028,0.9884095299420477
0.041832452172017226,0.9884095299420477
0.04183359223830158,0.9884095299420477
0.04183701281002998,0.9884095299420477
0.04183929350196249,0.9884095299420477
0.041840433941178076,0.9884095299420477
0.04184157444256665,0.9884095299420477
0.04184499631982117,0.9884095299420477
0.04184613706995256,0.9884095299420477
0.04184727788228238,0.9884095299420477
0.041848418756815706,0.9884095299420477
0.04184955969355762,0.9884095299420477
0.041850700692513225,0.9884095299420477
0.0418518417536876,0.9884095299420477
0.04185298287708583,0.9884095299420477
0.04185412406271302,0.9884095299420477
0.04185526531057425,0.9884095299420477
0.04185640662067461,0.9884095299420477
0.0418575479930192,0.9884095299420477
0.0418586894276131,0.9884095299420477
0.04186439753450063,0.9884095299420477
0.04186782314595096,0.9884095299420477
0.04186896514101795,0.9884095299420477
0.04187010719838521,0.9884095299420477
0.04187124931805783,0.9884095299420477
0.04187239150004092,0.9884095299420477
0.041873533744339574,0.9884095299420477
0.04189181813219802,0.9884095299420477
0.041896391724439104,0.9884095299420477
0.04189982257404122,0.9884095299420477
0.04190096631544467,0.9884095299420477
0.04190211011929135,0.9884095299420477
0.04190325398558637,0.9884095299420477
0.041904397914334854,0.9884095299420477
0.0419055419055419,0.9884095299420477
0.041906685959212646,0.9884095299420477
0.041911262798634816,0.9884095299420477
0.041912407164700745,0.9884095299420477
0.0419146960843209,0.9884095299420477
0.04192270927215622,0.9884095299420477
0.041923854263396516,0.9884095299420477
0.041924999317182424,0.9884095299420477
0.04192843485386506,0.9884095299420477
0.04193072552447553,0.9884095299420477
0.04193301644539146,0.9884095299420477
0.04193645329617791,0.9884095299420477
0.041937599038303915,0.9884095299420477
0.04194218263293076,0.9884095299420477
0.04194676722960048,0.9884095299420477
0.041947913535375615,0.9884095299420477
0.0419605270351539,0.9884095299420477
0.04196167409310844,0.9884095299420477
0.04196282121377802,0.9884095299420477
0.041963968397167775,0.9884095299420477
0.04196855775803144,0.9884095299420477
0.04196970525509925,0.9884095299420477
0.04197085281491811,0.9884095299420477
0.04197200043749316,0.9884095299420477
0.04197314812282957,0.9884095299420477
0.041975443681806994,0.9884095299420477
0.0419777394918916,0.9884095299420477
0.04197888749111196,0.9884095299420477
0.04198003555312457,0.9884095299420477
0.04198233186554714,0.9884095299420477
0.0419834801159674,0.9884095299420477
0.04198462842920051,0.9884095299420477
0.04198577680525164,0.9884095299420477
0.041986925244125936,0.9884095299420477
0.041988073745828546,0.9884095299420477
0.041989222310364636,0.9884095299420477
0.04199037093773936,0.9884095299420477
0.04199151962795787,0.9884095299420477
0.04199266838102533,0.9884095299420477
0.0419938171969469,0.9884095299420477
0.04199496607572773,0.9884095299420477
0.041996115017372986,0.9884095299420477
0.041997264021887824,0.9884095299420477
0.042004159369527144,0.9884095299420477
0.0420053088142736,0.9884095299420477
0.04200990722241988,0.9884095299420477
0.04201220680406163,0.9884095299420477
0.04201335668929275,0.9884095299420477
0.04201680672268908,0.9884095299420477
0.04201795685973941,0.9884095299420477
0.042020257322748424,0.9884095299420477
0.04202255803766973,0.9884095299420477
0.04202370848961043,0.9884095299420477
0.04202485900454471,0.9884095299420477
0.04202600958247776,0.9884095299420477
0.04202831092736084,0.9884095299420477
0.04202946169432123,0.9884095299420477
0.042032914373339905,0.9884095299420477
0.042034065392409226,0.9884095299420477
0.042035216474518716,0.9884095299420477
0.04203636761967357,0.9884095299420477
0.042037518827878956,0.9884095299420477
0.042040972830850135,0.9884095299420477
0.04204212429130947,0.9884095299420477
0.042043275814845245,0.9884095299420477
0.04204557905116687,0.9884095299420477
0.04204673076396308,0.9884095299420477
0.04205018628095551,0.9884095299420477
0.04205133824617155,0.9884095299420477
0.042054794520547945,0.9884095299420477
0.042057099019124335,0.9884095299420477
0.042058251363125736,0.9884095299420477
0.04206170877404505,0.9884095299420477
0.04206516675344606,0.9884095299420477
0.04206631953959989,0.9884095299420477
0.04206747238893913,0.9884095299420477
0.04206862530146897,0.9884095299420477
0.04207093131612125,0.9884095299420477
0.042076697458951234,0.9884095299420477
0.04209400537486974,0.9884095299420477
0.04209746866686778,0.9884095299420477
0.042098623224178594,0.9884095299420477
0.04210786196302189,0.9884095299420477
0.04211132753559573,0.9884095299420477
0.042112482853223596,0.9884095299420477
0.04211363823424511,0.9884095299420477
0.042114793678665496,0.9884095299420477
0.04211594918648997,0.9884095299420477
0.04211826039237207,0.9884095299420477
0.04211941609044013,0.9884095299420477
0.042121727676856374,0.9884095299420477
0.04212403951701427,0.9884095299420477
0.042125195532259394,0.9884095299420477
0.0421263516109556,0.9884095299420477
0.042130976560355714,0.9884095299420477
0.042132132956385696,0.9884095299420477
0.04213328941589811,0.9884095299420477
0.04213444593889819,0.9884095299420477
0.04213560252539116,0.9884095299420477
0.04213675917538225,0.9884095299420477
0.042137915888876686,0.9884095299420477
0.04214022950639653,0.9884095299420477
0.04214138641043239,0.9884095299420477
0.04214254337799253,0.9884095299420477
0.04214370040908217,0.9884095299420477
0.04214485750370655,0.9884095299420477
0.042151801405975395,0.9884095299420477
0.04215643194551247,0.9884095299420477
0.04215874759681406,0.9884095299420477
0.04215990551786646,0.9884095299420477
0.042161063502526915,0.9884095299420477
0.042163379662692964,0.9884095299420477
0.04216453783820904,0.9884095299420477
0.04216569607735414,0.9884095299420477
0.04216801274655239,0.9884095299420477
0.04217032967032967,0.9884095299420477
0.04217264684872795,0.9884095299420477
0.042174964281789205,0.9884095299420477
0.04217728196955542,0.9884095299420477
0.04217844090896601,0.9884095299420477
0.042179599912068585,0.9884095299420477
0.04218307730358075,0.9884095299420477
0.042184236561503795,0.9884095299420477
0.04218539588314508,0.9884095299420477
0.04218771471760341,0.9884095299420477
0.04218887423043096,0.9884095299420477
0.042192353151370224,0.9884095299420477
0.04219351291918637,0.9884095299420477
0.04219583264610479,0.9884095299420477
0.04219931271477663,0.9884095299420477
0.04220047286523341,0.9884095299420477
0.04220395369937588,0.9884095299420477
0.04220511410503162,0.9884095299420477
0.04220627457450026,0.9884095299420477
0.042207435107787065,0.9884095299420477
0.042208595704897295,0.9884095299420477
0.042209756365836223,0.9884095299420477
0.042210917090609104,0.9884095299420477
0.04221207787922121,0.9884095299420477
0.0422132387316778,0.9884095299420477
0.04221439964798416,0.9884095299420477
0.042216721672167216,0.9884095299420477
0.04222020518744671,0.9884095299420477
0.042221366486962265,0.9884095299420477
0.04222252785036446,0.9884095299420477
0.04222368927765858,0.9884095299420477
0.04222485076884989,0.9884095299420477
0.04222717394294517,0.9884095299420477
0.04222949737269251,0.9884095299420477
0.042230659183448885,0.9884095299420477
0.0422318210581341,0.9884095299420477
0.042232982996753425,0.9884095299420477
0.04223414499931215,0.9884095299420477
0.04223646919626888,0.9884095299420477
0.04223879364904653,0.9884095299420477
0.042239955971381395,0.9884095299420477
0.04224111835768733,0.9884095299420477
0.04224228080796962,0.9884095299420477
0.04224344332223354,0.9884095299420477
0.042244605900484365,0.9884095299420477
0.0422457685427274,0.9884095299420477
0.04224693124896791,0.9884095299420477
0.04224809401921119,0.9884095299420477
0.042249256853462515,0.9884095299420477
0.04225041975172718,0.9884095299420477
0.042264379525868,0.9884095299420477
0.042266707051793924,0.9884095299420477
0.04226787091089327,0.9884095299420477
0.04227252698832342,0.9884095299420477
0.04227369116796563,0.9884095299420477
0.04227485541173231,0.9884095299420477
0.042276019719628743,0.9884095299420477
0.0422783485278321,0.9884095299420477
0.042291161560502534,0.9884095299420477
0.04229232676677228,0.9884095299420477
0.042294657371945,0.9884095299420477
0.04229582277085859,0.9884095299420477
0.042312145101714535,0.9884095299420477
0.042313311464564324,0.9884095299420477
0.04231447789171904,0.9884095299420477
0.04231681093896455,0.9884095299420477
0.042324978630711114,0.9884095299420477
0.04232614570120774,0.9884095299420477
0.04232731283606783,0.9884095299420477
0.04232848003529671,0.9884095299420477
0.0423296472988997,0.9884095299420477
0.04233081462688214,0.9884095299420477
0.04233198201924933,0.9884095299420477
0.04233314947600662,0.9884095299420477
0.042334316997159324,0.9884095299420477
0.04233548458271278,0.9884095299420477
0.042336652232672314,0.9884095299420477
0.04231490676376476,0.9877656149388281
0.042317241379310346,0.9877656149388281
0.042318408783690586,0.9877656149388281
0.04231957625248289,0.9877656149388281
0.04232074378569261,0.9877656149388281
0.042321911383325056,0.9877656149388281
0.04232424677187949,0.9877656149388281
0.04232541456281213,0.9877656149388281
0.04232658241818884,0.9877656149388281
0.04233125448424306,0.9877656149388281
0.04233242266192014,0.9877656149388281
0.0423335909040733,0.9877656149388281
0.04233709601744266,0.9877656149388281
0.042339433082167206,0.9877656149388281
0.042346445824706695,0.9877656149388281
0.0423476148409894,0.9877656149388281
0.04234878392181763,0.9877656149388281
0.04235229155162894,0.9877656149388281
0.04235463029432879,0.9877656149388281
0.04235579976254245,0.9877656149388281
0.042356969295339074,0.9877656149388281
0.04235813889272401,0.9877656149388281
0.0423593085547026,0.9877656149388281
0.04236164807246217,0.9877656149388281
0.04236398784866059,0.9877656149388281
0.04236515783368776,0.9877656149388281
0.0423663278833407,0.9877656149388281
0.04236749799762477,0.9877656149388281
0.042368668176545325,0.9877656149388281
0.04237100872831731,0.9877656149388281
0.042372179101179464,0.9877656149388281
0.04237334953869952,0.9877656149388281
0.04237452004088285,0.9877656149388281
0.04237686123926075,0.9877656149388281
0.04238388638687039,0.9877656149388281
0.042385057471264365,0.9877656149388281
0.04238622862037523,0.9877656149388281
0.04238857111276907,0.9877656149388281
0.04239091386409484,0.9877656149388281
0.04239208533687061,0.9877656149388281
0.04239325687439547,0.9877656149388281
0.042394428476674774,0.9877656149388281
0.04239677187551821,0.9877656149388281
0.04239794367209309,0.9877656149388281
0.042399115533443894,0.9877656149388281
0.04240497581202488,0.9877656149388281
0.04240614806214408,0.9877656149388281
0.042407320377076826,0.9877656149388281
0.04241083771081006,0.9877656149388281
0.04241201028505073,0.9877656149388281
0.04241435562805873,0.9877656149388281
0.04241552839683681,0.9877656149388281
0.04241670123047145,0.9877656149388281
0.04241787412896803,0.9877656149388281
0.04241904709233194,0.9877656149388281
0.04242139321368325,0.9877656149388281
0.04242256637168142,0.9877656149388281
0.04242373959456843,0.9877656149388281
0.04242491288234969,0.9877656149388281
0.0424354753935102,0.9877656149388281
0.04243782333250339,0.9877656149388281
0.04243899739943562,0.9877656149388281
0.04244017153133214,0.9877656149388281
0.04244134572819832,0.9877656149388281
0.04244369431686127,0.9877656149388281
0.04244486870866882,0.9877656149388281
0.04244604316546763,0.9877656149388281
0.04244721768726307,0.9877656149388281
0.04244839227406055,0.9877656149388281
0.042449566925865455,0.9877656149388281
0.0424507416426832,0.9877656149388281
0.04245191642451916,0.9877656149388281
0.04245309127137876,0.9877656149388281
0.04245426618326737,0.9877656149388281
0.04245544116019041,0.9877656149388281
0.042456616202153276,0.9877656149388281
0.042457791309161365,0.9877656149388281
0.04246014171833481,0.9877656149388281
0.04246131702051097,0.9877656149388281
0.042463667820069204,0.9877656149388281
0.04246484331746207,0.9877656149388281
0.04246601887993799,0.9877656149388281
0.042474249640048735,0.9877656149388281
0.042475425723383635,0.9877656149388281
0.042476601871850254,0.9877656149388281
0.04247777808545399,0.9877656149388281
0.042480130708094484,0.9877656149388281
0.04248130711714206,0.9877656149388281
0.042482483591348416,0.9877656149388281
0.042483660130718956,0.9877656149388281
0.04248483673525909,0.9877656149388281
0.042486013404974245,0.9877656149388281
0.042487190139869825,0.9877656149388281
0.042488366939951255,0.9877656149388281
0.04249189773136478,0.9877656149388281
0.04249542910964597,0.9877656149388281
0.042496606366180016,0.9877656149388281
0.042498961074941125,0.9877656149388281
0.0425013160446624,0.9877656149388281
0.04250249362739665,0.9877656149388281
0.04250367127538721,0.9877656149388281
0.04250602676715897,0.9877656149388281
0.04252016520220639,0.9877656149388281
0.042522522522522525,0.9877656149388281
0.04252370128070078,0.9877656149388281
0.04252488010423308,0.9877656149388281
0.0425284169670086,0.9877656149388281
0.042529596052011426,0.9877656149388281
0.04253549245785271,0.9877656149388281
0.04254493010871977,0.9877656149388281
0.04254965050482636,0.9877656149388281
0.042550830767523785,0.9877656149388281
0.042552011095700414,0.9877656149388281
0.0425531914893617,0.9877656149388281
0.042554371948513095,0.9877656149388281
0.04265732321125664,0.9877656149388281
0.04265850945494994,0.9877656149388281
0.042659695764620816,0.9877656149388281
0.04266088214027477,0.9877656149388281
0.04266206858191729,0.9877656149388281
0.0426644416631901,0.9877656149388281
0.042665628302831396,0.9877656149388281
0.042666815008483294,0.9877656149388281
0.042668001780151316,0.9877656149388281
0.04267156249130713,0.9877656149388281
0.04267512379680632,0.9877656149388281
0.04267868569679771,0.9877656149388281
0.04267987312892994,0.9877656149388281
0.042681060627138924,0.9877656149388281
0.04268699910952805,0.9877656149388281
0.042688187004313344,0.9877656149388281
0.042689374965214,0.9877656149388281
0.04269056299223555,0.9877656149388281
0.0426917510853835,0.9877656149388281
0.042692939244663386,0.9877656149388281
0.04269769254321262,0.9877656149388281
0.042698881033234985,0.9877656149388281
0.04270006958942241,0.9877656149388281
0.042703635655030346,0.9877656149388281
0.042706013363028955,0.9877656149388281
0.042707202316322836,0.9877656149388281
0.04270839133582048,0.9877656149388281
0.04270958042152741,0.9877656149388281
0.04271076957344916,0.9877656149388281
0.04271314807595924,0.9877656149388281
0.04271433742655863,0.9877656149388281
0.04271552684339497,0.9877656149388281
0.042722664735698766,0.9877656149388281
0.0427238546163487,0.9877656149388281
0.04272504456327986,0.9877656149388281
0.04272623457649779,0.9877656149388281
0.04272742465600802,0.9877656149388281
0.042728614801816105,0.9877656149388281
0.04272980501392758,0.9877656149388281
0.04273099529234797,0.9877656149388281
0.042733376048137726,0.9877656149388281
0.042734566525518165,0.9877656149388281
0.0427357570692297,0.9877656149388281
0.042736947679277874,0.9877656149388281
0.04273813835566823,0.9877656149388281
0.04273932909840633,0.9877656149388281
0.0427405199074977,0.9877656149388281
0.04274885742949504,0.9877656149388281
0.04275004876961235,0.9877656149388281
0.04275124017613288,0.9877656149388281
0.04275243164906218,0.9877656149388281
0.042753623188405795,0.9877656149388281
0.042756006466358215,0.9877656149388281
0.04275719820497812,0.9877656149388281
0.042758390010034564,0.9877656149388281
0.0427595818815331,0.9877656149388281
0.042761965823878686,0.9877656149388281
0.04276315789473684,0.9877656149388281
0.04276435003205933,0.9877656149388281
0.04276554223585169,0.9877656149388281
0.04276673450611949,0.9877656149388281
0.042767926842868294,0.9877656149388281
0.04276911924610366,0.9877656149388281
0.04277269685478474,0.9877656149388281
0.042773889524021974,0.9877656149388281
0.04277627506204512,0.9877656149388281
0.042779853868035025,0.9877656149388281
0.042781046936441976,0.9877656149388281
0.0427822400713967,0.9877656149388281
0.04278343327290476,0.9877656149388281
0.042785819875603155,0.9877656149388281
0.04279178754742245,0.9877656149388281
0.04279298128155773,0.9877656149388281
0.04281209008958723,0.9877656149388281
0.04281328495674016,0.9877656149388281
0.04281447989059142,0.9877656149388281
0.04281567489114659,0.9877656149388281
0.042816869958411254,0.9877656149388281
0.042818065092391,0.9877656149388281
0.04281926029309142,0.9877656149388281
0.04282284629557255,0.9877656149388281
0.042832411905958566,0.9877656149388281
0.042834803976320786,0.9877656149388281
0.042837196313878806,0.9877656149388281
0.04283839258287023,0.9877656149388281
0.042841981790761326,0.9877656149388281
0.042846768336964415,0.9877656149388281
0.04284796514063853,0.9877656149388281
0.04285035894857398,0.9877656149388281
0.04285275302399642,0.9877656149388281
0.042856344638766274,0.9877656149388281
0.04285754197748163,0.9877656149388281
0.04286113439508243,0.9877656149388281
0.04286233200145296,0.9877656149388281
0.042863529674751315,0.9877656149388281
0.04286592522215391,0.9877656149388281
0.04286712309626939,0.9877656149388281
0.04286832103733512,0.9877656149388281
0.042869519045356734,0.9877656149388281
0.04287071712033984,0.9877656149388281
0.04287191526229004,0.9877656149388281
0.04287311347121297,0.9877656149388281
0.04287670849987422,0.9877656149388281
0.042877906976744186,0.9877656149388281
0.042879105520614955,0.9877656149388281
0.042880304131492145,0.9877656149388281
0.042881502809381376,0.9877656149388281
0.04288509924517752,0.9877656149388281
0.042886298191171124,0.9877656149388281
0.04288749720420488,0.9877656149388281
0.0428886962842844,0.9877656149388281
0.04288989543141531,0.9877656149388281
0.04289349327517267,0.9877656149388281
0.0428946926905654,0.9877656149388281
0.04290549044835398,0.9877656149388281
0.042906690534795254,0.9877656149388281
0.042907890688372356,0.9877656149388281
0.04290909090909091,0.9877656149388281
0.04291029119695656,0.9877656149388281
0.042911491551974934,0.9877656149388281
0.04291269197415168,0.9877656149388281
0.04291389246349242,0.9877656149388281
0.0429150930200028,0.9877656149388281
0.04291629364368845,0.9877656149388281
0.042917494334555016,0.9877656149388281
0.042918695092608136,0.9877656149388281
0.042919895917853446,0.9877656149388281
0.042921096810296586,0.9877656149388281
0.04292469989086941,0.9877656149388281
0.042925901052160285,0.9877656149388281
0.042927102280677205,0.9877656149388281
0.04292830357642581,0.9877656149388281
0.04293190786711819,0.9877656149388281
0.0429343110638417,0.9877656149388281
0.04293551276309897,0.9877656149388281
0.042936714529627454,0.9877656149388281
0.0429379163634328,0.9877656149388281
0.04293911826452065,0.9877656149388281
0.04294032023289665,0.9877656149388281
0.04294152226856647,0.9877656149388281
0.04294753345652052,0.9877656149388281
0.0429487358960719,0.9877656149388281
0.04294993840295666,0.9877656149388281
0.04295114097718045,0.9877656149388281
0.04295234361874895,0.9877656149388281
0.0429535463276678,0.9877656149388281
0.042954749103942653,0.9877656149388281
0.042955951947579174,0.9877656149388281
0.04295715485858303,0.9877656149388281
0.04295835783695987,0.9877656149388281
0.04295956088271536,0.9877656149388281
0.04296317042431032,0.9877656149388281
0.04296557712237067,0.9877656149388281
0.04296678057251695,0.9877656149388281
0.04296798409008151,0.9877656149388281
0.04296918767507003,0.9877656149388281
0.042970391327488165,0.9877656149388281
0.04297159504734159,0.9877656149388281
0.04297400268937696,0.9877656149388281
0.04297520661157025,0.9877656149388281
0.04297761465833637,0.9877656149388281
0.04297881878292054,0.9877656149388281
0.04298002297497969,0.9877656149388281
0.04298122723451947,0.9877656149388281
0.042982431561545575,0.9877656149388281
0.042984840418079415,0.9877656149388281
0.04298724954462659,0.9877656149388281
0.04298845420916938,0.9877656149388281
0.04298965894123252,0.9877656149388281
0.0429920686079426,0.9877656149388281
0.0429932735426009,0.9877656149388281
0.04299447854480226,0.9877656149388281
0.04299568361455239,0.9877656149388281
0.04299688875185694,0.9877656149388281
0.042998093956721606,0.9877656149388281
0.04299929922915207,0.9877656149388281
0.043000504569154004,0.9877656149388281
0.043002915451895045,0.9877656149388281
0.04300412099464551,0.9877656149388281
0.043005326604990186,0.9877656149388281
0.04300653228293476,0.9877656149388281
0.04300773802848492,0.9877656149388281
0.04301256168685509,0.9877656149388281
0.04301376777051846,0.9877656149388281
0.04301497392182155,0.9877656149388281
0.04301618014077003,0.9877656149388281
0.0430173864273696,0.9877656149388281
0.04301859278162596,0.9877656149388281
0.04302221225039264,0.9877656149388281
0.04302462556795871,0.9877656149388281
0.04302945301542777,0.9877656149388281
0.043031867145421905,0.9877656149388281
0.043033074312003816,0.9877656149388281
0.043034281546316555,0.9877656149388281
0.04303790365569677,0.9877656149388281
0.043039111160989844,0.9877656149388281
0.04304152637485971,0.9877656149388281
0.04304273408344791,0.9877656149388281
0.04304394185981256,0.9877656149388281
0.04304514970395937,0.9877656149388281
0.0430487736431498,0.9877656149388281
0.043049981758482306,0.9877656149388281
0.04305723187470177,0.9877656149388281
0.043060857848641367,0.9877656149388281
0.043065693430656936,0.9877656149388281
0.04306690249585895,0.9877656149388281
0.043068111628951654,0.9877656149388281
0.043069320829940756,0.9877656149388281
0.04307173943563106,0.9877656149388281
0.04307294884034368,0.9877656149388281
0.04309109806455237,0.9877656149388281
0.043094729744915156,0.9877656149388281
0.04309715120525932,0.9877656149388281
0.043108051145145425,0.9877656149388281
0.04310926258992806,0.9877656149388281
0.0431104741028019,0.9877656149388281
0.043111685683772695,0.9877656149388281
0.043112897332846185,0.9877656149388281
0.043114109050028104,0.9877656149388281
0.04311653268874023,0.9877656149388281
0.04311774461028192,0.9877656149388281
0.043121380783718445,0.9877656149388281
0.04312259297782026,0.9877656149388281
0.04312380524007647,0.9877656149388281
0.043126229969075065,0.9877656149388281
0.04312744243582895,0.9877656149388281
0.04312865497076023,0.9877656149388281
0.04312986757387466,0.9877656149388281
0.043135931612395255,0.9877656149388281
0.04313957085407351,0.9877656149388281
0.04314078407109511,0.9877656149388281
0.043141997356357396,0.9877656149388281
0.043143210709866125,0.9877656149388281
0.043145637621645944,0.9877656149388281
0.04314685117992856,0.9877656149388281
0.043148064806480646,0.9877656149388281
0.04315170609581141,0.9877656149388281
0.04315291999549904,0.9877656149388281
0.04315413396348496,0.9877656149388281
0.04315534799977494,0.9877656149388281
0.043156562104374734,0.9877656149388281
0.043157776277290116,0.9877656149388281
0.043158990518526855,0.9877656149388281
0.04316020482809071,0.9877656149388281
0.04316141920598745,0.9877656149388281
0.043162633652222844,0.9877656149388281
0.04316384816680267,0.9877656149388281
0.04316506274973268,0.9877656149388281
0.04316749212066637,0.9877656149388281
0.04316870690868158,0.9877656149388281
0.04316992176507008,0.9877656149388281
0.04317235168298998,0.9877656149388281
0.043173566744532946,0.9877656149388281
0.043175997072813756,0.9877656149388281
0.04318207409075554,0.9877656149388281
0.04318328969963123,0.9877656149388281
0.0431845053769495,0.9877656149388281
0.04318572112271614,0.9877656149388281
0.04319058479038207,0.9877656149388281
0.04319544955368457,0.9877656149388281
0.04319666591574679,0.9877656149388281
0.04320031541299389,0.9877656149388281
0.043211267605633805,0.9877656149388281
0.04321248485872842,0.9877656149388281
0.04321370218040453,0.9877656149388281
0.04321491957066794,0.9877656149388281
0.043216137029524454,0.9877656149388281
0.04321857215303995,0.9877656149388281
0.04321978981771053,0.9877656149388281
0.0432258791704238,0.9877656149388281
0.04322709724687914,0.9877656149388281
0.04322953360574891,0.9877656149388281
0.043234407147487386,0.9877656149388281
0.04323928178820081,0.9877656149388281
0.04325269271978797,0.9877656149388281
0.043253912307909204,0.9877656149388281
0.04325757148496983,0.9877656149388281
0.04326367148940971,0.9877656149388281
0.04327099376604327,0.9877656149388281
0.043272214386459805,0.9877656149388281
0.04327465583389754,0.9877656149388281
0.043275876660930405,0.9877656149388281
0.04328076065795785,0.9877656149388281
0.04328198182946786,0.9877656149388281
0.04328320306989081,0.9877656149388281
0.04328442437923251,0.9877656149388281
0.04328808872082851,0.9877656149388281
0.043291753682903424,0.9877656149388281
0.04329297547483984,0.9877656149388281
0.043294197335741705,0.9877656149388281
0.0432978633322984,0.9877656149388281
0.04329908546912047,0.9877656149388281
0.04330152994975442,0.9877656149388281
0.04330397470641373,0.9877656149388281
0.043308865047995485,0.9877656149388281
0.04331008780597984,0.9877656149388281
0.04331131063301146,0.9877656149388281
0.0433125335290962,0.9877656149388281
0.043316202631727564,0.9877656149388281
0.043317425804083244,0.9877656149388281
0.04331864904552129,0.9877656149388281
0.043319872356047555,0.9877656149388281
0.04332109573566789,0.9877656149388281
0.04332231918438815,0.9877656149388281
0.04332476628915186,0.9877656149388281
0.043325989945207026,0.9877656149388281
0.04332721367038554,0.9877656149388281
0.043328437464693254,0.9877656149388281
0.043337005960957145,0.9877656149388281
0.04333823030850944,0.9877656149388281
0.043343128390596744,0.9877656149388281
0.04334557784684939,0.9877656149388281
0.04334680267879849,0.9877656149388281
0.04335782928208027,0.9877656149388281
0.04335905480652364,0.9877656149388281
0.043360280400248745,0.9877656149388281
0.04336150606326144,0.9877656149388281
0.04336273179556761,0.9877656149388281
0.043363957597173146,0.9877656149388281
0.04336518346808391,0.9877656149388281
0.04336763541784462,0.9877656149388281
0.043368861496706344,0.9877656149388281
0.04337376650549948,0.9877656149388281
0.043374992931063734,0.9877656149388281
0.043377445990272594,0.9877656149388281
0.043378672623928964,0.9877656149388281
0.04338112609937502,0.9877656149388281
0.04338357985237139,0.9877656149388281
0.043386033882965185,0.9877656149388281
0.04338726100237583,0.9877656149388281
0.043389715449454094,0.9877656149388281
0.043390942777133484,0.9877656149388281
0.04339217017424757,0.9877656149388281
0.04339339764080224,0.9877656149388281
0.043395852782256925,0.9877656149388281
0.043397080457168724,0.9877656149388281
0.04339830820154469,0.9877656149388281
0.043401991851516525,0.9877656149388281
0.04340321987380811,0.9877656149388281
0.04340444796559335,0.9877656149388281
0.04340567612687813,0.9877656149388281
0.04340690435766836,0.9877656149388281
0.04340813265796995,0.9877656149388281
0.043409361027788786,0.9877656149388281
0.04341058946713077,0.9877656149388281
0.04341304655440781,0.9877656149388281
0.043387201766054394,0.9871216999356085
0.043390885932635154,0.9871216999356085
0.04339211412720428,0.9871216999356085
0.043393342391304345,0.9871216999356085
0.04339457072494126,0.9871216999356085
0.04339579912812093,0.9871216999356085
0.04339825614313215,0.9871216999356085
0.043399484754975515,0.9871216999356085
0.043400713436385255,0.9871216999356085
0.04340194218736729,0.9871216999356085
0.043404399898071856,0.9871216999356085
0.04340562885780622,0.9871216999356085
0.0434068578871365,0.9871216999356085
0.043408086986068635,0.9871216999356085
0.043409316154608524,0.9871216999356085
0.043410545392762075,0.9871216999356085
0.043417922283901664,0.9871216999356085
0.04341915200951653,0.9871216999356085
0.043420381804792386,0.9871216999356085
0.04342161166973516,0.9871216999356085
0.04342284160435078,0.9871216999356085
0.04342407160864516,0.9871216999356085
0.043425301682624214,0.9871216999356085
0.04342653182629387,0.9871216999356085
0.043427762039660055,0.9871216999356085
0.04342899232272869,0.9871216999356085
0.043431453097996994,0.9871216999356085
0.0434363754852237,0.9871216999356085
0.043440068007934256,0.9871216999356085
0.04344129898835331,0.9871216999356085
0.04344253003854001,0.9871216999356085
0.0434437611585003,0.9871216999356085
0.0434449923482401,0.9871216999356085
0.043448686336195905,0.9871216999356085
0.04344991780511309,0.9871216999356085
0.04345238095238095,0.9871216999356085
0.04350170261066969,0.9871216999356085
0.04350293708675047,0.9871216999356085
0.043504171632896306,0.9871216999356085
0.04350540624911315,0.9871216999356085
0.04350664093540697,0.9871216999356085
0.043507875691783736,0.9871216999356085
0.04350911051824942,0.9871216999356085
0.043517756266500125,0.9871216999356085
0.04352022711142654,0.9871216999356085
0.04352393390494577,0.9871216999356085
0.04352764132996394,0.9871216999356085
0.04352887727866432,0.9871216999356085
0.04353134938664244,0.9871216999356085
0.04353629444507554,0.9871216999356085
0.04353876739562624,0.9871216999356085
0.04354000397625607,0.9871216999356085
0.04355608591885442,0.9871216999356085
0.04355732348344935,0.9871216999356085
0.04355856111837245,0.9871216999356085
0.043559798823629696,0.9871216999356085
0.043561036599227096,0.9871216999356085
0.04356475034812015,0.9871216999356085
0.04356598840513812,0.9871216999356085
0.04356722653252622,0.9871216999356085
0.043577134085676116,0.9871216999356085
0.043578372846665527,0.9871216999356085
0.04357961167808511,0.9871216999356085
0.04358085057994087,0.9871216999356085
0.04358208955223881,0.9871216999356085
0.043583328594984934,0.9871216999356085
0.04358828547057151,0.9871216999356085
0.043589524865648724,0.9871216999356085
0.04359076433121019,0.9871216999356085
0.04359200386726192,0.9871216999356085
0.04359324347380993,0.9871216999356085
0.04359448315086023,0.9871216999356085
0.043596962716491765,0.9871216999356085
0.04359820260508503,0.9871216999356085
0.04360192269404704,0.9871216999356085
0.043603162864781844,0.9871216999356085
0.04360440310606707,0.9871216999356085
0.04360564341790875,0.9871216999356085
0.04360812425328554,0.9871216999356085
0.04361308677098151,0.9871216999356085
0.04361432757688697,0.9871216999356085
0.04361556845339706,0.9871216999356085
0.04361929150661545,0.9871216999356085
0.04362177389522807,0.9871216999356085
0.04362425656640392,0.9871216999356085
0.04362673952019124,0.9871216999356085
0.043627981103079284,0.9871216999356085
0.0436292227566383,0.9871216999356085
0.04363170627579337,0.9871216999356085
0.04363294814140149,0.9871216999356085
0.043636674162420654,0.9871216999356085
0.04364288561179753,0.9871216999356085
0.043644128113879,0.9871216999356085
0.04364537068670994,0.9871216999356085
0.04364661333029639,0.9871216999356085
0.043647856044644384,0.9871216999356085
0.04364909882975997,0.9871216999356085
0.0436503416856492,0.9871216999356085
0.043652827609772765,0.9871216999356085
0.04365407067801919,0.9871216999356085
0.04365780030756963,0.9871216999356085
0.04365904365904366,0.9871216999356085
0.04366153057446384,0.9871216999356085
0.04366401777322054,0.9871216999356085
0.043668993020937186,0.9871216999356085
0.04367023701002735,0.9871216999356085
0.043671481069994016,0.9871216999356085
0.043672725200843254,0.9871216999356085
0.04367396940258112,0.9871216999356085
0.043675213675213674,0.9871216999356085
0.04367645801874697,0.9871216999356085
0.043677702433187075,0.9871216999356085
0.043678946918540046,0.9871216999356085
0.04368268080013678,0.9871216999356085
0.043686415320167565,0.9871216999356085
0.043687660302080364,0.9871216999356085
0.043688905354954545,0.9871216999356085
0.04369139567361131,0.9871216999356085
0.0436951316839585,0.9871216999356085
0.04369637716272839,0.9871216999356085
0.04369762271250214,0.9871216999356085
0.043698868333285824,0.9871216999356085
0.0437013597879073,0.9871216999356085
0.04370260562175723,0.9871216999356085
0.043705097502565855,0.9871216999356085
0.04370634354953671,0.9871216999356085
0.043715067868141895,0.9871216999356085
0.043716314483702626,0.9871216999356085
0.043717561170364454,0.9871216999356085
0.043718807928133464,0.9871216999356085
0.04372005475701574,0.9871216999356085
0.04372130165701737,0.9871216999356085
0.04372254862814443,0.9871216999356085
0.043723795670403014,0.9871216999356085
0.043725042783799205,0.9871216999356085
0.04373252695840703,0.9871216999356085
0.043733774569936955,0.9871216999356085
0.0437350222526532,0.9871216999356085
0.04373751783166904,0.9871216999356085
0.04374001369550331,0.9871216999356085
0.04374126173424259,0.9871216999356085
0.04374250984420476,0.9871216999356085
0.04374375802539592,0.9871216999356085
0.043745006277822164,0.9871216999356085
0.04374875146257241,0.9871216999356085
0.04375,0.9871216999356085
0.043753746039900676,0.9871216999356085
0.043758741757771245,0.9871216999356085
0.04373643941989266,0.9864777849323889
0.04373768806920376,0.9864777849323889
0.04373893678981328,0.9864777849323889
0.04374018558172734,0.9864777849323889
0.043741434444952036,0.9864777849323889
0.04374393238535777,0.9864777849323889
0.04374518146255104,0.9864777849323889
0.043746430611079384,0.9864777849323889
0.04375392700062832,0.9864777849323889
0.04376017595475449,0.9864777849323889
0.04376142595978062,0.9864777849323889
0.04376892748985772,0.9864777849323889
0.04377017799491443,0.9864777849323889
0.04377142857142857,0.9864777849323889
0.043772679219406266,0.9864777849323889
0.04377392993885365,0.9864777849323889
0.04377518072977684,0.9864777849323889
0.043777682526075154,0.9864777849323889
0.04377893353146254,0.9864777849323889
0.043780184608350245,0.9864777849323889
0.04378393826807659,0.9864777849323889
0.043787692571526565,0.9864777849323889
0.0437889441490882,0.9864777849323889
0.043790195798199226,0.9864777849323889
0.04379144751886577,0.9864777849323889
0.04379269931109396,0.9864777849323889
0.04379895934587455,0.9864777849323889
0.04380146386093321,0.9864777849323889
0.04380396866243495,0.9864777849323889
0.04381900348950289,0.9864777849323889
0.04382025685764137,0.9864777849323889
0.04382151029748284,0.9864777849323889
0.043835302869896134,0.9864777849323889
0.043836557170653545,0.9864777849323889
0.04383906598752361,0.9864777849323889
0.04384032050364859,0.9864777849323889
0.04384157509157509,0.9864777849323889
0.04384282975130928,0.9864777849323889
0.043846594161419575,0.9864777849323889
0.04384784910844615,0.9864777849323889
0.04384910412731124,0.9864777849323889
0.04385035921802101,0.9864777849323889
0.04385286961499928,0.9864777849323889
0.04386542591267001,0.9864777849323889
0.04386668193792235,0.9864777849323889
0.04386919420422656,0.9864777849323889
0.0438704504452908,0.9864777849323889
0.04387170675830469,0.9864777849323889
0.043872963143274435,0.9864777849323889
0.04387547612910617,0.9864777849323889
0.04387673272998052,0.9864777849323889
0.04387798940283546,0.9864777849323889
0.043880502964511785,0.9864777849323889
0.04388175985334555,0.9864777849323889
0.043884273847035235,0.9864777849323889
0.04388553095190352,0.9864777849323889
0.04388678812879569,0.9864777849323889
0.043888045377717934,0.9864777849323889
0.043893075093831474,0.9864777849323889
0.04389433270299696,0.9864777849323889
0.04389559038422968,0.9864777849323889
0.04389684813753582,0.9864777849323889
0.043898105962921576,0.9864777849323889
0.04390062182995673,0.9864777849323889
0.043901879871618525,0.9864777849323889
0.04390313798538473,0.9864777849323889
0.04390439617126154,0.9864777849323889
0.043905654429255155,0.9864777849323889
0.04390691275937177,0.9864777849323889
0.04390817116161761,0.9864777849323889
0.04390942963599885,0.9864777849323889
0.04391068818252171,0.9864777849323889
0.04391572309015336,0.9864777849323889
0.043920759152547235,0.9864777849323889
0.04392201834862385,0.9864777849323889
0.043924536957394344,0.9864777849323889
0.04392831541218638,0.9864777849323889
0.04392957504157825,0.9864777849323889
0.04393083474321108,0.9864777849323889
0.043932094517091076,0.9864777849323889
0.043935874272276236,0.9864777849323889
0.043937134335207066,0.9864777849323889
0.04394721744119334,0.9864777849323889
0.04394847815485241,0.9864777849323889
0.04395604395604396,0.9864777849323889
0.043959827833572454,0.9864777849323889
0.04396108927085426,0.9864777849323889
0.04396739754333601,0.9864777849323889
0.04396865941509055,0.9864777849323889
0.0439711833759077,0.9864777849323889
0.04397623216694893,0.9864777849323889
0.043978756997272855,0.9864777849323889
0.04398001952115749,0.9864777849323889
0.043981282117532224,0.9864777849323889
0.043986333228057076,0.9864777849323889
0.043987596186975994,0.9864777849323889
0.043990122322402805,0.9864777849323889
0.04399138549892319,0.9864777849323889
0.04399517546378726,0.9864777849323889
0.04399643893053043,0.9864777849323889
0.04399770246984492,0.9864777849323889
0.043998966081736986,0.9864777849323889
0.04400022976621288,0.9864777849323889
0.04400149352327886,0.9864777849323889
0.04400275735294118,0.9864777849323889
0.044006549277568724,0.9864777849323889
0.04401160619380046,0.9864777849323889
0.04401792897368119,0.9864777849323889
0.04401919374766543,0.9864777849323889
0.044022988505747124,0.9864777849323889
0.0440242535705049,0.9864777849323889
0.04402551870797172,0.9864777849323889
0.044026783918153865,0.9864777849323889
0.044028049201057594,0.9864777849323889
0.04402931455668918,0.9864777849323889
0.04400183939759729,0.9858338699291693
0.04400310407265829,0.9858338699291693
0.044004368820418485,0.9858338699291693
0.04400689853406151,0.9858338699291693
0.044008163499956884,0.9858338699291693
0.04400942853857652,0.9858338699291693
0.0440106936499267,0.9858338699291693
0.04401195883401368,0.9858338699291693
0.04401322409084375,0.9858338699291693
0.044014489420423186,0.9858338699291693
0.04401575482275824,0.9858338699291693
0.04401702029785521,0.9858338699291693
0.044019551466359975,0.9858338699291693
0.044023348764988354,0.9858338699291693
0.04402461467678859,0.9858338699291693
0.04402714671881291,0.9858338699291693
0.04402841284904955,0.9858338699291693
0.044029679052110894,0.9858338699291693
0.04400218572948721,0.9851899549259497
0.04400345125107852,0.9851899549259497
0.04400471684546579,0.9851899549259497
0.04400598251265531,0.9851899549259497
0.04400851406546626,0.9851899549259497
0.044009779951100246,0.9851899549259497
0.04401104590956161,0.9851899549259497
0.044012311940856655,0.9851899549259497
0.04401357804499166,0.9851899549259497
0.04401737679449927,0.9851899549259497
0.044018643190056966,0.9851899549259497
0.04401990965848606,0.9851899549259497
0.044021176199792844,0.9851899549259497
0.0440224428139836,0.9851899549259497
0.04402370950106463,0.9851899549259497
0.044026243093922654,0.9851899549259497
0.044027509999712236,0.9851899549259497
0.04402877697841727,0.9851899549259497
0.04403004403004403,0.9851899549259497
0.04403131115459882,0.9851899549259497
0.04403257835208795,0.9851899549259497
0.0440338456225177,0.9851899549259497
0.04403764787151369,0.9851899549259497
0.04403891543376893,0.9851899549259497
0.044045254339753,0.9851899549259497
0.04405413187446012,0.9851899549259497
0.044055400385844684,0.9851899549259497
0.04405666897028335,0.9851899549259497
0.04408332613017547,0.9851899549259497
0.044084596323402295,0.9851899549259497
0.044085866589828555,0.9851899549259497
0.044087136929460584,0.9851899549259497
0.0440884073423047,0.9851899549259497
0.04409094838765453,0.9851899549259497
0.0440934897259287,0.9851899549259497
0.044094760504928235,0.9851899549259497
0.04410747232472325,0.9851899549259497
0.044111287299985584,0.9851899549259497
0.04411255910506285,0.9851899549259497
0.04411383098347894,0.9851899549259497
0.04411764705882353,0.9851899549259497
0.044118919230658325,0.9851899549259497
0.04410916224324948,0.9845460399227302
0.04411043475752243,0.9845460399227302
0.04411170734521955,0.9845460399227302
0.04411298000634719,0.9845460399227302
0.044114252740911714,0.9845460399227302
0.044115525548919475,0.9845460399227302
0.04411679843037682,0.9845460399227302
0.044119344413665745,0.9845460399227302
0.044120617515510024,0.9845460399227302
0.04412189069082934,0.9845460399227302
0.0441244372619185,0.9845460399227302
0.04412571065770108,0.9845460399227302
0.044126984126984126,0.9845460399227302
0.0441320787392484,0.9845460399227302
0.044134626486548895,0.9845460399227302
0.04413717452802956,0.9845460399227302
0.044144820418062135,0.9845460399227302
0.04414736963677311,0.9845460399227302
0.04414864435653856,0.9845460399227302
0.04414991914991915,0.9845460399227302
0.04415374397181553,0.9845460399227302
0.044155019059720454,0.9845460399227302
0.044156294221272416,0.9845460399227302
0.044157569456477794,0.9845460399227302
0.04415884476534296,0.9845460399227302
0.04416012014787431,0.9845460399227302
0.04416394673752925,0.9845460399227302
0.04416522241478914,0.9845460399227302
0.04416649816574713,0.9845460399227302
0.044171601906687855,0.9845460399227302
0.04417287802623216,0.9845460399227302
0.04417543048653646,0.9845460399227302
0.044179259730128,0.9845460399227302
0.044180536292186774,0.9845460399227302
0.04418181292802034,0.9845460399227302
0.0441894742926505,0.9845460399227302
0.044190751445086704,0.9845460399227302
0.04419202867134888,0.9845460399227302
0.044193305971443435,0.9845460399227302
0.04416695571742398,0.9839021249195107
0.04416823240352652,0.9839021249195107
0.044169509163438744,0.9839021249195107
0.04417333988609754,0.9839021249195107
0.04417461694131252,0.9839021249195107
0.04417589407036919,0.9839021249195107
0.04417717127327397,0.9839021249195107
0.04417844855003325,0.9839021249195107
0.044182280823502194,0.9839021249195107
0.044183558395743575,0.9839021249195107
0.04418611376189237,0.9839021249195107
0.044191225381033636,0.9839021249195107
0.0441950598715798,0.9839021249195107
0.04419633818297515,0.9839021249195107
0.04419889502762431,0.9839021249195107
0.04420017356089095,0.9839021249195107
0.04420400960453612,0.9839021249195107
0.044205288433721,0.9839021249195107
0.04421168368970805,0.9839021249195107
0.04421552173158169,0.9839021249195107
0.04421680122695836,0.9839021249195107
0.04421936043987845,0.9839021249195107
0.04422064015743474,0.9839021249195107
0.04422191994906376,0.9839021249195107
0.044223199814771935,0.9839021249195107
0.044199374782910736,0.9832582099162911
0.04420065418126031,0.9832582099162911
0.04420193365367915,0.9832582099162911
0.04420321320017369,0.9832582099162911
0.04420449282075035,0.9832582099162911
0.044207052284175784,0.9832582099162911
0.044210892035090765,0.9832582099162911
0.04421217210029533,0.9832582099162911
0.04421345223962707,0.9832582099162911
0.044214732453092424,0.9832582099162911
0.044218573538354615,0.9832582099162911
0.044219854048418855,0.9832582099162911
0.04422241529105126,0.9832582099162911
0.04423010079944387,0.9832582099162911
0.04423138197723257,0.9832582099162911
0.04423266322924512,0.9832582099162911
0.04424547983310153,0.9832582099162911
0.04424676190200226,0.9832582099162911
0.044253173361154585,0.9832582099162911
0.044254455875960004,0.9832582099162911
0.04425573846510549,0.9832582099162911
0.044259586678646996,0.9832582099162911
0.04426086956521739,0.9832582099162911
0.04426215252616018,0.9832582099162911
0.04426343556148182,0.9832582099162911
0.0442647186711888,0.9832582099162911
0.04426600185528757,0.9832582099162911
0.044268568446686384,0.9832582099162911
0.04426985185399936,0.9832582099162911
0.044274986227492825,0.9832582099162911
0.04427627000695894,0.9832582099162911
0.04427755386087511,0.9832582099162911
0.044283974247433446,0.9832582099162911
0.04428782737318368,0.9832582099162911
0.04428911189744185,0.9832582099162911
0.04429039649621487,0.9832582099162911
0.044291681169509226,0.9832582099162911
0.0442929659173314,0.9832582099162911
0.044296820608029704,0.9832582099162911
0.044298105654028024,0.9832582099162911
0.0442993907745866,0.9832582099162911
0.04430067596971191,0.9832582099162911
0.044301961239410464,0.9832582099162911
0.04430324658368875,0.9832582099162911
0.04430453200255324,0.9832582099162911
0.04430710306406685,0.9832582099162911
0.04430838870672896,0.9832582099162911
0.04431096021589623,0.9832582099162911
0.044312246082414394,0.9832582099162911
0.04431353202356424,0.9832582099162911
0.04431610412978495,0.9832582099162911
0.044317390294868815,0.9832582099162911
0.04431996284901608,0.9832582099162911
0.04432253570184605,0.9832582099162911
0.04432639554123487,0.9832582099162911
0.04432768230376219,0.9832582099162911
0.044328969140999215,0.9832582099162911
0.04433154303962839,0.9832582099162911
0.04433540444805761,0.9832582099162911
0.044336691733689496,0.9832582099162911
0.044337979094076656,0.9832582099162911
0.04433926652922559,0.9832582099162911
0.044340554039142804,0.9832582099162911
0.04434184162383483,0.9832582099162911
0.044343129283308164,0.9832582099162911
0.04434441701756933,0.9832582099162911
0.044345704826624845,0.9832582099162911
0.04434828066914498,0.9832582099162911
0.04435085681092071,0.9832582099162911
0.04435214499404572,0.9832582099162911
0.044353433252004186,0.9832582099162911
0.04435729847494553,0.9832582099162911
0.04435858703230305,0.9832582099162911
0.04435987566452662,0.9832582099162911
0.04436503094221215,0.9832582099162911
0.04436631994886397,0.9832582099162911
0.044367609030421015,0.9832582099162911
0.04436889818688982,0.9832582099162911
0.04437147672458883,0.9832582099162911
0.0443727661058321,0.9832582099162911
0.04437405556201325,0.9832582099162911
0.04437534509313882,0.9832582099162911
0.044376634699215343,0.9832582099162911
0.04437792438024935,0.9832582099162911
0.0443972785951038,0.9832582099162911
0.044399860432658755,0.9832582099162911
0.04440115146404583,0.9832582099162911
0.044402442570514684,0.9832582099162911
0.04440889922931511,0.9832582099162911
0.044410190786412285,0.9832582099162911
0.04441535776614311,0.9832582099162911
0.04441664969894412,0.9832582099162911
0.04441794170690558,0.9832582099162911
0.044419233790034034,0.9832582099162911
0.04442052594833605,0.9832582099162911
0.04442181818181818,0.9832582099162911
0.04442311049048699,0.9832582099162911
0.044426987867679145,0.9832582099162911
0.04442828047716031,0.9832582099162911
0.044429573161860976,0.9832582099162911
0.04443345166734563,0.9832582099162911
0.04443603771388663,0.9832582099162911
0.04443862406146325,0.9832582099162911
0.04443991734815634,0.9832582099162911
0.044442504147384966,0.9832582099162911
0.04444379765993364,0.9832582099162911
0.044445091247780656,0.9832582099162911
0.04445285435649617,0.9832582099162911
0.04445544266208623,0.9832582099162911
0.04445673692791429,0.9832582099162911
0.044458031269106475,0.9832582099162911
0.04445932568566936,0.9832582099162911
0.04446062017760955,0.9832582099162911
0.04446579889927492,0.9832582099162911
0.04448652585579024,0.9832582099162911
0.04448911808408356,0.9832582099162911
0.04449041431152031,0.9832582099162911
0.044491710614492586,0.9832582099162911
0.04449430344707014,0.9832582099162911
0.04449689658186905,0.9832582099162911
0.04449819326261802,0.9832582099162911
0.044499490018942156,0.9832582099162911
0.04450078685084805,0.9832582099162911
0.04450338074143157,0.9832582099162911
0.04450856942987058,0.9832582099162911
0.0445098667910339,0.9832582099162911
0.04451116422783186,0.9832582099162911
0.0445124617402711,0.9832582099162911
0.04451375932835821,0.9832582099162911
0.044515056992099816,0.9832582099162911
0.044517652546572986,0.9832582099162911
0.04452284456366446,0.9832582099162911
0.04452414275717285,0.9832582099162911
0.04452544102638869,0.9832582099162911
0.0445267393713186,0.9832582099162911
0.044529336288347134,0.9832582099162911
0.04453323223191111,0.9832582099162911
0.04453453103126458,0.9832582099162911
0.04453582990637851,0.9832582099162911
0.04453712885725952,0.9832582099162911
0.04454102616457136,0.9832582099162911
0.04454752319271836,0.9832582099162911
0.04454882282580156,0.9832582099162911
0.04455012253471817,0.9832582099162911
0.044551422319474836,0.9832582099162911
0.04455272218007819,0.9832582099162911
0.044560522936850706,0.9832582099162911
0.04456442433970524,0.9832582099162911
0.04456572495914079,0.9832582099162911
0.04457483142131535,0.9832582099162911
0.044580036785099114,0.9832582099162911
0.04458263992292196,0.9832582099162911
0.044585243364769774,0.9832582099162911
0.04462172350311212,0.9832582099162911
0.04462563563036998,0.9832582099162911
0.044626939825233074,0.9832582099162911
0.044628244096329206,0.9832582099162911
0.04462954844366506,0.9832582099162911
0.04463085286724733,0.9832582099162911
0.044637376129088836,0.9832582099162911
0.044639985967784374,0.9832582099162911
0.04464129100157867,0.9832582099162911
0.04464651189988889,0.9832582099162911
0.04464912280701754,0.9832582099162911
0.04465042837509869,0.9832582099162911
0.044651734019533304,0.9832582099162911
0.044653039740328096,0.9832582099162911
0.044655651411025,0.9832582099162911
0.044658263387243005,0.9832582099162911
0.04465956948993917,0.9832582099162911
0.04466087566903571,0.9832582099162911
0.044662181924539336,0.9832582099162911
0.04466348825645675,0.9832582099162911
0.044664794664794664,0.9832582099162911
0.044666101149559774,0.9832582099162911
0.044671327853026355,0.9832582099162911
0.04467263472002808,0.9832582099162911
0.04469093889018965,0.9832582099162911
0.044692246904908244,0.9832582099162911
0.044693554996195047,0.9832582099162911
0.04469486316405678,0.9832582099162911
0.04470140515222482,0.9832582099162911
0.04470402248375198,0.9832582099162911
0.04470664012179412,0.9832582099162911
0.044707949055775145,0.9832582099162911
0.044709258066405105,0.9832582099162911
0.04471187631763879,0.9832582099162911
0.04471318555825598,0.9832582099162911
0.04471449487554905,0.9832582099162911
0.04471580426952473,0.9832582099162911
0.04471711374018976,0.9832582099162911
0.044718423287550886,0.9832582099162911
0.044721042612388344,0.9832582099162911
0.044722352389878164,0.9832582099162911
0.044731522980929785,0.9832582099162911
0.04473283337239278,0.9832582099162911
0.04473414384063278,0.9832582099162911
0.04473545438565653,0.9832582099162911
0.04473938648149776,0.9832582099162911
0.044740697333723996,0.9832582099162911
0.04474856406048529,0.9832582099162911
0.04475118691753121,0.9832582099162911
0.044753810082063306,0.9832582099162911
0.044755121779653566,0.9832582099162911
0.044756433554135645,0.9832582099162911
0.04475774540551631,0.9832582099162911
0.044759057333802324,0.9832582099162911
0.04476036933900044,0.9832582099162911
0.04477086815023309,0.9832582099162911
0.04477218084794464,0.9832582099162911
0.044773493622635975,0.9832582099162911
0.044774806474313866,0.9832582099162911
0.04477611940298507,0.9832582099162911
0.044777432408656385,0.9832582099162911
0.044778745491334565,0.9832582099162911
0.04478005865102639,0.9832582099162911
0.044782685201478094,0.9832582099162911
0.04478399859225152,0.9832582099162911
0.044785312060065696,0.9832582099162911
0.04478662560492741,0.9832582099162911
0.04478793922684343,0.9832582099162911
0.04479188055498519,0.9832582099162911
0.044793194485186275,0.9832582099162911
0.04479450849247558,0.9832582099162911
0.04479582257685989,0.9832582099162911
0.044797136738346,0.9832582099162911
0.04479845097694068,0.9832582099162911
0.04480107968548293,0.9832582099162911
0.04480370870254093,0.9832582099162911
0.04480502332678032,0.9832582099162911
0.044808967662421505,0.9832582099162911
0.04481554309864115,0.9832582099162911
0.04481685841746889,0.9832582099162911
0.044822120464952445,0.9832582099162911
0.044826067811536766,0.9832582099162911
0.04483001585344372,0.9832582099162911
0.0448313320219606,0.9832582099162911
0.04483396459085704,0.9832582099162911
0.044837914023960534,0.9832582099162911
0.04483923065629129,0.9832582099162911
0.04484186415293807,0.9832582099162911
0.04484318101726771,0.9832582099162911
0.0448484492481203,0.9832582099162911
0.04485108382776244,0.9832582099162911
0.04485371871695453,0.9832582099162911
0.04485635391575113,0.9832582099162911
0.04485767163126818,0.9832582099162911
0.04486426137031378,0.9832582099162911
0.04486557955046276,0.9832582099162911
0.04486689780807428,0.9832582099162911
0.044870853045752404,0.9832582099162911
0.04487349025830909,0.9832582099162911
0.04487744665843767,0.9832582099162911
0.04488008464613214,0.9832582099162911
0.044881403756282516,0.9832582099162911
0.044882722943977424,0.9832582099162911
0.04488536155202822,0.9832582099162911
0.04488668097239778,0.9832582099162911
0.044889320045859424,0.9832582099162911
0.04489327923796084,0.9832582099162911
0.044894599123864405,0.9832582099162911
0.04489591908738092,0.9832582099162911
0.044897239128517244,0.9832582099162911
0.044899879443676675,0.9832582099162911
0.04490119971771348,0.9832582099162911
0.044905161005734454,0.9832582099162911
0.04490648159040113,0.9832582099162911
0.044917049064595836,0.9832582099162911
0.04491837034858067,0.9832582099162911
0.044922334666980465,0.9832582099162911
0.044923656261951696,0.9832582099162911
0.04492497793468667,0.9832582099162911
0.044927621513475346,0.9832582099162911
0.0449302654034014,0.9832582099162911
0.04493158746505811,0.9832582099162911
0.044932909604519775,0.9832582099162911
0.04494348952201554,0.9832582099162911
0.044944812362030906,0.9832582099162911
0.04494613527991994,0.9832582099162911
0.04495010450089783,0.9832582099162911
0.04495142773035031,0.9832582099162911
0.044952751037710854,0.9832582099162911
0.04495407442298634,0.9832582099162911
0.04495539788618365,0.9832582099162911
0.04495804504637126,0.9832582099162911
0.04495936874337534,0.9832582099162911
0.04496201637123844,0.9832582099162911
0.04496334030211124,0.9832582099162911
0.04496466431095406,0.9832582099162911
0.044965988397773785,0.9832582099162911
0.04499911593092474,0.9832582099162911
0.045000442047564315,0.9832582099162911
0.04500176824236709,0.9832582099162911
0.045004420866489835,0.9832582099162911
0.04501238061549346,0.9832582099162911
0.045013707514076,0.9832582099162911
0.04502299799504659,0.9832582099162911
0.04502432551968156,0.9832582099162911
0.04502565312260423,0.9832582099162911
0.045026980803821545,0.9832582099162911
0.04503362038457001,0.9832582099162911
0.04503494853570059,0.9832582099162911
0.04503760507299808,0.9832582099162911
0.04503893345917886,0.9832582099162911
0.04504026192372356,0.9832582099162911
0.04504424778761062,0.9832582099162911
0.0450455765656804,0.9832582099162911
0.0450469054221488,0.9832582099162911
0.045048234357022744,0.9832582099162911
0.04505222163214728,0.9832582099162911
0.04505620961317164,0.9832582099162911
0.04505753909707878,0.9832582099162911
0.045064187693669766,0.9832582099162911
0.04506551764844764,0.9832582099162911
0.045069507983825745,0.9832582099162911
0.04507216860001771,0.9832582099162911
0.04507349902591652,0.9832582099162911
0.04507482953035983,0.9832582099162911
0.04507616011335459,0.9832582099162911
0.0450506302955156,0.9826142949130715
0.045051960321209256,0.9826142949130715
0.045055950869526705,0.9826142949130715
0.04505861162783831,0.9826142949130715
0.04505994212484498,0.9826142949130715
0.04506127270042817,0.9826142949130715
0.04506260335459485,0.9826142949130715
0.04506393408735198,0.9826142949130715
0.04506526489870651,0.9826142949130715
0.045066595788665426,0.9826142949130715
0.04506792675723568,0.9826142949130715
0.04507591421988539,0.9826142949130715
0.04507724573893008,0.9826142949130715
0.045078577336641855,0.9826142949130715
0.04507990901302768,0.9826142949130715
0.04508257260184939,0.9826142949130715
0.0450892329511878,0.9826142949130715
0.04509056525721715,0.9826142949130715
0.045093230105493334,0.9826142949130715
0.045095895268772716,0.9826142949130715
0.04509722796855606,0.9826142949130715
0.04509989360444497,0.9826142949130715
0.04510522582170726,0.9826142949130715
0.04510655907303952,0.9826142949130715
0.045107892403192434,0.9826142949130715
0.045109225812172984,0.9826142949130715
0.045110559299988175,0.9826142949130715
0.0451158940397351,0.9826142949130715
0.04511722792182834,0.9826142949130715
0.045118561882798176,0.9826142949130715
0.04512123004139562,0.9826142949130715
0.04512656730541755,0.9826142949130715
0.045142586676133,0.9826142949130715
0.04514392213708843,0.9826142949130715
0.04514525767706053,0.9826142949130715
0.04515060062725605,0.9826142949130715
0.04515193656241678,0.9826142949130715
0.04515327257663629,0.9826142949130715
0.045155944842279694,0.9826142949130715
0.04512902462121212,0.9819703799098519
0.04510610589871844,0.9813264649066323
0.04510744095187356,0.9813264649066323
0.04511144658556079,0.9813264649066323
0.045112781954887216,0.9813264649066323
0.04511411740327403,0.9813264649066323
0.045115452930728245,0.9813264649066323
0.045116788537256876,0.9813264649066323
0.0451194599875655,0.9813264649066323
0.04512079583135954,0.9813264649066323
0.045122131754256105,0.9813264649066323
0.045126139997631175,0.9813264649066323
0.045127476237008086,0.9813264649066323
0.04512881255552265,0.9813264649066323
0.04513014895318191,0.9813264649066323
0.04513282198596263,0.9813264649066323
0.045134158621098146,0.9813264649066323
0.045135495335406485,0.9813264649066323
0.04513683212889468,0.9813264649066323
0.045138169001569764,0.9813264649066323
0.04514218009478673,0.9813264649066323
0.04514351728427975,0.9813264649066323
0.04514485455299484,0.9813264649066323
0.04514619190093906,0.9813264649066323
0.04514752932811945,0.9813264649066323
0.04514886683454303,0.9813264649066323
0.04515154208514799,0.9813264649066323
0.04515287982934345,0.9813264649066323
0.04515421765281029,0.9813264649066323
0.04515555555555555,0.9813264649066323
0.0451568935375863,0.9813264649066323
0.04515823159890957,0.9813264649066323
0.045159569739532404,0.9813264649066323
0.045160907959461864,0.9813264649066323
0.04516224625870499,0.9813264649066323
0.04516358463726885,0.9813264649066323
0.04517295550878857,0.9813264649066323
0.04517429452217216,0.9813264649066323
0.045175633614939974,0.9813264649066323
0.04517831203865651,0.9813264649066323
0.0451823302697895,0.9813264649066323
0.04518366983901094,0.9813264649066323
0.045187689023305465,0.9813264649066323
0.04518902891030393,0.9813264649066323
0.04519036887676432,0.9813264649066323
0.04519304904809916,0.9813264649066323
0.04519438925298775,0.9813264649066323
0.04519572953736655,0.9813264649066323
0.04519706990124262,0.9813264649066323
0.045199750867514904,0.9813264649066323
0.04520109146992526,0.9813264649066323
0.04520243215186119,0.9813264649066323
0.045203772913329776,0.9813264649066323
0.04520511375433809,0.9813264649066323
0.04520645467489321,0.9813264649066323
0.04520779567500222,0.9813264649066323
0.045209136754672204,0.9813264649066323
0.04521047791391023,0.9813264649066323
0.045214501869103425,0.9813264649066323
0.04521718490386898,0.9813264649066323
0.04522255192878338,0.9813264649066323
0.04522792022792023,0.9813264649066323
0.045229262501854876,0.9813264649066323
0.04523060485546388,0.9813264649066323
0.04523194728875434,0.9813264649066323
0.045234632394408,0.9813264649066323
0.045235975066785394,0.9813264649066323
0.045240003562205006,0.9813264649066323
0.045241346553464346,0.9813264649066323
0.04524268962446193,0.9813264649066323
0.04524403277520485,0.9813264649066323
0.045248062705976665,0.9813264649066323
0.04525074972534814,0.9813264649066323
0.045252093354712274,0.9813264649066323
0.04526150099492145,0.9813264649066323
0.04526418961062104,0.9813264649066323
0.04526553403825591,0.9813264649066323
0.04526687854575697,0.9813264649066323
0.04526822313313135,0.9813264649066323
0.04526956780038616,0.9813264649066323
0.04527629233511586,0.9813264649066323
0.04527898270841999,0.9813264649066323
0.0452803280149746,0.9813264649066323
0.04530859793078844,0.9813264649066323
0.045326116051512357,0.9813264649066323
0.045327464160371186,0.9813264649066323
0.045328812349424465,0.9813264649066323
0.04533150896814302,0.9813264649066323
0.0453328573978226,0.9813264649066323
0.04533420590772526,0.9813264649066323
0.045335554497858165,0.9813264649066323
0.04533690316822847,0.9813264649066323
0.045339600749709934,0.9813264649066323
0.04534094966083541,0.9813264649066323
0.04534229865222695,0.9813264649066323
0.0453436477238917,0.9813264649066323
0.04534499687583683,0.9813264649066323
0.04534634610806951,0.9813264649066323
0.0453476954205969,0.9813264649066323
0.04534904481342617,0.9813264649066323
0.0453503942865645,0.9813264649066323
0.04535174384001905,0.9813264649066323
0.045354443187905484,0.9813264649066323
0.04535579298235171,0.9813264649066323
0.04535849281228608,0.9813264649066323
0.04535984284778856,0.9813264649066323
0.04536119296365747,0.9813264649066323
0.04536389343652329,0.9813264649066323
0.0453679447487497,0.9813264649066323
0.04536929534696794,0.9813264649066323
0.045371996784661646,0.9813264649066323
0.04537334762415148,0.9813264649066323
0.04537469854407956,0.9813264649066323
0.04537604954445305,0.9813264649066323
0.04537740062527914,0.9813264649066323
0.04537875178656503,0.9813264649066323
0.04538686044433855,0.9813264649066323
0.04538821216904429,0.9813264649066323
0.045389563974267334,0.9813264649066323
0.04539091586001489,0.9813264649066323
0.04539226782629416,0.9813264649066323
0.04539497200047659,0.9813264649066323
0.04539632420839415,0.9813264649066323
0.04539767649687221,0.9813264649066323
0.045400381315538606,0.9813264649066323
0.0454030864565334,0.9813264649066323
0.04540443914792194,0.9813264649066323
0.04541526358136901,0.9813264649066323
0.045419324074625976,0.9813264649066323
0.04542067773373469,0.9813264649066323
0.04542880138313411,0.9813264649066323
0.0454301556072259,0.9813264649066323
0.04543150991205843,0.9813264649066323
0.04543557331107269,0.9813264649066323
0.0454369279389404,0.9813264649066323
0.045438282647584975,0.9813264649066323
0.045439637437013625,0.9813264649066323
0.04544234725825208,0.9813264649066323
0.04544505740271358,0.9813264649066323
0.04544641259617105,0.9813264649066323
0.04544776787045597,0.9813264649066323
0.04545725705422657,0.9813264649066323
0.0454586129753915,0.9813264649066323
0.04545996897744899,0.9813264649066323
0.04546268122427063,0.9813264649066323
0.04546403746904925,0.9813264649066323
0.045465393794749405,0.9813264649066323
0.045466750201378324,0.9813264649066323
0.04547217663732657,0.9813264649066323
0.045473533448708005,0.9813264649066323
0.04547624731439484,0.9813264649066323
0.04547760436871475,0.9813264649066323
0.045484390855369185,0.9813264649066323
0.045487106017191976,0.9813264649066323
0.04549117936778006,0.9813264649066323
0.045492537313432835,0.9813264649066323
0.04549389534015941,0.9813264649066323
0.04550068669015346,0.9813264649066323
0.045516994205841946,0.9813264649066323
0.04552107291137728,0.9813264649066323
0.04552243264233228,0.9813264649066323
0.04552515234795077,0.9813264649066323
0.045526512322628825,0.9813264649066323
0.04552787237856246,0.9813264649066323
0.0455319530339697,0.9813264649066323
0.04553467387731931,0.9813264649066323
0.045536034420939404,0.9813264649066323
0.04554147740855845,0.9813264649066323
0.045544199390353236,0.9813264649066323
0.045545560503272464,0.9813264649066323
0.045546921697549314,0.9813264649066323
0.04554828297319107,0.9813264649066323
0.04554964433020503,0.9813264649066323
0.04555645233611335,0.9813264649066323
0.04556462463001166,0.9813264649066323
0.04556598696406147,0.9813264649066323
0.04557007445504291,0.9813264649066323
0.045574162679425836,0.9813264649066323
0.04557825163740766,0.9813264649066323
0.045580978017048,0.9813264649066323
0.04558234132918586,0.9813264649066323
0.04558370472287859,0.9813264649066323
0.04558506819813352,0.9813264649066323
0.045586431754957975,0.9813264649066323
0.045587795393359255,0.9813264649066323
0.0455891591133447,0.9813264649066323
0.045590522914921626,0.9813264649066323
0.04559188679809734,0.9813264649066323
0.0455932507628792,0.9813264649066323
0.04559597893729057,0.9813264649066323
0.04559870743821435,0.9813264649066323
0.04560007181113671,0.9813264649066323
0.04557287770429995,0.9806825499034127
0.045575605230870515,0.9806825499034127
0.04557696911659086,0.9806825499034127
0.045578333083944336,0.9806825499034127
0.04558242547587693,0.9806825499034127
0.045583789769836285,0.9806825499034127
0.04558515414546543,0.9806825499034127
0.04558651860277171,0.9806825499034127
0.04559061246482668,0.9806825499034127
0.04559197724891483,0.9806825499034127
0.0455933421147168,0.9806825499034127
0.04559470706223992,0.9806825499034127
0.045596072091491524,0.9806825499034127
0.04559743720247897,0.9806825499034127
0.04559880239520958,0.9806825499034127
0.04560562958526725,0.9806825499034127
0.04560699526861113,0.9806825499034127
0.045608361033749586,0.9806825499034127
0.04560972688068998,0.9806825499034127
0.04561109280943967,0.9806825499034127
0.04561519108661795,0.9806825499034127
0.04561655734267829,0.9806825499034127
0.04561792368058468,0.9806825499034127
0.045620656601965015,0.9806825499034127
0.04562202318545367,0.9806825499034127
0.045623389850817805,0.9806825499034127
0.04562612342720192,0.9806825499034127
0.04562749033823662,0.9806825499034127
0.045630224406028104,0.9806825499034127
0.04563159156279962,0.9806825499034127
0.045632958801498126,0.9806825499034127
0.04564253176696236,0.9806825499034127
0.045643899661342045,0.9806825499034127
0.04564663569608871,0.9806825499034127
0.04564800383647045,0.9806825499034127
0.045650740363287576,0.9806825499034127
0.04565210874973772,0.9806825499034127
0.04565347721822542,0.9806825499034127
0.04565484576875806,0.9806825499034127
0.04565621440134301,0.9806825499034127
0.04565758311598765,0.9806825499034127
0.045658951912699364,0.9806825499034127
0.045660320791485534,0.9806825499034127
0.04566168975235354,0.9806825499034127
0.04566305879531077,0.9806825499034127
0.0456671664167916,0.9806825499034127
0.04566853578817955,0.9806825499034127
0.045669905241693655,0.9806825499034127
0.04567127477734129,0.9806825499034127
0.04567264439512985,0.9806825499034127
0.04567538387715931,0.9806825499034127
0.04567949371644522,0.9806825499034127
0.045680863827234554,0.9806825499034127
0.045683604295398646,0.9806825499034127
0.04574397789391482,0.9806825499034127
0.04571531553179347,0.9800386349001932
0.04571668869398054,0.9800386349001932
0.045722182167748135,0.9800386349001932
0.04572355574248205,0.9800386349001932
0.04572492939974764,0.9800386349001932
0.04572630313955235,0.9800386349001932
0.045727676961903614,0.9800386349001932
0.04572905086680888,0.9800386349001932
0.045730424854275586,0.9800386349001932
0.045733173076923074,0.9800386349001932
0.045734547312118755,0.9800386349001932
0.04573867051328285,0.9800386349001932
0.04574279445796892,0.9800386349001932
0.045749669351929784,0.9800386349001932
0.04575104457871164,0.9800386349001932
0.045762049370095315,0.9800386349001932
0.04576342534127127,0.9800386349001932
0.045764801395194996,0.9800386349001932
0.045766177531873946,0.9800386349001932
0.0457689300535274,0.9800386349001932
0.045770306438516824,0.9800386349001932
0.04577305945685844,0.9800386349001932
0.045774436090225565,0.9800386349001932
0.045775812806400196,0.9800386349001932
0.0457771896053898,0.9800386349001932
0.045778566487201855,0.9800386349001932
0.04577994345184383,0.9800386349001932
0.04578132049932321,0.9800386349001932
0.045782697629647456,0.9800386349001932
0.045784074842824055,0.9800386349001932
0.045785452138860476,0.9800386349001932
0.04578820697954272,0.9800386349001932
0.045789584524203494,0.9800386349001932
0.04579096215175402,0.9800386349001932
0.04579233986220176,0.9800386349001932
0.04579371765555422,0.9800386349001932
0.04579509553181887,0.9800386349001932
0.04579647349100319,0.9800386349001932
0.04579785153311468,0.9800386349001932
0.04579922965816081,0.9800386349001932
0.04581715283422138,0.9800386349001932
0.04581853212113914,0.9800386349001932
0.045824050099355695,0.9800386349001932
0.04582542980158372,0.9800386349001932
0.045826809586896305,0.9800386349001932
0.04582956940680518,0.9800386349001932
0.04583094944141648,0.9800386349001932
0.045832329559142376,0.9800386349001932
0.045853041303889376,0.9800386349001932
0.045854422752470474,0.9800386349001932
0.04585718589936728,0.9800386349001932
0.04586271319231001,0.9800386349001932
0.04586409522374567,0.9800386349001932
0.04586685953650966,0.9800386349001932
0.04586962418251409,0.9800386349001932
0.045875154474485334,0.9800386349001932
0.045879303068668234,0.9800386349001932
0.045880686100141684,0.9800386349001932
0.0458574529667149,0.9793947198969736
0.045862983958509226,0.9793947198969736
0.04586436691493532,0.9793947198969736
0.045865749954767505,0.9793947198969736
0.04586713307801333,0.9793947198969736
0.04586851628468034,0.9793947198969736
0.04586989957477608,0.9793947198969736
0.04587266640528395,0.9793947198969736
0.04587404994571118,0.9793947198969736
0.04587543356959735,0.9793947198969736
0.04587681727694999,0.9793947198969736
0.04588096889988236,0.9793947198969736
0.04588235294117647,0.9793947198969736
0.04588650556611458,0.9793947198969736
0.04589065894279508,0.9793947198969736
0.04589204356877772,0.9793947198969736
0.04589342827831754,0.9793947198969736
0.045894813071422104,0.9793947198969736
0.045896197948098974,0.9793947198969736
0.045897582908355716,0.9793947198969736
0.045898967952199894,0.9793947198969736
0.04590035307963907,0.9793947198969736
0.04590727997102499,0.9793947198969736
0.045908665600193174,0.9793947198969736
0.045910051313009355,0.9793947198969736
0.04591143710948112,0.9793947198969736
0.045912822989616034,0.9793947198969736
0.0459211400277761,0.9793947198969736
0.045922526493765284,0.9793947198969736
0.04592391304347826,0.9793947198969736
0.04592529967692261,0.9793947198969736
0.04592807319503578,0.9793947198969736
0.04592946007971977,0.9793947198969736
0.04593084704816548,0.9793947198969736
0.045932234100380505,0.9793947198969736
0.045935008456148826,0.9793947198969736
0.045936395759717315,0.9793947198969736
0.04593778314708547,0.9793947198969736
0.045939170618260895,0.9793947198969736
0.045924225028702644,0.978750804893754
0.045925612593286404,0.978750804893754
0.045927000241721055,0.978750804893754
0.045936716129227236,0.978750804893754
0.045940881339539386,0.978750804893754
0.04594226991083573,0.978750804893754
0.04595199226071709,0.978750804893754
0.04595477083081388,0.978750804893754
0.04595616024187453,0.978750804893754
0.0459575497369535,0.978750804893754
0.04595893931605841,0.978750804893754
0.04596171872637658,0.978750804893754
0.04596449847289002,0.978750804893754
0.04596588847223902,0.978750804893754
0.04596727855565972,0.978750804893754
0.04596866872315974,0.978750804893754
0.04597144931042826,0.978750804893754
0.04597283973021202,0.978750804893754
0.045975620822116696,0.978750804893754
0.04599509789088268,0.978750804893754
0.045996489741572354,0.978750804893754
0.04599788167650174,0.978750804893754
0.04600066579911025,0.978750804893754
0.04600345025876941,0.978750804893754
0.04600484261501211,0.978750804893754
0.04600623505554042,0.978750804893754
0.04600762758036201,0.978750804893754
0.04601041288291561,0.978750804893754
0.04601180566066293,0.978750804893754
0.04601319852273415,0.978750804893754
0.046014591469136924,0.978750804893754
0.04601877081441114,0.978750804893754
0.04602016409821672,0.978750804893754
0.04604107348397649,0.978750804893754
0.046042468118619936,0.978750804893754
0.046046652529536505,0.978750804893754
0.04604804750219637,0.978750804893754
0.046052232927346545,0.978750804893754
0.04605502363349897,0.978750804893754
0.04605921032695979,0.978750804893754
0.046062001878844815,0.978750804893754
0.04606479376913053,0.978750804893754
0.04606618984119287,0.978750804893754
0.04606758599787847,0.978750804893754
0.046070378565150186,0.978750804893754
0.04607317147100724,0.978750804893754
0.04607596471551123,0.978750804893754
0.04608015521736494,0.978750804893754
0.04608294930875576,0.978750804893754
0.04608434648152079,0.978750804893754
0.046087141081228584,0.978750804893754
0.04608993601989145,0.978750804893754
0.046091333616350295,0.978750804893754
0.046096924849881725,0.978750804893754
0.04610111916532711,0.978750804893754
0.04612070273386534,0.978750804893754
0.0461291007860156,0.978750804893754
0.046131900816413246,0.978750804893754
0.04613330095908705,0.978750804893754
0.04614310433805895,0.978750804893754
0.0461445051608986,0.978750804893754
0.046147307061752386,0.978750804893754
0.04615010930289046,0.978750804893754
0.04615151055108547,0.978750804893754
0.04615571480626746,0.978750804893754
0.046157116394886274,0.978750804893754
0.04615851806863043,0.978750804893754
0.04615991982750767,0.978750804893754
0.04616272360069244,0.978750804893754
0.04616412561501549,0.978750804893754
0.046165527714502656,0.978750804893754
0.046166929899161706,0.978750804893754
0.046168332169000396,0.978750804893754
0.04615197642269012,0.9781068898905344
0.046153378706854646,0.9781068898905344
0.04615478107623591,0.9781068898905344
0.046156183530841687,0.9781068898905344
0.046160391406083814,0.9781068898905344
0.04616179420166535,0.9781068898905344
0.04616600310002127,0.9781068898905344
0.046167406236702936,0.9781068898905344
0.046168809458679065,0.9781068898905344
0.046170212765957445,0.9781068898905344
0.046171616158545856,0.9781068898905344
0.04617442319968386,0.9781068898905344
0.04617582684824903,0.9781068898905344
0.04617863440141059,0.9781068898905344
0.04618144229599903,0.9781068898905344
0.04619829683698297,0.9781068898905344
0.046199701937406856,0.9781068898905344
0.04620251239468321,0.9781068898905344
0.046203917751551284,0.9781068898905344
0.04620532319391635,0.9781068898905344
0.04620672872178622,0.9781068898905344
0.04620813433516868,0.9781068898905344
0.04621375764398065,0.9781068898905344
0.0462165698116652,0.9781068898905344
0.04621797602385444,0.9781068898905344
0.04622782190571837,0.9781068898905344
0.04622922880272688,0.9781068898905344
0.04623063578537298,0.9781068898905344
0.046234857247214954,0.9781068898905344
0.046236264572489576,0.9781068898905344
0.04624189473043319,0.9781068898905344
0.04624471032362164,0.9781068898905344
0.04624752625970467,0.9781068898905344
0.04625175080689361,0.9781068898905344
0.046255976125947805,0.9781068898905344
0.046257384737194714,0.9781068898905344
0.04625879343423577,0.9781068898905344
0.046260202217078814,0.9781068898905344
0.04626161108573169,0.9781068898905344
0.04626302004020223,0.9781068898905344
0.04626442908049828,0.9781068898905344
0.04626865671641791,0.9781068898905344
0.04627006610009443,0.9781068898905344
0.04627147556963568,0.9781068898905344
0.046272885125049505,0.9781068898905344
0.046275704493526276,0.9781068898905344
0.04627852420558755,0.9781068898905344
0.04627993419048199,0.9781068898905344
0.04628134426129612,0.9781068898905344
0.04628275441803778,0.9781068898905344
0.046285574989335124,0.9781068898905344
0.046289806490934025,0.9781068898905344
0.0462968607131972,0.9781068898905344
0.04629827181566034,0.9781068898905344
0.04630250563921234,0.9781068898905344
0.04630391708581009,0.9781068898905344
0.04632227372529885,0.9781068898905344
0.04632368637735964,0.9781068898905344
0.046325099115584016,0.9781068898905344
0.04632651193997987,0.9781068898905344
0.046300250106752885,0.9774629748873149
0.046301662345584874,0.9774629748873149
0.04630307467057101,0.9774629748873149
0.046304487081719185,0.9774629748873149
0.046305899579037274,0.9774629748873149
0.04631720266064564,0.9774629748873149
0.046318615933847986,0.9774629748873149
0.046320029293299154,0.9774629748873149
0.046322856270979554,0.9774629748873149
0.04632568359375,0.9774629748873149
0.04632709738456374,0.9774629748873149
0.046328511261673685,0.9774629748873149
0.04632992522508775,0.9774629748873149
0.04633133927481382,0.9774629748873149
0.04633275341085981,0.9774629748873149
0.04633416763323363,0.9774629748873149
0.04633558194194316,0.9774629748873149
0.04633699633699634,0.9774629748873149
0.04633841081840105,0.9774629748873149
0.04633982538616521,0.9774629748873149
0.046342654780803516,0.9774629748873149
0.04634548452097454,0.9774629748873149
0.0463468995206546,0.9774629748873149
0.046349729779243384,0.9774629748873149
0.04635114503816794,0.9774629748873149
0.046355391333557275,0.9774629748873149
0.046356806938252,0.9774629748873149
0.046359638407036406,0.9774629748873149
0.04636105427114192,0.9774629748873149
0.046363886258819216,0.9774629748873149
0.04636530238240684,0.9774629748873149
0.04636671859250435,0.9774629748873149
0.04636813488911968,0.9774629748873149
0.046369551272260744,0.9774629748873149
0.046379468377635194,0.9774629748873149
0.04638230261549743,0.9774629748873149
0.046400733608436495,0.9774629748873149
0.04640215198386012,0.9774629748873149
0.046420598758447756,0.9774629748873149
0.04642343802562769,0.9774629748873149
0.04642485778946725,0.9774629748873149
0.04642769757768534,0.9774629748873149
0.04642911760207983,0.9774629748873149
0.04643195791147952,0.9774629748873149
0.04644616467276566,0.9774629748873149
0.04644758582706077,0.9774629748873149
0.046450428396572825,0.9774629748873149
0.0464226696860273,0.9768190598840953
0.04642693190512624,0.9768190598840953
0.04642835281875497,0.9768190598840953
0.04642977381936155,0.9768190598840953
0.046431194906953965,0.9768190598840953
0.0464326160815402,0.9768190598840953
0.04643403734312825,0.9768190598840953
0.0464354586917261,0.9768190598840953
0.0464482547458665,0.9768190598840953
0.046451099271235224,0.9768190598840953
0.046453944145026946,0.9768190598840953
0.04645678936730569,0.9768190598840953
0.04650521152667075,0.9768190598840953
0.04650663723596677,0.9768190598840953
0.046510914888398334,0.9768190598840953
0.04651234094741683,0.9768190598840953
0.04651376709388606,0.9768190598840953
0.04651661964920888,0.9768190598840953
0.04651804605807856,0.9768190598840953
0.04651947255443115,0.9768190598840953
0.04652232580961727,0.9768190598840953
0.04652517941483163,0.9768190598840953
0.046526606348719524,0.9768190598840953
0.04652803337013863,0.9768190598840953
0.046530887675602726,0.9768190598840953
0.046538024971623154,0.9768190598840953
0.0465480208652961,0.9768190598840953
0.0465537347327073,0.9768190598840953
0.04655516341875096,0.9768190598840953
0.046560879039931245,0.9768190598840953
0.04656373737683784,0.9768190598840953
0.04656516667689852,0.9768190598840953
0.04656945510360706,0.9768190598840953
0.04657088475471235,0.9768190598840953
0.04657231449359899,0.9768190598840953
0.04657946450503562,0.9768190598840953
0.046596633493058114,0.9768190598840953
0.04659806481339272,0.9768190598840953
0.046622410719773806,0.9768190598840953
0.04662527661667076,0.9768190598840953
0.046626709697249115,0.9768190598840953
0.04662957612270618,0.9768190598840953
0.04663100946760113,0.9768190598840953
0.046632442900617875,0.9768190598840953
0.04663961138781283,0.9768190598840953
0.04664104534973098,0.9768190598840953
0.046645347764590124,0.9768190598840953
0.04664678207927186,0.9768190598840953
0.04665252022019251,0.9768190598840953
0.04666543620031992,0.9768190598840953
0.04667261483555364,0.9768190598840953
0.046674050827641374,0.9768190598840953
0.046676923076923074,0.9768190598840953
0.04667979567973414,0.9768190598840953
0.04668410524696107,0.9768190598840953
0.04668554194620545,0.9768190598840953
0.04668697873388114,0.9768190598840953
0.04668841560999631,0.9768190598840953
0.04669416399901502,0.9768190598840953
0.04669703872437358,0.9768190598840953
0.04670278923711594,0.9768190598840953
0.046704227086604475,0.9768190598840953
0.04670566502463054,0.9768190598840953
0.04670854116632798,0.9768190598840953
0.046733002680139246,0.9768190598840953
0.04673732207776203,0.9768190598840953
0.04673876205441045,0.9768190598840953
0.04674020211979295,0.9768190598840953
0.046741642273917736,0.9768190598840953
0.046743082516793,0.9768190598840953
0.04674452284842696,0.9768190598840953
0.0467517258382643,0.9768190598840953
0.04675316670262274,0.9768190598840953
0.04676613847956101,0.9768190598840953
0.0467675802324506,0.9768190598840953
0.0467690220742385,0.9768190598840953
0.04677190602454215,0.9768190598840953
0.046773348133074336,0.9768190598840953
0.04677479033053774,0.9768190598840953
0.046783445383334364,0.9768190598840953
0.04678488820354665,0.9768190598840953
0.04678921719819876,0.9768190598840953
0.04679066037444866,0.9768190598840953
0.046793546994046704,0.9768190598840953
0.04679932130186642,0.9768190598840953
0.04680509703495727,0.9768190598840953
0.046807985436144284,0.9768190598840953
0.046809429770427055,0.9768190598840953
0.04681087419384701,0.9768190598840953
0.04681231870641239,0.9768190598840953
0.04681520799901247,0.9768190598840953
0.04681665277906367,0.9768190598840953
0.04681809764829332,0.9768190598840953
0.04681954260670967,0.9768190598840953
0.04682098765432099,0.9768190598840953
0.046823878017161556,0.9768190598840953
0.04685135427283116,0.9768190598840953
0.04685569557697059,0.9768190598840953
0.04685859022672515,0.9768190598840953
0.046862932872015074,0.9768190598840953
0.04686438059932036,0.9768190598840953
0.04686582841607711,0.9768190598840953
0.04686727632229362,0.9768190598840953
0.04683782865264004,0.9761751448808758
0.046839275783229314,0.9761751448808758
0.046840723003244246,0.9761751448808758
0.04684361771158422,0.9761751448808758
0.04684506519992584,0.9761751448808758
0.04684651277772627,0.9761751448808758
0.04684940820173677,0.9761751448808758
0.04685085604796341,0.9761751448808758
0.04685230398368205,0.9761751448808758
0.04682718758693166,0.9755312298776562
0.04683008253222466,0.9755312298776562
0.04683876951615396,0.9755312298776562
0.046846011131725415,0.9755312298776562
0.04684745972355361,0.9755312298776562
0.04684890840497248,0.9755312298776562
0.04685035717599035,0.9755312298776562
0.0468634001484781,0.9755312298776562
0.046866299573099054,0.9755312298776562
0.04686774941995359,0.9755312298776562
0.04687064938279244,0.9755312298776562
0.046873549704526465,0.9755312298776562
0.04687645038522231,0.9755312298776562
0.04687790086020174,0.9755312298776562
0.04688080207946528,0.9755312298776562
0.046886605595444414,0.9755312298776562
0.046888056698957015,0.9755312298776562
0.04688950789229341,0.9755312298776562
0.046892410548470966,0.9755312298776562
0.046893862011328814,0.9755312298776562
0.04689531356404383,0.9755312298776562
0.04689676520662436,0.9755312298776562
0.04690402476780186,0.9755312298776562
0.046905476949750766,0.9755312298776562
0.04690692922162363,0.9755312298776562
0.04690983403517463,0.9755312298776562
0.046911286576869486,0.9755312298776562
0.04691273920852171,0.9755312298776562
0.04691419193013966,0.9755312298776562
0.046915644741731696,0.9755312298776562
0.046917097643306184,0.9755312298776562
0.04691855063487148,0.9755312298776562
0.04692000371643594,0.9755312298776562
0.04692145688800793,0.9755312298776562
0.046924363501207954,0.9755312298776562
0.04692727047453847,0.9755312298776562
0.046934539483874965,0.9755312298776562
0.0469359935559824,0.9755312298776562
0.046937447718189425,0.9755312298776562
0.0469389019705044,0.9755312298776562
0.04694035631293571,0.9755312298776562
0.046941810745491724,0.9755312298776562
0.04694617458399182,0.9755312298776562
0.04694762937713046,0.9755312298776562
0.046950539233915956,0.9755312298776562
0.04695199429757957,0.9755312298776562
0.046953449451434946,0.9755312298776562
0.04695490469549047,0.9755312298776562
0.0469578154542355,0.9755312298776562
0.04696072657388178,0.9755312298776562
0.04696800595238095,0.9755312298776562
0.046973831080243084,0.9755312298776562
0.046975287587981765,0.9755312298776562
0.04697820087444572,0.9755312298776562
0.0469796576531878,0.9755312298776562
0.04698548567175288,0.9755312298776562
0.04699277272868265,0.9755312298776562
0.04699714604789676,0.9755312298776562
0.04700006204628653,0.9755312298776562
0.04700152018118078,0.9755312298776562
0.0470044367224101,0.9755312298776562
0.0470088122129825,0.9755312298776562
0.04701027089086791,0.9755312298776562
0.047013188518231185,0.9755312298776562
0.04701756563838371,0.9755312298776562
0.04701902485956364,0.9755312298776562
0.04702048417132216,0.9755312298776562
0.04699236451672978,0.9748873148744366
0.04699382313685321,0.9748873148744366
0.04699528184752918,0.9748873148744366
0.04700549535844019,0.9748873148744366
0.04700695479384004,0.9748873148744366
0.04700841431986835,0.9748873148744366
0.04700987393653357,0.9748873148744366
0.047011333643844126,0.9748873148744366
0.04701279344180847,0.9748873148744366
0.04701425333043505,0.9748873148744366
0.04701571330973232,0.9748873148744366
0.047017173379708704,0.9748873148744366
0.04701863354037267,0.9748873148744366
0.047020093791732664,0.9748873148744366
0.04702155413379713,0.9748873148744366
0.0469977945516106,0.974243399871217
0.046999254473161035,0.974243399871217
0.04700071448541518,0.974243399871217
0.04700217458838148,0.974243399871217
0.047005095066484405,0.974243399871217
0.04700801590753744,0.974243399871217
0.04701093711160825,0.974243399871217
0.04701385867876453,0.974243399871217
0.047015319598520865,0.974243399871217
0.04701678060907396,0.974243399871217
0.047019702902604266,0.974243399871217
0.04702116418559841,0.974243399871217
0.04702701022596587,0.974243399871217
0.047032857720165376,0.974243399871217
0.047038706668739313,0.974243399871217
0.047041631688586265,0.974243399871217
0.04704601990049751,0.974243399871217
0.04704748281973942,0.974243399871217
0.04704894582996455,0.974243399871217
0.04705040893118139,0.974243399871217
0.04705333540662417,0.974243399871217
0.047054798780867074,0.974243399871217
0.04705626224613566,0.974243399871217
0.047057725802438416,0.974243399871217
0.0470606531881804,0.974243399871217
0.04706211701763663,0.974243399871217
0.047070901907102634,0.974243399871217
0.04707236637421442,0.974243399871217
0.047076760322349795,0.974243399871217
0.04707969007685845,0.974243399871217
0.04708115509086383,0.974243399871217
0.04708408539241925,0.974243399871217
0.047087016058757626,0.974243399871217
0.04708848152874171,0.974243399871217
0.04708994708994709,0.974243399871217
0.04709141274238227,0.974243399871217
0.04709287848605578,0.974243399871217
0.047094344320976124,0.974243399871217
0.04709581024715184,0.974243399871217
0.04709727626459144,0.974243399871217
0.04709874237330345,0.974243399871217
0.047103141247159176,0.974243399871217
0.04710460772104608,0.974243399871217
0.047106074286248016,0.974243399871217
0.04711340848228187,0.974243399871217
0.047114875595553204,0.974243399871217
0.04711781009622871,0.974243399871217
0.047119277483649954,0.974243399871217
0.04712074496247158,0.974243399871217
0.04712221253270213,0.974243399871217
0.04712368019435014,0.974243399871217
0.04712514794742416,0.974243399871217
0.04712808372788438,0.974243399871217
0.047129551755287664,0.974243399871217
0.047133956386292836,0.974243399871217
0.047139830508474576,0.974243399871217
0.04714570609497694,0.974243399871217
0.04715158314634754,0.974243399871217
0.047155991896524856,0.974243399871217
0.047157461663134274,0.974243399871217
0.04716187151273339,0.974243399871217
0.04716334164588529,0.974243399871217
0.047164811870694226,0.974243399871217
0.04716628218716878,0.974243399871217
0.047169223095149024,0.974243399871217
0.047170693686671865,0.974243399871217
0.04717216436989462,0.974243399871217
0.047173635144825865,0.974243399871217
0.047175106011474184,0.974243399871217
0.04717657696984815,0.974243399871217
0.04718099039540975,0.974243399871217
0.047183933137903075,0.974243399871217
0.04718687624750499,0.974243399871217
0.04718834793999314,0.974243399871217
0.04719276356830942,0.974243399871217
0.04719570777964938,0.974243399871217
0.047210434348477284,0.974243399871217
0.04721190751084345,0.974243399871217
0.047213380765150095,0.974243399871217
0.047214854111405836,0.974243399871217
0.04721780107979902,0.974243399871217
0.04721927470195369,0.974243399871217
0.04722074841609188,0.974243399871217
0.04722222222222222,0.974243399871217
0.04722369612035332,0.974243399871217
0.04722811836683731,0.974243399871217
0.04722959263305759,0.974243399871217
0.04723106699132172,0.974243399871217
0.04723991507430998,0.974243399871217
0.04725024202866868,0.974243399871217
0.04725171767645222,0.974243399871217
0.04725466924854769,0.974243399871217
0.04725614517287691,0.974243399871217
0.0472576211894053,0.974243399871217
0.04726057349909415,0.974243399871217
0.04726204979227189,0.974243399871217
0.04726352617768337,0.974243399871217
0.04726647922524211,0.974243399871217
0.04726943264183954,0.974243399871217
0.04727090948854938,0.974243399871217
0.04733005912347108,0.974243399871217
0.04733153976099606,0.974243399871217
0.04733302049116221,0.974243399871217
0.047334501313978226,0.974243399871217
0.0473359822294528,0.974243399871217
0.04733746323759464,0.974243399871217
0.04733894433841244,0.974243399871217
0.04734042553191489,0.974243399871217
0.04734190681811071,0.974243399871217
0.047343388197008576,0.974243399871217
0.047350796482333424,0.974243399871217
0.04735227841762644,0.974243399871217
0.04735376044568245,0.974243399871217
0.04735524256651017,0.974243399871217
0.04735672478011831,0.974243399871217
0.047358207086515586,0.974243399871217
0.04735968948571071,0.974243399871217
0.04736117197771239,0.974243399871217
0.0473641372401703,0.974243399871217
0.04736562001064396,0.974243399871217
0.04736710287395905,0.974243399871217
0.04736858583012429,0.974243399871217
0.047373035255808126,0.974243399871217
0.047374518583461186,0.974243399871217
0.04737896912381787,0.974243399871217
0.047380452823098364,0.974243399871217
0.04738193661530753,0.974243399871217
0.047383420500454104,0.974243399871217
0.04738787271360561,0.974243399871217
0.04738935697058916,0.974243399871217
0.04739381029946122,0.974243399871217
0.04740271946863839,0.974243399871217
0.047408660775835054,0.974243399871217
0.04741014633534923,0.974243399871217
0.04741163198796691,0.974243399871217
0.047413117733696844,0.974243399871217
0.047414603572547794,0.974243399871217
0.047416089504528504,0.974243399871217
0.04741906164791425,0.974243399871217
0.047420547859336803,0.974243399871217
0.04742500705262828,0.974243399871217
0.04742649363676259,0.974243399871217
0.047427980314096736,0.974243399871217
0.04743244090538592,0.974243399871217
0.04743541509907198,0.974243399871217
0.04743690233578931,0.974243399871217
0.047438389665767855,0.974243399871217
0.0474398770890164,0.974243399871217
0.04744582771488601,0.974243399871217
0.04744731560461616,0.974243399871217
0.04744880358766895,0.974243399871217
0.04745326809685108,0.974243399871217
0.047454756453282315,0.974243399871217
0.047456244903080105,0.974243399871217
0.04747262401556274,0.974243399871217
0.04747411358644493,0.974243399871217
0.047475603250808,0.974243399871217
0.04747858286001192,0.974243399871217
0.047484543200577475,0.974243399871217
0.04748603351955307,0.974243399871217
0.04748752393207997,0.974243399871217
0.04750690781210751,0.974243399871217
0.04750839953527805,0.974243399871217
0.047509891352132134,0.974243399871217
0.04751585955656052,0.974243399871217
0.04751884422110553,0.974243399871217
0.047520336693991645,0.974243399871217
0.047523321921035276,0.974243399871217
0.047526307523166327,0.974243399871217
0.047529293500455504,0.974243399871217
0.047536760085459345,0.974243399871217
0.047538253683979015,0.974243399871217
0.04753974737635895,0.974243399871217
0.047544229016748894,0.974243399871217
0.047547217246472456,0.974243399871217
0.047562164031309924,0.974243399871217
0.047563659226658284,0.974243399871217
0.047571136613739975,0.974243399871217
0.04757263237328638,0.974243399871217
0.047574128226896835,0.974243399871217
0.047575624174580215,0.974243399871217
0.04757861635220126,0.974243399871217
0.047613053466343584,0.974243399871217
0.04761455186304129,0.974243399871217
0.04761605035405193,0.974243399871217
0.04762504328118606,0.974243399871217
0.047626542432636615,0.974243399871217
0.04762954101869924,0.974243399871217
0.04763104045332914,0.974243399871217
0.04764003904405051,0.974243399871217
0.04765354330708661,0.974243399871217
0.04766705522825368,0.974243399871217
0.04766855702583491,0.974243399871217
0.047670058918050345,0.974243399871217
0.04767156090490894,0.974243399871217
0.047673062986419636,0.974243399871217
0.04767456516259138,0.974243399871217
0.04767606743343312,0.974243399871217
0.0476775697989538,0.974243399871217
0.04767907225916239,0.974243399871217
0.047680574814067817,0.974243399871217
0.047697109170581,0.974243399871217
0.04769861286254729,0.974243399871217
0.0477001166493269,0.974243399871217
0.047703124507361985,0.974243399871217
0.04770462857863539,0.974243399871217
0.04770914136158673,0.974243399871217
0.0477106458123108,0.974243399871217
0.04771365499842321,0.974243399871217
0.04771515973382951,0.974243399871217
0.04771666456414785,0.974243399871217
0.0477181694893872,0.974243399871217
0.04771967450955655,0.974243399871217
0.04772117962466488,0.974243399871217
0.04772268483472117,0.974243399871217
0.047727201034667675,0.974243399871217
0.04773171808946937,0.974243399871217
0.047736235999368985,0.974243399871217
0.04773774215939926,0.974243399871217
0.04773924841447638,0.974243399871217
0.047740754764609365,0.974243399871217
0.04775582349599142,0.974243399871217
0.047757330892332944,0.974243399871217
0.04775883838383838,0.974243399871217
0.047760345970516746,0.974243399871217
0.04776185365237704,0.974243399871217
0.04776336142942829,0.974243399871217
0.0477648693016795,0.974243399871217
0.0477663772691397,0.974243399871217
0.047767885331817896,0.974243399871217
0.04776939348972311,0.974243399871217
0.04777693570797019,0.974243399871217
0.04777844443742697,0.974243399871217
0.04778146218222012,0.974243399871217
0.047782971197574534,0.974243399871217
0.04778448030824622,0.974243399871217
0.04778749881557753,0.974243399871217
0.04779806659505908,0.974243399871217
0.04779957665940037,0.974243399871217
0.04781921618204804,0.974243399871217
0.047820727583046244,0.974243399871217
0.047832822231355314,0.974243399871217
0.047834334492570345,0.974243399871217
0.04783584684941035,0.974243399871217
0.04783735930188441,0.974243399871217
0.04783887185000158,0.974243399871217
0.04784038449377095,0.974243399871217
0.047843410068302554,0.974243399871217
0.04784643602555183,0.974243399871217
0.04784794914771829,0.974243399871217
0.0478494623655914,0.974243399871217
0.04785097567918024,0.974243399871217
0.0478524890884939,0.974243399871217
0.04785551619433198,0.974243399871217
0.047857029890874585,0.974243399871217
0.04785854368317834,0.974243399871217
0.047861571555105654,0.974243399871217
0.04786459981018665,0.974243399871217
0.0478661140814325,0.974243399871217
0.04786762844849405,0.974243399871217
0.047870657470100615,0.974243399871217
0.04787217212466382,0.974243399871217
0.04788732394366197,0.974243399871217
0.04789035545848764,0.974243399871217
0.04789187135983793,0.974243399871217
0.04789338735715869,0.974243399871217
0.047896419639748014,0.974243399871217
0.04789793592503482,0.974243399871217
0.047899452306328555,0.974243399871217
0.04790096878363832,0.974243399871217
0.04790400202634245,0.974243399871217
0.04790855261074697,0.974243399871217
0.04791006966434452,0.974243399871217
0.04791310405978846,0.974243399871217
0.047914621401653104,0.974243399871217
0.04791613883962503,0.974243399871217
0.04792069173027587,0.974243399871217
0.04792372747141364,0.974243399871217
0.047925245486221096,0.974243399871217
0.047929800107707414,0.974243399871217
0.04793283700300966,0.974243399871217
0.04793891194829061,0.974243399871217
0.04794194999841567,0.974243399871217
0.047943469167881364,0.974243399871217
0.04794650779566485,0.974243399871217
0.04794802725400095,0.974243399871217
0.04794954680864549,0.974243399871217
0.04789830723388068,0.9729555698647778
0.047905900256808596,0.9729555698647778
0.04790741915028535,0.9729555698647778
0.047908938140080536,0.9729555698647778
0.04791045722620331,0.9729555698647778
0.04791197640866284,0.9729555698647778
0.047934775712201005,0.9729555698647778
0.04793629643729577,0.9729555698647778
0.04793781725888325,0.9729555698647778
0.04794085919157307,0.9729555698647778
0.047942380302693786,0.9729555698647778
0.04794390151034395,0.9729555698647778
0.04794542281453276,0.9729555698647778
0.04794998730642295,0.9729555698647778
0.04795150899685824,0.9729555698647778
0.04795303078387814,0.9729555698647778
0.04795455266749183,0.9729555698647778
0.04795607464770852,0.9729555698647778
0.047959118897987686,0.9729555698647778
0.04796064116806856,0.9729555698647778
0.04796368599815891,0.9729555698647778
0.047965208558186784,0.9729555698647778
0.04797129976506445,0.9729555698647778
0.0479743459486919,0.9729555698647778
0.04798653455284553,0.9729555698647778
0.04798805856385175,0.9729555698647778
0.047989582671663596,0.9729555698647778
0.047991106876290296,0.9729555698647778
0.04799263117774107,0.9729555698647778
0.04799720466313014,0.9729555698647778
0.04800177902026812,0.9729555698647778
0.04800482907612149,0.9729555698647778
0.04800787951960348,0.9729555698647778
0.04800940488672831,0.9729555698647778
0.048010930350788,0.9729555698647778
0.04801398156974897,0.9729555698647778
0.04801550732466872,0.9729555698647778
0.048017033176560316,0.9729555698647778
0.048020085171296,0.9729555698647778
0.04802161131415859,0.9729555698647778
0.04802619032483631,0.9729555698647778
0.04802771685578971,0.9729555698647778
0.04802924348378894,0.9729555698647778
0.048032297030961915,0.9729555698647778
0.04803382395015418,0.9729555698647778
0.048035350966429295,0.9729555698647778
0.0480475705927245,0.9729555698647778
0.0480536827375652,0.9729555698647778
0.04805521101676049,0.9729555698647778
0.048062853871111394,0.9729555698647778
0.04807049915693698,0.9729555698647778
0.04807202850598116,0.9729555698647778
0.04807355795234004,0.9729555698647778
0.048075087496022906,0.9729555698647778
0.048084266802443994,0.9729555698647778
0.04808732735026414,0.9729555698647778
0.04809191890257487,0.9729555698647778
0.04809498042461088,0.9729555698647778
0.048098042336463476,0.9729555698647778
0.04809957343859426,0.9729555698647778
0.04810110463820711,0.9729555698647778
0.04810416732991627,0.9729555698647778
0.0481056988220312,0.9729555698647778
0.04811642199789829,0.9729555698647778
0.048117954270428635,0.9729555698647778
0.04811948664055285,0.9729555698647778
0.048121019108280254,0.9729555698647778
0.04812255167362018,0.9729555698647778
0.04814401784291859,0.9729555698647778
0.04814708600197559,0.9729555698647778
0.04815322349341917,0.9729555698647778
0.04815782763895971,0.9729555698647778
0.0481593625498008,0.9729555698647778
0.04816089755848792,0.9729555698647778
0.04816396786943772,0.9729555698647778
0.0481655031717191,0.9729555698647778
0.048167038571883966,0.9729555698647778
0.04816857406994166,0.9729555698647778
0.04817010966590156,0.9729555698647778
0.04817164535977301,0.9729555698647778
0.04817318115156539,0.9729555698647778
0.04817471704128806,0.9729555698647778
0.04817778911456175,0.9729555698647778
0.048179325298131494,0.9729555698647778
0.04818086157966901,0.9729555698647778
0.04818239795918367,0.9729555698647778
0.048183934436684846,0.9729555698647778
0.048187007685684215,0.9729555698647778
0.048191618294316514,0.9729555698647778
0.04819315535993366,0.9729555698647778
0.04819469252360296,0.9729555698647778
0.048197767145135566,0.9729555698647778
0.04819930460301764,0.9729555698647778
0.04820084215898941,0.9729555698647778
0.048170478833700195,0.9723116548615582
0.04817201556817457,0.9723116548615582
0.04817355240070187,0.9723116548615582
0.04817508933129148,0.9723116548615582
0.04817662635995278,0.9723116548615582
0.048178163486695166,0.9723116548615582
0.04817970071152803,0.9723116548615582
0.048181238034460755,0.9723116548615582
0.04818431297466335,0.9723116548615582
0.048185850591952004,0.9723116548615582
0.048193540150644705,0.9723116548615582
0.048195078356898916,0.9723116548615582
0.048198155063998216,0.9723116548615582
0.04820123216394803,0.9723116548615582
0.048202770861265405,0.9723116548615582
0.048204309656823624,0.9723116548615582
0.048205848550632105,0.9723116548615582
0.04820738754270025,0.9723116548615582
0.04820892663303748,0.9723116548615582
0.04821200510855683,0.9723116548615582
0.04821354449375778,0.9723116548615582
0.04821508397726547,0.9723116548615582
0.048222782869734616,0.9723116548615582
0.04822586311519913,0.9723116548615582
0.04823356545071232,0.9723116548615582
0.048239729090792924,0.9723116548615582
0.048241270246956965,0.9723116548615582
0.04824281150159744,0.9723116548615582
0.04824589430634545,0.9723116548615582
0.048247435856471864,0.9723116548615582
0.04824897750511247,0.9723116548615582
0.04825360304221391,0.9723116548615582
0.04826439941187752,0.9723116548615582
0.048265942144797826,0.9723116548615582
0.04826748497634573,0.9723116548615582
0.048269027906530704,0.9723116548615582
0.04827828755954855,0.9723116548615582
0.04827983118045786,0.9723116548615582
0.048281374900079936,0.9723116548615582
0.04828291871842425,0.9723116548615582
0.04830608784670015,0.9723116548615582
0.04831072434092654,0.9723116548615582
0.048312270036794114,0.9723116548615582
0.04832309267793139,0.9723116548615582
0.048326185751776225,0.9723116548615582
0.04832773243718995,0.9723116548615582
0.048330826105047534,0.9723116548615582
0.04833392016900868,0.9723116548615582
0.048338562007810996,0.9723116548615582
0.048340109485545985,0.9723116548615582
0.04834320473827437,0.9723116548615582
0.0483447525132868,0.9723116548615582
0.04834630038741075,0.9723116548615582
0.048354041245036505,0.9723116548615582
0.04835713828220073,0.9723116548615582
0.048361784581878745,0.9723116548615582
0.048363333546857984,0.9723116548615582
0.04837107986033251,0.9723116548615582
0.048375728839623246,0.9723116548615582
0.048378828655645266,0.9723116548615582
0.04838502947962061,0.9723116548615582
0.04838657993398917,0.9723116548615582
0.04838968114084281,0.9723116548615582
0.04839433369655791,0.9723116548615582
0.04840519313992627,0.9723116548615582
0.04840674488683721,0.9723116548615582
0.04842692665405215,0.9723116548615582
0.0484548984372493,0.9723116548615582
0.048429025321736895,0.9716677398583387
0.04843213403087589,0.9716677398583387
0.04843368853511362,0.9716677398583387
0.04843679784297362,0.9716677398583387
0.048439907550077044,0.9716677398583387
0.048444572859481845,0.9716677398583387
0.04844612816232182,0.9716677398583387
0.04844768356503034,0.9716677398583387
0.04844923906761703,0.9716677398583387
0.0484523503724634,0.9716677398583387
0.048458574181117535,0.9716677398583387
0.048460130383120845,0.9716677398583387
0.048471026596428116,0.9716677398583387
0.04847881260641886,0.9716677398583387
0.048483485413185964,0.9716677398583387
0.04848660111818007,0.9716677398583387
0.04847627619904848,0.9710238248551192
0.04847783457099688,0.9710238248551192
0.048479393043142804,0.9710238248551192
0.0484840690608623,0.9710238248551192
0.0484871869071734,0.9710238248551192
0.0484887459807074,0.9710238248551192
0.04849030515450658,0.9710238248551192
0.04849342380293919,0.9710238248551192
0.04849810252781887,0.9710238248551192
0.04850278215560773,0.9710238248551192
0.04850434223222901,0.9710238248551192
0.04850902306430341,0.9710238248551192
0.04852307098268872,0.9710238248551192
0.04852463236477137,0.9710238248551192
0.048527755430410296,0.9710238248551192
0.048557444616177226,0.9710238248551192
0.04856057190700071,0.9710238248551192
0.0485621357034747,0.9710238248551192
0.04856526359859586,0.9710238248551192
0.04856682769726248,0.9710238248551192
0.04856839189667944,0.9710238248551192
0.04856995619685648,0.9710238248551192
0.04857308509952973,0.9710238248551192
0.04857464970204542,0.9710238248551192
0.048576214405360134,0.9710238248551192
0.04858090912019587,0.9710238248551192
0.04858560474257362,0.9710238248551192
0.04858717015175436,0.9710238248551192
0.04858873566181209,0.9710238248551192
0.04859186698459754,0.9710238248551192
0.04859343279734476,0.9710238248551192
0.04859499871100799,0.9710238248551192
0.04859656472559699,0.9710238248551192
0.048601263375016114,0.9710238248551192
0.048602829793405744,0.9710238248551192
0.048613797549967766,0.9710238248551192
0.048615364776427354,0.9710238248551192
0.04861849953251443,0.9710238248551192
0.04862320242471142,0.9710238248551192
0.048629474363108674,0.9710238248551192
0.04863104260053533,0.9710238248551192
0.04863261093911249,0.9710238248551192
0.048635747919757465,0.9710238248551192
0.04863731656184486,0.9710238248551192
0.0486498693421944,0.9710238248551192
0.04865457830547848,0.9710238248551192
0.04866085834140045,0.9710238248551192
0.048662428603698085,0.9710238248551192
0.0486639989673422,0.9710238248551192
0.048652138821630345,0.9703799098518996
0.04865370956285917,0.9703799098518996
0.04865528040551448,0.9703799098518996
0.04867571059431525,0.9703799098518996
0.048678855223205635,0.9703799098518996
0.04868042769002164,0.9703799098518996
0.04868200025843132,0.9703799098518996
0.04868357292844452,0.9703799098518996
0.04868514570007108,0.9703799098518996
0.04868671857332084,0.9703799098518996
0.04868829154820367,0.9703799098518996
0.04868986462472941,0.9703799098518996
0.04869143780290792,0.9703799098518996
0.048694584464262634,0.9703799098518996
0.04870245289726271,0.9703799098518996
0.04870402688901816,0.9703799098518996
0.048715047680620654,0.9703799098518996
0.04871662248658434,0.9703799098518996
0.04871819739436847,0.9703799098518996
0.048740256800025875,0.9703799098518996
0.04874340977455768,0.9703799098518996
0.0487449864148014,0.9703799098518996
0.04874656315704351,0.9703799098518996
0.04876233619155476,0.9703799098518996
0.04876391405643282,0.9703799098518996
0.04876549202342815,0.9703799098518996
0.0487362868515582,0.96973599484868
0.048737864077669904,0.96973599484868
0.04873944140587074,0.96973599484868
0.04874101883617062,0.96973599484868
0.048744174003107196,0.96973599484868
0.04875206370787608,0.96973599484868
0.04877100942388031,0.96973599484868
0.048772588898244706,0.96973599484868
0.048774168474916606,0.96973599484868
0.04878206789323659,0.96973599484868
0.04878680877255499,0.96973599484868
0.04878838927044188,0.96973599484868
0.048789969870735736,0.96973599484868
0.04879155057344651,0.96973599484868
0.04883110145585422,0.96973599484868
0.048832684824902724,0.96973599484868
0.048834268296637375,0.96973599484868
0.04883585187106816,0.96973599484868
0.04883743554820508,0.96973599484868
0.04884218719595252,0.96973599484868
0.04884377128401388,0.96973599484868
0.04884535547483134,0.96973599484868
0.04884852416477457,0.96973599484868
0.04885010866392033,0.96973599484868
0.0488516932658622,0.96973599484868
0.04885486277817427,0.96973599484868
0.04886278835858668,0.96973599484868
0.04886437378325763,0.96973599484868
0.048865959310814756,0.96973599484868
0.04886913067462764,0.96973599484868
0.048870716510903425,0.96973599484868
0.048872302450105466,0.96973599484868
0.048873888492243785,0.96973599484868
0.0488754746373284,0.96973599484868
0.04887706088536933,0.96973599484868
0.048883406907296804,0.96973599484868
0.048884993670269744,0.96973599484868
0.04888816750527512,0.96973599484868
0.04888975457732762,0.96973599484868
0.04889134175242671,0.96973599484868
0.04889292903058243,0.96973599484868
0.04889451641180481,0.96973599484868
0.048896103896103896,0.96973599484868
0.04888268156424581,0.9690920798454604
0.0489049197374407,0.9690920798454604
0.048914456578263134,0.9690920798454604
0.048919226393629126,0.9690920798454604
0.048944681127841554,0.9690920798454604
0.048946272928320544,0.9690920798454604
0.04894786483234137,0.9690920798454604
0.048949456839914134,0.9690920798454604
0.04895264116575592,0.9690920798454604
0.04895741843141082,0.9690920798454604
0.0489717558245477,0.9690920798454604
0.048973349386612866,0.9690920798454604
0.048978130695131475,0.9690920798454604
0.04897972467211247,0.9690920798454604
0.04898131875284775,0.9690920798454604
0.048984507225621664,0.9690920798454604
0.048990885416666664,0.9690920798454604
0.04899248022396562,0.9690920798454604
0.04899407513509994,0.9690920798454604
0.04899567015007976,0.9690920798454604
0.04899726526891522,0.9690920798454604
0.048998860491616475,0.9690920798454604
0.04900045581819366,0.9690920798454604
0.04900205124865692,0.9690920798454604
0.048971086220369886,0.9684481648422408
0.04897906014915166,0.9684481648422408
0.04898384575299635,0.9684481648422408
0.04898703667513517,0.9684481648422408
0.04898863229210775,0.9684481648422408
0.04899022801302932,0.9684481648422408
0.04899182383791003,0.9684481648422408
0.04899341976676005,0.9684481648422408
0.048996611936408654,0.9684481648422408
0.04899980452205643,0.9684481648422408
0.0490029975237847,0.9684481648422408
0.04901098184899143,0.9684481648422408
0.049023762182600475,0.9684481648422408
0.04902536019297216,0.9684481648422408
0.04902695830752681,0.9684481648422408
0.049028556526274615,0.9684481648422408
0.04903015484922575,0.9684481648422408
0.049033351807778826,0.9684481648422408
0.04903495044340115,0.9684481648422408
0.04903654918326758,0.9684481648422408
0.04907174785474241,0.9684481648422408
0.04907334899504046,0.9684481648422408
0.049076551589114406,0.9684481648422408
0.049079754601226995,0.9684481648422408
0.04908135626407336,0.9684481648422408
0.049084559903397405,0.9684481648422408
0.04908616187989556,0.9684481648422408
0.049087763960964786,0.9684481648422408
0.04908936614661531,0.9684481648422408
0.049090968436857396,0.9684481648422408
0.049092570831701265,0.9684481648422408
0.049094173331157176,0.9684481648422408
0.04909577593523536,0.9684481648422408
0.04910058437530606,0.9684481648422408
0.049103790525319144,0.9684481648422408
0.04911020408163265,0.9684481648422408
0.04911180773249739,0.9684481648422408
0.04911341148809718,0.9684481648422408
0.049115015348442294,0.9684481648422408
0.04911661931354299,0.9684481648422408
0.049118223383409536,0.9684481648422408
0.04911982755805219,0.9684481648422408
0.0491230362217069,0.9684481648422408
0.049126245304589256,0.9684481648422408
0.049099996733200486,0.9678042498390212
0.049119252263145854,0.9678042498390212
0.049120857572390354,0.9678042498390212
0.04912406850568702,0.9678042498390212
0.04912567412975977,0.9678042498390212
0.04913370382477934,0.9678042498390212
0.0491417361451692,0.9678042498390212
0.04914655679811654,0.9678042498390212
0.04914816389261306,0.9678042498390212
0.04915620094191523,0.9678042498390212
0.049157808667211776,0.9678042498390212
0.049159416497677765,0.9678042498390212
0.04916102443332352,0.9678042498390212
0.04916263247415936,0.9678042498390212
0.04916424062019561,0.9678042498390212
0.04916584887144259,0.9678042498390212
0.049167457227910626,0.9678042498390212
0.04916906568961005,0.9678042498390212
0.04917228292874436,0.9678042498390212
0.0491738917061999,0.9678042498390212
0.04917550058892815,0.9678042498390212
0.04918032786885246,0.9678042498390212
0.049186765716529766,0.9678042498390212
0.0491899852724595,0.9678042498390212
0.04919159520848334,0.9678042498390212
0.04919320524989363,0.9678042498390212
0.04919481539670071,0.9678042498390212
0.04919642564891493,0.9678042498390212
0.04920125703810397,0.9678042498390212
0.049202867712050284,0.9678042498390212
0.04920447849145551,0.9678042498390212
0.04920770036668413,0.9678042498390212
0.04920931146252824,0.9678042498390212
0.0492109226638727,0.9678042498390212
0.049212533970727876,0.9678042498390212
0.049214145383104126,0.9678042498390212
0.049233490566037735,0.9678042498390212
0.049235103351131786,0.9678042498390212
0.049238329238329236,0.9678042498390212
0.04923994234045341,0.9678042498390212
0.04925446501720465,0.9678042498390212
0.04925607917677132,0.9678042498390212
0.049257693442139414,0.9678042498390212
0.04925930781331935,0.9678042498390212
0.049268996263030225,0.9678042498390212
0.04927222659323367,0.9678042498390212
0.04927384191718848,0.9678042498390212
0.04927545734705921,0.9678042498390212
0.0492770728828563,0.9678042498390212
0.04928030427227122,0.9678042498390212
0.049281920125909894,0.9678042498390212
0.04928353608551661,0.9678042498390212
0.049298084492259246,0.9678042498390212
0.04930131863806338,0.9678042498390212
0.04930293587010005,0.9678042498390212
0.04930617065249483,0.9678042498390212
0.04930778820287383,0.9678042498390212
0.04931264149086256,0.9678042498390212
0.04931425946584422,0.9678042498390212
0.04931587754700266,0.9678042498390212
0.04932396954581255,0.9678042498390212
0.049332064200610495,0.9678042498390212
0.04933692226890756,0.9678042498390212
0.049338541837639104,0.9678042498390212
0.04934178129411378,0.9678042498390212
0.049343401181877876,0.9678042498390212
0.049345021176007094,0.9678042498390212
0.04934826148340283,0.9678042498390212
0.04935960591133005,0.9678042498390212
0.04936122696968702,0.9678042498390212
0.049362848134524434,0.9678042498390212
0.04936446940585279,0.9678042498390212
0.049367712268024305,0.9678042498390212
0.04936933385888845,0.9678042498390212
0.04937095555628552,0.9678042498390212
0.049372577360226,0.9678042498390212
0.04937419927072041,0.9678042498390212
0.04937582128777924,0.9678042498390212
0.04937744341141299,0.9678042498390212
0.04937906564163217,0.9678042498390212
0.049387178391877236,0.9678042498390212
0.04938880126182965,0.9678042498390212
0.04939367051168293,0.9678042498390212
0.04939529380833443,0.9678042498390212
0.049421281073260555,0.9678042498390212
0.04942290618526191,0.9678042498390212
0.04942453140414337,0.9678042498390212
0.04939327172876451,0.9671603348358017
0.049366880447294856,0.9665164198325821
0.04937337587579356,0.9665164198325821
0.049379873013784256,0.9665164198325821
0.04938149756546914,0.9665164198325821
0.049361590101355796,0.9658725048293625
0.049363214532530356,0.9658725048293625
0.04936646371564917,0.9658725048293625
0.049369713326531284,0.9658725048293625
0.04937133829240998,0.9658725048293625
0.049377839225755484,0.9658725048293625
0.04938271604938271,0.9658725048293625
0.04938434187133733,0.9658725048293625
0.04938759383642829,0.9658725048293625
0.04938921997958579,0.9658725048293625
0.049392472587177716,0.9658725048293625
0.0493940990516333,0.9658725048293625
0.04940223298093074,0.9658725048293625
0.04940874205342732,0.9658725048293625
0.04941036958956453,0.9658725048293625
0.049411997232928155,0.9658725048293625
0.049380682566873106,0.9652285898261429
0.04938230933948279,0.9652285898261429
0.049387190300474434,0.9652285898261429
0.04939044481054366,0.9652285898261429
0.0493920722264325,0.9652285898261429
0.04939532737997166,0.9652285898261429
0.04939695511764318,0.9652285898261429
0.049398582962596804,0.9652285898261429
0.0494067237969677,0.9652285898261429
0.04941975471449295,0.9652285898261429
0.0494213840625103,0.9652285898261429
0.04942301351796901,0.9652285898261429
0.04942627275125297,0.9652285898261429
0.04942790252909948,0.9652285898261429
0.049429532414429864,0.9652285898261429
0.04943116240725474,0.9652285898261429
0.04943279250758475,0.9652285898261429
0.04944094462218411,0.9652285898261429
0.049442575367768325,0.9652285898261429
0.04944746825004123,0.9652285898261429
0.04944909942600779,0.9652285898261429
0.04945073070959654,0.9652285898261429
0.049462152709034514,0.9652285898261429
0.04944057559655434,0.9645846748229234
0.04944220740642947,0.9645846748229234
0.04944383932402548,0.9645846748229234
0.04944873572324553,0.9645846748229234
0.049452000528192264,0.9645846748229234
0.049453633092337655,0.9645846748229234
0.049456898544025886,0.9645846748229234
0.04945853143159007,0.9645846748229234
0.049460164426981874,0.9645846748229234
0.04946179753021198,0.9645846748229234
0.049463430741291066,0.9645846748229234
0.049466697487038934,0.9645846748229234
0.04946833102172908,0.9645846748229234
0.04946996466431095,0.9645846748229234
0.049471598414795245,0.9645846748229234
0.04947323227319264,0.9645846748229234
0.04947486623951384,0.9645846748229234
0.04947650031376953,0.9645846748229234
0.049478134495970404,0.9645846748229234
0.04948630702652704,0.9645846748229234
0.04948794185662372,0.9645846748229234
0.049489576794740496,0.9645846748229234
0.049494482257318444,0.9645846748229234
0.04949611762762267,0.9645846748229234
0.049501024387020025,0.9645846748229234
0.04950266018968309,0.9645846748229234
0.04952393546680772,0.9645846748229234
0.04952557278407776,0.9645846748229234
0.049527210209614494,0.9645846748229234
0.04952884774342867,0.9645846748229234
0.049530485385531016,0.9645846748229234
0.049532123135932284,0.9645846748229234
0.04953376099464321,0.9645846748229234
0.049541951913218904,0.9645846748229234
0.04954850659874971,0.9645846748229234
0.049555063018955306,0.9645846748229234
0.04955998147290412,0.9645846748229234
0.0495616211745244,0.9645846748229234
0.049563260984647965,0.9645846748229234
0.049579665055934335,0.9645846748229234
0.04958130606030517,0.9645846748229234
0.04958294717330862,0.9645846748229234
0.04958458839495548,0.9645846748229234
0.0495911543681928,0.9645846748229234
0.04959279613321856,0.9645846748229234
0.04959443800695249,0.9645846748229234
0.04960100658918579,0.9645846748229234
0.049602649006622514,0.9645846748229234
0.049607576911613736,0.9645846748229234
0.04962236650324632,0.9645846748229234
0.04962401033557492,0.9645846748229234
0.04962565427681707,0.9645846748229234
0.0496272983269836,0.9645846748229234
0.049615537584515444,0.9639407598197038
0.04962047134475787,0.9639407598197038
0.049622116149562454,0.9639407598197038
0.049627051218299356,0.9639407598197038
0.04963034180950171,0.9639407598197038
0.049633632837107526,0.9639407598197038
0.04963527851458886,0.9639407598197038
0.049636924301203623,0.9639407598197038
0.04964021620187684,0.9639407598197038
0.04964350853921406,0.9639407598197038
0.04964515487165882,0.9639407598197038
0.049673159239473075,0.9639407598197038
0.04967975309461388,0.9639407598197038
0.049683050678702996,0.9639407598197038
0.049686348700587475,0.9639407598197038
0.049687997875730215,0.9639407598197038
0.0496896471603545,0.9639407598197038
0.049697895226080605,0.9639407598197038
0.04970284537999269,0.9639407598197038
0.0497044956504416,0.9639407598197038
0.049706146030481124,0.9639407598197038
0.049707796520122194,0.9639407598197038
0.04976397845887907,0.9639407598197038
0.049767287234042556,0.9639407598197038
0.049768941786628544,0.9639407598197038
0.049770596449232,0.9639407598197038
0.049772251221863885,0.9639407598197038
0.04977887141289529,0.9639407598197038
0.049780526735833996,0.9639407598197038
0.0497854933652599,0.9639407598197038
0.049787149128641746,0.9639407598197038
0.04979046098583117,0.9639407598197038
0.04979211707966073,0.9639407598197038
0.049793773283661524,0.9639407598197038
0.049795429597844526,0.9639407598197038
0.04979708602222074,0.9639407598197038
0.04979874255680117,0.9639407598197038
0.04980205595661865,0.9639407598197038
0.04981365632902968,0.9639407598197038
0.049815313966257366,0.9639407598197038
0.04981697171381032,0.9639407598197038
0.04981862957169956,0.9639407598197038
0.04984351068788706,0.9639407598197038
0.049845170312656076,0.9639407598197038
0.049846830047948855,0.9639407598197038
0.04985347009457839,0.9639407598197038
0.04985513038265561,0.9639407598197038
0.04985679078132285,0.9639407598197038
0.049858451290591174,0.9639407598197038
0.04986011191047162,0.9639407598197038
0.04986343348211312,0.9639407598197038
0.04986509443389627,0.9639407598197038
0.04987672419537549,0.9639407598197038
0.049880047980807675,0.9639407598197038
0.049881710039652125,0.9639407598197038
0.04989334755365951,0.9639407598197038
0.04989501049895011,0.9639407598197038
0.049896673555096326,0.9639407598197038
0.0499,0.9639407598197038
0.049901663388779625,0.9639407598197038
0.04990332688845923,0.9639407598197038
0.0499049904990499,0.9639407598197038
0.04990998199639928,0.9639407598197038
0.049911646050745176,0.9639407598197038
0.049916638879626545,0.9639407598197038
0.04991830337790523,0.9639407598197038
0.04991996798719488,0.9639407598197038
0.04992163270750659,0.9639407598197038
0.04992496248124062,0.9639407598197038
0.049926627534685165,0.9639407598197038
0.049928292699196214,0.9639407598197038
0.04992995797478487,0.9639407598197038
0.04993162336146226,0.9639407598197038
0.04993328885923949,0.9639407598197038
0.04994495045540987,0.9639407598197038
0.04994661684238623,0.9639407598197038
0.04994994994994995,0.9639407598197038
0.04995161667055958,0.9639407598197038
0.049953283502402565,0.9639407598197038
0.04996161933050763,0.9639407598197038
0.049963286829984646,0.9639407598197038
0.04996828999632832,0.9639407598197038
0.04996995794111756,0.9639407598197038
0.04997162599726274,0.9639407598197038
0.049973294164775,0.9639407598197038
0.049978299335625816,0.9639407598197038
0.04998497445657618,0.9639407598197038
0.04998664351542674,0.9639407598197038
0.049991651360828185,0.9639407598197038
0.049993320865615816,0.9639407598197038
0.04999666020973883,0.9639407598197038
0.05,0.9639407598197038
0.050001670062460334,0.9639407598197038
0.0500050105220964,0.9639407598197038
0.050010022048506714,0.9639407598197038
0.05003342245989305,0.9639407598197038
0.05003509475584077,0.9639407598197038
0.05003676716358045,0.9639407598197038
0.050043457912683026,0.9639407598197038
0.050011700598402035,0.9632968448164843
0.05001337255950789,0.9632968448164843
0.05001671681711802,0.9632968448164843
0.05001838911364472,0.9632968448164843
0.0500200615220008,0.9632968448164843
0.05002173404219748,0.9632968448164843
0.05002340667424597,0.9632968448164843
0.0500250794181575,0.9632968448164843
0.05003009832118253,0.9632968448164843
0.05003679175864607,0.9632968448164843
0.05005688282138794,0.9632968448164843
0.05006023290054879,0.9632968448164843
0.05006190810828899,0.9632968448164843
0.050063583428150725,0.9632968448164843
0.05006525886014524,0.9632968448164843
0.05007866635423292,0.9632968448164843
0.0500803427959293,0.9632968448164843
0.050083696016069636,0.9632968448164843
0.05008537279453614,0.9632968448164843
0.050095435823594416,0.9632968448164843
0.05009711338825263,0.9632968448164843
0.05010046885465506,0.9632968448164843
0.05010214675642185,0.9632968448164843
0.05010382477058075,0.9632968448164843
0.05011221652765216,0.9632968448164843
0.05011389521640091,0.9632968448164843
0.05012396971118408,0.9632968448164843
0.05012564918746859,0.9632968448164843
0.050127328776303444,0.9632968448164843
0.050129008477699966,0.9632968448164843
0.05013068829166946,0.9632968448164843
0.05013572840912899,0.9632968448164843
0.050103894362892955,0.9626529298132647
0.05010557361665047,0.9626529298132647
0.05010725298297359,0.9626529298132647
0.05011061205336194,0.9626529298132647
0.0501122917574498,0.9626529298132647
0.05011397157414856,0.9626529298132647
0.050082129328550835,0.9620090148100451
0.05010228377879875,0.9620090148100451
0.050107324926214114,0.9620090148100451
0.050110686254779636,0.9620090148100451
0.05011404803434859,0.9620090148100451
0.050115729093287716,0.9620090148100451
0.05011909154953202,0.9620090148100451
0.05012581781580272,0.9620090148100451
0.05013591060102688,0.9620090148100451
0.05014937397200497,0.9620090148100451
0.050152740944643996,0.9620090148100451
0.05015442460051027,0.9620090148100451
0.0501561083694229,0.9620090148100451
0.05015947624643277,0.9620090148100451
0.0501628445757647,0.9620090148100451
0.05016621335750982,0.9620090148100451
0.050171267378601656,0.9620090148100451
0.05017295227860429,0.9620090148100451
0.050174637291778616,0.9620090148100451
0.05017632241813602,0.9620090148100451
0.050178007657687915,0.9620090148100451
0.050179693010445704,0.9620090148100451
0.0501813784764208,0.9620090148100451
0.0501830640556246,0.9620090148100451
0.050184749748068525,0.9620090148100451
0.050188121472722384,0.9620090148100451
0.05019317990928943,0.9620090148100451
0.05019992607775276,0.9620090148100451
0.050201612903225806,0.9620090148100451
0.05020498689428053,0.9620090148100451
0.05021004873130566,0.9620090148100451
0.05021342385641784,0.9620090148100451
0.050215111589136864,0.9620090148100451
0.0502167994353131,0.9620090148100451
0.05021848739495798,0.9620090148100451
0.050247200080718396,0.9620090148100451
0.05025734181047532,0.9620090148100451
0.05025903249680414,0.9620090148100451
0.0502624142107388,0.9620090148100451
0.05026410523836759,0.9620090148100451
0.05026579637978602,0.9620090148100451
0.05027087048689391,0.9620090148100451
0.05027932960893855,0.9620090148100451
0.05029117716363147,0.9620090148100451
0.050318278266141256,0.9620090148100451
0.0503216679578295,0.9620090148100451
0.05032336297493937,0.9620090148100451
0.05032505810624179,0.9620090148100451
0.050330144185419756,0.9620090148100451
0.05033183977360779,0.9620090148100451
0.05034031942853292,0.9620090148100451
0.0503420157023958,0.9620090148100451
0.05034540859309183,0.9620090148100451
0.050347105209948104,0.9620090148100451
0.05034880194115863,0.9620090148100451
0.05035049878673497,0.9620090148100451
0.050353892821031344,0.9620090148100451
0.050367473535162834,0.9620090148100451
0.0503725681917799,0.9620090148100451
0.050377663879147556,0.9620090148100451
0.050381061576853035,0.9620090148100451
0.05038276059757866,0.9620090148100451
0.05038785834738617,0.9620090148100451
0.050401457391539034,0.9620090148100451
0.05040315778819878,0.9620090148100451
0.050408259666644174,0.9620090148100451
0.050381318755483566,0.9613650998068255
0.05038301893159653,0.9613650998068255
0.0503847192224622,0.9613650998068255
0.0503864196280922,0.9613650998068255
0.05039492337811382,0.9613650998068255
0.05039662447257384,0.9613650998068255
0.05039832568187956,0.9613650998068255
0.050400027006042604,0.9613650998068255
0.05040172844507461,0.9613650998068255
0.050403429998987205,0.9613650998068255
0.050405131667792036,0.9613650998068255
0.050408535350124926,0.9613650998068255
0.050411939492166394,0.9613650998068255
0.05041364173560696,0.9613650998068255
0.050417046567385944,0.9613650998068255
0.05041874915574767,0.9613650998068255
0.050420451859106416,0.9613650998068255
0.050423857610861565,0.9613650998068255
0.05042556065928128,0.9613650998068255
0.05043407762726751,0.9613650998068255
0.05043578136612391,0.9613650998068255
0.0504408932734214,0.9613650998068255
0.05044259747280222,0.9613650998068255
0.05044600621705636,0.9613650998068255
0.050447710761953035,0.9613650998068255
0.05045112019734397,0.9613650998068255
0.050452825087861586,0.9613650998068255
0.05045453009360954,0.9613650998068255
0.05045794045084322,0.9613650998068255
0.05045964580235231,0.9613650998068255
0.05046305685121341,0.9613650998068255
0.050468174289287765,0.9613650998068255
0.05046988033263471,0.9613650998068255
0.05047329276538202,0.9613650998068255
0.050478412279812014,0.9613650998068255
0.0504869471121331,0.9613650998068255
0.05049036185322962,0.9613650998068255
0.05049548483106166,0.9613650998068255
0.050502317085546124,0.9613650998068255
0.05050402543806238,0.9613650998068255
0.050505733906160144,0.9613650998068255
0.05050744248985115,0.9613650998068255
0.05050915118914713,0.9613650998068255
0.05051086000405981,0.9613650998068255
0.05051256893460094,0.9613650998068255
0.05051940581328461,0.9613650998068255
0.05052111532214402,0.9613650998068255
0.050522824946702315,0.9613650998068255
0.050526244542962534,0.9613650998068255
0.050527954514687966,0.9613650998068255
0.05052966460215927,0.9613650998068255
0.05053137480538821,0.9613650998068255
0.05053308512438653,0.9613650998068255
0.05055875380968507,0.9613650998068255
0.050565603197182146,0.9613650998068255
0.05056731583403895,0.9613650998068255
0.05056902858691234,0.9613650998068255
0.05057074145581411,0.9613650998068255
0.050572454440756046,0.9613650998068255
0.05057416754174994,0.9613650998068255
0.05058102110648101,0.9613650998068255
0.05058273478791164,0.9613650998068255
0.05058444858546502,0.9613650998068255
0.050586162499152945,0.9613650998068255
0.050587876528987226,0.9613650998068255
0.05059301931548628,0.9613650998068255
0.05062389800623898,0.9613650998068255
0.050625614594283004,0.9613650998068255
0.05063248211076067,0.9613650998068255
0.050634199281014716,0.9613650998068255
0.05063591656774631,0.9613650998068255
0.0506376339709673,0.9613650998068255
0.05063935149068955,0.9613650998068255
0.05064278687968522,0.9613650998068255
0.05064450474898236,0.9613650998068255
0.05064622273482818,0.9613650998068255
0.05064794083723455,0.9613650998068255
0.05065481441270272,0.9613650998068255
0.050656533098089776,0.9613650998068255
0.05065825190010858,0.9613650998068255
0.05066168985408891,0.9613650998068255
0.05066340900607418,0.9613650998068255
0.0506651282747387,0.9613650998068255
0.05066684766009434,0.9613650998068255
0.05067028678092652,0.9613650998068255
0.05067372636866579,0.9613650998068255
0.050675446337655285,0.9613650998068255
0.05068232738135651,0.9613650998068255
0.050685768604019556,0.9613650998068255
0.05068748939059582,0.9613650998068255
0.050690931314297354,0.9613650998068255
0.05069437370547689,0.9613650998068255
0.05069609507640068,0.9613650998068255
0.05069953816897582,0.9613650998068255
0.050704703684836136,0.9613650998068255
0.05070642575736992,0.9613650998068255
0.050708147946880416,0.9613650998068255
0.050737443077550466,0.9613650998068255
0.05074089178901577,0.9613650998068255
0.050742616320565544,0.9613650998068255
0.050751240736963764,0.9613650998068255
0.050752965972056974,0.9613650998068255
0.05075814238117903,0.9613650998068255
0.05076849836779108,0.9613650998068255
0.05077195130245528,0.9613650998068255
0.05077540470684261,0.9613650998068255
0.050777131585212396,0.9613650998068255
0.05077885858104891,0.9613650998068255
0.05078576773930199,0.9613650998068255
0.05078749532265197,0.9613650998068255
0.050789223023540615,0.9613650998068255
0.05079095084197993,0.9613650998068255
0.0507926787779819,0.9613650998068255
0.05079440683155854,0.9613650998068255
0.050801320221851715,0.9613650998068255
0.05080304886348169,0.9613650998068255
0.05080650649969373,0.9613650998068255
0.05081169383657217,0.9613650998068255
0.05081342318426248,0.9613650998068255
0.050818611933694136,0.9613650998068255
0.050820341752331674,0.9613650998068255
0.050822071688736085,0.9613650998068255
0.05082380174291939,0.9613650998068255
0.050830723137682145,0.9613650998068255
0.05083245378094038,0.9613650998068255
0.05083418454204971,0.9613650998068255
0.050835915421022164,0.9613650998068255
0.05083764641786979,0.9613650998068255
0.05084110876523871,0.9613650998068255
0.0508428401157841,0.9613650998068255
0.05084630317065695,0.9613650998068255
0.050849766697319575,0.9613650998068255
0.05085149863760218,0.9613650998068255
0.05085669516639984,0.9613650998068255
0.05086016010901039,0.9613650998068255
0.05087055777028178,0.9613650998068255
0.05088442793360826,0.9613650998068255
0.050896570532487896,0.9613650998068255
0.05089830566256435,0.9613650998068255
0.050900040910950496,0.9613650998068255
0.05090177627765845,0.9613650998068255
0.050903511762700304,0.9613650998068255
0.050908718927950354,0.9613650998068255
0.05091045488644889,0.9613650998068255
0.05091392715864138,0.9613650998068255
0.05091566347235958,0.9613650998068255
0.05091739990450856,0.9613650998068255
0.05091913645510044,0.9613650998068255
0.05092087312414734,0.9613650998068255
0.05092260991166138,0.9613650998068255
0.05094867594867595,0.9613650998068255
0.050952153436625486,0.9613650998068255
0.05095563139931741,0.9613650998068255
0.05095737055872214,0.9613650998068255
0.05097476868448906,0.9613650998068255
0.05097650915050533,0.9613650998068255
0.05097824973537747,0.9613650998068255
0.05097999043911767,0.9613650998068255
0.05098869574126567,0.9613650998068255
0.050990437158469945,0.9613650998068255
0.05100263041027568,0.9613650998068255
0.05100785787495729,0.9613650998068255
0.0510130864113165,0.9613650998068255
0.05101657269776183,0.9613650998068255
0.05101831601968289,0.9613650998068255
0.05102354670038618,0.9613650998068255
0.05102529049897471,0.9613650998068255
0.051030522609973684,0.9613650998068255
0.05103226688542521,0.9613650998068255
0.05103575579407944,0.9613650998068255
0.051040990051622166,0.9613650998068255
0.05104797073204089,0.9613650998068255
0.051051461788339886,0.9613650998068255
0.05105320749555464,0.9613650998068255
0.05106193782277096,0.9613650998068255
0.05106368424652849,0.9613650998068255
0.05107765993841943,0.9613650998068255
0.05108290279536046,0.9613650998068255
0.051091643282458424,0.9613650998068255
0.051093391738817974,0.9613650998068255
0.05112488442968188,0.9613650998068255
0.05112663516197521,0.9613650998068255
0.051128386014177594,0.9613650998068255
0.05113013698630137,0.9613650998068255
0.05113188807835885,0.9613650998068255
0.051133639290362354,0.9613650998068255
0.05112215179030324,0.9607211848036059
0.05113616890016109,0.9607211848036059
0.05114668677796442,0.9607211848036059
0.05115194733955019,0.9607211848036059
0.05115720898337048,0.9607211848036059
0.05128557679087034,0.9607211848036059
0.051287339727063355,0.9607211848036059
0.05128910278446201,0.9607211848036059
0.05129086596307883,0.9607211848036059
0.05129262926292629,0.9607211848036059
0.05129791988997765,0.9607211848036059
0.05129968367487278,0.9607211848036059
0.05130321160855512,0.9607211848036059
0.05130497575736735,0.9607211848036059
0.05130850441899653,0.9607211848036059
0.05131203356604877,0.9607211848036059
0.05131379832163984,0.9607211848036059
0.05131556319862425,0.9607211848036059
0.05131909331682317,0.9607211848036059
0.05132262392074576,0.9607211848036059
0.051333218647858246,0.9607211848036059
0.05133498486099642,0.9607211848036059
0.05135265367935568,0.9607211848036059
0.05135618890265731,0.9607211848036059
0.05135795669684348,0.9607211848036059
0.05135972461273666,0.9607211848036059
0.05136149265034941,0.9607211848036059
0.0513632608096943,0.9607211848036059
0.051366797493630795,0.9607211848036059
0.05136856601824755,0.9607211848036059
0.051419906258615936,0.9607211848036059
0.05142167844218508,0.9607211848036059
0.0514234507479148,0.9607211848036059
0.051425223175817734,0.9607211848036059
0.05142699572590652,0.9607211848036059
0.05142876839819379,0.9607211848036059
0.05143054119269218,0.9607211848036059
0.051435860309580445,0.9607211848036059
0.05143763359304972,0.9607211848036059
0.051441180526823886,0.9607211848036059
0.05144650184476397,0.9607211848036059
0.051448275862068966,0.9607211848036059
0.051450050001724194,0.9607211848036059
0.05145714778410071,0.9607211848036059
0.05145892253569704,0.9607211848036059
0.051464247525093994,0.9607211848036059
0.0514660227664712,0.9607211848036059
0.051473124956875733,0.9607211848036059
0.05147490081076419,0.9607211848036059
0.051476676787192935,0.9607211848036059
0.051480229107722035,0.9607211848036059
0.05148378191856453,0.9607211848036059
0.05148555850788502,0.9607211848036059
0.051487335219821934,0.9607211848036059
0.05148911205438796,0.9607211848036059
0.051490889011595806,0.9607211848036059
0.05149266609145815,0.9607211848036059
0.05149799806709927,0.9607211848036059
0.051554941257774704,0.9607211848036059
0.05156206801216478,0.9607211848036059
0.051563850008640055,0.9607211848036059
0.051565632128291974,0.9607211848036059
0.05158167675021608,0.9607211848036059
0.05158346010233716,0.9607211848036059
0.05159237871295688,0.9607211848036059
0.051594162805173246,0.9607211848036059
0.05159594702078362,0.9607211848036059
0.05160486995019369,0.9607211848036059
0.051606654906437,0.9607211848036059
0.051608439986163955,0.9607211848036059
0.05161022518938739,0.9607211848036059
0.05161379596637493,0.9607211848036059
0.05161736723750216,0.9607211848036059
0.05161915305840022,0.9607211848036059
0.05163165726546008,0.9607211848036059
0.05163701806603447,0.9607211848036059
0.05163880524694563,0.9607211848036059
0.05164059255157137,0.9607211848036059
0.051642379979924546,0.9607211848036059
0.051644167532018,0.9607211848036059
0.05164595520786459,0.9607211848036059
0.051647743007477154,0.9607211848036059
0.051649530930868555,0.9607211848036059
0.05165489544384434,0.9607211848036059
0.05165668386247966,0.9607211848036059
0.051658472404958106,0.9607211848036059
0.05166026107129255,0.9607211848036059
0.0516924782593632,0.9607211848036059
0.05169606042756661,0.9607211848036059
0.051697851697851696,0.9607211848036059
0.0517068099116271,0.9607211848036059
0.051708601926942536,0.9607211848036059
0.05171039406647489,0.9607211848036059
0.051712186330237074,0.9607211848036059
0.051713978718242,0.9607211848036059
0.05171935662784249,0.9607211848036059
0.05172473565609291,0.9607211848036059
0.05172652891415892,0.9607211848036059
0.05173370319001387,0.9607211848036059
0.051737291074277,0.9607211848036059
0.051739085203037764,0.9607211848036059
0.05174087945623526,0.9607211848036059
0.05174446833599223,0.9607211848036059
0.051749852589226875,0.9607211848036059
0.051764216077438155,0.9607211848036059
0.05177319730723853,0.9607211848036059
0.051778587541211174,0.9607211848036059
0.05178038453529534,0.9607211848036059
0.051789371377000244,0.9607211848036059
0.05179296698719062,0.9607211848036059
0.051807354422028544,0.9607211848036059
0.05180915341343149,0.9607211848036059
0.05181635062860318,0.9607211848036059
0.051827150201472834,0.9607211848036059
0.05182895056796471,0.9607211848036059
0.05183075105954283,0.9607211848036059
0.05183435241801001,0.9607211848036059
0.05183615328492513,0.9607211848036059
0.05184335800410021,0.9607211848036059
0.051845159496837864,0.9607211848036059
0.05184696111477916,0.9607211848036059
0.05184876285793717,0.9607211848036059
0.05187400041721716,0.9607211848036059
0.05187580404019332,0.9607211848036059
0.051879411662436106,0.9607211848036059
0.05188121566172891,0.9607211848036059
0.05188301978648677,0.9607211848036059
0.05189023754043057,0.9607211848036059
0.05189204229271007,0.9607211848036059
0.05189745730286271,0.9607211848036059
0.0518992625573953,0.9607211848036059
0.05190467907462167,0.9607211848036059
0.051906484831617035,0.9607211848036059
0.05190829071426086,0.9607211848036059
0.05191009672256628,0.9607211848036059
0.0519119028565464,0.9607211848036059
0.05191912864947629,0.9607211848036059
0.05192093541202673,0.9607211848036059
0.05192274230033061,0.9607211848036059
0.05192454931440106,0.9607211848036059
0.05192997111134315,0.9607211848036059
0.05194443477352644,0.9607211848036059
0.05194805194805195,0.9607211848036059
0.051949860724233986,0.9607211848036059
0.051951669626379746,0.9607211848036059
0.0519534786545024,0.9607211848036059
0.05195528780861511,0.9607211848036059
0.05195709708873102,0.9607211848036059
0.05195890649486331,0.9607211848036059
0.05196252568522969,0.9607211848036059
0.05196433546949011,0.9607211848036059
0.051966145379819584,0.9607211848036059
0.051967955416231275,0.9607211848036059
0.051998745338584326,0.9607211848036059
0.0520005576467308,0.9607211848036059
0.05200418264203555,0.9607211848036059
0.05200599532922026,0.9607211848036059
0.052007808142777466,0.9607211848036059
0.0520096210827204,0.9607211848036059
0.05201143414906226,0.9607211848036059
0.05201324734181628,0.9607211848036059
0.05202775743627297,0.9607211848036059
0.05202957176733156,0.9607211848036059
0.05203320080909535,0.9607211848036059
0.05204953776382348,0.9607211848036059
0.05205316959145937,0.9607211848036059
0.05205498569534575,0.9607211848036059
0.052056801925962105,0.9607211848036059
0.0520586182833217,0.9607211848036059
0.0520604347674378,0.9607211848036059
0.0520640681159926,0.9607211848036059
0.05206588498045785,0.9607211848036059
0.05209315317202612,0.9607211848036059
0.052102248917446574,0.9607211848036059
0.052105888105049944,0.9607211848036059
0.05210770788949813,0.9607211848036059
0.05210952780106175,0.9607211848036059
0.052111347839754116,0.9607211848036059
0.052116808718736904,0.9607211848036059
0.05211862926607748,0.9607211848036059
0.05212044994061343,0.9607211848036059
0.052124091671324764,0.9607211848036059
0.05212591272752681,0.9607211848036059
0.05213137665967855,0.9607211848036059
0.05213319822495545,0.9607211848036059
0.05213866368465194,0.9607211848036059
0.05214595274709912,0.9607211848036059
0.05215689016290289,0.9607211848036059
0.052162360591546345,0.9607211848036059
0.05216418432277463,0.9607211848036059
0.052166008181532116,0.9607211848036059
0.05216965628168817,0.9607211848036059
0.0521714805231135,0.9607211848036059
0.052182428651371016,0.9607211848036059
0.0521860790486184,0.9607211848036059
0.0521933813754985,0.9607211848036059
0.052222611130556526,0.9607211848036059
0.05222443907732157,0.9607211848036059
0.052229923685500244,0.9607211848036059
0.05220222673482249,0.9600772698003863
0.05223514573991032,0.9600772698003863
0.05223880597014925,0.9600772698003863
0.052240636277635685,0.9600772698003863
0.05224246671338472,0.9600772698003863
0.05224429727740986,0.9600772698003863
0.052246127969724575,0.9600772698003863
0.05225162081654109,0.9600772698003863
0.05225345202214902,0.9600772698003863
0.05225528335611397,0.9600772698003863
0.05225711481844946,0.9600772698003863
0.05225894640916898,0.9600772698003863
0.052260778128286015,0.9600772698003863
0.05226993865030675,0.9600772698003863
0.05227177114009255,0.9600772698003863
0.052288269331930565,0.9600772698003863
0.052290103107245564,0.9600772698003863
0.052293771043771045,0.9600772698003863
0.05230110846078294,0.9600772698003863
0.052313953896354515,0.9600772698003863
0.052319461014808055,0.9600772698003863
0.05233231546804254,0.9600772698003863
0.05233782645324347,0.9600772698003863
0.052339663706251975,0.9600772698003863
0.05234150108825388,0.9600772698003863
0.05237275633144824,0.9600772698003863
0.05237459603765632,0.9600772698003863
0.05237827583784164,0.9600772698003863
0.05238747760092759,0.9600772698003863
0.052389318341531974,0.9600772698003863
0.052405890829847805,0.9600772698003863
0.052407732864674865,0.9600772698003863
0.05242431700713758,0.9600772698003863
0.05242616033755274,0.9600772698003863
0.05242800379760189,0.9600772698003863
0.052435378934411817,0.9600772698003863
0.05243722304283604,0.9600772698003863
0.05243906728097633,0.9600772698003863
0.05244091164884637,0.9600772698003863
0.05244275614645985,0.9600772698003863
0.052451980581158096,0.9600772698003863
0.05245382585751979,0.9600772698003863
0.05246120826149678,0.9600772698003863
0.05246490024279531,0.9600772698003863
0.0525,0.9600772698003863
0.052511093893076004,0.9600772698003863
0.052512943331102735,0.9600772698003863
0.05251479289940828,0.9600772698003863
0.05251849242691088,0.9600772698003863
0.052520342386135475,0.9600772698003863
0.05252219247569395,0.9600772698003863
0.05252589304586768,0.9600772698003863
0.05252774352651048,0.9600772698003863
0.052529594137542275,0.9600772698003863
0.05253329575082799,0.9600772698003863
0.052544403721454754,0.9600772698003863
0.05254625550660793,0.9600772698003863
0.052549959468508795,0.9600772698003863
0.05256478053939714,0.9600772698003863
0.052566633761105624,0.9600772698003863
0.052568487113492934,0.9600772698003863
0.05257034059657288,0.9600772698003863
0.05257404795486601,0.9600772698003863
0.05257960997284621,0.9600772698003863
0.052583318638688065,0.9600772698003863
0.052588882618510156,0.9600772698003863
0.05259073754012204,0.9600772698003863
0.05259444777593566,0.9600772698003863
0.05259815853529474,0.9600772698003863
0.05260001411133846,0.9600772698003863
0.05261115031757234,0.9600772698003863
0.052613006810402624,0.9600772698003863
0.05261672018915199,0.9600772698003863
0.052622291240206114,0.9600772698003863
0.05262414851939434,0.9600772698003863
0.05262600592969081,0.9600772698003863
0.052627863471109385,0.9600772698003863
0.05262972114366396,0.9600772698003863
0.05264086993362519,0.9600772698003863
0.052642728524520704,0.9600772698003863
0.05264458724666337,0.9600772698003863
0.05268923598840908,0.9600772698003863
0.052692960135708226,0.9600772698003863
0.052698547343865976,0.9600772698003863
0.05270227280760666,0.9600772698003863
0.05271904391485751,0.9600772698003863
0.05272090803012623,0.9600772698003863
0.05272277227722772,0.9600772698003863
0.05272463665617596,0.9600772698003863
0.052726501166984935,0.9600772698003863
0.05273396052910802,0.9600772698003863
0.052735825699430555,0.9600772698003863
0.05273769100169779,0.9600772698003863
0.052754484661925484,0.9600772698003863
0.0527787610619469,0.9600772698003863
0.05278249787595582,0.9600772698003863
0.05278623521914608,0.9600772698003863
0.05278810408921933,0.9600772698003863
0.05279184222639238,0.9600772698003863
0.05279371149352029,0.9600772698003863
0.05280118988596926,0.9600772698003863
0.052803059815136166,0.9600772698003863
0.05280492987675308,0.9600772698003863
0.05281428217208034,0.9600772698003863
0.05281802401785398,0.9600772698003863
0.05282738095238095,0.9600772698003863
0.05282925273712929,0.9600772698003863
0.05283112465452484,0.9600772698003863
0.05283486888731396,0.9600772698003863
0.052836741202735744,0.9600772698003863
0.05283861365086115,0.9600772698003863
0.052840486231704294,0.9600772698003863
0.05284235894527928,0.9600772698003863
0.052844231791600214,0.9600772698003863
0.052846104770681225,0.9600772698003863
0.052847977882536416,0.9600772698003863
0.05284985112717992,0.9600772698003863
0.05285172450462586,0.9600772698003863
0.0528554716579815,0.9600772698003863
0.05285921934271635,0.9600772698003863
0.0528610933843863,0.9600772698003863
0.052907987651254394,0.9600772698003863
0.05290986515259049,0.9600772698003863
0.05291174278718194,0.9600772698003863
0.05292301139388776,0.9600772698003863
0.05293804367122315,0.9600772698003863
0.052943682977061285,0.9600772698003863
0.0529455630126771,0.9600772698003863
0.052956846030900374,0.9600772698003863
0.052960608105708094,0.9600772698003863
0.05297377957791516,0.9600772698003863
0.05299825827320229,0.9600772698003863
0.05300391041592606,0.9600772698003863
0.05300579473141598,0.9600772698003863
0.05300767918088737,0.9600772698003863
0.05301144848183176,0.9600772698003863
0.053013333333333336,0.9600772698003863
0.05301521831887356,0.9600772698003863
0.05302275960170697,0.9600772698003863
0.053026531047727435,0.9600772698003863
0.053049170995516974,0.9600772698003863
0.053051058530510585,0.9600772698003863
0.053056721941498824,0.9600772698003863
0.053064275037369206,0.9600772698003863
0.05306994127068874,0.9600772698003863
0.05307183028404642,0.9600772698003863
0.05307371943188695,0.9600772698003863
0.05307749813107401,0.9600772698003863
0.05307938768244927,0.9600772698003863
0.05308127736836484,0.9600772698003863
0.05308316718883509,0.9600772698003863
0.05308505714387439,0.9600772698003863
0.053092618310009616,0.9600772698003863
0.053094508938109825,0.9600772698003863
0.053096399700865354,0.9600772698003863
0.053100181630399944,0.9600772698003863
0.053117206982543644,0.9600772698003863
0.05312099187687046,0.9600772698003863
0.053126670229823626,0.9600772698003863
0.053128563283922466,0.9600772698003863
0.05313234979687834,0.9600772698003863
0.05313424325576423,0.9600772698003863
0.05313613684960798,0.9600772698003863
0.053138030578424034,0.9600772698003863
0.05314181844103076,0.9600772698003863
0.0531437125748503,0.9600772698003863
0.05314560684369987,0.9600772698003863
0.053147501247593924,0.9600772698003863
0.05336244228910919,0.9600772698003863
0.05336435218324982,0.9600772698003863
0.053371993127147764,0.9600772698003863
0.053375814419703585,0.9600772698003863
0.05337772527118462,0.9600772698003863
0.05337963625948733,0.9600772698003863
0.05338537004547245,0.9600772698003863
0.053391105063381794,0.9600772698003863
0.053393017009847804,0.9600772698003863
0.053394929093253114,0.9600772698003863
0.05340449156488413,0.9600772698003863
0.05340640447023426,0.9600772698003863
0.053408317512626716,0.9600772698003863
0.053410230692076226,0.9600772698003863
0.05339927606350572,0.9594333547971667
0.05340118987886173,0.9594333547971667
0.053405017921146956,0.9594333547971667
0.053406932148105664,0.9594333547971667
0.053408846512294786,0.9594333547971667
0.053410761013729074,0.9594333547971667
0.05341267565242329,0.9594333547971667
0.05341459042839219,0.9594333547971667
0.0534184203922131,0.9594333547971667
0.05342033558009465,0.9594333547971667
0.053422250905309956,0.9594333547971667
0.05342416636787379,0.9594333547971667
0.05342608196780092,0.9594333547971667
0.05342799770510614,0.9594333547971667
0.05342991357980421,0.9594333547971667
0.05343182959190992,0.9594333547971667
0.05345675026010835,0.9594333547971667
0.05345866819747417,0.9594333547971667
0.05346058627246959,0.9594333547971667
0.05346250448510944,0.9594333547971667
0.05346442283540852,0.9594333547971667
0.053466341323381655,0.9594333547971667
0.053468259949043674,0.9594333547971667
0.05347017871240939,0.9594333547971667
0.053474016652311225,0.9594333547971667
0.053475935828877004,0.9594333547971667
0.053479774595312446,0.9594333547971667
0.05348169418521177,0.9594333547971667
0.05348361391291863,0.9594333547971667
0.05348937392303274,0.9594333547971667
0.05349129420211811,0.9594333547971667
0.053495135173948945,0.9594333547971667
0.05350281877266688,0.9594333547971667
0.05352203742950537,0.9594333547971667
0.05352588281783238,0.9594333547971667
0.05352780571921253,0.9594333547971667
0.05352972875875696,0.9594333547971667
0.053531651936480566,0.9594333547971667
0.053556665827971674,0.9594333547971667
0.053558590941768514,0.9594333547971667
0.053572070614460864,0.9594333547971667
0.053573996835898176,0.9594333547971667
0.05358170310701956,0.9594333547971667
0.05358363002121768,0.9594333547971667
0.0535855570740128,0.9594333547971667
0.053587484265419885,0.9594333547971667
0.05359326667146248,0.9594333547971667
0.053643433179723504,0.9594333547971667
0.053645364536453646,0.9594333547971667
0.05365115944116376,0.9594333547971667
0.053653091354290444,0.9594333547971667
0.053660820398314546,0.9594333547971667
0.05366345911269687,0.9587894397939472
0.053665393209832046,0.9587894397939472
0.05366926182237601,0.9587894397939472
0.05369248521563537,0.9587894397939472
0.05369442140564711,0.9587894397939472
0.05369829420462332,0.9587894397939472
0.053700230813618,0.9587894397939472
0.05371572871572872,0.9587894397939472
0.05371766658248855,0.9587894397939472
0.05371960458907569,0.9587894397939472
0.053721542735505286,0.9587894397939472
0.05372348102179247,0.9587894397939472
0.05372541944795237,0.9587894397939472
0.053727358014000144,0.9587894397939472
0.05373123556581986,0.9587894397939472
0.0537331745516221,0.9587894397939472
0.05373511367737279,0.9587894397939472
0.05373705294308708,0.9587894397939472
0.053738992348780136,0.9587894397939472
0.0537409318944671,0.9587894397939472
0.053742871580163144,0.9587894397939472
0.05374675137164309,0.9587894397939472
0.05374869147745732,0.9587894397939472
0.053756453301563235,0.9587894397939472
0.053758394107877826,0.9587894397939472
0.053762276140958985,0.9587894397939472
0.05376615873474399,0.9587894397939472
0.0537681002419384,0.9587894397939472
0.053770041889354324,0.9587894397939472
0.05377198367700697,0.9587894397939472
0.05377780988153713,0.9587894397939472
0.05377975223028858,0.9587894397939472
0.05378169471935274,0.9587894397939472
0.053795296072835,0.9587894397939472
0.05379723968494834,0.9587894397939472
0.05379918343751129,0.9587894397939472
0.05380112733053909,0.9587894397939472
0.053803071364046974,0.9587894397939472
0.05380890430760335,0.9587894397939472
0.05382835659026824,0.9587894397939472
0.05383030259209717,0.9587894397939472
0.05383224873463485,0.9587894397939472
0.053834195017896526,0.9587894397939472
0.05383614144189746,0.9587894397939472
0.053840034712178186,0.9587894397939472
0.053841981558488516,0.9587894397939472
0.05384392854559919,0.9587894397939472
0.05384587567352548,0.9587894397939472
0.053849770351886005,0.9587894397939472
0.05385366559369236,0.9587894397939472
0.053857561399066806,0.9587894397939472
0.05386730337891614,0.9587894397939472
0.0538712011577424,0.9587894397939472
0.05387315025869243,0.9587894397939472
0.0538828978794239,0.9587894397939472
0.053884847826873666,0.9587894397939472
0.05389069851610568,0.9587894397939472
0.05394145775974497,0.9587894397939472
0.053951230117033226,0.9587894397939472
0.053962961620700904,0.9587894397939472
0.05396687325577181,0.9587894397939472
0.05398839738941262,0.9587894397939472
0.05399035498023859,0.9587894397939472
0.05399231271303213,0.9587894397939472
0.05399427058780868,0.9587894397939472
0.0540118978525827,0.9587894397939472
0.05401385714803932,0.9587894397939472
0.05401581658564899,0.9587894397939472
0.05402169575155099,0.9587894397939472
0.05402365575792758,0.9587894397939472
0.054025615906534596,0.9587894397939472
0.05402757619738752,0.9587894397939472
0.054029536630501834,0.9587894397939472
0.05403149720589302,0.9587894397939472
0.054131675573490384,0.9587894397939472
0.05413364356867593,0.9587894397939472
0.05413561170696237,0.9587894397939472
0.054137579988365325,0.9587894397939472
0.054143485691429405,0.9587894397939472
0.05414742354267428,0.9587894397939472
0.054149392683104224,0.9587894397939472
0.0541592405339541,0.9587894397939472
0.05416121053397352,0.9587894397939472
0.054165150963986906,0.9587894397939472
0.05416909196740396,0.9587894397939472
0.05417500454793524,0.9587894397939472
0.05421050715403939,0.9587894397939472
0.05421248088545839,0.9587894397939472
0.05421445476060441,0.9587894397939472
0.054216428779493155,0.9587894397939472
0.05421840294214034,0.9587894397939472
0.054222351698772805,0.9587894397939472
0.05422432629278951,0.9587894397939472
0.05424803264354416,0.9587894397939472
0.05425000910846359,0.9587894397939472
0.05425198571740873,0.9587894397939472
0.05425396247039534,0.9587894397939472
0.05425593936743915,0.9587894397939472
0.05425989359376139,0.9587894397939472
0.05426187092307132,0.9587894397939472
0.054374817411627224,0.9587894397939472
0.0543768031260271,0.9587894397939472
0.0543787889854649,0.9587894397939472
0.05438077498995654,0.9587894397939472
0.05439666824973514,0.9587894397939472
0.054398655560426716,0.9587894397939472
0.05440064301633115,0.9587894397939472
0.054438432290143314,0.9587894397939472
0.05444042265365069,0.9587894397939472
0.05444241316270567,0.9587894397939472
0.054446394617522306,0.9587894397939472
0.0544483855633159,0.9587894397939472
0.05445363390177853,0.9581455247907277
0.05445562671546203,0.9581455247907277
0.054457619675010976,0.9581455247907277
0.05446160603176927,0.9581455247907277
0.05446359942901065,0.9581455247907277
0.05450349804036482,0.9581455247907277
0.05450549450549451,0.9581455247907277
0.05451348182883939,0.9581455247907277
0.05451547902546254,0.9581455247907277
0.05451747636843262,0.9581455247907277
0.054519473857765725,0.9581455247907277
0.054557453985480675,0.9581455247907277
0.05455945440545595,0.9581455247907277
0.05456345568552675,0.9581455247907277
0.05456545654565457,0.9581455247907277
0.05456945870617574,0.9581455247907277
0.05457146000660139,0.9581455247907277
0.05458547322083639,0.9581455247907277
0.05458747569610037,0.9581455247907277
0.054589478318291876,0.9581455247907277
0.05459348400352216,0.9581455247907277
0.054595487066593285,0.9581455247907277
0.054603500788961874,0.9581455247907277
0.05460750853242321,0.9581455247907277
0.0546095126247798,0.9581455247907277
0.054611516864241934,0.9581455247907277
0.05461352125082581,0.9581455247907277
0.054615525784547626,0.9581455247907277
0.05462354539113836,0.9581455247907277
0.05462956164182392,0.9581455247907277
0.054631567353232734,0.9581455247907277
0.05463357321192539,0.9581455247907277
0.05463557921791812,0.9581455247907277
0.05460287151617523,0.9575016097875081
0.054606881862583084,0.9575016097875081
0.05460888725670217,0.9575016097875081
0.054610892798119655,0.9575016097875081
0.05461289848685177,0.9575016097875081
0.054614904322914756,0.9575016097875081
0.05461691030632484,0.9575016097875081
0.05468319052697385,0.9575016097875081
0.05469727065401309,0.9575016097875081
0.054699282692661395,0.9575016097875081
0.05470129487934079,0.9575016097875081
0.05470330721406762,0.9575016097875081
0.0547093451066961,0.9575016097875081
0.05476172939530088,0.9575016097875081
0.0547637461790594,0.9575016097875081
0.05476576311137301,0.9575016097875081
0.054767780192258114,0.9575016097875081
0.054777867825830696,0.9575016097875081
0.054779885798489594,0.9575016097875081
0.05478392218988321,0.9575016097875081
0.0547859406086508,0.9575016097875081
0.05478795917615416,0.9575016097875081
0.054789977892409726,0.9575016097875081
0.05479199675743395,0.9575016097875081
0.05479805424528302,0.9575016097875081
0.05480007370554634,0.9575016097875081
0.05480411307264217,0.9575016097875081
0.054806132979507594,0.9575016097875081
0.0548081530352733,0.9575016097875081
0.05481825554818256,0.9575016097875081
0.05482027649769585,0.9575016097875081
0.054834427317648794,0.9575016097875081
0.0548364494597485,0.9575016097875081
0.054838471750995724,0.9575016097875081
0.054842516780998746,0.9575016097875081
0.05484453951978756,0.9575016097875081
0.054852631967243354,0.9575016097875081
0.0548566790865828,0.9575016097875081
0.05485870287021324,0.9575016097875081
0.05489313005278895,0.9575016097875081
0.05489718315058884,0.9575016097875081
0.05489920992394595,0.9575016097875081
0.05490123684696326,0.9575016097875081
0.054870393619378184,0.9568576947842885
0.05488255281430049,0.9568576947842885
0.05488863443282976,0.9568576947842885
0.054892689594030514,0.9568576947842885
0.054900801714264605,0.9568576947842885
0.0549150036954915,0.9568576947842885
0.05491703314978381,0.9568576947842885
0.05491906275408382,0.9568576947842885
0.054921092508408174,0.9568576947842885
0.05492718267169365,0.9568576947842885
0.054929213026281745,0.9568576947842885
0.05493124353097738,0.9568576947842885
0.0549332741857972,0.9568576947842885
0.05494342971234194,0.9568576947842885
0.05494749297441207,0.9568576947842885
0.054949524830824985,0.9568576947842885
0.05495155683751202,0.9568576947842885
0.05497188517312814,0.9568576947842885
0.054973918833931414,0.9568576947842885
0.054988158673771464,0.9568576947842885
0.05499426372080974,0.9568576947842885
0.05500037012362129,0.9568576947842885
0.055006477882657785,0.9568576947842885
0.0550146236718374,0.9568576947842885
0.05504927020819441,0.9568576947842885
0.05505334914048607,0.9568576947842885
0.055057428677287884,0.9568576947842885
0.05506150881873425,0.9568576947842885
0.05506354911624115,0.9568576947842885
0.05506558956495961,0.9568576947842885
0.05507783543365456,0.9568576947842885
0.05507987694132473,0.9568576947842885
0.055086002372479244,0.9568576947842885
0.0550900867502039,0.9568576947842885
0.05509417173364971,0.9568576947842885
0.05509825732295143,0.9568576947842885
0.05510030034484037,0.9568576947842885
0.0551043868431787,0.9568576947842885
0.055106430319661795,0.9568576947842885
0.05511256165856915,0.9568576947842885
0.0551166499758911,0.9568576947842885
0.05536693653695482,0.9555698647778493
0.0553690023132602,0.9555698647778493
0.055371068243722246,0.9555698647778493
0.055383467064750884,0.9555698647778493
0.055385534074792866,0.9555698647778493
0.055389668557778445,0.9555698647778493
0.055391736030756596,0.9555698647778493
0.05539587143977005,0.9555698647778493
0.05548285789060455,0.9555698647778493
0.05548493232632917,0.9555698647778493
0.05549115656433459,0.9555698647778493
0.0554932316206716,0.9555698647778493
0.05549530683220523,0.9555698647778493
0.05549945772093197,0.9555698647778493
0.05550360923065415,0.9555698647778493
0.05550568521843208,0.9555698647778493
0.05550776136151113,0.9555698647778493
0.05550983765990873,0.9555698647778493
0.05551606748718716,0.9555698647778493
0.05552229871296019,0.9555698647778493
0.05552437609907584,0.9555698647778493
0.05552645364064956,0.9555698647778493
0.055528531337698785,0.9555698647778493
0.055530609190240984,0.9555698647778493
0.05559093463195355,0.9555698647778493
0.05559301715741365,0.9555698647778493
0.055595099838909076,0.9555698647778493
0.05559926567007606,0.9555698647778493
0.055603432125594814,0.9555698647778493
0.05560968297983962,0.9555698647778493
0.055613850996852045,0.9555698647778493
0.055618019638707744,0.9555698647778493
0.055620104193995726,0.9555698647778493
0.05562635879751106,0.9555698647778493
0.05563052931473984,0.9555698647778493
0.05563261480787254,0.9555698647778493
0.0556764463119982,0.9555698647778493
0.055739182692307696,0.9555698647778493
0.05574127634000676,0.9555698647778493
0.05574965250385063,0.9555698647778493
0.05575174693816214,0.9555698647778493
0.05575384152984934,0.9555698647778493
0.05576012624934245,0.9555698647778493
0.05576431684954156,0.9555698647778493
0.055793668696894505,0.9555698647778493
0.05579996239894717,0.9555698647778493
0.05582305145952453,0.9555698647778493
0.055825151412556895,0.9555698647778493
0.05582935179263383,0.9555698647778493
0.05583145221971407,0.9555698647778493
0.05590108937389272,0.9549259497746297
0.055903196622436674,0.9549259497746297
0.05590530402985637,0.9549259497746297
0.05590951932139491,0.9549259497746297
0.0559179518117718,0.9549259497746297
0.05592006033182504,0.9549259497746297
0.05593060531774467,0.9549259497746297
0.055934824425753406,0.9549259497746297
0.055936934218467106,0.9549259497746297
0.055939044170344385,0.9549259497746297
0.0559432645516617,0.9549259497746297
0.05594537498113777,0.9549259497746297
0.05594748556984947,0.9549259497746297
0.055949596317814834,0.9549259497746297
0.055964376014189215,0.9549259497746297
0.05596648803683297,0.9549259497746297
0.0559686002188927,0.9549259497746297
0.055972825061332325,0.9549259497746297
0.05597493772174832,0.9549259497746297
0.0559833899584749,0.9549259497746297
0.05598550341651252,0.9549259497746297
0.05598761703412866,0.9549259497746297
0.05598973081134141,0.9549259497746297
0.056012992899229494,0.9549259497746297
0.05604262716347971,0.9549259497746297
0.05604686318972033,0.9549259497746297
0.056065933235038376,0.9549259497746297
0.05607441297689719,0.9549259497746297
0.05607653331316645,0.9549259497746297
0.05607865380979391,0.9549259497746297
0.05609562355789235,0.9549259497746297
0.05611048051456678,0.9549259497746297
0.05611260357940141,0.9549259497746297
0.05611685019109244,0.9549259497746297
0.056118973737985314,0.9549259497746297
0.05612534534307232,0.9549259497746297
0.056127469532964956,0.9549259497746297
0.05613596790067378,0.9549259497746297
0.05613809289472688,0.9549259497746297
0.056140218049666867,0.9549259497746297
0.05614446884228061,0.9549259497746297
0.05616360537776936,0.9549259497746297
0.056174242424242425,0.9549259497746297
0.05617637031705747,0.9549259497746297
0.05619339926490091,0.9549259497746297
0.05619765811512373,0.9549259497746297
0.0561997877823253,0.9549259497746297
0.056201917610944785,0.9549259497746297
0.05620830806549424,0.9549259497746297
0.056212569175953304,0.9549259497746297
0.05621683093252464,0.9549259497746297
0.05621896205314834,0.9549259497746297
0.056223224779163666,0.9549259497746297
0.05622535638459206,0.9549259497746297
0.05622748815165877,0.9549259497746297
0.056229620080382195,0.9549259497746297
0.05623388442287274,0.9549259497746297
0.05623601683667665,0.9549259497746297
0.05625308197094413,0.9549259497746297
0.0562658876199871,0.9549259497746297
0.05626802246167856,0.9549259497746297
0.056270157465376586,0.9549259497746297
0.056278699100603395,0.9549259497746297
0.05628083491461101,0.9549259497746297
0.05628297089073589,0.9549259497746297
0.05628724332941132,0.9549259497746297
0.056289379791998786,0.9549259497746297
0.056291516416777376,0.9549259497746297
0.056293653203765566,0.9549259497746297
0.05629792726444462,0.9549259497746297
0.05630220197418375,0.9549259497746297
0.05630433957249706,0.9549259497746297
0.05630861525610358,0.9549259497746297
0.05631075334143378,0.9549259497746297
0.05627705627705628,0.9542820347714102
0.05627919340751149,0.9542820347714102
0.05628560577288264,0.9542820347714102
0.056287743552736524,0.9542820347714102
0.0562941578667477,0.9542820347714102
0.05637982195845697,0.9542820347714102
0.05638196690127449,0.9542820347714102
0.056386257276566605,0.9542820347714102
0.05639698607199939,0.9542820347714102
0.05639913232104121,0.9542820347714102
0.05641201324654562,0.9542820347714102
0.05641416063951275,0.9542820347714102
0.05643564356435644,0.9542820347714102
0.056437792756769106,0.9542820347714102
0.056439942112879886,0.9542820347714102
0.05652173913043478,0.9542820347714102
0.05652389488538846,0.9542820347714102
0.056526050804790604,0.9542820347714102
0.05652820688866003,0.9542820347714102
0.056530363137015566,0.9542820347714102
0.05653251954987602,0.9542820347714102
0.05653467612726024,0.9542820347714102
0.056558409342441704,0.9542820347714102
0.05656272661348803,0.9542820347714102
0.05656488549618321,0.9542820347714102
0.05656704454368487,0.9542820347714102
0.056571363133183186,0.9542820347714102
0.05658000229068835,0.9542820347714102
0.05658216249236408,0.9542820347714102
0.05659296597548402,0.9542820347714102
0.05659512716718858,0.9542820347714102
0.056597288523964104,0.9542820347714102
0.05660593560215423,0.9542820347714102
0.056610260132167,0.9542820347714102
0.05662540119211371,0.9542820347714102
0.056629728696981275,0.9542820347714102
0.056651376146788994,0.9542820347714102
0.05665354180205665,0.9542820347714102
0.05665570762290695,0.9542820347714102
0.05665787360935887,0.9542820347714102
0.05666437256251434,0.9542820347714102
0.05666653921156273,0.9542820347714102
0.05667304015296367,0.9542820347714102
0.05667737494263424,0.9542820347714102
0.056686046511627904,0.9542820347714102
0.05668821481849826,0.9542820347714102
0.056690383291255454,0.9542820347714102
0.05669255192991852,0.9542820347714102
0.0566947207345065,0.9542820347714102
0.05669688970503845,0.9542820347714102
0.05670122814401041,0.9542820347714102
0.05666513621059076,0.9536381197681906
0.05666730438109814,0.9536381197681906
0.05666947271753272,0.9536381197681906
0.05667164121991352,0.9536381197681906
0.056678147722923844,0.9536381197681906
0.056682486221677895,0.9536381197681906
0.05668682538467427,0.9536381197681906
0.0566919482111392,0.952994204764971
0.05669411990040222,0.952994204764971
0.05669629175605271,0.952994204764971
0.056807277472843816,0.952994204764971
0.056809458007062795,0.952994204764971
0.05681163870868681,0.952994204764971
0.056816000614227036,0.952994204764971
0.056818181818181816,0.952994204764971
0.056820363189618764,0.952994204764971
0.05682472643501632,0.952994204764971
0.05682690830901551,0.952994204764971
0.056795053953381205,0.9523502897617514
0.05679723502304147,0.9523502897617514
0.05680159766495123,0.9523502897617514
0.05680377923723931,0.9523502897617514
0.05680596097710862,0.9523502897617514
0.05681468961278426,0.9523502897617514
0.05681687219084937,0.9523502897617514
0.056821237850090286,0.9523502897617514
0.056862745098039215,0.9523502897617514
0.0568693044180413,0.9523502897617514
0.05688461538461539,0.9523502897617514
0.05688680333858995,0.9523502897617514
0.056888991460881604,0.9523502897617514
0.05689336821049392,0.9523502897617514
0.05691745237637098,0.9523502897617514
0.056919642857142856,0.9523502897617514
0.056921833506523495,0.9523502897617514
0.05692402432453237,0.9523502897617514
0.056928406466512704,0.9523502897617514
0.05693059779052311,0.9523502897617514
0.056932789283239665,0.9523502897617514
0.056934980944681836,0.9523502897617514
0.05693717277486911,0.9523502897617514
0.05695690684330111,0.9523502897617514
0.056959100362011864,0.9523502897617514
0.05696129404968227,0.9523502897617514
0.05696348790633184,0.9523502897617514
0.05696787612664664,0.9523502897617514
0.05697007049035091,0.9523502897617514
0.05697226502311248,0.9523502897617514
0.05697445972495088,0.9523502897617514
0.05697884963593636,0.9523502897617514
0.056981044845122515,0.9523502897617514
0.05698543577097943,0.9523502897617514
0.05698982737361282,0.9523502897617514
0.05699421965317919,0.9523502897617514
0.05699641604686115,0.9523502897617514
0.056998612609835055,0.9523502897617514
0.05700080934212048,0.9523502897617514
0.057005203314704184,0.9523502897617514
0.05702718334297282,0.9523502897617514
0.05702938227809054,0.9523502897617514
0.057108657039153604,0.9523502897617514
0.05712409717662508,0.9523502897617514
0.05712630359212051,0.9523502897617514
0.05725235164324701,0.9523502897617514
0.05725456797770208,0.9523502897617514
0.05725678448375982,0.9523502897617514
0.057259001161440184,0.9523502897617514
0.057261218010763094,0.9523502897617514
0.057374505392194894,0.9523502897617514
0.05737895716945996,0.9523502897617514
0.0573856361308346,0.9523502897617514
0.05738786279683377,0.9523502897617514
0.05739231664726426,0.9523502897617514
0.057394543831735804,0.9523502897617514
0.05739899871929212,0.9523502897617514
0.057401226422417136,0.9523502897617514
0.05740345429846691,0.9523502897617514
0.05740568234746157,0.9523502897617514
0.05740791056942126,0.9523502897617514
0.05741013896436612,0.9523502897617514
0.05741682518731317,0.9523502897617514
0.05742351296785215,0.9523502897617514
0.05742574257425743,0.9523502897617514
0.05743020230652739,0.9523502897617514
0.0574435856604653,0.9523502897617514
0.05744581682591471,0.9523502897617514
0.05744804816469217,0.9523502897617514
0.0574502796768179,0.9523502897617514
0.05745251136231209,0.9523502897617514
0.05745474322119493,0.9523502897617514
0.05745920745920746,0.9523502897617514
0.05746143983837756,0.9523502897617514
0.05746590511714652,0.9523502897617514
0.057468138016785825,0.9523502897617514
0.05747037108995531,0.9523502897617514
0.05747260433667522,0.9523502897617514
0.05748824192482606,0.9523502897617514
0.05749718151071026,0.9523502897617514
0.057499416841614186,0.9523502897617514
0.05750165234633179,0.9523502897617514
0.05750388802488336,0.9523502897617514
0.057519542643798854,0.9523502897617514
0.05752177971375233,0.9523502897617514
0.05752401695772238,0.9523502897617514
0.05752849196779338,0.9523502897617514
0.057530729733934964,0.9523502897617514
0.05753296767417435,0.9523502897617514
0.05753520578853186,0.9523502897617514
0.057537444077027815,0.9523502897617514
0.05754863813229572,0.9523502897617514
0.05757103931490853,0.9523502897617514
0.057573280392385844,0.9523502897617514
0.05757552164434755,0.9523502897617514
0.05758000467180565,0.9523502897617514
0.057582246447342805,0.9523502897617514
0.05758448839744588,0.9523502897617514
0.057588972821431356,0.9523502897617514
0.05759121529535454,0.9523502897617514
0.05759345794392523,0.9523502897617514
0.05759570076716383,0.9523502897617514
0.05760467380720545,0.9523502897617514
0.0576158940397351,0.9523502897617514
0.0576271186440678,0.9523502897617514
0.05763160971047812,0.9523502897617514
0.057636101476949454,0.9523502897617514
0.057638347622759156,0.9523502897617514
0.057640593943645506,0.9523502897617514
0.057642840439628966,0.9523502897617514
0.05764508711073001,0.9523502897617514
0.05764958097836679,0.9523502897617514
0.05765182817494348,0.9523502897617514
0.057660818713450294,0.9523502897617514
0.05766306678622948,0.9523502897617514
0.05766531503431067,0.9523502897617514
0.05766756345771435,0.9523502897617514
0.057669812056461045,0.9523502897617514
0.0576788082052882,0.9523502897617514
0.05768105768105768,0.9523502897617514
0.05768555715901556,0.9523502897617514
0.057687807161245025,0.9523502897617514
0.057690057339002225,0.9523502897617514
0.05770356209277828,0.9523502897617514
0.057705813499804914,0.9523502897617514
0.057708065082523706,0.9523502897617514
0.057710316840955206,0.9523502897617514
0.05771256877511999,0.9523502897617514
0.05771482088503863,0.9523502897617514
0.05771932563221979,0.9523502897617514
0.057721578269523476,0.9523502897617514
0.05770056607456568,0.9517063747585319
0.05770281877098462,0.9517063747585319
0.057707324691550835,0.9517063747585319
0.05771408489203014,0.9517063747585319
0.05771633864417369,0.9517063747585319
0.0577185925723435,0.9517063747585319
0.05772084667656018,0.9517063747585319
0.057732119839068785,0.9517063747585319
0.057734375,0.9517063747585319
0.05773663033712254,0.9517063747585319
0.05773888585045707,0.9517063747585319
0.05774114154002422,0.9517063747585319
0.057743397405844665,0.9517063747585319
0.05774565344793905,0.9517063747585319
0.05774790966632805,0.9517063747585319
0.05775016606103232,0.9517063747585319
0.057752422632072524,0.9517063747585319
0.05776370813303631,0.9517063747585319
0.057765965762526385,0.9517063747585319
0.05777499804550074,0.9517063747585319
0.05778403315349128,0.9517063747585319
0.05778855176728183,0.9517063747585319
0.05779985139415744,0.9517063747585319
0.05780211184982401,0.9517063747585319
0.05780437248230279,0.9517063747585319
0.05780663329161452,0.9517063747585319
0.05781341678075494,0.9517063747585319
0.05781567829760601,0.9517063747585319
0.05781793999139381,0.9517063747585319
0.05782020186213911,0.9517063747585319
0.057826988536327714,0.9517063747585319
0.05782925111511073,0.9517063747585319
0.05783151387095512,0.9517063747585319
0.05783377680388167,0.9517063747585319
0.057836039913911175,0.9517063747585319
0.057838303201064416,0.9517063747585319
0.057840566665362185,0.9517063747585319
0.0578428303068253,0.9517063747585319
0.057854151172349,0.9517063747585319
0.05785641587724105,0.9517063747585319
0.05785868075944412,0.9517063747585319
0.05786321105586658,0.9517063747585319
0.05786547647012763,0.9517063747585319
0.057867742061783016,0.9517063747585319
0.05788360617216261,0.9517063747585319
0.057888140372865424,0.9517063747585319
0.05789267528397963,0.9517063747585319
0.05789494300599318,0.9517063747585319
0.0578972109056722,0.9517063747585319
0.057899478983037565,0.9517063747585319
0.05790401567091087,0.9517063747585319
0.0579085530697802,0.9517063747585319
0.057935792403277016,0.9517063747585319
0.05793806350450804,0.9517063747585319
0.05794260624117924,0.9517063747585319
0.05794487787666131,0.9517063747585319
0.057947149690268956,0.9517063747585319
0.05794942168202313,0.9517063747585319
0.05795169385194479,0.9517063747585319
0.0579539662000549,0.9517063747585319
0.05802168447517285,0.9510624597553123
0.058023963857788255,0.9510624597553123
0.05802624341950185,0.9510624597553123
0.05802852316033474,0.9510624597553123
0.05803080308030803,0.9510624597553123
0.058016587398294094,0.9504185447520928
0.0580188679245283,0.9504185447520928
0.05802114863005621,0.9504185447520928
0.05802342951489897,0.9504185447520928
0.058030273245527814,0.9504185447520928
0.05803940073139082,0.9504185447520928
0.058041683051513956,0.9504185447520928
0.0580439655511424,0.9504185447520928
0.05804624823029731,0.9504185447520928
0.05805538074260541,0.9504185447520928
0.05806451612903226,0.9504185447520928
0.05806680042487903,0.9504185447520928
0.05806908490046424,0.9504185447520928
0.058071369555809105,0.9504185447520928
0.05807365439093484,0.9504185447520928
0.058078224600613834,0.9504185447520928
0.05808279552967102,0.9504185447520928
0.05808508126401952,0.9504185447520928
0.05809651263481067,0.9504185447520928
0.058098799448927374,0.9504185447520928
0.058105660971577044,0.9504185447520928
0.05811252411512264,0.9504185447520928
0.05815831987075929,0.9504185447520928
0.058160611553313896,0.9504185447520928
0.05816290341647949,0.9504185447520928
0.05816978008985576,0.9504185447520928
0.05817207267567887,0.9504185447520928
0.05817665838949982,0.9504185447520928
0.05820418786229741,0.9504185447520928
0.05820648316113258,0.9504185447520928
0.05821337014395583,0.9504185447520928
0.05821566616707423,0.9504185447520928
0.058217962371317,0.9504185447520928
0.058220258756705584,0.9504185447520928
0.05822944611014676,0.9504185447520928
0.05823174340158599,0.9504185447520928
0.05823404087429969,0.9504185447520928
0.05823633852830933,0.9504185447520928
0.058240934380302256,0.9504185447520928
0.058250128260783775,0.9504185447520928
0.05825242718446602,0.9504185447520928
0.058268524732541155,0.9504185447520928
0.058273125666232384,0.9504185447520928
0.05830765584261673,0.9504185447520928
0.05830995930944574,0.9504185447520928
0.05833069870376225,0.9504185447520928
0.05833300399162155,0.9504185447520928
0.05833530946170263,0.9504185447520928
0.058337615114027117,0.9504185447520928
0.0583399209486166,0.9504185447520928
0.05835145285629571,0.9504185447520928
0.058360681665414575,0.9504185447520928
0.058362989323843414,0.9504185447520928
0.0583652971647752,0.9504185447520928
0.05841842792685823,0.9504185447520928
0.058427677935238696,0.9504185447520928
0.05849714648065948,0.9504185447520928
0.058499464943918195,0.9504185447520928
0.05850178359096314,0.9504185447520928
0.05850410242181616,0.9504185447520928
0.05850642143649913,0.9504185447520928
0.05850874063503389,0.9504185447520928
0.05851569933396765,0.9504185447520928
0.058518019268128295,0.9504185447520928
0.05852265968835494,0.9504185447520928
0.05852498017446471,0.9504185447520928
0.058527300844601296,0.9504185447520928
0.05852962169878658,0.9504185447520928
0.05853194273704247,0.9504185447520928
0.05853658536585366,0.9504185447520928
0.058538906956452766,0.9504185447520928
0.0585015666521239,0.9497746297488732
0.05851781321907482,0.9497746297488732
0.058520134893870264,0.9497746297488732
0.058522456752896364,0.9497746297488732
0.058524778796175056,0.9497746297488732
0.058527101023728274,0.9497746297488732
0.058538714926380124,0.9497746297488732
0.05854103826004128,0.9497746297488732
0.05854336177813058,0.9497746297488732
0.05855265769520861,0.9497746297488732
0.05855498213576816,0.9497746297488732
0.05857823669579031,0.9497746297488732
0.05858056316771913,0.9497746297488732
0.05858288982444992,0.9497746297488732
0.05858987090367428,0.9497746297488732
0.05859219829983316,0.9497746297488732
0.05859452588090414,0.9497746297488732
0.05859685364690927,0.9497746297488732
0.05860150973381009,0.9497746297488732
0.05860383805474989,0.9497746297488732
0.058610824127791464,0.9497746297488732
0.05861315318895291,0.9497746297488732
0.05863878508388328,0.9497746297488732
0.058641116367828885,0.9497746297488732
0.05865044335758877,0.9497746297488732
0.05866677273088855,0.9497746297488732
0.05866910624080188,0.9497746297488732
0.0586714399363564,0.9497746297488732
0.058673773817574285,0.9497746297488732
0.058678442137088754,0.9497746297488732
0.05868077657542966,0.9497746297488732
0.05868544600938967,0.9497746297488732
0.05868778100505312,0.9497746297488732
0.05869712284611405,0.9497746297488732
0.058699458771092006,0.9497746297488732
0.05870179488199944,0.9497746297488732
0.05870413117885855,0.9497746297488732
0.05870646766169154,0.9497746297488732
0.058711141185367986,0.9497746297488732
0.058713478226255875,0.9497746297488732
0.05874387669759847,0.9497746297488732
0.058746216345387924,0.9497746297488732
0.05874855617955152,0.9497746297488732
0.05875089620011153,0.9497746297488732
0.05876494023904383,0.9497746297488732
0.058807112670440954,0.9497746297488732
0.05880945735815956,0.9497746297488732
0.05881414729454922,0.9497746297488732
0.05882587540878998,0.9497746297488732
0.05883760820136424,0.9497746297488732
0.05883995532152545,0.9497746297488732
0.0588423026289544,0.9497746297488732
0.0588446501236735,0.9497746297488732
0.05884699780570517,0.9497746297488732
0.058849345675071815,0.9497746297488732
0.05885404197589977,0.9497746297488732
0.05886108783271479,0.9497746297488732
0.05886578600790198,0.9497746297488732
0.058870484933147074,0.9497746297488732
0.05887988503452956,0.9497746297488732
0.05888223552894212,0.9497746297488732
0.058884586211026387,0.9497746297488732
0.05890104624231291,0.9497746297488732
0.0589622641509434,0.9497746297488732
0.05896462122726364,0.9497746297488732
0.05896697849204446,0.9497746297488732
0.05896933594530844,0.9497746297488732
0.058971693587078204,0.9497746297488732
0.05897876764364829,0.9497746297488732
0.05898820235952809,0.9497746297488732
0.05899056151015838,0.9497746297488732
0.05899292084949806,0.9497746297488732
0.059014163399215815,0.9497746297488732
0.05901652462689553,0.9497746297488732
0.05901888604353393,0.9497746297488732
0.059021247649153695,0.9497746297488732
0.05902360944377751,0.9497746297488732
0.05902597142742807,0.9497746297488732
0.05902833360012806,0.9497746297488732
0.059030695961900186,0.9497746297488732
0.05903305851276715,0.9497746297488732
0.05903542125275165,0.9497746297488732
0.0590377841818764,0.9497746297488732
0.05904014730016411,0.9497746297488732
0.059113497915998715,0.9497746297488732
0.05911823647294589,0.9497746297488732
0.05912534573295386,0.9497746297488732
0.05913956938374564,0.9497746297488732
0.05914431212157665,0.9497746297488732
0.05915854490033289,0.9497746297488732
0.059160917696133485,0.9497746297488732
0.0591632906822831,0.9497746297488732
0.0591704107830552,0.9497746297488732
0.059172784530830025,0.9497746297488732
0.05917515846906844,0.9497746297488732
0.05917753259779338,0.9497746297488732
0.059179906917027764,0.9497746297488732
0.05919653248785969,0.9497746297488732
0.0591989083319955,0.9497746297488732
0.05920128436684728,0.9497746297488732
0.05921792195278625,0.9497746297488732
0.059222677266522125,0.9497746297488732
0.05922505520979723,0.9497746297488732
0.05922743334404112,0.9497746297488732
0.059229811669276794,0.9497746297488732
0.05923694779116466,0.9497746297488732
0.05924408563280716,0.9497746297488732
0.059248845149628436,0.9497746297488732
0.05925122519482606,0.9497746297488732
0.059253605431245734,0.9497746297488732
0.0592583664778434,0.9497746297488732
0.059260747288067496,0.9497746297488732
0.05926312828960585,0.9497746297488732
0.059265509482481514,0.9497746297488732
0.059270272442337055,0.9497746297488732
0.05927265420936307,0.9497746297488732
0.05927503616781868,0.9497746297488732
0.05927741831772696,0.9497746297488732
0.059279800659111,0.9497746297488732
0.05929171523897576,0.9497746297488732
0.05929409872969931,0.9497746297488732
0.0592964824120603,0.9497746297488732
0.05929886628608185,0.9497746297488732
0.059270577827817764,0.9491307147456536
0.05928011260808365,0.9491307147456536
0.0593162324326501,0.948486799742434
0.059318621134020616,0.948486799742434
0.05932101002778785,0.948486799742434
0.05932339911397503,0.948486799742434
0.05932578839260542,0.948486799742434
0.05932817786370227,0.948486799742434
0.05933773767321947,0.948486799742434
0.05934251873338168,0.948486799742434
0.05934490955239515,0.948486799742434
0.05934969176840324,0.948486799742434
0.059352083165444436,0.948486799742434
0.05935447475520812,0.948486799742434
0.0593568665377176,0.948486799742434
0.059364043041953814,0.948486799742434
0.05936643559567951,0.948486799742434
0.059371221281741236,0.948486799742434
0.059376007739438894,0.948486799742434
0.05938079496895912,0.948486799742434
0.05938318887321105,0.948486799742434
0.05938558297048863,0.948486799742434
0.059387977260815225,0.948486799742434
0.05946469662104881,0.948486799742434
0.05946709729511506,0.948486799742434
0.059469498163026366,0.948486799742434
0.059481505411080604,0.948486799742434
0.059486309668039736,0.948486799742434
0.059488712087557044,0.948486799742434
0.05949111470113086,0.948486799742434
0.059531988845329994,0.948486799742434
0.059534394955945355,0.948486799742434
0.05953680126106463,0.948486799742434
0.0595392077607114,0.948486799742434
0.05954402134368179,0.948486799742434
0.059515626895241175,0.9478428847392144
0.05952043993368647,0.9478428847392144
0.059492032678152555,0.9471989697359948
0.05949443882709808,0.9471989697359948
0.059496845170684355,0.9471989697359948
0.059504065369523886,0.9471989697359948
0.05950887980905376,0.9471989697359948
0.05952332780318051,0.9471989697359948
0.059535373158491174,0.9471989697359948
0.05953778281458696,0.9471989697359948
0.05954260271200162,0.9471989697359948
0.05954501295336788,0.9471989697359948
0.05953104118576115,0.9465550547327752
0.05968815981809323,0.9465550547327752
0.05969300739056282,0.9465550547327752
0.05969543147208122,0.9465550547327752
0.059697855750487326,0.9465550547327752
0.05970028022580514,0.9465550547327752
0.05970512976727184,0.9465550547327752
0.05970755483346873,0.9465550547327752
0.059709980096673304,0.9465550547327752
0.05971240555690958,0.9465550547327752
0.05971483121420157,0.9465550547327752
0.059787692683125226,0.9465550547327752
0.05979012446107541,0.9465550547327752
0.05979255643685174,0.9465550547327752
0.05979498861047836,0.9465550547327752
0.05979742098197942,0.9465550547327752
0.05979985355137906,0.9465550547327752
0.059802286318701436,0.9465550547327752
0.05980471928397071,0.9465550547327752
0.05981688708036623,0.9465550547327752
0.05990220048899755,0.9465550547327752
0.05990464159093688,0.9465550547327752
0.059866329774227726,0.9459111397295557
0.0598834128245893,0.9459111397295557
0.05988585405625765,0.9459111397295557
0.05989562097366061,0.9459111397295557
0.0598980632008155,0.9459111397295557
0.059902948252660765,0.9459111397295557
0.059907834101382486,0.9459111397295557
0.05991027732463295,0.9459111397295557
0.05992249643075668,0.9459111397295557
0.05992494085012646,0.9459111397295557
0.05992738546893485,0.9459111397295557
0.05993472052223582,0.9459111397295557
0.05993961155541048,0.9459111397295557
0.05994694960212202,0.9459111397295557
0.05996652651345063,0.9459111397295557
0.059973871152118885,0.9459111397295557
0.05997631976483077,0.9459111397295557
0.05997876857749469,0.9459111397295557
0.05998121759013515,0.9459111397295557
0.06015653813055772,0.9452672247263362
0.0601590033603803,0.9452672247263362
0.06016146879226261,0.9452672247263362
0.06017133254088618,0.9452672247263362
0.060173798983439906,0.9452672247263362
0.060176265628202504,0.9452672247263362
0.060178732475198816,0.9452672247263362
0.06020835042244278,0.9452672247263362
0.06021081990074238,0.9452672247263362
0.06021575946511342,0.9452672247263362
0.06022317033147358,0.9452672247263362
0.06022564102564103,0.9452672247263362
0.06022811192254041,0.9452672247263362
0.06025035912169095,0.9452672247263362
0.06025283204728288,0.9452672247263362
0.06025530517588146,0.9452672247263362
0.06032463529895213,0.9452672247263362
0.060349434737923945,0.9452672247263362
0.060354397072729514,0.9452672247263362
0.06036680648079612,0.9452672247263362
0.060381704508061865,0.9452672247263362
0.060384188227551316,0.9452672247263362
0.06038667215137803,0.9452672247263362
0.06038915627956724,0.9452672247263362
0.060394125149134,0.9452672247263362
0.060396609890562,0.9452672247263362
0.06040903666515781,0.9452672247263362
0.06041152263374486,0.9452672247263362
0.06042893014448607,0.9452672247263362
0.060431417750699816,0.9452672247263362
0.06044634769002718,0.9452672247263362
0.060451325975951244,0.9452672247263362
0.06042507620067551,0.9446233097231166
0.06046492457340697,0.9446233097231166
0.060677503412334036,0.9446233097231166
0.06068001323626737,0.9446233097231166
0.06071014732660156,0.9446233097231166
0.06071517258505091,0.9446233097231166
0.06073276754295177,0.9446233097231166
0.060750372701673015,0.9446233097231166
0.06077554064131245,0.9446233097231166
0.060778058582259605,0.9446233097231166
0.06078057673185283,0.9446233097231166
0.06078309509011809,0.9446233097231166
0.060785613657081294,0.9446233097231166
0.060800729442970824,0.9446233097231166
0.0608032494715464,0.9446233097231166
0.060810810810810814,0.9446233097231166
0.06081333167516478,0.9446233097231166
0.06081585274852831,0.9446233097231166
0.06081837403092741,0.9446233097231166
0.060820895522388056,0.9446233097231166
0.06083350611652499,0.9446233097231166
0.06083855181852113,0.9446233097231166
0.06084359835759612,0.9446233097231166
0.060846121941103275,0.9446233097231166
0.060848645733958276,0.9446233097231166
0.06090675080959894,0.9446233097231166
0.06090927963462736,0.9446233097231166
0.060914337914711625,0.9446233097231166
0.060916867369819785,0.9446233097231166
0.06091939703500685,0.9446233097231166
0.060921926910299004,0.9446233097231166
0.060924456995722416,0.9446233097231166
0.06097510287210607,0.9446233097231166
0.06097763737634051,0.9446233097231166
0.06098270701696042,0.9446233097231166
0.06098524215339846,0.9446233097231166
0.0609877775006236,0.9446233097231166
0.06099031305866212,0.9446233097231166
0.061029932142708465,0.943979394719897
0.06103247293921732,0.943979394719897
0.06099845942457426,0.9433354797166774
0.061000999333777485,0.9433354797166774
0.0610111610861236,0.9433354797166774
0.06101370205322561,0.9433354797166774
0.06101878462243326,0.9433354797166774
0.06102895230160383,0.9433354797166774
0.06103912336985959,0.9433354797166774
0.06104166666666667,0.9433354797166774
0.061044210175423975,0.9433354797166774
0.06112826504214303,0.9433354797166774
0.06119976606232768,0.9433354797166774
0.061202322763921964,0.9433354797166774
0.06120487967914438,0.9433354797166774
0.06120743680802172,0.9433354797166774
0.06120999415058077,0.9433354797166774
0.06121766746061594,0.9433354797166774
0.06122022565816966,0.9433354797166774
0.06126630980260957,0.9433354797166774
0.061271434546214976,0.9433354797166774
0.061276560147231054,0.9433354797166774
0.061279123269335344,0.9433354797166774
0.06128681392235609,0.9433354797166774
0.06130220102100594,0.9433354797166774
0.0613073317710077,0.9433354797166774
0.061309897468089555,0.9433354797166774
0.0613407025918017,0.9433354797166774
0.06134840871021775,0.9433354797166774
0.06135097784664349,0.9433354797166774
0.06135611676508774,0.9433354797166774
0.06144805876180483,0.9426915647134578
0.06145063801208865,0.9426915647134578
0.061458377062255994,0.9426915647134578
0.061466118061969936,0.9426915647134578
0.06149710157103251,0.9426915647134578
0.061499684940138626,0.9426915647134578
0.0615022685262981,0.9426915647134578
0.06150485232953829,0.9426915647134578
0.06150743634988656,0.9426915647134578
0.061510020587370276,0.9426915647134578
0.06151518971385352,0.9426915647134578
0.06152553057364993,0.9426915647134578
0.06153846153846154,0.9426915647134578
0.06154363544644358,0.9426915647134578
0.0615539858728557,0.9426915647134578
0.06155657402346214,0.9426915647134578
0.061559162391724834,0.9426915647134578
0.061564339781328845,0.9426915647134578
0.06157210749884342,0.9426915647134578
0.06166547323196159,0.9426915647134578
0.061668070766638584,0.9426915647134578
0.0616732664925436,0.9426915647134578
0.061675864683826936,0.9426915647134578
0.06167846309403438,0.9426915647134578
0.0616810617231936,0.9426915647134578
0.06168885892465869,0.9426915647134578
0.06174609869253479,0.9426915647134578
0.06174870302416804,0.9426915647134578
0.06175130757550194,0.9426915647134578
0.06177475842862568,0.9426915647134578
0.06177736517849607,0.9426915647134578
0.06177997214837321,0.9426915647134578
0.061782579338284946,0.9426915647134578
0.06178518674825913,0.9426915647134578
0.06179040222850631,0.9426915647134578
0.061800835830976404,0.9426915647134578
0.061808663345436124,0.9426915647134578
0.06181127295756808,0.9426915647134578
0.06181649284296753,0.9426915647134578
0.06191282268303005,0.9420476497102382
0.06191544288797664,0.9420476497102382
0.06191806331471136,0.9420476497102382
0.06192068396326237,0.9420476497102382
0.061923304833657836,0.9420476497102382
0.06192854724009482,0.9420476497102382
0.06193379053424773,0.9420476497102382
0.061986272349800864,0.9420476497102382
0.061988898775475615,0.9420476497102382
0.061991525423728815,0.9420476497102382
0.06199415229458875,0.9420476497102382
0.06200728998898025,0.9420476497102382
0.062009918196075105,0.9420476497102382
0.06203358208955224,0.9420476497102382
0.0620362125259721,0.9420476497102382
0.062038843185480454,0.9420476497102382
0.062044105173876166,0.9420476497102382
0.0620493680549665,0.9420476497102382
0.06205989649613981,0.9420476497102382
0.06207832986803581,0.9420476497102382
0.06208096410082322,0.9420476497102382
0.06208359855718226,0.9420476497102382
0.0620862332371414,0.9420476497102382
0.06209413861890412,0.9420476497102382
0.062096774193548386,0.9420476497102382
0.06209940999193514,0.9420476497102382
0.062107318729835284,0.9420476497102382
0.06210995542347697,0.9420476497102382
0.06211259234100365,0.9420476497102382
0.06211522948244385,0.9420476497102382
0.06211786684782609,0.9420476497102382
0.06217330330202711,0.9420476497102382
0.06217858812529219,0.9420476497102382
0.062183873847069325,0.9420476497102382
0.062197092084006464,0.9420476497102382
0.06220502572388282,0.9420476497102382
0.06222089907710628,0.9420476497102382
0.062223545423613476,0.9420476497102382
0.062226191995236275,0.9420476497102382
0.06224737267582862,0.9420476497102382
0.062252670099144716,0.9420476497102382
0.06225531914893617,0.9420476497102382
0.062257968424188265,0.9420476497102382
0.062263267651189516,0.9420476497102382
0.062265917602996254,0.9420476497102382
0.06226856778037881,0.9420476497102382
0.06229508196721312,0.9420476497102382
0.06229773462783172,0.9420476497102382
0.0623003875143721,0.9420476497102382
0.06230304062686313,0.9420476497102382
0.062305693965333676,0.9420476497102382
0.062308347529812604,0.9420476497102382
0.06232958418541241,0.9420476497102382
0.062332239785266925,0.9420476497102382
0.06233755166389705,0.9420476497102382
0.06234020794273053,0.9420476497102382
0.06234286444794818,0.9420476497102382
0.06238539934331159,0.9420476497102382
0.06238805970149254,0.9420476497102382
0.06239870340356564,0.9420476497102382
0.06240402661661833,0.9420476497102382
0.0624573087431694,0.9420476497102382
0.062459975238013915,0.9420476497102382
0.06246264196054991,0.9420476497102382
0.0624706434945984,0.9420476497102382
0.06247331112819199,0.9420476497102382
0.062478647078920396,0.9420476497102382
0.0624813153961136,0.9420476497102382
0.06250267014141069,0.9420476497102382
0.06253740275284261,0.9420476497102382
0.06253475341118098,0.9414037347070187
0.06254545454545454,0.9414037347070187
0.0625481304013006,0.9414037347070187
0.06255080648611645,0.9414037347070187
0.06255348279993155,0.9414037347070187
0.06255615934277524,0.9414037347070187
0.06255883611467694,0.9414037347070187
0.06256151311566606,0.9414037347070187
0.0625775799340838,0.9414037347070187
0.0625802585395086,0.9414037347070187
0.06265266766659525,0.9414037347070187
0.06265535270420845,0.9414037347070187
0.06266072346991257,0.9414037347070187
0.06266878134510695,0.9414037347070187
0.06267146776406035,0.9414037347070187
0.06267684129297779,0.9414037347070187
0.06267952840300108,0.9414037347070187
0.06268221574344024,0.9414037347070187
0.06269834462646882,0.9414037347070187
0.06270103358064931,0.9414037347070187
0.06272793581327499,0.9414037347070187
0.06273331903025102,0.9414037347070187
0.06274139558836152,0.9414037347070187
0.06274408823655638,0.9414037347070187
0.06274678111587983,0.9414037347070187
0.06275216756803159,0.9414037347070187
0.06275486114091944,0.9414037347070187
0.06275755494505494,0.9414037347070187
0.06302267436848004,0.9414037347070187
0.06302539121438117,0.9414037347070187
0.06302810829453354,0.9414037347070187
0.06303082560896744,0.9414037347070187
0.06300944494759995,0.9407598197037991
0.06302303511345009,0.9407598197037991
0.06305023303987571,0.9407598197037991
0.06305567544238239,0.9407598197037991
0.06305839699598602,0.9407598197037991
0.06307473125242845,0.9407598197037991
0.06307745445125637,0.9407598197037991
0.06308290155440414,0.9407598197037991
0.06308562545878492,0.9407598197037991
0.06308834959841092,0.9407598197037991
0.06314015298846104,0.9407598197037991
0.06314834024896265,0.9407598197037991
0.06315925989970604,0.9407598197037991
0.0631811105345096,0.9407598197037991
0.06318384292695585,0.9407598197037991
0.06318930842091605,0.9407598197037991
0.06319204152249135,0.9407598197037991
0.06319477486050434,0.9407598197037991
0.06319750843498573,0.9407598197037991
0.06320297629347638,0.9407598197037991
0.06320571057754705,0.9407598197037991
0.06320844509820887,0.9407598197037991
0.06323032978447156,0.9407598197037991
0.06323580332409973,0.9407598197037991
0.0632412778114449,0.9407598197037991
0.06324401541058829,0.9407598197037991
0.06324675324675325,0.9407598197037991
0.06325222963027102,0.9407598197037991
0.06325770696224454,0.9407598197037991
0.06326044598397922,0.9407598197037991
0.06326592473909842,0.9407598197037991
0.0632686644725446,0.9407598197037991
0.06327140444328959,0.9407598197037991
0.06327414465136423,0.9407598197037991
0.06327962577962577,0.9407598197037991
0.06328236669987439,0.9407598197037991
0.06328784925276153,0.9407598197037991
0.0632905908854618,0.9407598197037991
0.06329333275570766,0.9407598197037991
0.06330430261276485,0.9407598197037991
0.0633097889673701,0.9407598197037991
0.06331253250130005,0.9407598197037991
0.06331802028256912,0.9407598197037991
0.06332350901525659,0.9407598197037991
0.06340045131053637,0.9407598197037991
0.06340320270798074,0.9407598197037991
0.06340595434424096,0.9407598197037991
0.06340870621934812,0.9407598197037991
0.06341145833333334,0.9407598197037991
0.06337905886438618,0.9401159047005795
0.06338181028869112,0.9401159047005795
0.06338456195189719,0.9401159047005795
0.06338731385403551,0.9401159047005795
0.0633900659951372,0.9401159047005795
0.06339281837523338,0.9401159047005795
0.0633955709943552,0.9401159047005795
0.0634258655892958,0.9401159047005795
0.06343137680844593,0.9401159047005795
0.06343413277719848,0.9401159047005795
0.06343688898544428,0.9401159047005795
0.06344240212054056,0.9401159047005795
0.0634451590474535,0.9401159047005795
0.06344791621398461,0.9401159047005795
0.06345067362016514,0.9401159047005795
0.06345343126602634,0.9401159047005795
0.06346446424690284,0.9401159047005795
0.06346998217623788,0.9401159047005795
0.06347274150073906,0.9401159047005795
0.06347550106517108,0.9401159047005795
0.06347826086956522,0.9401159047005795
0.06348102091395277,0.9401159047005795
0.06348378119836508,0.9401159047005795
0.06348654172283341,0.9401159047005795
0.06348930248738911,0.9401159047005795
0.06349206349206349,0.9401159047005795
0.06349482473688789,0.9401159047005795
0.06349758622189362,0.9401159047005795
0.06350034794711204,0.9401159047005795
0.06350310991257449,0.9401159047005795
0.06350587211831231,0.9401159047005795
0.06351692334464457,0.9401159047005795
0.06351968675222971,0.9401159047005795
0.06352521428882217,0.9401159047005795
0.06356670149773598,0.9401159047005795
0.06357223722023861,0.9401159047005795
0.06357500544306553,0.9401159047005795
0.06358054261202804,0.9401159047005795
0.06358331155822664,0.9401159047005795
0.06358885017421603,0.9401159047005795
0.06359438975520516,0.9401159047005795
0.06359715990765344,0.9401159047005795
0.06359993030144624,0.9401159047005795
0.06360270093661512,0.9401159047005795
0.06360624291568576,0.9394719896973599
0.06360901600034878,0.9394719896973599
0.06361456289513844,0.9394719896973599
0.06361733670532833,0.9394719896973599
0.0636201107574238,0.9394719896973599
0.06362288505145648,0.9394719896973599
0.06362565958745803,0.9394719896973599
0.06362843436546009,0.9394719896973599
0.06365897290457699,0.9394719896973599
0.06366175058905664,0.9394719896973599
0.06367564264827827,0.9394719896973599
0.0636784217877095,0.9394719896973599
0.0636812011697438,0.9394719896973599
0.06368398079441293,0.9394719896973599
0.06368676066174865,0.9394719896973599
0.06368954077178278,0.9394719896973599
0.06369232112454708,0.9394719896973599
0.06369510172007334,0.9394719896973599
0.06369788255839337,0.9394719896973599
0.06370066363953894,0.9394719896973599
0.06372292103424179,0.9394719896973599
0.06372848781340089,0.9394719896973599
0.06373127156772812,0.9394719896973599
0.06373962429008301,0.9394719896973599
0.06374519398811604,0.9394719896973599
0.06374797920216717,0.9394719896973599
0.06375633630484182,0.9394719896973599
0.06375912249268016,0.9394719896973599
0.0637619089240451,0.9394719896973599
0.06376469559896858,0.9394719896973599
0.06377584473488657,0.9394719896973599
0.06377863262808184,0.9394719896973599
0.063784209145755,0.9394719896973599
0.06378699777029685,0.9394719896973599
0.06379536510712724,0.9394719896973599
0.06388475348104038,0.9394719896973599
0.06388755090423436,0.9394719896973599
0.06389034857242949,0.9394719896973599
0.06389314648565798,0.9394719896973599
0.063895944643952,0.9394719896973599
0.06390154169586545,0.9394719896973599
0.06390713972842751,0.9394719896973599
0.06391273874189592,0.9394719896973599
0.06394074853186081,0.9394719896973599
0.06394635343618513,0.9394719896973599
0.06394915625684856,0.9394719896973599
0.06395195932322258,0.9394719896973599
0.0639547626353395,0.9394719896973599
0.06396317404647085,0.9394719896973599
0.06397158767045205,0.9394719896973599
0.06399684182823055,0.9394719896973599
0.06399964907663289,0.9394719896973599
0.0640024565713283,0.9394719896973599
0.0640052643123492,0.9394719896973599
0.064008072299728,0.9394719896973599
0.064013689013689,0.9394719896973599
0.0640164977403361,0.9394719896973599
0.06402211593312564,0.9394719896973599
0.0640417873759986,0.9394719896973599
0.06404741000877963,0.9394719896973599
0.06405022169542123,0.9394719896973599
0.0640530336289402,0.9394719896973599
0.06405865823674042,0.9394719896973599
0.06406147091108672,0.9394719896973599
0.0640642838324405,0.9394719896973599
0.06406991041630072,0.9394719896973599
0.06407272407887225,0.9394719896973599
0.06407835214546094,0.9394719896973599
0.0640839812008609,0.9394719896973599
0.0640924266385521,0.9394719896973599
0.0640952422791372,0.9394719896973599
0.06429295377429163,0.9394719896973599
0.06429578706151948,0.9394719896973599
0.06429862059847517,0.9394719896973599
0.06430145438519172,0.9394719896973599
0.06430428842170215,0.9394719896973599
0.06432413367427917,0.9394719896973599
0.06432696971033024,0.9394719896973599
0.06435250529287226,0.9394719896973599
0.06435534383132636,0.9394719896973599
0.06436102165953504,0.9394719896973599
0.0643695402805965,0.9394719896973599
0.0643752206141899,0.9394719896973599
0.06438658428949691,0.9394719896973599
0.06440079452659457,0.9394719896973599
0.06442638876622803,0.9394719896973599
0.06443492470079053,0.9394719896973599
0.06443777051497218,0.9394719896973599
0.06444061658053973,0.9394719896973599
0.06444630946596581,0.9394719896973599
0.06445485068033222,0.9394719896973599
0.06445769825491496,0.9394719896973599
0.06446339415897141,0.9394719896973599
0.06446909106977156,0.9394719896973599
0.06447478898758231,0.9394719896973599
0.06448618784530387,0.9394719896973599
0.06448903818953323,0.9394719896973599
0.06449759073427347,0.9394719896973599
0.06450329369114462,0.9394719896973599
0.0645261156074477,0.9394719896973599
0.06452896948252985,0.9394719896973599
0.06453182361006679,0.9394719896973599
0.06453467799009201,0.9394719896973599
0.06490673552063393,0.9388280746941404
0.0649096251446888,0.9388280746941404
0.06492696829355184,0.9388280746941404
0.06493564334387388,0.9388280746941404
0.06493853554249064,0.9388280746941404
0.06495589414595028,0.9388280746941404
0.06495878814880819,0.9388280746941404
0.06497905339156787,0.9388280746941404
0.06498194945848375,0.9388280746941404
0.06498484578356213,0.9388280746941404
0.06498774236683753,0.9388280746941404
0.06499353630811751,0.9388280746941404
0.06499933128259998,0.9388280746941404
0.06500512729056132,0.9388280746941404
0.06501382324088112,0.9388280746941404
0.06501672240802675,0.9388280746941404
0.06505733791441702,0.9388280746941404
0.06506024096385542,0.9388280746941404
0.06506604784005712,0.9388280746941404
0.06506895166688981,0.9388280746941404
0.06507476009819237,0.9388280746941404
0.06507766470273166,0.9388280746941404
0.0650805695665759,0.9388280746941404
0.06509800419699067,0.9388280746941404
0.06510091087694231,0.9388280746941404
0.0651038178164769,0.9388280746941404
0.06512708268191361,0.9388280746941404
0.06512999195926025,0.9388280746941404
0.06513872135102533,0.9388280746941404
0.06514163166830489,0.9388280746941404
0.0651445422456548,0.9388280746941404
0.06516201117318436,0.9388280746941404
0.06516492357200322,0.9388280746941404
0.0651678362311715,0.9388280746941404
0.06517074915072411,0.9388280746941404
0.0651794894720372,0.9388280746941404
0.06518531765547458,0.9388280746941404
0.0651969771497563,0.9388280746941404
0.06521447421389275,0.9388280746941404
0.06521739130434782,0.9388280746941404
0.0652203086557817,0.9388280746941404
0.06524657656851338,0.9388280746941404
0.0652699435938759,0.9388280746941404
0.06527578796561605,0.9388280746941404
0.06527871054398926,0.9388280746941404
0.06528163338407808,0.9388280746941404
0.06528747984954325,0.9388280746941404
0.06532843444753114,0.9388280746941404
0.06533136174216965,0.9388280746941404
0.06533428929915755,0.9388280746941404
0.06533721711853013,0.9388280746941404
0.0653489310205728,0.9388280746941404
0.06567567567567567,0.9388280746941404
0.06563950083344595,0.9381841596909208
0.06564245810055866,0.9381841596909208
0.06564837343426151,0.9381841596909208
0.06565133150092371,0.9381841596909208
0.06565428983417448,0.9381841596909208
0.06566316643381856,0.9381841596909208
0.06566612583378403,0.9381841596909208
0.06569277244240047,0.9381841596909208
0.06569573451167823,0.9381841596909208
0.06569869684808585,0.9381841596909208
0.06570462232243518,0.9381841596909208
0.06572240516035906,0.9381841596909208
0.06572536990256225,0.9381841596909208
0.06572833491225696,0.9381841596909208
0.06573130018947938,0.9381841596909208
0.06573426573426573,0.9381841596909208
0.06573723154665223,0.9381841596909208
0.06574019762667509,0.9381841596909208
0.06574316397437055,0.9381841596909208
0.06574613058977483,0.9381841596909208
0.06574909747292419,0.9381841596909208
0.06575206462385487,0.9381841596909208
0.06575503204260312,0.9381841596909208
0.06575799972920522,0.9381841596909208
0.06576096768369742,0.9381841596909208
0.06588586415845166,0.9381841596909208
0.06588884366662144,0.9381841596909208
0.06589182344428365,0.9381841596909208
0.06589480349147483,0.9381841596909208
0.06589778380823157,0.9381841596909208
0.06590076439459044,0.9381841596909208
0.06590672637626091,0.9381841596909208
0.06591865357643759,0.9381841596909208
0.06592163605103611,0.9381841596909208
0.06593058509434815,0.9381841596909208
0.0659335686487465,0.9381841596909208
0.0659365524731864,0.9381841596909208
0.06596043279460365,0.9381841596909208
0.06596341905106845,0.9381841596909208
0.06596939237526035,0.9381841596909208
0.0659723794430609,0.9381841596909208
0.06597536678138019,0.9381841596909208
0.06598134226972195,0.9381841596909208
0.0659873188405797,0.9381841596909208
0.06600226500566252,0.9381841596909208
0.06600525505119145,0.9381841596909208
0.0660202093434229,0.9381841596909208
0.06602320101504441,0.9381841596909208
0.0660261929578103,0.9381841596909208
0.06602918517175746,0.9381841596909208
0.066035170413343,0.9381841596909208
0.06603816344105516,0.9381841596909208
0.0660411567400961,0.9381841596909208
0.0660441503105027,0.9381841596909208
0.066056127306524,0.9381841596909208
0.0662664301632783,0.9381841596909208
0.0662694441917584,0.9381841596909208
0.06627245849442802,0.9381841596909208
0.06628150304794832,0.9381841596909208
0.06628451844775032,0.9381841596909208
0.06629055007052186,0.9381841596909208
0.0662935662935663,0.9381841596909208
0.06632374362709395,0.9381841596909208
0.0663267628715801,0.9381841596909208
0.06633280218529479,0.9381841596909208
0.06635697044222799,0.9381841596909208
0.06640233342448272,0.9381841596909208
0.06641141346460641,0.9381841596909208
0.06641444069650834,0.9381841596909208
0.06642352404832459,0.9381841596909208
0.066426552384426,0.9381841596909208
0.06643866849065208,0.9381841596909208
0.06647504334337075,0.9381841596909208
0.06649021129010177,0.9381841596909208
0.06649324571011318,0.9381841596909208
0.06650842196558178,0.9381841596909208
0.06660571428571428,0.9381841596909208
0.06661180450784071,0.9381841596909208
0.06661485003657644,0.9381841596909208
0.06662398829393205,0.9381841596909208
0.06662703493689409,0.9381841596909208
0.06663008185850826,0.9381841596909208
0.06663312905881277,0.9381841596909208
0.06664227233225084,0.9381841596909208
0.06666056640893078,0.9381841596909208
0.06666361639824304,0.9381841596909208
0.06666666666666667,0.9381841596909208
0.06667581914698884,0.9381841596909208
0.06667887053224109,0.9381841596909208
0.06668497414069294,0.9381841596909208
0.06668802636396924,0.9381841596909208
0.0667002380516389,0.9381841596909208
0.06670634557274975,0.9381841596909208
0.06671245421245421,0.9381841596909208
0.06671550895187509,0.9381841596909208
0.06672161927004625,0.9381841596909208
0.06672467484887341,0.9381841596909208
0.06672773070757958,0.9381841596909208
0.06689316376658555,0.9381841596909208
0.0669085231447465,0.9381841596909208
0.06692388957787883,0.9381841596909208
0.06693003812761265,0.9381841596909208
0.06693311282616685,0.9381841596909208
0.06693618780723112,0.9381841596909208
0.06693926307084444,0.9381841596909208
0.06694233861704571,0.9381841596909208
0.06694849055736801,0.9381841596909208
0.06695156695156695,0.9381841596909208
0.06695464362850972,0.9381841596909208
0.06691791524956338,0.9375402446877013
0.06692406692406692,0.9375402446877013
0.06693021972970488,0.9375402446877013
0.06693945105972139,0.9375402446877013
0.06717106477209818,0.9375402446877013
0.06717726308018825,0.9375402446877013
0.06718036266322153,0.9375402446877013
0.06718346253229975,0.9375402446877013
0.0671927638562001,0.9375402446877013
0.06719586486985417,0.9375402446877013
0.06719896616975124,0.9375402446877013
0.06721447696426923,0.9375402446877013
0.0672424144460352,0.9375402446877013
0.0672455200443377,0.9375402446877013
0.06737670757119704,0.9368963296844817
0.06739231125521075,0.9368963296844817
0.06734911297419982,0.9362524146812621
0.06735223272188252,0.9362524146812621
0.06736471460340994,0.9362524146812621
0.06736783579669184,0.9362524146812621
0.06737095727921416,0.9362524146812621
0.06737720111214088,0.9362524146812621
0.06739593955687402,0.9362524146812621
0.06740531268833155,0.9362524146812621
0.06740843764487714,0.9362524146812621
0.06741156289118642,0.9362524146812621
0.06745221748005195,0.9362524146812621
0.06745534678728833,0.9362524146812621
0.06745847638489376,0.9362524146812621
0.06746473645137342,0.9362524146812621
0.06749605421966391,0.9362524146812621
0.06749918759574765,0.9362524146812621
0.06750545522076234,0.9362524146812621
0.06755563815453236,0.9362524146812621
0.06757761665737126,0.9362524146812621
0.0676877240351939,0.9362524146812621
0.06769717850824099,0.9362524146812621
0.06771924921987797,0.9362524146812621
0.06773502282679586,0.9362524146812621
0.06774133432724562,0.9362524146812621
0.06774449051856683,0.9362524146812621
0.06775080378360747,0.9362524146812621
0.06775396085740913,0.9362524146812621
0.06795662740699196,0.9362524146812621
0.06795980369245151,0.9362524146812621
0.06796615715420933,0.9362524146812621
0.06796933433059088,0.9362524146812621
0.06798204600710679,0.9362524146812621
0.06808391084472748,0.9362524146812621
0.06808709904003746,0.9362524146812621
0.0680934763265115,0.9362524146812621
0.06809666541775947,0.9362524146812621
0.06809985480773734,0.9362524146812621
0.06812538068687626,0.9362524146812621
0.06813176514690034,0.9362524146812621
0.06813815080369277,0.9362524146812621
0.06814134408098228,0.9362524146812621
0.06821167198348659,0.9362524146812621
0.06821807262831941,0.9362524146812621
0.06823407949692618,0.9362524146812621
0.06823728177210438,0.9362524146812621
0.06824048434786689,0.9362524146812621
0.06825009387908373,0.9362524146812621
0.06825970611708371,0.9362524146812621
0.06823197933787274,0.9356084996780425
0.06823838820269572,0.9356084996780425
0.06824479827157015,0.9356084996780425
0.0682544156332206,0.9356084996780425
0.06826082871370855,0.9356084996780425
0.06826403570589618,0.9356084996780425
0.06827686668859546,0.9356084996780425
0.06834430856067733,0.9356084996780425
0.06836681880205148,0.9356084996780425
0.06837325302338713,0.9356084996780425
0.06837647058823529,0.9356084996780425
0.06837968845592733,0.9356084996780425
0.06838290662650602,0.9356084996780425
0.06838612510001411,0.9356084996780425
0.06839256295598964,0.9356084996780425
0.06840544230497622,0.9356084996780425
0.06841510500047085,0.9356084996780425
0.06843121556068384,0.9356084996780425
0.06843443858327053,0.9356084996780425
0.068437661909472,0.9356084996780425
0.06846023369770071,0.9356084996780425
0.06846345945436555,0.9356084996780425
0.06846668551503157,0.9356084996780425
0.06846991187974176,0.9356084996780425
0.06850672328379334,0.9349645846748229
0.06850995564782486,0.9349645846748229
0.0685131883168971,0.9349645846748229
0.06860382707299788,0.9349645846748229
0.06861031044747909,0.9349645846748229
0.06861355259427275,0.9349645846748229
0.06861679504749303,0.9349645846748229
0.06863625620420705,0.9349645846748229
0.06868820663229103,0.9349645846748229
0.06869470596584189,0.9349645846748229
0.06870120652945351,0.9349645846748229
0.06870445727264124,0.9349645846748229
0.06872396819386596,0.9349645846748229
0.0687272210914943,0.9349645846748229
0.06873372781065089,0.9349645846748229
0.06873698163226662,0.9349645846748229
0.06874674494578856,0.9349645846748229
0.06875,0.9349645846748229
0.06875325536246982,0.9349645846748229
0.06875976701235971,0.9349645846748229
0.0687630232998674,0.9349645846748229
0.06876627989580866,0.9349645846748229
0.06877279401316724,0.9349645846748229
0.06877605153467223,0.9349645846748229
0.06880212282031842,0.9349645846748229
0.06880538312088329,0.9349645846748229
0.06880864373045209,0.9349645846748229
0.06882168925964546,0.9349645846748229
0.06882821387940842,0.9349645846748229
0.06883147665323536,0.9349645846748229
0.06883473973641793,0.9349645846748229
0.06883800312900014,0.9349645846748229
0.06885432473444614,0.9349645846748229
0.06885758998435054,0.9349645846748229
0.06886085554396282,0.9349645846748229
0.06886412141332701,0.9349645846748229
0.06887392088037188,0.9349645846748229
0.06884281444228306,0.9343206696716033
0.06886241754069575,0.9343206696716033
0.0688656858092074,0.9343206696716033
0.06890165724868227,0.9343206696716033
0.06891147416413373,0.9343206696716033
0.06891474709095227,0.9343206696716033
0.06891802032867864,0.9343206696716033
0.06892129387735714,0.9343206696716033
0.06892456773703211,0.9343206696716033
0.0689311163895487,0.9343206696716033
0.06893439118247897,0.9343206696716033
0.06894749346638156,0.9343206696716033
0.0689540464762629,0.9343206696716033
0.0689573234483414,0.9343206696716033
0.06896060073190438,0.9343206696716033
0.0689671562336613,0.9343206696716033
0.0689704344519441,0.9343206696716033
0.06897371298188905,0.9343206696716033
0.06904263418347925,0.9343206696716033
0.0690524913149003,0.9343206696716033
0.06905577765086617,0.9343206696716033
0.06905906429965256,0.9343206696716033
0.0690722140238968,0.9343206696716033
0.06905419563767978,0.9336767546683837
0.06905748440253369,0.9336767546683837
0.06906077348066299,0.9336767546683837
0.06907722357200705,0.9336767546683837
0.06908051453072891,0.9336767546683837
0.06908380580303969,0.9336767546683837
0.06908709738898418,0.9336767546683837
0.06909038928860724,0.9336767546683837
0.06909368150195368,0.9336767546683837
0.06909697402906838,0.9336767546683837
0.0691002668699962,0.9336767546683837
0.0691068534934706,0.9336767546683837
0.06911014727610695,0.9336767546683837
0.06911673578340245,0.9336767546683837
0.0691200305081514,0.9336767546683837
0.0691365088447051,0.9336767546683837
0.06914310237947642,0.9336767546683837
0.06916948909984258,0.9336767546683837
0.0691793893129771,0.9336767546683837
0.06918449197860962,0.9330328396651641
0.06919440332362352,0.9330328396651641
0.06920101246477864,0.9330328396651641
0.06920431750883561,0.9330328396651641
0.06921754084264832,0.9330328396651641
0.06923738532110092,0.9330328396651641
0.06924069384049314,0.9330328396651641
0.06924400267609672,0.9330328396651641
0.06924731182795699,0.9330328396651641
0.06956313010081613,0.9330328396651641
0.06956646982572375,0.9330328396651641
0.06956980987132706,0.9330328396651641
0.06957315023767226,0.9330328396651641
0.06958317326162121,0.9330328396651641
0.06958651491139606,0.9330328396651641
0.06960322797579019,0.9330328396651641
0.06961660420870568,0.9330328396651641
0.0696232942533154,0.9330328396651641
0.06963667820069204,0.9330328396651641
0.06964337210420071,0.9330328396651641
0.06966346153846154,0.9330328396651641
0.06968021158932436,0.9330328396651641
0.06968356256612485,0.9330328396651641
0.06969026548672566,0.9330328396651641
0.06969361743061901,0.9330328396651641
0.0696969696969697,0.9330328396651641
0.06970367519722917,0.9330328396651641
0.06970470639240811,0.9317450096587251
0.069741661846925,0.9317450096587251
0.06976183588853534,0.9317450096587251
0.06976519936357939,0.9317450096587251
0.0697685631629701,0.9317450096587251
0.06977192728675442,0.9317450096587251
0.06977865650769156,0.9317450096587251
0.0697921188443544,0.9317450096587251
0.06983590733590733,0.9317450096587251
0.06983927795743038,0.9317450096587251
0.06984602017666651,0.9317450096587251
0.06984939177447384,0.9317450096587251
0.06985276369780352,0.9317450096587251
0.06986288142139822,0.9317450096587251
0.06986625464728888,0.9317450096587251
0.06986962819893772,0.9317450096587251
0.06987300207639191,0.9317450096587251
0.06987637627969867,0.9317450096587251
0.0698797508089052,0.9317450096587251
0.06990675878061742,0.9317450096587251
0.06991013624504783,0.9317450096587251
0.06991351403585061,0.9317450096587251
0.06991689215307306,0.9317450096587251
0.06987194974631554,0.9311010946555055
0.06987870294302422,0.9311010946555055
0.06988208003092983,0.9311010946555055
0.06988545744526606,0.9311010946555055
0.0698922132534197,0.9311010946555055
0.06989559164733179,0.9311010946555055
0.06989897036786387,0.9311010946555055
0.06990572878897752,0.9311010946555055
0.0699429234787656,0.9311010946555055
0.06999031945788964,0.9311010946555055
0.07000387296669248,0.9311010946555055
0.07000726216412491,0.9311010946555055
0.07001065168974532,0.9311010946555055
0.07002082223621132,0.9311010946555055
0.07002760424233619,0.9311010946555055
0.07003099573808601,0.9311010946555055
0.07003438756235773,0.9311010946555055
0.07000629814446975,0.9304571796522859
0.07001308202916807,0.9304571796522859
0.0700164744645799,0.9304571796522859
0.07037722974948825,0.9298132646490663
0.07038065994053712,0.9298132646490663
0.07038409046597777,0.9298132646490663
0.07038752132585913,0.9298132646490663
0.07039095252023009,0.9298132646490663
0.07039438404913957,0.9298132646490663
0.07041154671347767,0.9298132646490663
0.07042184832967568,0.9298132646490663
0.07042871774862215,0.9298132646490663
0.07043215296068676,0.9298132646490663
0.07043558850787766,0.9298132646490663
0.0704458971606986,0.9298132646490663
0.0704493340488852,0.9298132646490663
0.07046996242252697,0.9298132646490663
0.07047340165934603,0.9298132646490663
0.07047684123188053,0.9298132646490663
0.07048716196426828,0.9298132646490663
0.07049404413200547,0.9298132646490663
0.07050092764378478,0.9298132646490663
0.07049340498290181,0.9291693496458467
0.07050029314051202,0.9291693496458467
0.07053475413041353,0.9291693496458467
0.07054165037152914,0.9291693496458467
0.07054509899780005,0.9291693496458467
0.07054854796127896,0.9291693496458467
0.07055199726201536,0.9291693496458467
0.07055544690005867,0.9291693496458467
0.07055889687545841,0.9291693496458467
0.07056579783852511,0.9291693496458467
0.07056924882629108,0.9291693496458467
0.07057270015161149,0.9291693496458467
0.07057615181453585,0.9291693496458467
0.07058305615339464,0.9291693496458467
0.07058650882942817,0.9291693496458467
0.07058996184326387,0.9291693496458467
0.07059341519495133,0.9291693496458467
0.07059686888454011,0.9291693496458467
0.07060377727762011,0.9291693496458467
0.07062105417706652,0.9291693496458467
0.07063833953397297,0.9291693496458467
0.07070063694267516,0.9291693496458467
0.07072142717114291,0.9291693496458467
0.0709474408771326,0.9291693496458467
0.07095441805576044,0.9291693496458467
0.07095790715971675,0.9291693496458467
0.07100679067020962,0.9291693496458467
0.0710172744721689,0.9291693496458467
0.0710277613703485,0.9291693496458467
0.07103475435660137,0.9291693496458467
0.07103825136612021,0.9291693496458467
0.07104874446085672,0.9291693496458467
0.07105224284799842,0.9291693496458467
0.07105574157967304,0.9291693496458467
0.07105924065593146,0.9291693496458467
0.07106623984240334,0.9291693496458467
0.07106973995271867,0.9291693496458467
0.07107324040782151,0.9291693496458467
0.07107674120776278,0.9291693496458467
0.07108024235259347,0.9291693496458467
0.07108374384236453,0.9291693496458467
0.07104498201704686,0.9285254346426272
0.07106248767987385,0.9285254346426272
0.07106598984771574,0.9285254346426272
0.07106949236076886,0.9285254346426272
0.07107299521908424,0.9285254346426272
0.07108000197170602,0.9285254346426272
0.07108350586611456,0.9285254346426272
0.07108701010598965,0.9285254346426272
0.07111505646791932,0.9285254346426272
0.07111856381929374,0.9285254346426272
0.07112207151664611,0.9285254346426272
0.0712591421229492,0.9285254346426272
0.07127323052589957,0.9285254346426272
0.0712767534971084,0.9285254346426272
0.07128027681660899,0.9285254346426272
0.07128380048445301,0.9285254346426272
0.07128732450069211,0.9285254346426272
0.07129084886537795,0.9285254346426272
0.07129437357856225,0.9285254346426272
0.07129789864029666,0.9285254346426272
0.07165573444643213,0.9285254346426272
0.07165929533369776,0.9285254346426272
0.07166285657489316,0.9285254346426272
0.07167354242258561,0.9285254346426272
0.07167710508002784,0.9285254346426272
0.07168066809166376,0.9285254346426272
0.07168423145754624,0.9285254346426272
0.07169135925226211,0.9285254346426272
0.07169492368120121,0.9285254346426272
0.07169848846459825,0.9285254346426272
0.07170561909497762,0.9285254346426272
0.07171275114382335,0.9285254346426272
0.07172345187764238,0.9285254346426272
0.07174843267986865,0.9285254346426272
0.07176985865020905,0.9285254346426272
0.07177343088945298,0.9285254346426272
0.07177700348432056,0.9285254346426272
0.07178057643486485,0.9285254346426272
0.07178414974113899,0.9285254346426272
0.0717877234031961,0.9285254346426272
0.07179129742108932,0.9285254346426272
0.07179487179487179,0.9285254346426272
0.07179844652459669,0.9285254346426272
0.07180559705208645,0.9285254346426272
0.07186643408921006,0.9285254346426272
0.0718986836856801,0.9285254346426272
0.07193455053377232,0.9285254346426272
0.0719560878243513,0.9285254346426272
0.07195967862667797,0.9285254346426272
0.0719740454205141,0.9285254346426272
0.07197763801537387,0.9285254346426272
0.07208197950512372,0.9285254346426272
0.07208558288342332,0.9285254346426272
0.0720891866220067,0.9285254346426272
0.07211081662249337,0.9285254346426272
0.07211442288457691,0.9285254346426272
0.07212163649094729,0.9285254346426272
0.07242297833844298,0.9278815196394076
0.07242661841576196,0.9278815196394076
0.0724375408435128,0.9278815196394076
0.07244118238487834,0.9278815196394076
0.07245210920609382,0.9278815196394076
0.07245939558505557,0.9278815196394076
0.07256155899088575,0.9278815196394076
0.07257983277928881,0.9278815196394076
0.07262006753011137,0.9278815196394076
0.07262738773247317,0.9278815196394076
0.07263837080350842,0.9278815196394076
0.07264569469651139,0.9278815196394076
0.07264935719687421,0.9278815196394076
0.07265302006655239,0.9278815196394076
0.07265668330560178,0.9278815196394076
0.07266034691407826,0.9278815196394076
0.07266401089203772,0.9278815196394076
0.07266767523953606,0.9278815196394076
0.07267867049982348,0.9278815196394076
0.07268233632603652,0.9278815196394076
0.0726860025220681,0.9278815196394076
0.07268966908797417,0.9278815196394076
0.07269333602381073,0.9278815196394076
0.07290296468683598,0.9278815196394076
0.07290665317480395,0.9278815196394076
0.0729103420360251,0.9278815196394076
0.07292879194291209,0.9278815196394076
0.0729324830448426,0.9278815196394076
0.07294725118963248,0.9278815196394076
0.0729509441603807,0.9278815196394076
0.07295463750506277,0.9278815196394076
0.0729583312237355,0.9278815196394076
0.0729620253164557,0.9278815196394076
0.07296571978328016,0.9278815196394076
0.07297680542894763,0.9278815196394076
0.07298050139275766,0.9278815196394076
0.07298419773095624,0.9278815196394076
0.07298789444360027,0.9278815196394076
0.07300638362549397,0.9278815196394076
0.07301008258600598,0.9278815196394076
0.07301378192136197,0.9278815196394076
0.07302118171683389,0.9278815196394076
0.07302488217706381,0.9278815196394076
0.07303968776927366,0.9278815196394076
0.07304709281695139,0.9278815196394076
0.0730507959038832,0.9278815196394076
0.07306190741773563,0.9278815196394076
0.07306561200689585,0.9278815196394076
0.07306931697175599,0.9278815196394076
0.07307302231237323,0.9278815196394076
0.07311009639776762,0.9278815196394076
0.07312122596031867,0.9278815196394076
0.07313607064913973,0.9278815196394076
0.07320294640589281,0.9278815196394076
0.07321782429754585,0.9278815196394076
0.07322898668563878,0.9278815196394076
0.07323270823804441,0.9278815196394076
0.07324015247776366,0.9278815196394076
0.07324387516519264,0.9278815196394076
0.07330721880246223,0.9278815196394076
0.07331467819893157,0.9278815196394076
0.07332587014044373,0.9278815196394076
0.07333706549951652,0.9278815196394076
0.0733407980456026,0.9278815196394076
0.07335199796385848,0.9278815196394076
0.07335573203013643,0.9278815196394076
0.07335946647660745,0.9278815196394076
0.07331602260577363,0.927237604636188
0.07331975560081466,0.927237604636188
0.0737591558674384,0.927237604636188
0.07377427122291101,0.927237604636188
0.07377805102981863,0.927237604636188
0.07378939277478862,0.927237604636188
0.07379317413139284,0.927237604636188
0.07380073800738007,0.927237604636188
0.07380452052688227,0.927237604636188
0.07388025242419578,0.927237604636188
0.07388404309902515,0.927237604636188
0.07389541745779238,0.927237604636188
0.0738992096890075,0.927237604636188
0.07390300230946882,0.927237604636188
0.07391058871836986,0.927237604636188
0.07392197125256673,0.927237604636188
0.07392576620976436,0.927237604636188
0.07413704276146316,0.9265936896329684
0.07414086248647535,0.9265936896329684
0.07419437999484403,0.9265936896329684
0.07420203166090858,0.9265936896329684
0.07420585808580858,0.9265936896329684
0.07420968490536847,0.9265936896329684
0.07421733972871215,0.9265936896329684
0.07422499613142827,0.9265936896329684
0.07423648369789518,0.9265936896329684
0.0742403136769334,0.9265936896329684
0.07424414405118152,0.9265936896329684
0.07425946950149655,0.9265936896329684
0.0743016471317189,0.9265936896329684
0.07430548383765362,0.9265936896329684
0.07430932093983991,0.9265936896329684
0.07431315843833919,0.9265936896329684
0.07431699633321283,0.9265936896329684
0.07432851239669422,0.9265936896329684
0.07433619175534663,0.9265936896329684
0.07434003202975668,0.9265936896329684
0.07437076851516874,0.9265936896329684
0.07437461236303494,0.9265936896329684
0.07444001862293725,0.9265936896329684
0.0744438696326953,0.9265936896329684
0.07445542505303461,0.9265936896329684
0.07446313065976715,0.9265936896329684
0.07446698406127096,0.9265936896329684
0.0744708378616157,0.9265936896329684
0.07447854665907562,0.9265936896329684
0.07449396904281202,0.9265936896329684
0.0744978256367778,0.9265936896329684
0.07450168263008025,0.9265936896329684
0.0745055400227814,0.9265936896329684
0.0745093978149433,0.9265936896329684
0.07454027454027454,0.9265936896329684
0.07455185991089007,0.9265936896329684
0.07491143988330902,0.9259497746297489
0.07491924559758258,0.9259497746297489
0.07492705293872447,0.9259497746297489
0.07493095721952998,0.9259497746297489
0.07495439145165494,0.9259497746297489
0.07495829858215179,0.9259497746297489
0.07498174992178538,0.9259497746297489
0.07500130391696656,0.9259497746297489
0.07500521593991237,0.9259497746297489
0.07503261153143752,0.9259497746297489
0.07503652682112294,0.9259497746297489
0.07504435862644818,0.9259497746297489
0.07505219206680584,0.9259497746297489
0.07506002714270801,0.9259497746297489
0.07507570220319515,0.9259497746297489
0.07508746279567646,0.9259497746297489
0.07509138381201044,0.9259497746297489
0.07556794278502314,0.9253058596265293
0.07557191690770444,0.9253058596265293
0.07557589144840644,0.9253058596265293
0.07561168113654301,0.9253058596265293
0.07561565986108187,0.9253058596265293
0.07561963900436773,0.9253058596265293
0.07562361856646668,0.9253058596265293
0.07564352266147287,0.9253058596265293
0.07564750473783954,0.9253058596265293
0.0756514872334825,0.9253058596265293
0.07565547014846793,0.9253058596265293
0.07565945348286211,0.9253058596265293
0.07566742141014164,0.9253058596265293
0.07567140600315955,0.9253058596265293
0.07567539101585129,0.9253058596265293
0.07569930990886582,0.9253058596265293
0.0757032978611316,0.9253058596265293
0.07570728623360203,0.9253058596265293
0.07571925387290547,0.9253058596265293
0.07572324392685884,0.9253058596265293
0.07573122529644269,0.9253058596265293
0.07570645297342893,0.9246619446233098
0.0757104444561607,0.9246619446233098
0.07572242143007804,0.9246619446233098
0.0757264145968465,0.9246619446233098
0.0757344021939771,0.9246619446233098
0.07574239147634369,0.9246619446233098
0.07581437094134418,0.9246619446233098
0.07581837381203801,0.9246619446233098
0.07582237710544379,0.9246619446233098
0.07583038496065903,0.9246619446233098
0.07583438952260245,0.9246619446233098
0.07584239991549593,0.9246619446233098
0.07584640574658004,0.9246619446233098
0.07585041200084514,0.9246619446233098
0.07586644125105664,0.9246619446233098
0.0759065440321387,0.9246619446233098
0.07591055664217371,0.9246619446233098
0.07594267280131155,0.9246619446233098
0.07594668923207108,0.9246619446233098
0.07595070608769239,0.9246619446233098
0.07595874107379,0.9246619446233098
0.07596677776014389,0.9246619446233098
0.0759707967410856,0.9246619446233098
0.07597481614729379,0.9246619446233098
0.07597883597883598,0.9246619446233098
0.0759868769181924,0.9246619446233098
0.07599491955969517,0.9246619446233098
0.07601905770248808,0.9246619446233098
0.07603918453799312,0.9246619446233098
0.07604321118407117,0.9246619446233098
0.07605126575574621,0.9246619446233098
0.07605529368147873,0.9246619446233098
0.0760593220338983,0.9246619446233098
0.07606335081307272,0.9246619446233098
0.07606738001906982,0.9246619446233098
0.07607543971180335,0.9246619446233098
0.0760955964177839,0.9246619446233098
0.07609962904080551,0.9246619446233098
0.0761036620912608,0.9246619446233098
0.07611172947474426,0.9246619446233098
0.07611576380790841,0.9246619446233098
0.07611979856877817,0.9246619446233098
0.07613997879109226,0.9246619446233098
0.07614805387633895,0.9246619446233098
0.0762208067940552,0.9246619446233098
0.07623294579816318,0.9246619446233098
0.0762369929921427,0.9246619446233098
0.07627748857962392,0.9246619446233098
0.07628154050464807,0.9246619446233098
0.0762855928601785,0.9246619446233098
0.07628964564628381,0.9246619446233098
0.07629369886303262,0.9246619446233098
0.0762977525104936,0.9246619446233098
0.0763018065887354,0.9246619446233098
0.07630586109782667,0.9246619446233098
0.07631397140883243,0.9246619446233098
0.07631802721088435,0.9246619446233098
0.07632208344406059,0.9246619446233098
0.07633019720406102,0.9246619446233098
0.07679546184309108,0.9240180296200902
0.07684481096712006,0.9240180296200902
0.07685304198800343,0.9240180296200902
0.07685715815971292,0.9240180296200902
0.07686127477236208,0.9240180296200902
0.07686539182602174,0.9240180296200902
0.07686950932076281,0.9240180296200902
0.07687774563377263,0.9240180296200902
0.07688186445218323,0.9240180296200902
0.07688598371195886,0.9240180296200902
0.07689834414018541,0.9240180296200902
0.07690246516613077,0.9240180296200902
0.07690658663379603,0.9240180296200902
0.07691070854325223,0.9240180296200902
0.07691483089457041,0.9240180296200902
0.07692307692307693,0.9240180296200902
0.07698497854077253,0.9240180296200902
0.07698910885777134,0.9240180296200902
0.07699737082148414,0.9240180296200902
0.07700150246834085,0.9240180296200902
0.07700976709241172,0.9240180296200902
0.07703043641634011,0.9240180296200902
0.07704284333727049,0.9240180296200902
0.07704697986577182,0.9240180296200902
0.07705111683848798,0.9240180296200902
0.07705525425549052,0.9240180296200902
0.07705939211685103,0.9240180296200902
0.07708008809152925,0.9240180296200902
0.07708422862054147,0.9240180296200902
0.0771132247837068,0.9240180296200902
0.07711736887360275,0.9240180296200902
0.07713809600602053,0.9240180296200902
0.07714224276959467,0.9240180296200902
0.07714638997903339,0.9240180296200902
0.07715468573579225,0.9240180296200902
0.07716298327687261,0.9240180296200902
0.07718373493975904,0.9240180296200902
0.07719203873050028,0.9240180296200902
0.07721280602636535,0.9240180296200902
0.07721696082651744,0.9240180296200902
0.077225271768378,0.9240180296200902
0.07722942791023088,0.9240180296200902
0.07725853343383224,0.9240180296200902
0.0772626931567329,0.9240180296200902
0.07726685332758992,0.9240180296200902
0.07727101394647569,0.9240180296200902
0.07727517501346258,0.9240180296200902
0.07727933652862297,0.9240180296200902
0.07732930969445492,0.9240180296200902
0.07733764483966586,0.9240180296200902
0.07734598178192206,0.9240180296200902
0.07735015092712376,0.9240180296200902
0.07740021574973031,0.9240180296200902
0.07741274208340077,0.9240180296200902
0.07742527247221323,0.9240180296200902
0.07742945016996708,0.9240180296200902
0.0774419859686994,0.9240180296200902
0.07744616547034379,0.9240180296200902
0.07745034542314336,0.9240180296200902
0.07745452582717116,0.9240180296200902
0.07745870668250027,0.9240180296200902
0.07746706974735479,0.9240180296200902
0.0774712519570264,0.9240180296200902
0.07747543461829176,0.9240180296200902
0.0775382287783001,0.9240180296200902
0.07755079982706442,0.9240180296200902
0.07755499108252716,0.9240180296200902
0.07755918279104962,0.9240180296200902
0.07756756756756757,0.9240180296200902
0.07757176063571004,0.9240180296200902
0.07763471110149318,0.9240180296200902
0.07764731345706401,0.9240180296200902
0.07765151515151515,0.9240180296200902
0.07765571730071974,0.9240180296200902
0.07766412296368458,0.9240180296200902
0.07766832647759256,0.9240180296200902
0.077676734870629,0.9240180296200902
0.07768093974990527,0.9240180296200902
0.07768514508445215,0.9240180296200902
0.07764361903730575,0.9233741146168706
0.0776520279417339,0.9233741146168706
0.07766464471403813,0.9233741146168706
0.07767305817354567,0.9233741146168706
0.07767726558691296,0.9233741146168706
0.07768147345612135,0.9233741146168706
0.07768568178124492,0.9233741146168706
0.07771094131035604,0.9233741146168706
0.07771936480407567,0.9233741146168706
0.07772357723577236,0.9233741146168706
0.07772779012412596,0.9233741146168706
0.07782903663500679,0.9233741146168706
0.07783326096396005,0.9233741146168706
0.0778459367026763,0.9233741146168706
0.07781277150304083,0.922730199613651
0.07781699701330437,0.922730199613651
0.0778212229825133,0.922730199613651
0.07782544941074242,0.922730199613651
0.07782967629806647,0.922730199613651
0.07785927737027981,0.922730199613651
0.07786350793305803,0.922730199613651
0.07787620238030542,0.922730199613651
0.07793125951707636,0.922730199613651
0.07794397606744628,0.922730199613651
0.07794821583986075,0.922730199613651
0.07795669676857796,0.922730199613651
0.07802885924312551,0.922730199613651
0.07803310825528208,0.922730199613651
0.07803735773021837,0.922730199613651
0.07805436025927338,0.922730199613651
0.07806711701895838,0.922730199613651
0.07807987794910914,0.922730199613651
0.07811392750068138,0.922730199613651
0.07813096341529906,0.922730199613651
0.07813522355507088,0.922730199613651
0.0781437452284873,0.922730199613651
0.07814800676228391,0.922730199613651
0.0781522687609075,0.922730199613651
0.07815653122443414,0.922730199613651
0.07816079415293989,0.922730199613651
0.07816505754650084,0.922730199613651
0.0781693214051931,0.922730199613651
0.07817358572909279,0.922730199613651
0.07817785051827605,0.922730199613651
0.07818211577281903,0.922730199613651
0.0781863814927979,0.922730199613651
0.07823333515313644,0.922730199613651
0.07825897001802196,0.922730199613651
0.078267518706647,0.922730199613651
0.07827179375136552,0.922730199613651
0.07828034524199716,0.922730199613651
0.07828889860139861,0.922730199613651
0.07830173214578438,0.922730199613651
0.07831029017979124,0.922730199613651
0.07834025803630003,0.922730199613651
0.07835310842582974,0.922730199613651
0.07835739282589677,0.922730199613651
0.0783069940394816,0.9220862846104314
0.0782608695652174,0.9214423696072118
0.07826514985779917,0.9214423696072118
0.07826943061860744,0.9214423696072118
0.07827371184771907,0.9214423696072118
0.07828655834564253,0.9214423696072118
0.07836801752464403,0.9214423696072118
0.0783851884312007,0.9214423696072118
0.07838948233360724,0.9214423696072118
0.0783937767064753,0.9214423696072118
0.07839807154988221,0.9214423696072118
0.07840236686390532,0.9214423696072118
0.07840666264862199,0.9214423696072118
0.0784109589041096,0.9214423696072118
0.0784152556304455,0.9214423696072118
0.07841955282770714,0.9214423696072118
0.07842385049597195,0.9214423696072118
0.07848837209302326,0.9214423696072118
0.07849267730788217,0.9214423696072118
0.07932011331444759,0.9195106245975532
0.07932451949783358,0.9195106245975532
0.07954102378432575,0.9195106245975532
0.07954988580023398,0.9195106245975532
0.07955431754874652,0.9195106245975532
0.07958091841283994,0.9195106245975532
0.07958535361979602,0.9195106245975532
0.07958978932114591,0.9195106245975532
0.07962973289466346,0.9195106245975532
0.07963417354450145,0.9195106245975532
0.07963861468964363,0.9195106245975532
0.07964749846617213,0.9195106245975532
0.07965194109772424,0.9195106245975532
0.07965638422491214,0.9195106245975532
0.0796608278478188,0.9195106245975532
0.079691947095262,0.9195106245975532
0.07970084277501814,0.9195106245975532
0.07971419001897957,0.9195106245975532
0.07989705141834051,0.9195106245975532
0.07990152193375112,0.9195106245975532
0.0799059929494712,0.9195106245975532
0.07991046446558478,0.9195106245975532
0.0799328295549958,0.9195106245975532
0.07996416172023743,0.9195106245975532
0.079968639749118,0.9195106245975532
0.07997311827956989,0.9195106245975532
0.07998207684552482,0.9195106245975532
0.08000448204381198,0.9195106245975532
0.08000896458987002,0.9195106245975532
0.08001344763825853,0.9195106245975532
0.08001793118906197,0.9195106245975532
0.08002241524236481,0.9195106245975532
0.08002689979825152,0.9195106245975532
0.08004933011940131,0.9195106245975532
0.08006279434850863,0.9195106245975532
0.08026530268113091,0.9195106245975532
0.08026981450252951,0.9195106245975532
0.08027883966719136,0.9195106245975532
0.08028786686157652,0.9195106245975532
0.08029689608636977,0.9195106245975532
0.08030141146038351,0.9195106245975532
0.08030592734225621,0.9195106245975532
0.08031496062992126,0.9195106245975532
0.08031947803588503,0.9195106245975532
0.08033303330333033,0.9195106245975532
0.08033755274261603,0.9195106245975532
0.08034207269044671,0.9195106245975532
0.08040993299172251,0.9195106245975532
0.08042351881054291,0.9195106245975532
0.08042804843705999,0.9195106245975532
0.08043710922097673,0.9195106245975532
0.08045523691475576,0.9195106245975532
0.08045977011494253,0.9195106245975532
0.08046430382599876,0.9195106245975532
0.08046883804801082,0.9195106245975532
0.08047337278106509,0.9195106245975532
0.08047790802524797,0.9195106245975532
0.08048698004734528,0.9195106245975532
0.08049151682543261,0.9195106245975532
0.08050059191611703,0.9195106245975532
0.0805505415162455,0.9195106245975532
0.0805641748942172,0.9195106245975532
0.08053501890625882,0.9188667095943336
0.08053956428490801,0.9188667095943336
0.08056229887653137,0.9188667095943336
0.08058959733438753,0.9188667095943336
0.08059870093194013,0.9188667095943336
0.08060325350203344,0.9188667095943336
0.08062602406915645,0.9188667095943336
0.08066704352741662,0.9188667095943336
0.08067160382158403,0.9188667095943336
0.0806761646313885,0.9188667095943336
0.08068072595691751,0.9188667095943336
0.08068528779825851,0.9188667095943336
0.08068985015549901,0.9188667095943336
0.08070354032349282,0.9188667095943336
0.08071266968325792,0.9188667095943336
0.08071723513773403,0.9188667095943336
0.08072180110872271,0.9188667095943336
0.08073550212164074,0.9188667095943336
0.08075834748160725,0.9188667095943336
0.08076291810515593,0.9188667095943336
0.08076748924609463,0.9188667095943336
0.08077206090451124,0.9188667095943336
0.08079035271471438,0.9188667095943336
0.08079950172696902,0.9188667095943336
0.08081322913127194,0.9188667095943336
0.08081780596930396,0.9188667095943336
0.08082238332578161,0.9188667095943336
0.08087276848965713,0.9188667095943336
0.08087735207435956,0.9188667095943336
0.08092321651355336,0.9188667095943336
0.08092780581863551,0.9188667095943336
0.08093239564428312,0.9188667095943336
0.08093698599058477,0.9188667095943336
0.08094616824550456,0.9188667095943336
0.08095076015429997,0.9188667095943336
0.08095535258410393,0.9188667095943336
0.0809645390070922,0.9188667095943336
0.08100130555713232,0.9188667095943336
0.08101050241271643,0.9188667095943336
0.08101970135695225,0.9188667095943336
0.0810243016125369,0.9188667095943336
0.08101812397022896,0.918222794591114
0.08102272727272727,0.918222794591114
0.08098891730605286,0.9175788795878944
0.08100272851296043,0.9175788795878944
0.08100733329543516,0.9175788795878944
0.08101193860147811,0.9175788795878944
0.08103958143767061,0.9175788795878944
0.08106263154900734,0.9175788795878944
0.08106724314484014,0.9175788795878944
0.08108108108108109,0.9175788795878944
0.08109030899675639,0.9175788795878944
0.08109492374231732,0.9175788795878944
0.08114572063094357,0.9175788795878944
0.0811827038113143,0.9175788795878944
0.08119195487436613,0.9175788795878944
0.08125213821416354,0.9175788795878944
0.08126140510948905,0.9175788795878944
0.08126603934987169,0.9175788795878944
0.0813077713111948,0.9175788795878944
0.08131241084165478,0.9175788795878944
0.08148444647758463,0.9175788795878944
0.08148910619317207,0.9175788795878944
0.0814937664417248,0.9175788795878944
0.08149842722333428,0.9175788795878944
0.08150308853809198,0.9175788795878944
0.08150775038608934,0.9175788795878944
0.08151707568216922,0.9175788795878944
0.08152173913043478,0.9175788795878944
0.08153106762787504,0.9175788795878944
0.08153573267723294,0.9175788795878944
0.0814831769283589,0.9169349645846748
0.08149716705774623,0.9169349645846748
0.08150649647988095,0.9169349645846748
0.08152982938280087,0.9169349645846748
0.08154383553799462,0.9169349645846748
0.08155317564858829,0.9169349645846748
0.08157186229019878,0.9169349645846748
0.08157653528872594,0.9169349645846748
0.08159055749727841,0.9169349645846748
0.08159523263809305,0.9169349645846748
0.08159990831470976,0.9169349645846748
0.08160458452722064,0.9169349645846748
0.08161393856029345,0.9169349645846748
0.08182863714778608,0.9162910495814552
0.08183334291793663,0.9162910495814552
0.08183804922935357,0.9162910495814552
0.08184275608213033,0.9162910495814552
0.0818474634763603,0.9162910495814552
0.0818615889087039,0.9162910495814552
0.08187100857257926,0.9162910495814552
0.08188043040451119,0.9162910495814552
0.08188514213373231,0.9162910495814552
0.08189456721915285,0.9162910495814552
0.0819134239005296,0.9162910495814552
0.08191813942778194,0.9162910495814552
0.08195588319990785,0.9162910495814552
0.0819606036170948,0.9162910495814552
0.0819653245780773,0.9162910495814552
0.0819700460829493,0.9162910495814552
0.08197476813180483,0.9162910495814552
0.08198893754321272,0.9162910495814552
0.08199366176894267,0.9162910495814552
0.08199838653912643,0.9162910495814552
0.08207879102497549,0.9162910495814552
0.0820835256114444,0.9162910495814552
0.08208826074415922,0.9162910495814552
0.08211194460473167,0.9162910495814552
0.08211668301690807,0.9162910495814552
0.0821214219759926,0.9162910495814552
0.08212616148207999,0.9162910495814552
0.08214038328330639,0.9162910495814552
0.0821498672208752,0.9162910495814552
0.08224007397561117,0.9162910495814552
0.08234953703703704,0.9162910495814552
0.08235430291104809,0.9162910495814552
0.08235906933672879,0.9162910495814552
0.08237337192474674,0.9162910495814552
0.08238290974353037,0.9162910495814552
0.08238767948124132,0.9162910495814552
0.0824019920088019,0.9162910495814552
0.08240676395645125,0.9162910495814552
0.08241630951001969,0.9162910495814552
0.08242585727525487,0.9162910495814552
0.08243063198748769,0.9162910495814552
0.08244495944380069,0.9162910495814552
0.08253102888296021,0.9162910495814552
0.08254060324825986,0.9162910495814552
0.08254539126399443,0.9162910495814552
0.0825501798352477,0.9162910495814552
0.08255496896211638,0.9162910495814552
0.08255975864469714,0.9162910495814552
0.08256454888308674,0.9162910495814552
0.08257892293407613,0.9162910495814552
0.08258850841555426,0.9162910495814552
0.08259330199082941,0.9162910495814552
0.08259809612259113,0.9162910495814552
0.08267487799209854,0.9162910495814552
0.08269409576940957,0.9162910495814552
0.08270370800883413,0.9162910495814552
0.08270851496657948,0.9162910495814552
0.08272293919311707,0.9162910495814552
0.0827277483867217,0.9162910495814552
0.08273736845165416,0.9162910495814552
0.08274217932317711,0.9162910495814552
0.08274699075420132,0.9162910495814552
0.08275180274482438,0.9162910495814552
0.08275661529514394,0.9162910495814552
0.08279031882708866,0.9162910495814552
0.08280477160314227,0.9162910495814552
0.08280959031657356,0.9162910495814552
0.0828144095908747,0.9162910495814552
0.0828578083148946,0.9162910495814552
0.08289159433797402,0.9162910495814552
0.08290608249825215,0.9162910495814552
0.08291091301054594,0.9162910495814552
0.0829205757240254,0.9162910495814552
0.08287196223556151,0.9156471345782357
0.08287679216691922,0.9156471345782357
0.08289611752360965,0.9156471345782357
0.0829444703686421,0.9156471345782357
0.08294930875576037,0.9156471345782357
0.0830751242326805,0.9150032195750161
0.08308483891714903,0.9150032195750161
0.08308969711144895,0.9150032195750161
0.08309941520467837,0.9150032195750161
0.08310427510380725,0.9150032195750161
0.08310913557141186,0.9150032195750161
0.0831480397893505,0.9150032195750161
0.08315777153558053,0.9150032195750161
0.08316263826300696,0.9150032195750161
0.08316750556010769,0.9150032195750161
0.08353909465020576,0.9150032195750161
0.08350485151426051,0.9143593045717965
0.08350976240884497,0.9143593045717965
0.08353432554856167,0.9143593045717965
0.08354907036949871,0.9143593045717965
0.0835589031422855,0.9143593045717965
0.08357857563272514,0.9143593045717965
0.08358349520277827,0.9143593045717965
0.08360317927583162,0.9143593045717965
0.08360810174281677,0.9143593045717965
0.08365243004418262,0.9143593045717965
0.08373135208443894,0.9143593045717965
0.08374122781152327,0.9143593045717965
0.08375110586847538,0.9143593045717965
0.08376098625611986,0.9143593045717965
0.08376592732420954,0.9143593045717965
0.08388964376440007,0.9143593045717965
0.08395412084663592,0.9143593045717965
0.08395908472772423,0.9143593045717965
0.08396404919583728,0.9143593045717965
0.08397397989355411,0.9143593045717965
0.08397894612336626,0.9143593045717965
0.08398888034541906,0.9143593045717965
0.0839396628216504,0.9137153895685769
0.08394462849029816,0.9137153895685769
0.08402415916627191,0.9137153895685769
0.08402913483744892,0.9137153895685769
0.08403411109795096,0.9137153895685769
0.08404904341645442,0.9137153895685769
0.08405402203530388,0.9137153895685769
0.08406398104265403,0.9137153895685769
0.08406896143136441,0.9137153895685769
0.08407892397938022,0.9137153895685769
0.08408390613889548,0.9137153895685769
0.08410384068278805,0.9137153895685769
0.08410882579574418,0.9137153895685769
0.08411879779477148,0.9137153895685769
0.08413376022767698,0.9137153895685769
0.08413874888823006,0.9137153895685769
0.08414872798434442,0.9137153895685769
0.08420865230550116,0.9137153895685769
0.08421364985163204,0.9137153895685769
0.08423364596936958,0.9137153895685769
0.08423864648263579,0.9137153895685769
0.08424364758964617,0.9137153895685769
0.08424864929050645,0.9137153895685769
0.08425365158532241,0.9137153895685769
0.08425865447419988,0.9137153895685769
0.08426365795724465,0.9137153895685769
0.08428367783321454,0.9137153895685769
0.08428868428868429,0.9137153895685769
0.08436385255648038,0.9137153895685769
0.08438893844781445,0.9137153895685769
0.08447937131630648,0.9137153895685769
0.08448440104786854,0.9137153895685769
0.08448943137838642,0.9137153895685769
0.08449949383671768,0.9137153895685769
0.08450955869215651,0.9137153895685769
0.084529695597784,0.9137153895685769
0.08453976764968722,0.9137153895685769
0.08454984210212715,0.9137153895685769
0.08456495828367104,0.9137153895685769
0.08456999821205077,0.9137153895685769
0.08457503874120872,0.9137153895685769
0.08458512160228898,0.9137153895685769
0.08550768303705936,0.9137153895685769
0.08551283596480656,0.9137153895685769
0.08555408175569758,0.9137153895685769
0.08560569498069498,0.9137153895685769
0.08562119109394799,0.9137153895685769
0.0856366928183464,0.9137153895685769
0.08564703042008691,0.9137153895685769
0.0857246420588413,0.9137153895685769
0.08573500090628965,0.9137153895685769
0.08574018126888218,0.9137153895685769
0.08574536225753822,0.9137153895685769
0.08575054387237128,0.9137153895685769
0.0857764613431663,0.9137153895685769
0.0857816467174465,0.9137153895685769
0.08579720660257573,0.9137153895685769
0.0858023944854275,0.9137153895685769
0.08583353496249697,0.9137153895685769
0.08583872723973142,0.9137153895685769
0.08585430784123911,0.9137153895685769
0.08585950263205663,0.9137153895685769
0.08586469805155512,0.9137153895685769
0.08586989409984871,0.9137153895685769
0.08587509077705156,0.9137153895685769
0.08588028808327786,0.9137153895685769
0.08588548601864181,0.9137153895685769
0.08589068458325767,0.9137153895685769
0.08589588377723971,0.9137153895685769
0.08590108360070223,0.9137153895685769
0.08590628405375954,0.9137153895685769
0.08591148513652601,0.9137153895685769
0.085916686849116,0.9137153895685769
0.0859375,0.9137153895685769
0.08594791035735917,0.9137153895685769
0.08595311648191896,0.9137153895685769
0.08595832323721832,0.9137153895685769
0.0859635306233719,0.9137153895685769
0.08603128410331029,0.9137153895685769
0.0860365003334748,0.9137153895685769
0.08605215281989084,0.9137153895685769
0.08605737158105403,0.9137153895685769
0.08606259097525473,0.9137153895685769
0.08606781100260812,0.9137153895685769
0.08608347488473671,0.9137153895685769
0.0860886974458533,0.9137153895685769
0.08609914446938899,0.9137153895685769
0.08610959402876388,0.9137153895685769
0.08611481975967958,0.9137153895685769
0.0861252731245448,0.9137153895685769
0.08663003663003663,0.9137153895685769
0.08663532572196105,0.9137153895685769
0.08665119687347338,0.9137153895685769
0.08666178087211433,0.9137153895685769
0.08667236745663327,0.9137153895685769
0.08670414273493829,0.9137153895685769
0.08671473967245172,0.9137153895685769
0.08672533920058673,0.9137153895685769
0.08674124335228314,0.9137153895685769
0.08674654603252231,0.9137153895685769
0.08677306916162172,0.9137153895685769
0.08677837573385519,0.9137153895685769
0.08678899082568807,0.9137153895685769
0.0868208516886931,0.9137153895685769
0.08705795677799608,0.9130714745653574
0.08706330202001597,0.9130714745653574
0.08707399447344182,0.9130714745653574
0.0871007371007371,0.9130714745653574
0.08710608759751827,0.9130714745653574
0.08711143875168939,0.9130714745653574
0.08711679056337163,0.9130714745653574
0.08712214303268616,0.9130714745653574
0.08717854066691276,0.9124275595621378
0.08718390450993663,0.9124275595621378
0.08727519093372751,0.9124275595621378
0.08728056667693256,0.9124275595621378
0.08729132015031109,0.9124275595621378
0.08730207627379706,0.9124275595621378
0.08730745532963648,0.9124275595621378
0.0873128350483702,0.9124275595621378
0.08731821543012078,0.9124275595621378
0.08730501263949689,0.9117836445589182
0.0873103958564558,0.9117836445589182
0.08732116428219043,0.9117836445589182
0.08738043813637766,0.9117836445589182
0.08739122384743565,0.9117836445589182
0.08740201222146782,0.9117836445589182
0.08741280325946046,0.9117836445589182
0.08742359696240044,0.9117836445589182
0.08742899481353421,0.9117836445589182
0.08743439333127509,0.9117836445589182
0.08743979251574657,0.9117836445589182
0.08749922758450225,0.9117836445589182
0.08752627024354061,0.9117836445589182
0.0874860887844689,0.9111397295556987
0.0874914981759723,0.9111397295556987
0.08752396857796746,0.9111397295556987
0.08754021281860926,0.9111397295556987
0.08754562890552496,0.9111397295556987
0.08755104566266551,0.9111397295556987
0.0875618811881188,0.9111397295556987
0.08756729995668049,0.9111397295556987
0.08757271939596485,0.9111397295556987
0.08757813950609643,0.9111397295556987
0.0875835602871998,0.9111397295556987
0.08758898173939957,0.9111397295556987
0.08760525012382367,0.9111397295556987
0.08761067426165563,0.9111397295556987
0.08761609907120743,0.9111397295556987
0.08762152455260387,0.9111397295556987
0.08762695070596978,0.9111397295556987
0.08763237753142998,0.9111397295556987
0.08767581634549848,0.9111397295556987
0.08768124922543066,0.9111397295556987
0.08772473651580905,0.9111397295556987
0.08773017546035092,0.9111397295556987
0.08773561507936507,0.9111397295556987
0.087741055372977,0.9111397295556987
0.08774649634131217,0.9111397295556987
0.08775738030265443,0.9111397295556987
0.08777915632754342,0.9111397295556987
0.08778460202245797,0.9111397295556987
0.08780639156065777,0.9111397295556987
0.08781184063547226,0.9111397295556987
0.08789911790284508,0.9111397295556987
0.08790457849288687,0.9111397295556987
0.08791003976143141,0.9111397295556987
0.08791550170860515,0.9111397295556987
0.08795375435106911,0.9111397295556987
0.08796468979236603,0.9111397295556987
0.08809612750591458,0.9111397295556987
0.08810709838107099,0.9111397295556987
0.08811258484339,0.9111397295556987
0.08820046126036278,0.9111397295556987
0.08820595935668869,0.9111397295556987
0.08821145813852005,0.9111397295556987
0.08822245775921192,0.9111397295556987
0.08826097804391217,0.9111397295556987
0.08826648368785478,0.9111397295556987
0.08827749703662112,0.9111397295556987
0.08828300474170202,0.9111397295556987
0.08831606541006116,0.9111397295556987
0.08832157792896823,0.9111397295556987
0.0883270911360799,0.9111397295556987
0.08834915084915085,0.9111397295556987
0.08835466749921948,0.9111397295556987
0.08837674099056898,0.9111397295556987
0.08839330334832583,0.9111397295556987
0.08841539615096226,0.9111397295556987
0.08852048795746012,0.9111397295556987
0.08852602602602602,0.9111397295556987
0.08853156478758681,0.9111397295556987
0.08865914786967419,0.9111397295556987
0.08866470330221192,0.9111397295556987
0.08871473354231975,0.9111397295556987
0.08872029594331933,0.9111397295556987
0.08873142283815137,0.9111397295556987
0.08873698733224633,0.9111397295556987
0.08874255252430228,0.9111397295556987
0.08875368500282256,0.9111397295556987
0.08876482027476319,0.9111397295556987
0.08877038895859474,0.9111397295556987
0.08877595834117573,0.9111397295556987
0.08878152842263771,0.9111397295556987
0.08878709920311226,0.9111397295556987
0.08879824286162535,0.9111397295556987
0.0888038157399272,0.9111397295556987
0.08880938931776815,0.9111397295556987
0.08881496359527993,0.9111397295556987
0.08882053857259431,0.9111397295556987
0.08882611424984306,0.9111397295556987
0.08885400313971742,0.9111397295556987
0.08886516359982416,0.9111397295556987
0.0888819095477387,0.9111397295556987
0.08888749293297318,0.9111397295556987
0.0888930770197261,0.9111397295556987
0.08890983349041784,0.9111397295556987
0.08892659627953746,0.9111397295556987
0.08893777498428661,0.9111397295556987
0.08894336539065938,0.9111397295556987
0.08894895649987428,0.9111397295556987
0.08895454831206387,0.9111397295556987
0.08913385826771654,0.9111397295556987
0.08913947335265214,0.9111397295556987
0.0891507056451613,0.9111397295556987
0.08916755939252631,0.9111397295556987
0.08917317872447693,0.9111397295556987
0.08917879876473184,0.9111397295556987
0.08919566313666162,0.9111397295556987
0.08920128601147324,0.9111397295556987
0.0892294110228276,0.9111397295556987
0.08924629454430778,0.9111397295556987
0.08926318445622003,0.9111397295556987
0.08926881584758059,0.9111397295556987
0.08927444794952681,0.9111397295556987
0.0892800807621932,0.9111397295556987
0.08928571428571429,0.9111397295556987
0.08929698346585889,0.9111397295556987
0.08931389257085148,0.9111397295556987
0.08926767676767677,0.9104958145524791
0.0896525488206949,0.9104958145524791
0.08969235648588646,0.9104958145524791
0.08969804618117229,0.9104958145524791
0.08970942773759676,0.9104958145524791
0.08971511959901021,0.9104958145524791
0.08972081218274111,0.9104958145524791
0.08972650548892697,0.9104958145524791
0.08978917957835916,0.9104958145524791
0.0897948815647425,0.9104958145524791
0.08981769675411294,0.9104958145524791
0.08982910869703323,0.9104958145524791
0.08984623204981573,0.9104958145524791
0.08985194128487005,0.9104958145524791
0.0898576512455516,0.9104958145524791
0.08986336193199873,0.9104958145524791
0.09020158203623373,0.9104958145524791
0.090207336523126,0.9104958145524791
0.0902130917442899,0.9104958145524791
0.09023036181481718,0.9104958145524791
0.09062359802602064,0.9104958145524791
0.09097342855304638,0.9104958145524791
0.0909851360916286,0.9104958145524791
0.09100856021110897,0.9104958145524791
0.09103785732680916,0.9104958145524791
0.09112586195785267,0.9104958145524791
0.0911317349832431,0.9104958145524791
0.09138499321398565,0.9104958145524791
0.09139089968976215,0.9104958145524791
0.09140271493212669,0.9104958145524791
0.0914322664080181,0.9104958145524791
0.09144409234947941,0.9104958145524791
0.09145000646746863,0.9104958145524791
0.0914559213504948,0.9104958145524791
0.09143263879901643,0.9098518995492595
0.09143855562026791,0.9098518995492595
0.0914503915604168,0.9098518995492595
0.09145631067961164,0.9098518995492595
0.09146223056508512,0.9098518995492595
0.09146815121698602,0.9098518995492595
0.09147999482066554,0.9098518995492595
0.09155705306810082,0.9098518995492595
0.09159266221559603,0.9098518995492595
0.09159859976662778,0.9098518995492595
0.09165801764400623,0.9098518995492595
0.0916639636717483,0.9098518995492595
0.09168180638463536,0.9098518995492595
0.09168775549931867,0.9098518995492595
0.09175920514319112,0.9098518995492595
0.09176516430705287,0.9098518995492595
0.09177708495713172,0.9098518995492595
0.09178304644365054,0.9098518995492595
0.09179497174040148,0.9098518995492595
0.09180093555093555,0.9098518995492595
0.09180690013644338,0.9098518995492595
0.09183076623123416,0.9098518995492595
0.09183673469387756,0.9098518995492595
0.0918427039324017,0.9098518995492595
0.09184867394695788,0.9098518995492595
0.09187256176853056,0.9098518995492595
0.09187853566551792,0.9098518995492595
0.09195028307411987,0.9098518995492595
0.09197422378441711,0.9098518995492595
0.0919861988151813,0.9098518995492595
0.0919921875,0.9098518995492595
0.09207011142242784,0.9098518995492595
0.09207611103870715,0.9098518995492595
0.0920881126173097,0.9098518995492595
0.09209411457993874,0.9098518995492595
0.09210011732499022,0.9098518995492595
0.09210612085261717,0.9098518995492595
0.09211813025620966,0.9098518995492595
0.09213014279194105,0.9098518995492595
0.09213615023474178,0.9098518995492595
0.09216018784242108,0.9098518995492595
0.09216619920422674,0.9098518995492595
0.09217221135029355,0.9098518995492595
0.092178224280775,0.9098518995492595
0.09219626778024273,0.9098518995492595
0.09220228384991844,0.9098518995492595
0.09225646382867589,0.9098518995492595
0.09226248775710089,0.9098518995492595
0.09226851247224761,0.9098518995492595
0.09227453797427022,0.9098518995492595
0.09228056426332289,0.9098518995492595
0.0922865913395598,0.9098518995492595
0.09229261920313521,0.9098518995492595
0.09232880292733926,0.9098518995492595
0.09234087047444778,0.9098518995492595
0.09234690543101758,0.9098518995492595
0.09235294117647058,0.9098518995492595
0.0923589777109615,0.9098518995492595
0.09237105314767602,0.9098518995492595
0.09238917222440172,0.9098518995492595
0.09239521349637089,0.9098518995492595
0.09240125555846194,0.9098518995492595
0.0924072984108299,0.9098518995492595
0.09241334205362982,0.9098518995492595
0.09242543171114599,0.9098518995492595
0.09243147772617256,0.9098518995492595
0.09244357212953877,0.9098518995492595
0.09244962051818896,0.9098518995492595
0.093003300330033,0.9072762395363811
0.0929679762297788,0.9066323245331617
0.09299867899603699,0.9066323245331617
0.0930171103917553,0.9066323245331617
0.09302325581395349,0.9066323245331617
0.09303554909475353,0.9066323245331617
0.09309090909090909,0.9066323245331617
0.09318332230311052,0.9066323245331617
0.09318948970812099,0.9066323245331617
0.09319565792957374,0.9066323245331617
0.09320799682245465,0.9066323245331617
0.09321416749420722,0.9066323245331617
0.09322651128914786,0.9066323245331617
0.09323268441266057,0.9066323245331617
0.09323885835375141,0.9066323245331617
0.09328209884722406,0.9066323245331617
0.09328827933479096,0.9066323245331617
0.09329446064139942,0.9066323245331617
0.09330064276721224,0.9066323245331617
0.09331919406150584,0.9066323245331617
0.09332537946576523,0.9066323245331617
0.09333156569004375,0.9066323245331617
0.09333775273450448,0.9066323245331617
0.09335012928462508,0.9066323245331617
0.09339966832504146,0.9066323245331617
0.09359835139267433,0.9066323245331617
0.09360457385985906,0.9066323245331617
0.09361702127659574,0.9066323245331617
0.09362947200425588,0.9066323245331617
0.0936356986100951,0.9066323245331617
0.0936481543066179,0.9066323245331617
0.09365438339763203,0.9066323245331617
0.09366061331736845,0.9066323245331617
0.09367307564366975,0.9066323245331617
0.09367930805056554,0.9066323245331617
0.09368554128684543,0.9066323245331617
0.093691775352675,0.9066323245331617
0.09369801024821987,0.9066323245331617
0.09370424597364568,0.9066323245331617
0.09372295813086601,0.9066323245331617
0.09372919717747304,0.9066323245331617
0.09373543705478996,0.9066323245331617
0.0937604048744756,0.9066323245331617
0.09378538599880104,0.9066323245331617
0.09379788155352742,0.9066323245331617
0.09383538820393202,0.9066323245331617
0.093841642228739,0.9066323245331617
0.09384789708724922,0.9066323245331617
0.09385415277962939,0.9066323245331617
0.09386666666666667,0.9066323245331617
0.09387918389118549,0.9066323245331617
0.09388544375541776,0.9066323245331617
0.0938917044545212,0.9066323245331617
0.09390422835800986,0.9066323245331617
0.09391049156272928,0.9066323245331617
0.09391675560298826,0.9066323245331617
0.09394182012276488,0.9066323245331617
0.09397944199706314,0.9066323245331617
0.09398571523930312,0.9066323245331617
0.0939982642365979,0.9066323245331617
0.09400453999198825,0.9066323245331617
0.09401081658543099,0.9066323245331617
0.09403593134308422,0.9066323245331617
0.09404221212930804,0.9066323245331617
0.09405477621910488,0.9066323245331617
0.09406105952301423,0.9066323245331617
0.09406734366648851,0.9066323245331617
0.094073628649696,0.9066323245331617
0.09408620113598397,0.9066323245331617
0.09409248863940123,0.9066323245331617
0.09409877698322529,0.9066323245331617
0.09410506616762465,0.9066323245331617
0.09411135619276786,0.9066323245331617
0.09411764705882353,0.9066323245331617
0.09412393876596029,0.9066323245331617
0.09421841541755889,0.9066323245331617
0.09422472060496553,0.9066323245331617
0.09433835845896148,0.9066323245331617
0.09434467971053337,0.9066323245331617
0.09435100180928768,0.9066323245331617
0.09436364854902486,0.9066323245331617
0.09438895220218542,0.9066323245331617
0.0943952802359882,0.9066323245331617
0.09440160911833724,0.9066323245331617
0.09440793884940324,0.9066323245331617
0.09442693313661056,0.9066323245331617
0.09443326626425218,0.9066323245331617
0.09444593506841964,0.9066323245331617
0.09445860727223937,0.9066323245331617
0.09450933011142436,0.9066323245331617
0.09451567429683828,0.9066323245331617
0.09452201933404941,0.9066323245331617
0.09452836522322927,0.9066323245331617
0.0945474080042976,0.9066323245331617
0.09456010745466756,0.9066323245331617
0.09456645845926523,0.9066323245331617
0.09457281031703385,0.9066323245331617
0.09462365591397849,0.9066323245331617
0.0946490992202205,0.9066323245331617
0.09466182600510958,0.9066323245331617
0.09466819068109998,0.9066323245331617
0.09467455621301775,0.9066323245331617
0.09468092260103557,0.9066323245331617
0.09636986301369863,0.9059884095299421
0.09641608990611937,0.9059884095299421
0.09642269736842106,0.9059884095299421
0.09643591501028101,0.9059884095299421
0.09644913627639155,0.9059884095299421
0.09645574826900664,0.9059884095299421
0.096521918090142,0.9059884095299421
0.09654178674351585,0.9059884095299421
0.09692085141558174,0.9059884095299421
0.09692752824469551,0.9059884095299421
0.09693420599379952,0.9059884095299421
0.09694756425273893,0.9059884095299421
0.09695424476295479,0.9059884095299421
0.09696092619392185,0.9059884095299421
0.09713496720745599,0.9059884095299421
0.09714167357083679,0.9059884095299421
0.09714838086031899,0.9059884095299421
0.09715508907609446,0.9059884095299421
0.09715312327252626,0.9053444945267225
0.09715983691520973,0.9053444945267225
0.09720013826477705,0.9053444945267225
0.09721357947866971,0.9053444945267225
0.09722702441048336,0.9053444945267225
0.09723374827109267,0.9053444945267225
0.09724719878268087,0.9053444945267225
0.09726738152888274,0.9053444945267225
0.0972741109727411,0.9053444945267225
0.09729430489239499,0.9053444945267225
0.09730777216416361,0.9053444945267225
0.09732124316467086,0.9053444945267225
0.09733471789546556,0.9053444945267225
0.09734145666020493,0.9053444945267225
0.09736167855411675,0.9053444945267225
0.09736842105263158,0.9053444945267225
0.09738865415252476,0.9053444945267225
0.09740214755801871,0.9053444945267225
0.09749670619235837,0.9053444945267225
0.09750346740638002,0.9053444945267225
0.09751022955822179,0.9053444945267225
0.09752375667614621,0.9053444945267225
0.09753052164261931,0.9053444945267225
0.09754405439156376,0.9053444945267225
0.09755082217442587,0.9053444945267225
0.09755759089647516,0.9053444945267225
0.09757113115891741,0.9053444945267225
0.0975846751804553,0.9053444945267225
0.09759144860137434,0.9053444945267225
0.09761177450708136,0.9053444945267225
0.09762532981530343,0.9053444945267225
0.09763210888132769,0.9053444945267225
0.09766601833842734,0.9053444945267225
0.09767958871752119,0.9053444945267225
0.09768637532133675,0.9053444945267225
0.09769316286826014,0.9053444945267225
0.09769995135848794,0.9053444945267225
0.09770674079221682,0.9053444945267225
0.09772711475637728,0.9053444945267225
0.09773390796607813,0.9053444945267225
0.09774070212026416,0.9053444945267225
0.09776109025170351,0.9053444945267225
0.09778148689060435,0.9053444945267225
0.09779508937886902,0.9053444945267225
0.09780189204229271,0.9053444945267225
0.09780869565217391,0.9053444945267225
0.09782911216253827,0.9053444945267225
0.09783591956022546,0.9053444945267225
0.0978699707643046,0.9053444945267225
0.09787678384963452,0.9053444945267225
0.09788359788359788,0.9053444945267225
0.09789041286639281,0.9053444945267225
0.09790404567927025,0.9053444945267225
0.0979108635097493,0.9053444945267225
0.09801324503311258,0.9053444945267225
0.09802691208254898,0.9053444945267225
0.0980337470366755,0.9053444945267225
0.0980405829440067,0.9053444945267225
0.09807477678571429,0.9053444945267225
0.09808846100181387,0.9053444945267225
0.09819807235647436,0.9053444945267225
0.09820493120067053,0.9053444945267225
0.09821179100307348,0.9053444945267225
0.09821865176388404,0.9053444945267225
0.09822551348330306,0.9053444945267225
0.09823923979877026,0.9053444945267225
0.09825296995108315,0.9053444945267225
0.0982598364665595,0.9053444945267225
0.09827357237715803,0.9053444945267225
0.09828044177268279,0.9053444945267225
0.09832855444436674,0.9053444945267225
0.09833543152888516,0.9053444945267225
0.09836983138599315,0.9053444945267225
0.09838359806871458,0.9053444945267225
0.09839048285514346,0.9053444945267225
0.09868744297044992,0.9053444945267225
0.09870822802583544,0.9053444945267225
0.09872208959415812,0.9053444945267225
0.09872902183835405,0.9053444945267225
0.09874288924784044,0.9053444945267225
0.0987567605534874,0.9053444945267225
0.09876369766788423,0.9053444945267225
0.09877757482085148,0.9053444945267225
0.09881922968793927,0.9053444945267225
0.09886091970187035,0.9053444945267225
0.0988817779028061,0.9053444945267225
0.0988887325924884,0.9053444945267225
0.09890960253253606,0.9053444945267225
0.09891656113690728,0.9053444945267225
0.09892352072046717,0.9053444945267225
0.09893048128342247,0.9053444945267225
0.09894440534834624,0.9053444945267225
0.09895833333333333,0.9053444945267225
0.09900711217519893,0.9053444945267225
0.09906291834002677,0.9053444945267225
0.09906989853438557,0.9053444945267225
0.09907687971249383,0.9053444945267225
0.09908386187455955,0.9053444945267225
0.09913276457731086,0.9053444945267225
0.09915373765867419,0.9053444945267225
0.0991747196162799,0.9053444945267225
0.09918171557562076,0.9053444945267225
0.09919571045576407,0.9053444945267225
0.0992097092859159,0.9053444945267225
0.09921671018276762,0.9053444945267225
0.09922371206774877,0.9053444945267225
0.09923771880293619,0.9053444945267225
0.09925172949315261,0.9053444945267225
0.09970924047939862,0.9053444945267225
0.09971631205673759,0.9053444945267225
0.09972338463720831,0.9053444945267225
0.09973045822102426,0.9053444945267225
0.09973753280839895,0.9053444945267225
0.09988633134413186,0.9053444945267225
0.09990762452924039,0.9053444945267225
0.09993602956855498,0.9053444945267225
0.09994313335228888,0.9053444945267225
0.09995734394995023,0.9053444945267225
0.10012105675425478,0.9053444945267225
0.10012818686796753,0.9053444945267225
0.10013531799729364,0.9053444945267225
0.10014245014245014,0.9053444945267225
0.1001495833036541,0.9053444945267225
0.10016385267507302,0.9053444945267225
0.10017098888572243,0.9053444945267225
0.10061542865321312,0.9053444945267225
0.10062262935661632,0.9053444945267225
0.10062983109075294,0.9053444945267225
0.10064423765211167,0.9053444945267225
0.10065144247977664,0.9053444945267225
0.10075241848799714,0.9053444945267225
0.1007668601734394,0.9053444945267225
0.10077408256880734,0.9053444945267225
0.1008174386920981,0.9053444945267225
0.10087530492179653,0.9053444945267225
0.1010500575373993,0.9047005795235029
0.10105732575703086,0.9047005795235029
0.10106459502229895,0.9047005795235029
0.10107186533342925,0.9047005795235029
0.10123207723899416,0.9047005795235029
0.10123937166738724,0.9047005795235029
0.1012466671470779,0.9047005795235029
0.10125396367829345,0.9047005795235029
0.10126855989620874,0.9047005795235029
0.10128316032295272,0.9047005795235029
0.1013927978638955,0.9047005795235029
0.10142207464087201,0.9047005795235029
0.10150267302412946,0.9047005795235029
0.10151000650242034,0.9047005795235029
0.10151734104046242,0.9047005795235029
0.10157605552342394,0.9047005795235029
0.10160543824124964,0.9047005795235029
0.10161278657698705,0.9047005795235029
0.10162748643761302,0.9047005795235029
0.10163483796296297,0.9047005795235029
0.10164219055197858,0.9047005795235029
0.10167896946012447,0.9047005795235029
0.10216695753344968,0.9047005795235029
0.10217438731728602,0.9047005795235029
0.10218181818181818,0.9047005795235029
0.1021966831539133,0.9047005795235029
0.10220411726194806,0.9047005795235029
0.1022338645128429,0.9047005795235029
0.10224130403143647,0.9047005795235029
0.1021759697256386,0.9040566645202833
0.10219084358395808,0.9040566645202833
0.10221316249271986,0.9040566645202833
0.1022206042955952,0.9040566645202833
0.10222804718217562,0.9040566645202833
0.10224293620739877,0.9040566645202833
0.10225782957028405,0.9040566645202833
0.10227272727272728,0.9040566645202833
0.10228017775187587,0.9040566645202833
0.10230999052685273,0.9040566645202833
0.10232490343269442,0.9040566645202833
0.1024144722445109,0.9040566645202833
0.10242194339072075,0.9040566645202833
0.10242941562705186,0.9040566645202833
0.10243688895374288,0.9040566645202833
0.10244436337103247,0.9040566645202833
0.10245183887915937,0.9040566645202833
0.1024593154783624,0.9040566645202833
0.10246679316888045,0.9040566645202833
0.10254911985976188,0.9040566645202833
0.10255661066471877,0.9040566645202833
0.10256410256410256,0.9040566645202833
0.10367744793974303,0.9040566645202833
0.10372340425531915,0.9040566645202833
0.10373106760251201,0.9040566645202833
0.10390763765541741,0.9040566645202833
0.104,0.9040566645202833
0.10404624277456648,0.9040566645202833
0.10405395390202327,0.9040566645202833
0.10460438086723291,0.9040566645202833
0.10461997019374068,0.9040566645202833
0.10462776659959759,0.9040566645202833
0.10460001491090733,0.9034127495170637
0.1046234153616704,0.9034127495170637
0.1046468262847766,0.9034127495170637
0.10465463225421454,0.9034127495170637
0.10467805715138402,0.9034127495170637
0.10472493841904904,0.9034127495170637
0.10474057484135872,0.9034127495170637
0.10476403823178017,0.9034127495170637
0.10477186169815547,0.9034127495170637
0.10477968633308439,0.9034127495170637
0.10478751213682874,0.9034127495170637
0.10488935406698564,0.9034127495170637
0.10489719626168224,0.9034127495170637
0.10517241379310345,0.9034127495170637
0.10518818413555256,0.9034127495170637
0.10519607108045287,0.9034127495170637
0.10523552355235524,0.9034127495170637
0.10524341759807966,0.9034127495170637
0.10525920924300397,0.9034127495170637
0.1052671068427371,0.9034127495170637
0.10527500562767314,0.9034127495170637
0.10536197056173024,0.9034127495170637
0.10536988358993617,0.9034127495170637
0.10537779780681988,0.9034127495170637
0.10538571321264929,0.9034127495170637
0.10542530808536218,0.9034127495170637
0.10543323063049523,0.9034127495170637
0.10544907929349868,0.9034127495170637
0.10538976170788544,0.9027688345138442
0.10539768455871297,0.9027688345138442
0.10540560860085708,0.9027688345138442
0.10543731668797474,0.9027688345138442
0.10547697863376466,0.9027688345138442
0.10548491460386727,0.9027688345138442
0.1054928517682468,0.9027688345138442
0.10550079012717285,0.9027688345138442
0.10550872968091511,0.9027688345138442
0.10552461237392745,0.9027688345138442
0.10562796654863256,0.9027688345138442
0.10572355026016138,0.9027688345138442
0.1057315233785822,0.9027688345138442
0.1057394976996757,0.9027688345138442
0.10567204706592247,0.9021249195106246
0.10575979467049143,0.9021249195106246
0.10576777895213649,0.9021249195106246
0.1057757644394111,0.9021249195106246
0.10578375113258834,0.9021249195106246
0.1057917390319414,0.9021249195106246
0.10579972813774355,0.9021249195106246
0.105831696630911,0.9021249195106246
0.10583969177306037,0.9021249195106246
0.10584768812330009,0.9021249195106246
0.10585568568190404,0.9021249195106246
0.10587168442530039,0.9021249195106246
0.10593572778827977,0.9021249195106246
0.1059437386569873,0.9021249195106246
0.10595976402964756,0.9021249195106246
0.10596777853415021,0.9021249195106246
0.10599182932364958,0.9021249195106246
0.10601589103291714,0.9021249195106246
0.10603996366939146,0.9021249195106246
0.10608010903308851,0.9021249195106246
0.1060881417537483,0.9021249195106246
0.10609617569102613,0.9021249195106246
0.10610421084519843,0.9021249195106246
0.1061122472165417,0.9021249195106246
0.10612832361184758,0.9021249195106246
0.10626516990291263,0.9021249195106246
0.10627323067587044,0.9021249195106246
0.1062893558910553,0.9021249195106246
0.10629742033383915,0.9021249195106246
0.10630548600045527,0.9021249195106246
0.10631355289118227,0.9021249195106246
0.10632162100629886,0.9021249195106246
0.10632969034608379,0.9021249195106246
0.10633776091081594,0.9021249195106246
0.10634583270077425,0.9021249195106246
0.10635390571623776,0.9021249195106246
0.10636197995748557,0.9021249195106246
0.1063700554247969,0.9021249195106246
0.10637813211845103,0.9021249195106246
0.10638621003872731,0.9021249195106246
0.10639428918590522,0.9021249195106246
0.10641045116208415,0.9021249195106246
0.10641853399164451,0.9021249195106246
0.10645087759288809,0.9021249195106246
0.10646705676723155,0.9021249195106246
0.10647514819881441,0.9021249195106246
0.10648324086037851,0.9021249195106246
0.10649133475220432,0.9021249195106246
0.10649942987457241,0.9021249195106246
0.10658044883986306,0.9021249195106246
0.10658855751673768,0.9021249195106246
0.10659666742752796,0.9021249195106246
0.1066047785725156,0.9021249195106246
0.10661289095198234,0.9021249195106246
0.10662100456621004,0.9021249195106246
0.10668595796527566,0.9021249195106246
0.10669408270504913,0.9021249195106246
0.10670220868240671,0.9021249195106246
0.10671846435100549,0.9021249195106246
0.10674285714285714,0.9021249195106246
0.10675099055166108,0.9021249195106246
0.10676726108824874,0.9021249195106246
0.10687314059043405,0.9021249195106246
0.10702009013826293,0.9021249195106246
0.10702826585179526,0.9021249195106246
0.10703644281457712,0.9021249195106246
0.10694901001452488,0.9008370895041854
0.10695718654434251,0.9008370895041854
0.10696536432448964,0.9008370895041854
0.10698172363691978,0.9008370895041854
0.1069980879541109,0.9008370895041854
0.10700627199020958,0.9008370895041854
0.10701445727835998,0.9008370895041854
0.10702264381884945,0.9008370895041854
0.107063595316446,0.9008370895041854
0.10707178937700904,0.9008370895041854
0.10708818126148194,0.9008370895041854
0.10710457816567141,0.9008370895041854
0.10711277850088048,0.9008370895041854
0.10712098009188362,0.9008370895041854
0.10716200689391038,0.9008370895041854
0.10717842641538344,0.9008370895041854
0.10721949724095647,0.9008370895041854
0.10722771518356711,0.9008370895041854
0.10723593438601871,0.9008370895041854
0.107244154848601,0.9008370895041854
0.1072523765716038,0.9008370895041854
0.10726882380003067,0.9008370895041854
0.10728527607361964,0.9008370895041854
0.1072935041030754,0.9008370895041854
0.10730996394876122,0.9008370895041854
0.10731819576557226,0.9008370895041854
0.1073346631885837,0.9008370895041854
0.10734289879536561,0.9008370895041854
0.1073511356660528,0.9008370895041854
0.10735937380093623,0.9008370895041854
0.10736761320030698,0.9008370895041854
0.10737585386445621,0.9008370895041854
0.10745833013288271,0.9008370895041854
0.1074748405930706,0.9008370895041854
0.10749135612754514,0.9008370895041854
0.10751613894866277,0.9008370895041854
0.10752440242871417,0.9008370895041854
0.107532667179093,0.9008370895041854
0.1076650761890103,0.9008370895041854
0.10774799753542821,0.9008370895041854
0.10779551237566505,0.9001931745009659
0.10775163902815271,0.8995492594977463
0.10775995063252082,0.8995492594977463
0.10778489314096135,0.8995492594977463
0.10780984719864177,0.8995492594977463
0.10781816778575287,0.8995492594977463
0.10782648965730164,0.8995492594977463
0.10785146298154867,0.8995492594977463
0.10785978999382335,0.8995492594977463
0.10786811829202378,0.8995492594977463
0.10788477874739362,0.8995492594977463
0.1078931109051591,0.8995492594977463
0.1079598145285935,0.8995492594977463
0.10797650332354305,0.8995492594977463
0.10798484965602535,0.8995492594977463
0.10800989639709294,0.8995492594977463
0.10803495475987936,0.8995492594977463
0.10804331013147718,0.8995492594977463
0.10807674454587653,0.8995492594977463
0.10808510638297872,0.8995492594977463
0.10809346951408233,0.8995492594977463
0.10810183393948773,0.8995492594977463
0.10811019965949543,0.8995492594977463
0.108118566674406,0.8995492594977463
0.10812693498452013,0.8995492594977463
0.10813530459013855,0.8995492594977463
0.10814367549156216,0.8995492594977463
0.10816879597367403,0.8995492594977463
0.10817717206132879,0.8995492594977463
0.10821907196529552,0.8995492594977463
0.10822745584133871,0.8995492594977463
0.10823584101650267,0.8995492594977463
0.10826100433973962,0.8995492594977463
0.10828617936594062,0.8995492594977463
0.10830296922242034,0.8995492594977463
0.10831136610327183,0.8995492594977463
0.10831976428626812,0.8995492594977463
0.10834496665115557,0.8995492594977463
0.1083617747440273,0.8995492594977463
0.10874980538689086,0.8995492594977463
0.108758271701051,0.8995492594977463
0.10876673933354096,0.8995492594977463
0.10877520828466869,0.8995492594977463
0.10878367855474225,0.8995492594977463
0.10879215014406977,0.8995492594977463
0.1088006230529595,0.8995492594977463
0.10880909728171977,0.8995492594977463
0.10881757283065899,0.8995492594977463
0.10882604970008569,0.8995492594977463
0.10883452789030851,0.8995492594977463
0.10885997038884127,0.8995492594977463
0.10886845386533665,0.8995492594977463
0.10887693866417271,0.8995492594977463
0.10888542478565862,0.8995492594977463
0.10891089108910891,0.8995492594977463
0.10892787524366472,0.8995492594977463
0.10893636930754835,0.8995492594977463
0.10894486469624892,0.8995492594977463
0.10895336141007643,0.8995492594977463
0.10897885950542165,0.8995492594977463
0.10898736152285848,0.8995492594977463
0.10899586486697355,0.8995492594977463
0.10901287553648069,0.8995492594977463
0.10902138286249415,0.8995492594977463
0.10902989151642863,0.8995492594977463
0.10908097134379637,0.8995492594977463
0.10908948930188973,0.8995492594977463
0.10909800859039438,0.8995492594977463
0.109106529209622,0.8995492594977463
0.10913209905476134,0.8995492594977463
0.109140625,0.8995492594977463
0.10914915227752169,0.8995492594977463
0.10915768088763869,0.8995492594977463
0.1091747421069084,0.8995492594977463
0.10918327471668621,0.8995492594977463
0.10920888055034396,0.8995492594977463
0.109147771696638,0.8989053444945267
0.10915630620064118,0.8989053444945267
0.10919899874843554,0.8989053444945267
0.10920754126574357,0.8989053444945267
0.10921608511969957,0.8989053444945267
0.10923317683881065,0.8989053444945267
0.10925027390827985,0.8989053444945267
0.10925882445018392,0.8989053444945267
0.10928448410834507,0.8989053444945267
0.1092930400062632,0.8989053444945267
0.10925751879699248,0.8982614294913072
0.10927463575121417,0.8982614294913072
0.10930032124108752,0.8982614294913072
0.1093345873501058,0.8982614294913072
0.10935172846280473,0.8982614294913072
0.10936030103480715,0.8982614294913072
0.1093688749509996,0.8982614294913072
0.10938602681721948,0.8982614294913072
0.10939460476787954,0.8982614294913072
0.10940318406399498,0.8982614294913072
0.10942034669385835,0.8982614294913072
0.10947186690732166,0.8982614294913072
0.10948045832679328,0.8982614294913072
0.10948905109489052,0.8982614294913072
0.10949764521193092,0.8982614294913072
0.1095062406782322,0.8982614294913072
0.1095148374941121,0.8982614294913072
0.1095320351758794,0.8982614294913072
0.10954923825977697,0.8982614294913072
0.10955784182832011,0.8982614294913072
0.10956644674835062,0.8982614294913072
0.10957505302018694,0.8982614294913072
0.10959226962055149,0.8982614294913072
0.10960949163196354,0.8982614294913072
0.10961810466760961,0.8982614294913072
0.10962671905697446,0.8982614294913072
0.10963533480037724,0.8982614294913072
0.10965257035057381,0.8982614294913072
0.10966119015800645,0.8982614294913072
0.10966981132075472,0.8982614294913072
0.10967843383913829,0.8982614294913072
0.11011129528771016,0.8982614294913072
0.11011998736975055,0.8982614294913072
0.11013737565135007,0.8982614294913072
0.11014607185155942,0.8982614294913072
0.11016346837242359,0.8982614294913072
0.11017216869372927,0.8982614294913072
0.11018087038938472,0.8982614294913072
0.1101982779050478,0.8982614294913072
0.11021569092201944,0.8982614294913072
0.110224399494311,0.8982614294913072
0.11023310944290794,0.8982614294913072
0.11024182076813656,0.8982614294913072
0.11025053347032325,0.8982614294913072
0.11026796300687693,0.8982614294913072
0.11027667984189723,0.8982614294913072
0.11028539805518223,0.8982614294913072
0.11041584158415842,0.8976175144880876
0.11042458808618505,0.8976175144880876
0.11043333597401568,0.8976175144880876
0.11044208524797972,0.8976175144880876
0.11045958795562599,0.8976175144880876
0.11047709621176098,0.8976175144880876
0.110591035303451,0.8976175144880876
0.11059980958425897,0.8976175144880876
0.11060858525747838,0.8976175144880876
0.11061736232344073,0.8976175144880876
0.11062614078247758,0.8976175144880876
0.11081081081081082,0.8976175144880876
0.11085487077534792,0.8976175144880876
0.11086368697311913,0.8976175144880876
0.11089896579156722,0.8976175144880876
0.11090778900469409,0.8976175144880876
0.11092543964351079,0.8976175144880876
0.11093426706987108,0.8976175144880876
0.11094309590131317,0.8976175144880876
0.11095192613817256,0.8976175144880876
0.11096075778078485,0.8976175144880876
0.1109784252846111,0.8976175144880876
0.11098726114649682,0.8976175144880876
0.11099609841547894,0.8976175144880876
0.11100493709189362,0.8976175144880876
0.11104030587860443,0.8976175144880876
0.11104915159722775,0.8976175144880876
0.11108454856960714,0.8976175144880876
0.11110225551924763,0.8976175144880876
0.1111111111111111,0.8976175144880876
0.11111996811478676,0.8976175144880876
0.11113768635892529,0.8976175144880876
0.11114654760006379,0.8976175144880876
0.11115541025436568,0.8976175144880876
0.11121748843146641,0.8976175144880876
0.11122636240325541,0.8976175144880876
0.11124411459580241,0.8976175144880876
0.1112618724559023,0.8976175144880876
0.11130629191951454,0.8976175144880876
0.11132406963743811,0.8976175144880876
0.11135074686476555,0.8976175144880876
0.11135964211535389,0.8976175144880876
0.11136853878724934,0.8976175144880876
0.11137743688079259,0.8976175144880876
0.1113863363963244,0.8976175144880876
0.11139523733418571,0.8976175144880876
0.11140413969471749,0.8976175144880876
0.11142194868515706,0.8976175144880876
0.1114308553157474,0.8976175144880876
0.1114664960818807,0.8976175144880876
0.11147540983606558,0.8976175144880876
0.11150215965445529,0.8976175144880876
0.1115110791136709,0.8976175144880876
0.11162716207559256,0.8976175144880876
0.11164504244754124,0.8976175144880876
0.11165398478173809,0.8976175144880876
0.11166292854854214,0.8976175144880876
0.11173453029817249,0.8976175144880876
0.11176140463400946,0.8976175144880876
0.11177036561898653,0.8976175144880876
0.11177932804105525,0.8976175144880876
0.11181519210716291,0.8976175144880876
0.11183313277176093,0.8976175144880876
0.1118421052631579,0.8976175144880876
0.11186903137789904,0.8976175144880876
0.11187800963081862,0.8976175144880876
0.11189597046074812,0.8976175144880876
0.11192292252107587,0.8976175144880876
0.11193190942669022,0.8976175144880876
0.11194089777563639,0.8976175144880876
0.11194988756826213,0.8976175144880876
0.11197686561169572,0.8976175144880876
0.11198586118251928,0.8976175144880876
0.11199485819876276,0.8976175144880876
0.11205787781350482,0.8976175144880876
0.11206688640565962,0.8976175144880876
0.11207589644637402,0.8976175144880876
0.11208490793599743,0.8976175144880876
0.11209392087487938,0.8976175144880876
0.11210293526336952,0.8976175144880876
0.11212096839057348,0.8976175144880876
0.11212998712998713,0.8976175144880876
0.11213900732040866,0.8976175144880876
0.11214802896218826,0.8976175144880876
0.1121751025991792,0.8976175144880876
0.11218413004989539,0.8976175144880876
0.11219315895372234,0.8976175144880876
0.11220218931101095,0.8976175144880876
0.11221122112211221,0.8976175144880876
0.11222025438737723,0.8976175144880876
0.11234687298517086,0.8976175144880876
0.11235592810510196,0.8976175144880876
0.11236498468482992,0.8976175144880876
0.11239216318632589,0.8976175144880876
0.11255551069842551,0.8976175144880876
0.11256459948320413,0.8976175144880876
0.11258278145695365,0.8976175144880876
0.11260096930533119,0.8976175144880876
0.11261006543339526,0.8976175144880876
0.11261916303118436,0.8976175144880876
0.1126282620990547,0.8976175144880876
0.11263736263736264,0.8976175144880876
0.11264646464646465,0.8976175144880876
0.11265556812671731,0.8976175144880876
0.11266467307847733,0.8976175144880876
0.11269199676637025,0.8976175144880876
0.112701107607729,0.8976175144880876
0.11272844897299046,0.8976175144880876
0.11273756570966438,0.8976175144880876
0.11284708168056343,0.8976175144880876
0.11285621761658031,0.8976175144880876
0.11286535503198121,0.8976175144880876
0.11287449392712551,0.8976175144880876
0.11289277615808228,0.8976175144880876
0.11292935839274142,0.8976175144880876
0.11293850765616138,0.8976175144880876
0.11294765840220386,0.8976175144880876
0.11295681063122924,0.8976175144880876
0.11296596434359805,0.8976175144880876
0.11303924748621473,0.8976175144880876
0.11304841456491768,0.8976175144880876
0.11307592472420507,0.8976175144880876
0.11308509775290014,0.8976175144880876
0.11318609938291653,0.8976175144880876
0.11319529029638652,0.8976175144880876
0.1132044827026149,0.8976175144880876
0.1132320688814881,0.8976175144880876
0.1132412672623883,0.8976175144880876
0.1132596685082873,0.8976175144880876
0.11327807573541362,0.8976175144880876
0.11329648894668401,0.8976175144880876
0.11330569779728522,0.8976175144880876
0.11337942252948353,0.8976175144880876
0.113388644867415,0.8976175144880876
0.11340709404490726,0.8976175144880876
0.11342554922701384,0.8976175144880876
0.11343477907071364,0.8976175144880876
0.11344401041666667,0.8976175144880876
0.1134624776167996,0.8976175144880876
0.11349018969307173,0.8976175144880876
0.11349943006025077,0.8976175144880876
0.11350867193225307,0.8976175144880876
0.11351791530944626,0.8976175144880876
0.11352716019219806,0.8976175144880876
0.11353640658087637,0.8976175144880876
0.11354565447584915,0.8976175144880876
0.11357340720221606,0.8976175144880876
0.11358266112604905,0.8976175144880876
0.11359191655801826,0.8976175144880876
0.11360117349849239,0.8976175144880876
0.11375877264566672,0.8976175144880876
0.11376805680241574,0.8976175144880876
0.11386098178551009,0.8976175144880876
0.11388888888888889,0.8976175144880876
0.11389819429691968,0.8976175144880876
0.11390750122569047,0.8976175144880876
0.11393543114017164,0.8976175144880876
0.11394474415563184,0.8976175144880876
0.11397269233913826,0.8976175144880876
0.11400065423617926,0.8976175144880876
0.11400997791772308,0.8976175144880876
0.1140193031244888,0.8976175144880876
0.11402862985685072,0.8976175144880876
0.1139841256852958,0.896973599484868
0.11401211327549517,0.896973599484868
0.11403077930582842,0.896973599484868
0.11405878981413248,0.896973599484868
0.11406812970848346,0.896973599484868
0.11407747113258537,0.896973599484868
0.11408681408681409,0.896973599484868
0.11409615857154558,0.896973599484868
0.11411485213402146,0.896973599484868
0.11413355182302336,0.896973599484868
0.11414290396591281,0.896973599484868
0.1141616128503524,0.896973599484868
0.11418968767931797,0.896973599484868
0.11421777632010495,0.896973599484868
0.11458419017849798,0.896973599484868
0.11460304401480872,0.896973599484868
0.11465020576131688,0.896973599484868
0.11465964276895217,0.896973599484868
0.11466908133026013,0.896973599484868
0.11472574534673036,0.896973599484868
0.11473519479449798,0.896973599484868
0.11477300815687567,0.896973599484868
0.11482030992416749,0.896973599484868
0.11485817941952507,0.896973599484868
0.11486765069679228,0.896973599484868
0.1149055514311639,0.896973599484868
0.114915030523016,0.896973599484868
0.11492451117894563,0.896973599484868
0.11501940384774172,0.896973599484868
0.11523825281270682,0.896973599484868
0.11524778687846447,0.896973599484868
0.11525732252192619,0.896973599484868
0.11531456953642384,0.896973599484868
0.11534321437443074,0.896973599484868
0.11535276581649553,0.896973599484868
0.11536231884057971,0.896973599484868
0.1153814296363787,0.896973599484868
0.11540054676497391,0.896973599484868
0.11541967022951363,0.896973599484868
0.11543880003314826,0.896973599484868
0.11545793617903025,0.896973599484868
0.11554412740544127,0.896973599484868
0.11555371215263376,0.896973599484868
0.11556329849012775,0.896973599484868
0.11557288641831909,0.896973599484868
0.11558247593760372,0.896973599484868
0.11561125404597893,0.896973599484868
0.11571689649443428,0.896973599484868
0.11572650992772285,0.896973599484868
0.1157457415870378,0.896973599484868
0.1157649796393252,0.896973599484868
0.1157746010638298,0.896973599484868
0.11578422408777325,0.896973599484868
0.11582273218591503,0.896973599484868
0.11583236321303841,0.896973599484868
0.11585163007318695,0.896973599484868
0.11589018302828619,0.896973599484868
0.11589982527664532,0.896973599484868
0.11582626060908637,0.8963296844816484
0.11588411588411589,0.8963296844816484
0.11589376404962118,0.8963296844816484
0.11591306520109917,0.8963296844816484
0.11592271818787475,0.8963296844816484
0.11593237278254352,0.8963296844816484
0.11594202898550725,0.8963296844816484
0.11597100724818796,0.8963296844816484
0.11599033413882176,0.8963296844816484
0.11603867955985328,0.8963296844816484
0.11604835348061693,0.8963296844816484
0.11605802901450725,0.8963296844816484
0.11619365609348915,0.8963296844816484
0.11621305727166471,0.8963296844816484
0.1162227602905569,0.8963296844816484
0.11624217118997912,0.8963296844816484
0.1162518790713212,0.8963296844816484
0.11626158857429215,0.8963296844816484
0.11628101244674631,0.8963296844816484
0.11629072681704261,0.8963296844816484
0.11630044281059404,0.8963296844816484
0.1163101604278075,0.8963296844816484
0.11635877288305609,0.8963296844816484
0.1163782292450464,0.8963296844816484
0.11638795986622073,0.8963296844816484
0.11655362974127104,0.8963296844816484
0.11656338971696534,0.8963296844816484
0.11657315132735951,0.8963296844816484
0.11658291457286432,0.8963296844816484
0.11659267945389061,0.8963296844816484
0.11661221412415179,0.8963296844816484
0.11662198391420911,0.8963296844816484
0.11663175534143276,0.8963296844816484
0.11664152840623429,0.8963296844816484
0.1166513031090254,0.8963296844816484
0.1166610794502179,0.8963296844816484
0.11667085743022379,0.8963296844816484
0.11678832116788321,0.8963296844816484
0.1168471417778897,0.8963296844816484
0.116866761816808,0.8963296844816484
0.11687657430730479,0.8963296844816484
0.11688638844571332,0.8963296844816484
0.11689620423244877,0.8963296844816484
0.11690602166792644,0.8963296844816484
0.11691584075256173,0.8963296844816484
0.11694530790557002,0.8963296844816484
0.11697478991596638,0.8963296844816484
0.11698462055634927,0.8963296844816484
0.11699445284921836,0.8963296844816484
0.11700428679499034,0.8963296844816484
0.11701412239408204,0.8963296844816484
0.11702395964691047,0.8963296844816484
0.11703379855389272,0.8963296844816484
0.11704363911544606,0.8963296844816484
0.1171125694093892,0.8963296844816484
0.11713227869404241,0.8963296844816484
0.1171421358242868,0.8963296844816484
0.11718158094115666,0.8963296844816484
0.117191446371443,0.8963296844816484
0.11720131346299571,0.8963296844816484
0.11721118221623442,0.8963296844816484
0.11722105263157895,0.8963296844816484
0.1172901921132457,0.8963296844816484
0.11730007584056627,0.8963296844816484
0.11730996123377718,0.8963296844816484
0.11731984829329963,0.8963296844816484
0.11733962741296468,0.8963296844816484
0.11734951947395043,0.8963296844816484
0.11735941320293398,0.8963296844816484
0.11746835443037974,0.8963296844816484
0.11747826820828762,0.8963296844816484
0.1174881836596894,0.8963296844816484
0.11749810078500886,0.8963296844816484
0.11750801958466993,0.8963296844816484
0.11752786220871327,0.8963296844816484
0.1175377860339441,0.8963296844816484
0.11754771153521365,0.8963296844816484
0.11755763871294654,0.8963296844816484
0.11756756756756757,0.8963296844816484
0.11758743030917385,0.8963296844816484
0.11759736419700938,0.8963296844816484
0.11760729976343359,0.8963296844816484
0.11761723700887199,0.8963296844816484
0.11762717593375022,0.8963296844816484
0.11766694843617921,0.8963296844816484
0.11770674784373414,0.8963296844816484
0.11774657418372526,0.8963296844816484
0.11775653498012012,0.8963296844816484
0.11776649746192894,0.8963296844816484
0.11777646162957948,0.8963296844816484
0.1177963950241178,0.8963296844816484
0.11780636425186188,0.8963296844816484
0.11781633516716039,0.8963296844816484
0.11782630777044185,0.8963296844816484
0.11778154106689247,0.8956857694784288
0.11779151494622746,0.8956857694784288
0.11780149051490515,0.8956857694784288
0.11781146777335479,0.8956857694784288
0.11788135593220339,0.8956857694784288
0.11789134672429867,0.8956857694784288
0.1179013392100356,0.8956857694784288
0.11791133338984487,0.8956857694784288
0.11793132683340399,0.8956857694784288
0.11797133406835722,0.8956857694784288
0.1179813401187447,0.8956857694784288
0.11799134786665536,0.8956857694784288
0.1180013573125212,0.8956857694784288
0.11801136845677442,0.8956857694784288
0.11802138129984728,0.8956857694784288
0.11805143002630909,0.8956857694784288
0.11806144966898659,0.8956857694784288
0.11818181818181818,0.8956857694784288
0.11820733055531933,0.8950418544752092
0.11821738390882804,0.8950418544752092
0.11826767633795626,0.8950418544752092
0.11827773995915589,0.8950418544752092
0.11831801157643854,0.8950418544752092
0.11832808376606793,0.8950418544752092
0.11836838967895767,0.8950418544752092
0.11837847044796457,0.8950418544752092
0.11841881070028966,0.8950418544752092
0.11842890005964045,0.8950418544752092
0.11843899113837764,0.8950418544752092
0.11848947233824908,0.8950418544752092
0.1184995737425405,0.8950418544752092
0.11850967686929832,0.8950418544752092
0.11851978171896317,0.8950418544752092
0.11852988829197578,0.8950418544752092
0.11853999658877708,0.8950418544752092
0.11855010660980811,0.8950418544752092
0.11856021835551006,0.8950418544752092
0.1186513017498933,0.8950418544752092
0.11867156151284897,0.8950418544752092
0.11868169398907104,0.8950418544752092
0.11869182819571343,0.8950418544752092
0.11870196413321947,0.8950418544752092
0.11871210180203262,0.8950418544752092
0.11873238233535492,0.8950418544752092
0.11874252520075175,0.8950418544752092
0.11882373055223115,0.8950418544752092
0.11886437489310758,0.8950418544752092
0.11889487640065008,0.8950418544752092
0.11890504704875962,0.8950418544752092
0.11897629033638621,0.8950418544752092
0.11898647491867831,0.8950418544752092
0.1190068493150685,0.8950418544752092
0.11902723069018667,0.8950418544752092
0.11904761904761904,0.8950418544752092
0.11908841672378341,0.8950418544752092
0.11909862051238111,0.8950418544752092
0.11910882604970009,0.8950418544752092
0.11911903333618991,0.8950418544752092
0.11912924237230031,0.8950418544752092
0.11913945315848119,0.8950418544752092
0.1191598799828547,0.8950418544752092
0.11917009602194788,0.8950418544752092
0.11924165737325212,0.8950418544752092
0.11926211926211926,0.8950418544752092
0.11928258817471896,0.8950418544752092
0.11929282526604874,0.8950418544752092
0.11930306411466828,0.8950418544752092
0.11936453413482181,0.8950418544752092
0.1194876644029915,0.8950418544752092
0.11949793672627235,0.8950418544752092
0.11950821081592296,0.8950418544752092
0.11952876429615616,0.8950418544752092
0.11955960777567522,0.8950418544752092
0.11956989247311828,0.8950418544752092
0.11958017894012388,0.8950418544752092
0.11959046717714876,0.8950418544752092
0.1196007571846498,0.8950418544752092
0.11961104896308407,0.8950418544752092
0.11971406424941866,0.8950418544752092
0.11965885596140592,0.8943979394719896
0.11970010341261635,0.8943979394719896
0.11974137931034483,0.8943979394719896
0.11975170273299422,0.8943979394719896
0.11979301423027167,0.8943979394719896
0.11981368066936944,0.8943979394719896
0.11982401656314699,0.8943979394719896
0.11987572279278502,0.8943979394719896
0.1199067679558011,0.8943979394719896
0.1199274736660335,0.8943979394719896
0.11994818652849741,0.8943979394719896
0.12,0.8943979394719896
0.12001036806635562,0.8943979394719896
0.12009337713989279,0.8943979394719896
0.1201141473538568,0.8943979394719896
0.12017650112476207,0.8943979394719896
0.12018689971445877,0.8943979394719896
0.12019730010384216,0.8943979394719896
0.12012115967113804,0.8937540244687702
0.12013155617102302,0.8937540244687702
0.12014195447070025,0.8937540244687702
0.12028771990640437,0.8937540244687702
0.12060126857242158,0.8937540244687702
0.12061174834897463,0.8937540244687702
0.12063271336693898,0.8937540244687702
0.1206431986093003,0.8937540244687702
0.12068515781236414,0.8937540244687702
0.12069565217391304,0.8937540244687702
0.12070614836072702,0.8937540244687702
0.12072714621205533,0.8937540244687702
0.12073764787752261,0.8937540244687702
0.12074815137016094,0.8937540244687702
0.12075865669044719,0.8937540244687702
0.12076916383885844,0.8937540244687702
0.12077967281587192,0.8937540244687702
0.12100078458721994,0.8937540244687702
0.12103243808859435,0.8937540244687702
0.12104299293625186,0.8937540244687702
0.12106410815525512,0.8937540244687702
0.12107466852756454,0.8937540244687702
0.12108523074238856,0.8937540244687702
0.12102966841186737,0.8931101094655506
0.12107192737430168,0.8931101094655506
0.12108249672632039,0.8931101094655506
0.12111421585749214,0.8931101094655506
0.12116711802218921,0.8931101094655506
0.12117770400139787,0.8931101094655506
0.12120947304028663,0.8931101094655506
0.1212306616554497,0.8931101094655506
0.12128366561734873,0.8931101094655506
0.12129427197201574,0.8931101094655506
0.12131549024752908,0.8931101094655506
0.12132610216934919,0.8931101094655506
0.12133671594786108,0.8931101094655506
0.12134733158355206,0.8931101094655506
0.12135794907690961,0.8931101094655506
0.12136856842842142,0.8931101094655506
0.1213791896385753,0.8931101094655506
0.12140043763676149,0.8931101094655506
0.12143232358606199,0.8931101094655506
0.12144295595832238,0.8931101094655506
0.12145359019264448,0.8931101094655506
0.12146422628951747,0.8931101094655506
0.12147486424943073,0.8931101094655506
0.12185907573361449,0.8931101094655506
0.1218804920913884,0.8931101094655506
0.12191263074624242,0.8931101094655506
0.12193406593406593,0.8931101094655506
0.12194478635484438,0.8931101094655506
0.12195550866086345,0.8931101094655506
0.1219876868953386,0.8931101094655506
0.12199841674729528,0.8931101094655506
0.122009148486981,0.8931101094655506
0.12203061763153264,0.8931101094655506
0.12204135503739551,0.8931101094655506
0.12205209433298135,0.8931101094655506
0.12206283551878905,0.8931101094655506
0.12208432356306663,0.8931101094655506
0.12209507042253522,0.8931101094655506
0.12211656981863005,0.8931101094655506
0.12213807678760127,0.8931101094655506
0.12217035144895623,0.8931101094655506
0.12218111346018323,0.8931101094655506
0.1221918773676328,0.8931101094655506
0.12225650066108418,0.8931101094655506
0.1222672778561354,0.8931101094655506
0.12227805695142378,0.8931101094655506
0.12228883794745195,0.8931101094655506
0.12229962084472269,0.8931101094655506
0.12232119234500397,0.8931101094655506
0.12234277145629355,0.8931101094655506
0.12235356386732534,0.8931101094655506
0.12237515440268219,0.8931101094655506
0.12238595252801553,0.8931101094655506
0.1223967525591246,0.8931101094655506
0.12242916409215288,0.8931101094655506
0.12245078131897237,0.8931101094655506
0.122494038682328,0.8931101094655506
0.12250485779897545,0.8931101094655506
0.12251567882695875,0.8931101094655506
0.12253732661895927,0.8931101094655506
0.12256981265464828,0.8931101094655506
0.12258064516129032,0.8931101094655506
0.12261315417256011,0.8931101094655506
0.1226565263530244,0.8931101094655506
0.12267822395188395,0.8931101094655506
0.12269992922859164,0.8931101094655506
0.12271078474741219,0.8931101094655506
0.1227216421872235,0.8931101094655506
0.12274336283185841,0.8931101094655506
0.12276509116657816,0.8931101094655506
0.12277595821899619,0.8931101094655506
0.12278682719546742,0.8931101094655506
0.12279769809650287,0.8931101094655506
0.12284120095651403,0.8931101094655506
0.12285208148804251,0.8931101094655506
0.12286296394720525,0.8931101094655506
0.12287384833451453,0.8931101094655506
0.12303734587066442,0.8931101094655506
0.12304826117814052,0.8931101094655506
0.12305917842250022,0.8931101094655506
0.12307009760425909,0.8931101094655506
0.12309194178203763,0.8931101094655506
0.12313565340909091,0.8931101094655506
0.12315752086663115,0.8931101094655506
0.12320127909042458,0.8931101094655506
0.12322316986496092,0.8931101094655506
0.12327793085059106,0.8931101094655506
0.12328888888888889,0.8931101094655506
0.12332177469547435,0.8931101094655506
0.1233327405299662,0.8931101094655506
0.12334370831480658,0.8931101094655506
0.12335467805051584,0.8931101094655506
0.12336564973761452,0.8931101094655506
0.12337662337662338,0.8931101094655506
0.12338759896806334,0.8931101094655506
0.12339857651245552,0.8931101094655506
0.1234095560103212,0.8931101094655506
0.12342053746218189,0.8931101094655506
0.12344250622997507,0.8931101094655506
0.12350845948352628,0.8931101094655506
0.12351945854483926,0.8931101094655506
0.12353045956537229,0.8931101094655506
0.12354146254564888,0.8931101094655506
0.12356347438752784,0.8931101094655506
0.12393887945670629,0.8931101094655506
0.12404904680927235,0.892466194462331
0.12406015037593984,0.892466194462331
0.12407125593053442,0.892466194462331
0.12408236347358997,0.892466194462331
0.12409347300564061,0.892466194462331
0.12410458452722063,0.892466194462331
0.1241156980388645,0.892466194462331
0.12412681354110693,0.892466194462331
0.12421580928481807,0.892466194462331
0.12422694272653939,0.892466194462331
0.12423807816421656,0.892466194462331
0.1242603550295858,0.892466194462331
0.12427149645835202,0.892466194462331
0.12431608215983496,0.892466194462331
0.12432723358449946,0.892466194462331
0.12433838700995783,0.892466194462331
0.1243495424367486,0.892466194462331
0.12446120689655173,0.892466194462331
0.12447238437359677,0.892466194462331
0.1254980079681275,0.892466194462331
0.12544153609274522,0.8918222794591114
0.12545289855072464,0.8918222794591114
0.12546426306730682,0.8918222794591114
0.125521116548849,0.8918222794591114
0.1255780215794723,0.8918222794591114
0.12562358276643992,0.8918222794591114
0.12563497822931785,0.8918222794591114
0.12564637575977503,0.8918222794591114
0.12565777535837416,0.8918222794591114
0.12566917702567826,0.8918222794591114
0.12578330760148942,0.8918222794591114
0.12579473206176203,0.8918222794591114
0.12581758720930233,0.8918222794591114
0.12584045066327457,0.8918222794591114
0.1258518855065879,0.8918222794591114
0.1258633224282079,0.8918222794591114
0.1258976456685756,0.8918222794591114
0.12593198763411528,0.8918222794591114
0.12594343911975994,0.8918222794591114
0.1259663483401546,0.8918222794591114
0.1260121917932854,0.8918222794591114
0.12602365787079162,0.8918222794591114
0.12605806862655866,0.8918222794591114
0.126069543054797,0.8918222794591114
0.12610397887644542,0.8918222794591114
0.1261269465440306,0.8918222794591114
0.1261384335154827,0.8918222794591114
0.12619589977220957,0.8918222794591114
0.12620739930745398,0.8918222794591114
0.12621890093866764,0.8918222794591114
0.12623040466642363,0.8918222794591114
0.12624191049129524,0.8918222794591114
0.12625341841385598,0.8918222794591114
0.12631098951208392,0.8918222794591114
0.12633403265529508,0.8918222794591114
0.12634555738004014,0.8918222794591114
0.1263570842076453,0.8918222794591114
0.12636861313868614,0.8918222794591114
0.12638014417373847,0.8918222794591114
0.12639167731337836,0.8918222794591114
0.126403212558182,0.8918222794591114
0.1264262893655865,0.8918222794591114
0.1264609203798393,0.8918222794591114
0.12647246826773811,0.8918222794591114
0.12648401826484018,0.8918222794591114
0.12649557037172343,0.8918222794591114
0.126507124588966,0.8918222794591114
0.12653023935684268,0.8918222794591114
0.12654179990863407,0.8918222794591114
0.1265533625730994,0.8918222794591114
0.12656492735081787,0.8918222794591114
0.12657649424236886,0.8918222794591114
0.12662278295849333,0.8918222794591114
0.12663436042790527,0.8918222794591114
0.1266459400146306,0.8918222794591114
0.12665752171925013,0.8918222794591114
0.12657764770440827,0.8911783644558918
0.12658922528125857,0.8911783644558918
0.1266123867898637,0.8911783644558918
0.12662397072278134,0.8911783644558918
0.12664714494875548,0.8911783644558918
0.12669351885756133,0.8911783644558918
0.12671671854971617,0.8911783644558918
0.12672832158227268,0.8911783644558918
0.12673992673992673,0.8911783644558918
0.1267515340232622,0.8911783644558918
0.12676314343286316,0.8911783644558918
0.12678636863319898,0.8911783644558918
0.1269142595139844,0.8911783644558918
0.12694918363603008,0.8911783644558918
0.12707740336057294,0.8911783644558918
0.127089072543618,0.8911783644558918
0.12718250321632052,0.8911783644558918
0.12719419171032073,0.8911783644558918
0.12720588235294117,0.8911783644558918
0.12722927008641294,0.8911783644558918
0.12724096717844993,0.8911783644558918
0.12726436781609196,0.8911783644558918
0.12814814814814815,0.8911783644558918
0.1281837547466889,0.8911783644558918
0.1281956280103742,0.8911783644558918
0.12820750347383048,0.8911783644558918
0.12821938113766906,0.8911783644558918
0.12823126100250162,0.8911783644558918
0.12824314306893997,0.8911783644558918
0.12826691380908248,0.8911783644558918
0.1282788024840115,0.8911783644558918
0.12831448173558316,0.8911783644558918
0.12832637923041262,0.8911783644558918
0.12835018084021144,0.8911783644558918
0.12838589981447124,0.8911783644558918
0.12839781055756563,0.8911783644558918
0.12854091204606669,0.8911783644558918
0.12862453531598514,0.8911783644558918
0.12863649038014685,0.8911783644558918
0.12875616336403387,0.8911783644558918
0.12876814291030889,0.8911783644558918
0.12878012468595887,0.8911783644558918
0.12882807409475938,0.8911783644558918
0.12884006702662446,0.8911783644558918
0.12886405959031658,0.8911783644558918
0.12887605922339138,0.8911783644558918
0.12890006519511968,0.8911783644558918
0.12891207153502235,0.8911783644558918
0.12892408011178388,0.8911783644558918
0.12902022932786428,0.8911783644558918
0.12909243540714485,0.8911783644558918
0.1291044776119403,0.8911783644558918
0.1291406177101801,0.8911783644558918
0.12915266890630833,0.8911783644558918
0.1291647223518432,0.8911783644558918
0.1291767780474146,0.8911783644558918
0.12918883599365258,0.8911783644558918
0.12920089619118746,0.8911783644558918
0.1292129586406498,0.8911783644558918
0.1294546815078103,0.8911783644558918
0.129466791393826,0.8911783644558918
0.12950313464957425,0.8911783644558918
0.12953949831523773,0.8911783644558918
0.12956375210634713,0.8911783644558918
0.12957588240801424,0.8911783644558918
0.1294943820224719,0.8905344494526722
0.12950650810000935,0.8905344494526722
0.1295428999625328,0.8905344494526722
0.1296035985380939,0.8905344494526722
0.12961574507966261,0.8905344494526722
0.12962789389820978,0.8905344494526722
0.1296400449943757,0.8905344494526722
0.12967651195499297,0.8905344494526722
0.129688672168042,0.8905344494526722
0.12970083466191504,0.8905344494526722
0.13001786217918587,0.8905344494526722
0.13003008649868372,0.8905344494526722
0.1300423131170663,0.8905344494526722
0.13005454203498212,0.8905344494526722
0.13006677325308003,0.8905344494526722
0.1300912425924184,0.8905344494526722
0.13012796386902523,0.8905344494526722
0.13014020890185377,0.8905344494526722
0.13016470588235293,0.8905344494526722
0.1302544769085768,0.8898905344494527
0.13026675464228485,0.8898905344494527
0.1303158887317303,0.8898905344494527
0.13032817804602037,0.8898905344494527
0.1303404696783929,0.8898905344494527
0.13035276362950388,0.8898905344494527
0.13041426818911012,0.8898905344494527
0.13042657606644018,0.8898905344494527
0.13045119879176892,0.8898905344494527
0.13046351364108374,0.8898905344494527
0.13047583081570996,0.8898905344494527
0.13050047214353164,0.8898905344494527
0.13051279629804513,0.8898905344494527
0.1305621162021729,0.8898905344494527
0.13057445200302342,0.8898905344494527
0.13058679013512237,0.8898905344494527
0.1306732223903177,0.8898905344494527
0.13069793833932286,0.8898905344494527
0.13071029982029697,0.8898905344494527
0.13080927591102698,0.8898905344494527
0.13083404335889426,0.8898905344494527
0.13106980273141122,0.8898905344494527
0.13108223465806695,0.8898905344494527
0.1310946689432745,0.8898905344494527
0.13111954459203037,0.8898905344494527
0.1311319859569219,0.8898905344494527
0.13114442968305182,0.8898905344494527
0.13135633494914933,0.8898905344494527
0.13136882129277566,0.8898905344494527
0.13139380110287127,0.8898905344494527
0.13140629457069505,0.8898905344494527
0.1314187904146063,0.8898905344494527
0.13143128863528292,0.8898905344494527
0.13144378923340308,0.8898905344494527
0.131468797564688,0.8898905344494527
0.13148130529921034,0.8898905344494527
0.13150632790941097,0.8898905344494527
0.13155640171346977,0.8898905344494527
0.13156892612338156,0.8898905344494527
0.13206464569188103,0.8892466194462331
0.1321025444805816,0.8892466194462331
0.13211518224433177,0.8892466194462331
0.1321278224263299,0.8892466194462331
0.13214046502727012,0.8892466194462331
0.1321657574887549,0.8892466194462331
0.1321910596343448,0.8892466194462331
0.1322290310225967,0.8892466194462331
0.13227969348659005,0.8892466194462331
0.1322923651690775,0.8892466194462331
0.13253358925143954,0.8892466194462331
0.13254630962664363,0.8892466194462331
0.13255903244384717,0.8892466194462331
0.13260994814672555,0.8892466194462331
0.13263542066845946,0.8892466194462331
0.13275016822070557,0.8892466194462331
0.13276293020572966,0.8892466194462331
0.1327756946447457,0.8892466194462331
0.13281400269282553,0.8892466194462331
0.13283955367449019,0.8892466194462331
0.13289068514241725,0.8892466194462331
0.13290347416033105,0.8892466194462331
0.1329162656400385,0.8892466194462331
0.13292905958225046,0.8892466194462331
0.1329418559876781,0.8892466194462331
0.13295465485703284,0.8892466194462331
0.13296745619102637,0.8892466194462331
0.13298025999037072,0.8892466194462331
0.13299306625577811,0.8892466194462331
0.1330058749879611,0.8892466194462331
0.13301868618763243,0.8892466194462331
0.13303149985550525,0.8892466194462331
0.13304431599229288,0.8892466194462331
0.13305713459870894,0.8892466194462331
0.13306995567546734,0.8892466194462331
0.13308277922328227,0.8892466194462331
0.13309560524286815,0.8892466194462331
0.13313409813940036,0.8892466194462331
0.1331469340532202,0.8892466194462331
0.13317261330761812,0.8892466194462331
0.1331854566496287,0.8892466194462331
0.1331983024691358,0.8892466194462331
0.13321115076685638,0.8892466194462331
0.13323685479980704,0.8892466194462331
0.13324971053647242,0.8892466194462331
0.13326256875422174,0.8892466194462331
0.1332754294537734,0.8892466194462331
0.13328829263584596,0.8892466194462331
0.1333011583011583,0.8892466194462331
0.1332174920359108,0.8886027044430135
0.13323035335006758,0.8886027044430135
0.1332560834298957,0.8886027044430135
0.13326895219700627,0.8886027044430135
0.13328182344987444,0.8886027044430135
0.13329469718922052,0.8886027044430135
0.13330757341576507,0.8886027044430135
0.13332045213022897,0.8886027044430135
0.13333333333333333,0.8886027044430135
0.13335910320834943,0.8886027044430135
0.13337199188170484,0.8886027044430135
0.13338488304658805,0.8886027044430135
0.1334364726358538,0.8886027044430135
0.1334493762692196,0.8886027044430135
0.13347519102427702,0.8886027044430135
0.1334881021474173,0.8886027044430135
0.13351393188854488,0.8886027044430135
0.13355269524823382,0.8886027044430135
0.1335785499951602,0.8886027044430135
0.13361735089078233,0.8886027044430135
0.13365617433414043,0.8886027044430135
0.1336950203448944,0.8886027044430135
0.13370797403352389,0.8886027044430135
0.13372093023255813,0.8886027044430135
0.13374685016476062,0.8886027044430135
0.13387660069848661,0.8886027044430135
0.1339025810207646,0.8886027044430135
0.13388349514563108,0.8879587894397939
0.1338964948053209,0.8879587894397939
0.13390949698970675,0.8879587894397939
0.13394851869839727,0.8879587894397939
0.13396153098892558,0.8879587894397939
0.1339875631558492,0.8879587894397939
0.13400058303371878,0.8879587894397939
0.13406572039665565,0.8879587894397939
0.1340787554691298,0.8879587894397939
0.1340917930766239,0.8879587894397939
0.13410483321987746,0.8879587894397939
0.13411787589963042,0.8879587894397939
0.1341309211166229,0.8879587894397939
0.13415701916528847,0.8879587894397939
0.13422230874051003,0.8879587894397939
0.1342353742820987,0.8879587894397939
0.13424844236760125,0.8879587894397939
0.13426151299776068,0.8879587894397939
0.13431382097983832,0.8879587894397939
0.13432690434443795,0.8879587894397939
0.1343399902581588,0.8879587894397939
0.13436616973594465,0.8879587894397939
0.13437926330150068,0.8879587894397939
0.13439235941915992,0.8879587894397939
0.1344054580896686,0.8879587894397939
0.1344316630922207,0.8879587894397939
0.13445787831513262,0.8879587894397939
0.13447098976109215,0.8879587894397939
0.13448410376438463,0.8879587894397939
0.1344972203257583,0.8879587894397939
0.13452346112574384,0.8879587894397939
0.13458910794456372,0.8879587894397939
0.1346022449975598,0.8879587894397939
0.13462852679878942,0.8879587894397939
0.1346416715485257,0.8879587894397939
0.1346548188653452,0.8879587894397939
0.13466796875,0.8879587894397939
0.1346811212032425,0.8879587894397939
0.13472059398202424,0.8879587894397939
0.13473375671714705,0.8879587894397939
0.13485233717973794,0.8879587894397939
0.13486552567237164,0.8879587894397939
0.13489191039812187,0.8879587894397939
0.13490510663275287,0.8879587894397939
0.13491830544956462,0.8879587894397939
0.1349447108327625,0.8879587894397939
0.13495791740066548,0.8879587894397939
0.1349711265537829,0.8879587894397939
0.13498433829287393,0.8879587894397939
0.134997552618698,0.8879587894397939
0.13501076953201488,0.8879587894397939
0.13503721112416764,0.8879587894397939
0.13506366307541626,0.8879587894397939
0.13511659807956103,0.8879587894397939
0.13516957459321702,0.8879587894397939
0.1351828252132144,0.8879587894397939
0.13519607843137255,0.8879587894397939
0.13528892377121554,0.8879587894397939
0.13532875368007852,0.8879587894397939
0.13534203552851115,0.8879587894397939
0.13535531998429526,0.8879587894397939
0.13540848389630794,0.8879587894397939
0.13542178140037317,0.8879587894397939
0.1354350815164015,0.8879587894397939
0.13544838424516256,0.8879587894397939
0.13546168958742633,0.8879587894397939
0.135501621302938,0.8879587894397939
0.13551493710691823,0.8879587894397939
0.13552825552825554,0.8879587894397939
0.13554157656772164,0.8879587894397939
0.13555490022608865,0.8879587894397939
0.13556822650412897,0.8879587894397939
0.13558155540261527,0.8879587894397939
0.13559488692232055,0.8879587894397939
0.1356082210640181,0.8879587894397939
0.1356215578284815,0.8879587894397939
0.1356348972164847,0.8879587894397939
0.1356482392288019,0.8879587894397939
0.13566158386620758,0.8879587894397939
0.1356749311294766,0.8879587894397939
0.13568828101938404,0.8879587894397939
0.1357417068609115,0.8879587894397939
0.1357684355616816,0.8879587894397939
0.13587545570992215,0.8879587894397939
0.13588884509262908,0.8879587894397939
0.13591563177606938,0.8879587894397939
0.13592902907836374,0.8879587894397939
0.135942429022082,0.8879587894397939
0.13595583160800553,0.8879587894397939
0.13603630265364505,0.8879587894397939
0.13604972375690608,0.8879587894397939
0.13606314750863344,0.8879587894397939
0.1360765739096112,0.8879587894397939
0.13610343466245559,0.8879587894397939
0.13611686901589182,0.8879587894397939
0.13613030602171766,0.8879587894397939
0.13614374568071874,0.8879587894397939
0.1363187030446817,0.8879587894397939
0.13634565948190627,0.8879587894397939
0.1363996043521266,0.8879587894397939
0.1364130972400831,0.8879587894397939
0.13644009102602156,0.8879587894397939
0.13646709549727856,0.8879587894397939
0.1364806017418844,0.8879587894397939
0.13649411066019995,0.8879587894397939
0.1365616953852248,0.8879587894397939
0.1365752203624839,0.8879587894397939
0.13661581137309292,0.8879587894397939
0.13662934707222826,0.8879587894397939
0.1366428854538248,0.8879587894397939
0.13666997026759167,0.8879587894397939
0.13668351670135792,0.8879587894397939
0.13669706582077715,0.8879587894397939
0.13671061762664816,0.8879587894397939
0.136737729300942,0.8879587894397939
0.1367512891709639,0.8879587894397939
0.1369278125310297,0.8879587894397939
0.13695501042804648,0.8879587894397939
0.13720027857924585,0.8879587894397939
0.1372139303482587,0.8879587894397939
0.13722758483431188,0.8879587894397939
0.1372822299651568,0.8879587894397939
0.13729589804858622,0.8879587894397939
0.1373232423819956,0.8879587894397939
0.13733691863360223,0.8879587894397939
0.13735059760956175,0.8879587894397939
0.13736427931068831,0.8879587894397939
0.13737796373779637,0.8879587894397939
0.13739165089170072,0.8879587894397939
0.13740534077321642,0.8879587894397939
0.13746012759170653,0.8879587894397939
0.1375561097256858,0.8879587894397939
0.13756983240223464,0.8879587894397939
0.1375972859708641,0.8879587894397939
0.13770720990613142,0.8879587894397939
0.13772096274842704,0.8879587894397939
0.13773471833799442,0.8879587894397939
0.1377484766756568,0.8879587894397939
0.1377760015985613,0.8879587894397939
0.13778976818545163,0.8879587894397939
0.1378035375237334,0.8879587894397939
0.13783108445777112,0.8879587894397939
0.13784486205517793,0.8879587894397939
0.13785864240727783,0.8879587894397939
0.137872425514897,0.8879587894397939
0.1379,0.8879587894397939
0.13798278967380428,0.8879587894397939
0.13799659761833283,0.8879587894397939
0.13802422179961965,0.8879587894397939
0.13803803803803805,0.8879587894397939
0.1380933306629281,0.8879587894397939
0.13812099358974358,0.8879587894397939
0.13820404890759672,0.8879587894397939
0.1382179011726972,0.8879587894397939
0.1382317562149158,0.8879587894397939
0.13850944154278827,0.8879587894397939
0.13852335509794073,0.8879587894397939
0.13853727144866385,0.8879587894397939
0.13855119059580026,0.8879587894397939
0.13856511254019294,0.8879587894397939
0.13867658889782783,0.8879587894397939
0.13871843878885423,0.8879587894397939
0.1387323943661972,0.8879587894397939
0.1387603139464681,0.8879587894397939
0.13877427795109187,0.8879587894397939
0.13880221439355814,0.8879587894397939
0.13881618683309846,0.8879587894397939
0.13883016208597604,0.8879587894397939
0.13884414015304067,0.8879587894397939
0.1388721047331319,0.8879587894397939
0.13893930227868523,0.8873148744365744
0.1389533124936977,0.8873148744365744
0.1390654960137249,0.8873148744365744
0.13909357020288685,0.8873148744365744
0.13912165572942958,0.8873148744365744
0.1391357027463651,0.8873148744365744
0.13914975260022217,0.8873148744365744
0.13916380529186023,0.8873148744365744
0.13917786082213918,0.8873148744365744
0.13934674891293355,0.8873148744365744
0.13938903499898847,0.8873148744365744
0.13941723998381222,0.8873148744365744
0.13943134675705757,0.8873148744365744
0.1394595688695476,0.8873148744365744
0.13948780240915074,0.8873148744365744
0.13950192346628873,0.8873148744365744
0.13951604738280854,0.8873148744365744
0.13953017415957877,0.8873148744365744
0.13957257166008305,0.8873148744365744
0.1395867098865478,0.8873148744365744
0.13960085097761118,0.8873148744365744
0.13961499493414387,0.8873148744365744
0.13965744400527008,0.8873148744365744
0.13967159943239407,0.8873148744365744
0.13968575772934616,0.8873148744365744
0.13985588145742414,0.8873148744365744
0.139768574908648,0.8866709594333548
0.1397969543147208,0.8866709594333548
0.13982534524776605,0.8866709594333548
0.13988216172287687,0.8866709594333548
0.13995324728122777,0.8866709594333548
0.14018120737045708,0.8866709594333548
0.1401954795357361,0.8866709594333548
0.1403240599205136,0.8866709594333548
0.14036697247706423,0.8866709594333548
0.14038128249566725,0.8866709594333548
0.14039559543230015,0.8866709594333548
0.14040991128785563,0.8866709594333548
0.1404242300632266,0.8866709594333548
0.14049586776859505,0.8866709594333548
0.14051020408163264,0.8866709594333548
0.14052454332074701,0.8866709594333548
0.1406106402532421,0.8866709594333548
0.140625,0.8866709594333548
0.14066809684339565,0.8866709594333548
0.1406824683285656,0.8866709594333548
0.14072560040878895,0.8866709594333548
0.1407831510070545,0.8866709594333548
0.14079754601226993,0.8866709594333548
0.14081194396155025,0.8866709594333548
0.14108606557377049,0.8866709594333548
0.14110052259452813,0.8866709594333548
0.14111498257839722,0.8866709594333548
0.14118732697631498,0.8866709594333548
0.14120180475799837,0.8866709594333548
0.14121628550917856,0.8866709594333548
0.14124525592368448,0.8866709594333548
0.14125974558883875,0.8866709594333548
0.14127423822714683,0.8866709594333548
0.14130323242688558,0.8866709594333548
0.14134674604803943,0.8866709594333548
0.14136125654450263,0.8866709594333548
0.1413757700205339,0.8866709594333548
0.14139028647705104,0.8866709594333548
0.1414048059149723,0.8866709594333548
0.14146291349907542,0.8866709594333548
0.14147744785780336,0.8866709594333548
0.1415065255369438,0.8866709594333548
0.14152106885919835,0.8866709594333548
0.14143282968444856,0.8860270444301352
0.14144736842105263,0.8860270444301352
0.14146191014701348,0.8860270444301352
0.14153466364945486,0.8860270444301352
0.14156378600823044,0.8860270444301352
0.14166580870997633,0.8860270444301352
0.14169498506847905,0.8860270444301352
0.14172417344731691,0.8860270444301352
0.14175337385391984,0.8860270444301352
0.14176797856995674,0.8860270444301352
0.14178258629572385,0.8860270444301352
0.14182642754071326,0.8860270444301352
0.1418410473147098,0.8860270444301352
0.1418849247267478,0.8860270444301352
0.14189955656388573,0.8860270444301352
0.1419141914191419,0.8860270444301352
0.14192882929345024,0.8860270444301352
0.141943470187745,0.8860270444301352
0.1419581141029609,0.8860270444301352
0.141972761040033,0.8860270444301352
0.1419874109998968,0.8860270444301352
0.14200206398348814,0.8860270444301352
0.1420753742901394,0.8860270444301352
0.14209004543577033,0.8860270444301352
0.14213407705815514,0.8860270444301352
0.14216344663704927,0.8860270444301352
0.14219282835589542,0.8860270444301352
0.14220752377015294,0.8860270444301352
0.14222222222222222,0.8860270444301352
0.1422957600827301,0.8860270444301352
0.14231047678146655,0.8860270444301352
0.14232519652461728,0.8860270444301352
0.14239884093966676,0.8860270444301352
0.1424283200496843,0.8860270444301352
0.14250207125103562,0.8860270444301352
0.1425168306576903,0.8860270444301352
0.14253159312202196,0.8860270444301352
0.14254635864498083,0.8860270444301352
0.14267938614682704,0.8860270444301352
0.14269418230841024,0.8860270444301352
0.14270898153909978,0.8860270444301352
0.14272378383985063,0.8860270444301352
0.14275339765535844,0.8860270444301352
0.1427682091720274,0.8860270444301352
0.14278302376258173,0.8860270444301352
0.1427978414279784,0.8860270444301352
0.1428274859871289,0.8860270444301352
0.142975893599335,0.8860270444301352
0.14300561213884846,0.8860270444301352
0.14303534303534304,0.8860270444301352
0.14305021311986693,0.8860270444301352
0.14309484193011648,0.8860270444301352
0.14310972438897557,0.8860270444301352
0.14312460994383192,0.8860270444301352
0.14313949859565173,0.8860270444301352
0.1431543903454016,0.8860270444301352
0.14318418314255985,0.8860270444301352
0.14319908419190341,0.8860270444301352
0.14321398834304747,0.8860270444301352
0.14322889559696056,0.8860270444301352
0.14328855565968968,0.8860270444301352
0.14330347844199126,0.8860270444301352
0.14331840433288198,0.8860270444301352
0.1433482654443171,0.8860270444301352
0.14336320066680558,0.8860270444301352
0.1433930804501876,0.8860270444301352
0.14340802501302763,0.8860270444301352
0.1434229726912654,0.8860270444301352
0.1434379234858751,0.8860270444301352
0.14345287739783152,0.8860270444301352
0.1435276937519558,0.8860270444301352
0.1437375953201713,0.8860270444301352
0.14432665057205837,0.8853831294269157
0.14437211255774884,0.8853831294269157
0.14438727291819806,0.8853831294269157
0.14440243646292797,0.8853831294269157
0.1444479462128375,0.8853831294269157
0.14447830198591993,0.8853831294269157
0.1444934846574191,0.8853831294269157
0.14450867052023122,0.8853831294269157
0.14453905182382004,0.8853831294269157
0.1445542472666106,0.8853831294269157
0.14456944590474188,0.8853831294269157
0.14467592592592593,0.8853831294269157
0.14469115016310638,0.8853831294269157
0.1447063776047148,0.8853831294269157
0.14472160825176297,0.8853831294269157
0.14473684210526316,0.8853831294269157
0.14475207916622804,0.8853831294269157
0.14476731943567067,0.8853831294269157
0.14478256291460462,0.8853831294269157
0.14484356894553882,0.8853831294269157
0.14487409124433673,0.8853831294269157
0.14488935721812435,0.8853831294269157
0.1449046264095268,0.8853831294269157
0.14491989881956155,0.8853831294269157
0.14493517444924633,0.8853831294269157
0.14496573537163943,0.8853831294269157
0.14531811456351723,0.8853831294269157
0.14539494554298404,0.8853831294269157
0.14541032148900168,0.8853831294269157
0.14542570068746694,0.8853831294269157
0.14545646884586905,0.8853831294269157
0.14547185780787136,0.8853831294269157
0.14551804423748546,0.8853831294269157
0.14554885148724464,0.8853831294269157
0.14556426000423459,0.8853831294269157
0.1455796717840127,0.8853831294269157
0.1455950868276154,0.8853831294269157
0.14561050513607965,0.8853831294269157
0.14565677966101695,0.8853831294269157
0.145672211039305,0.8853831294269157
0.1456876456876457,0.8853831294269157
0.14588859416445624,0.8853831294269157
0.14607457771167534,0.8853831294269157
0.1461366776490594,0.8853831294269157
0.14616774742213245,0.8853831294269157
0.1462299266191641,0.8853831294269157
0.14624547968517337,0.8853831294269157
0.14627659574468085,0.8853831294269157
0.14630772504788253,0.8853831294269157
0.14633886760323542,0.8853831294269157
0.14635444385311336,0.8853831294269157
0.14637002341920374,0.8853831294269157
0.14638560630256575,0.8853831294269157
0.1463570515551768,0.8847392144236961
0.14640383590836442,0.8847392144236961
0.14641943734015345,0.8847392144236961
0.14645065018119804,0.8847392144236961
0.14656,0.8847392144236961
0.14657563473437166,0.8847392144236961
0.14677919025745112,0.8847392144236961
0.1467948717948718,0.8847392144236961
0.14687332977017636,0.8847392144236961
0.1468890314304041,0.8847392144236961
0.14692044482463645,0.8847392144236961
0.14696759011659,0.8847392144236961
0.14703049759229533,0.8847392144236961
0.14704623287671234,0.8847392144236961
0.14706197152948733,0.8847392144236961
0.14710920770877944,0.8847392144236961
0.14715647424226197,0.8847392144236961
0.14717223650385605,0.8847392144236961
0.14718800214247454,0.8847392144236961
0.1472037711592029,0.8847392144236961
0.14721954355512698,0.8847392144236961
0.14723531933133305,0.8847392144236961
0.14725109848890794,0.8847392144236961
0.1472668810289389,0.8847392144236961
0.14728266695251366,0.8847392144236961
0.1472984562607204,0.8847392144236961
0.14734584450402144,0.8847392144236961
0.14736164736164736,0.8847392144236961
0.14739326324823,0.8847392144236961
0.14748819235723487,0.8847392144236961
0.14751986257247154,0.8847392144236961
0.14753570278105874,0.8847392144236961
0.14755154639175258,0.8847392144236961
0.14756739340564923,0.8847392144236961
0.14759909764743798,0.8847392144236961
0.1476149548775247,0.8847392144236961
0.14764667956157318,0.8847392144236961
0.14771016985594496,0.8847392144236961
0.14774193548387096,0.8847392144236961
0.14775782342187332,0.8847392144236961
0.14777371477737147,0.8847392144236961
0.14780550774526677,0.8847392144236961
0.14783731439638476,0.8847392144236961
0.14786913473956093,0.8847392144236961
0.14788505004843397,0.8847392144236961
0.14790096878363831,0.8847392144236961
0.14791689094628055,0.8847392144236961
0.1481082246415867,0.8847392144236961
0.148124191461837,0.8847392144236961
0.1481401617250674,0.8847392144236961
0.14838012958963284,0.8847392144236961
0.14841218405703174,0.8847392144236961
0.1484282164848223,0.8847392144236961
0.14844425237683664,0.8847392144236961
0.14847633455802897,0.8847392144236961
0.14849238084945424,0.8847392144236961
0.14852448383958491,0.8847392144236961
0.14855660071359067,0.8847392144236961
0.14868520722865491,0.8847392144236961
0.14871739365732223,0.8847392144236961
0.14879792072774528,0.8847392144236961
0.14881403660781978,0.8847392144236961
0.14883015597920277,0.8847392144236961
0.14884627884302892,0.8847392144236961
0.14891080524547523,0.8847392144236961
0.14895923677363399,0.8847392144236961
0.14897538761791174,0.8847392144236961
0.14899154196486664,0.8847392144236961
0.14912090297373562,0.8847392144236961
0.14916947128433394,0.8847392144236961
0.1492018677380823,0.8847392144236961
0.14926670287887017,0.8847392144236961
0.14928292046936115,0.8847392144236961
0.14931536622473376,0.8847392144236961
0.14934782608695651,0.8847392144236961
0.14936406131101207,0.8847392144236961
0.14938030006523156,0.8847392144236961
0.14939654235076655,0.8847392144236961
0.14998362624167666,0.8847392144236961
0.15,0.8847392144236961
0.15001637733377007,0.8847392144236961
0.15003275824415813,0.8847392144236961
0.1500491427323359,0.8847392144236961
0.15006553079947577,0.8847392144236961
0.15008192244675042,0.8847392144236961
0.1500983176753332,0.8847392144236961
0.1501147164863979,0.8847392144236961
0.1501803475789704,0.8847392144236961
0.15019676432006995,0.8847392144236961
0.15022960857205336,0.8847392144236961
0.15024603608529252,0.8847392144236961
0.15026246719160105,0.8847392144236961
0.15027890189215792,0.8847392144236961
0.15029534018814264,0.8847392144236961
0.15032822757111597,0.8847392144236961
0.15034467666046614,0.8847392144236961
0.15036112934996718,0.8847392144236961
0.15037758564080114,0.8847392144236961
0.15039404553415062,0.8847392144236961
0.15041050903119868,0.8847392144236961
0.15050936575747617,0.8847392144236961
0.15052585451358458,0.8847392144236961
0.150542346882875,0.8847392144236961
0.15055884286653518,0.8847392144236961
0.15067441605439194,0.8847392144236961
0.15070746956235603,0.8847392144236961
0.15072400175515577,0.8847392144236961
0.15074053757542513,0.8847392144236961
0.15075707702435814,0.8847392144236961
0.15077362010314935,0.8847392144236961
0.15079016681299384,0.8847392144236961
0.15080671715508726,0.8847392144236961
0.1508398287408058,0.8847392144236961
0.15097242061311944,0.8847392144236961
0.150989010989011,0.8847392144236961
0.15100560501153973,0.8847392144236961
0.15105540897097625,0.8847392144236961
0.15108862986584562,0.8847392144236961
0.1511052457934675,0.8847392144236961
0.15112186537615485,0.8847392144236961
0.151171746066674,0.8847392144236961
0.15122165969623597,0.8847392144236961
0.15125495376486128,0.8847392144236961
0.1512716062974788,0.8847392144236961
0.1512882624972473,0.8847392144236961
0.15130492236537826,0.8847392144236961
0.15135492399206874,0.8847392144236961
0.15137159854577503,0.8847392144236961
0.1513882767739092,0.8847392144236961
0.15167237001876588,0.8847392144236961
0.1516891145948333,0.8847392144236961
0.1517058628684995,0.8847392144236961
0.1517226148409894,0.8847392144236961
0.15173937051352843,0.8847392144236961
0.1517561298873426,0.8847392144236961
0.15178965974370304,0.8847392144236961
0.15180643022870402,0.8847392144236961
0.1518232044198895,0.8847392144236961
0.15189033827105902,0.8847392144236961
0.15190713101160863,0.8847392144236961
0.15192392746572314,0.8847392144236961
0.15199115044247788,0.8847392144236961
0.1520079654829074,0.8847392144236961
0.15202478424430182,0.8847392144236961
0.15204160672789643,0.8847392144236961
0.15207526286662978,0.8847392144236961
0.1521931767833407,0.8847392144236961
0.1522100365569957,0.8847392144236961
0.1522437673130194,0.8847392144236961
0.15226063829787234,0.8847392144236961
0.1522775130222764,0.8847392144236961
0.15229439148747506,0.8847392144236961
0.1523281596452328,0.8847392144236961
0.1525480182080604,0.8847392144236961
0.1525649566955363,0.8847392144236961
0.15258189894503055,0.8847392144236961
0.15259884495779655,0.8847392144236961
0.1526157947350883,0.8847392144236961
0.1526327482781604,0.8847392144236961
0.15264970558826796,0.8847392144236961
0.15268363151461273,0.8847392144236961
0.1527345486883059,0.8847392144236961
0.15276851234156105,0.8847392144236961
0.1527854998332036,0.8847392144236961
0.15270826381937494,0.8840952994204765
0.15275923453493548,0.8840952994204765
0.15277623233559587,0.8840952994204765
0.15279323391943023,0.8840952994204765
0.15281023928770174,0.8840952994204765
0.1528442613826116,0.8840952994204765
0.1528612781117791,0.8840952994204765
0.15287829863044206,0.8840952994204765
0.15292938293606595,0.8840952994204765
0.15296345811051693,0.8840952994204765
0.15301459935361642,0.8840952994204765
0.15303165403477487,0.8840952994204765
0.15304871251811392,0.8840952994204765
0.15313406201204552,0.8840952994204765
0.15315114333519242,0.8840952994204765
0.1531682284694333,0.8840952994204765
0.15328793122697332,0.8840952994204765
0.15337354781054513,0.8840952994204765
0.1533906826052955,0.8840952994204765
0.15342496368309308,0.8840952994204765
0.15345926008718005,0.8840952994204765
0.1534764140397943,0.8840952994204765
0.15349357182783677,0.8840952994204765
0.1535278989153528,0.8840952994204765
0.15356224136002683,0.8840952994204765
0.15359659917216692,0.8840952994204765
0.15368256100291022,0.8840952994204765
0.1537341843018699,0.8840952994204765
0.1537686191062829,0.8840952994204765
0.15378584229390682,0.8840952994204765
0.15380306934020388,0.8840952994204765
0.15382030024647098,0.8840952994204765
0.1538375350140056,0.8840952994204765
0.15385477364410577,0.8840952994204765
0.15387201613807017,0.8840952994204765
0.15390651272278894,0.8840952994204765
0.1539237668161435,0.8840952994204765
0.15395828661134783,0.8840952994204765
0.15402737267220104,0.8840952994204765
0.15404465387636038,0.8840952994204765
0.15406193895870737,0.8840952994204765
0.15407922792054765,0.8840952994204765
0.15411381748793354,0.8840952994204765
0.15401885945217783,0.8834513844172569
0.15410535774458048,0.8834513844172569
0.15413998427143016,0.8834513844172569
0.1541573033707865,0.8834513844172569
0.15417462636251264,0.8834513844172569
0.15426129975264222,0.8834513844172569
0.15429599640125957,0.8834513844172569
0.15440018005851902,0.8834513844172569
0.15441755768148566,0.8834513844172569
0.15443493921656912,0.8834513844172569
0.15445232466509062,0.8834513844172569
0.15446971402837198,0.8834513844172569
0.15448710730773563,0.8834513844172569
0.15452190562000226,0.8834513844172569
0.15453931065555304,0.8834513844172569
0.15455671961248169,0.8834513844172569
0.15457413249211358,0.8834513844172569
0.15459154929577465,0.8834513844172569
0.15471357690572846,0.8834513844172569
0.1548532731376975,0.8834513844172569
0.15492321589882566,0.8834513844172569
0.1549407114624506,0.8834513844172569
0.15497571444708008,0.8834513844172569
0.15501073325048018,0.8834513844172569
0.1550282485875706,0.8834513844172569
0.15504576788337665,0.8834513844172569
0.1550632911392405,0.8834513844172569
0.15508081835650503,0.8834513844172569
0.15520361990950227,0.8834513844172569
0.1558205565019875,0.8834513844172569
0.1558559581960695,0.8834513844172569
0.15587366507611905,0.8834513844172569
0.15589137598000227,0.8834513844172569
0.1559090909090909,0.8834513844172569
0.15599772598067083,0.8834513844172569
0.15601546508983397,0.8834513844172569
0.15603320823382236,0.8834513844172569
0.15606870663178252,0.8834513844172569
0.15608646188850966,0.8834513844172569
0.15610422118557288,0.8834513844172569
0.1561219845243514,0.8834513844172569
0.15617529880478087,0.8834513844172569
0.1562286495103621,0.8834513844172569
0.15624644117982006,0.8834513844172569
0.1562642369020501,0.8834513844172569
0.15628203667843718,0.8834513844172569
0.15633546034639928,0.8834513844172569
0.15623931623931625,0.8828074694140373
0.1563997262149213,0.8828074694140373
0.15643541761752625,0.8828074694140373
0.1565068493150685,0.8828074694140373
0.15652471743349697,0.8828074694140373
0.15664990859232175,0.8828074694140373
0.1566857142857143,0.8828074694140373
0.156703623271231,0.8828074694140373
0.15672153635116598,0.8828074694140373
0.15675737479990853,0.8828074694140373
0.15677530017152658,0.8828074694140373
0.15681116321628732,0.8828074694140373
0.1568470426724631,0.8828074694140373
0.1568649885583524,0.8828074694140373
0.156918850864141,0.8828074694140373
0.15693681318681318,0.8828074694140373
0.15697275017174261,0.8828074694140373
0.15699072483682583,0.8828074694140373
0.15702668651929905,0.8828074694140373
0.1570446735395189,0.8828074694140373
0.15706266468094857,0.8828074694140373
0.15709865933310416,0.8828074694140373
0.15713467048710603,0.8828074694140373
0.15715268225584594,0.8828074694140373
0.1571706981543047,0.8828074694140373
0.15720674234606122,0.8828074694140373
0.15722477064220183,0.8828074694140373
0.15726083964211976,0.8828074694140373
0.15727888034874382,0.8828074694140373
0.15731497418244406,0.8828074694140373
0.15736914600550964,0.8828074694140373
0.15742335514984498,0.8828074694140373
0.1574776016540317,0.8828074694140373
0.1574956921309592,0.8828074694140373
0.15753188555670458,0.8828074694140373
0.15756809562119298,0.8828074694140373
0.15758620689655173,0.8828074694140373
0.1576043223359007,0.8828074694140373
0.157622441940676,0.8828074694140373
0.1576586936522539,0.8828074694140373
0.15767682576193215,0.8828074694140373
0.15769496204278813,0.8828074694140373
0.15771310249626136,0.8828074694140373
0.157731247123792,0.8828074694140373
0.15774939592682086,0.8828074694140373
0.1577675489067894,0.8828074694140373
0.15778570606513984,0.8828074694140373
0.15780386740331492,0.8828074694140373
0.15782203292275815,0.8828074694140373
0.15784020262491366,0.8828074694140373
0.15807679003804911,0.8828074694140373
0.1580950184501845,0.8828074694140373
0.15811325106677432,0.8828074694140373
0.15814972891913714,0.8828074694140373
0.1582775340567998,0.8828074694140373
0.15829580879806027,0.8828074694140373
0.15836894998267298,0.8828074694140373
0.1583872458410351,0.8828074694140373
0.1584055459272097,0.8828074694140373
0.15844215878885937,0.8828074694140373
0.1584971098265896,0.8828074694140373
0.15853376503237743,0.8828074694140373
0.1585520989938707,0.8828074694140373
0.15857043719639138,0.8828074694140373
0.15858877964141121,0.8828074694140373
0.15860712633040258,0.8828074694140373
0.1586254772648386,0.8828074694140373
0.158643832446193,0.8828074694140373
0.15866219187594027,0.8828074694140373
0.15869892348651465,0.8828074694140373
0.15871729567029405,0.8828074694140373
0.15873567210837097,0.8828074694140373
0.15877243775332947,0.8828074694140373
0.15893809413401344,0.8828074694140373
0.15895652173913044,0.8828074694140373
0.15903027491010324,0.8828074694140373
0.15908563471803203,0.8828074694140373
0.15910409655332483,0.8828074694140373
0.15912256267409472,0.8828074694140373
0.159141033081834,0.8828074694140373
0.15915950777803575,0.8828074694140373
0.15919647004180212,0.8828074694140373
0.1592149576123563,0.8828074694140373
0.1592334494773519,0.8828074694140373
0.15930745991168951,0.8828074694140373
0.15936301290247587,0.8828074694140373
0.1593815391769356,0.8828074694140373
0.1594371438539365,0.8828074694140373
0.1594556873691556,0.8828074694140373
0.15951134380453752,0.8828074694140373
0.1595299045845939,0.8828074694140373
0.15954846968462702,0.8828074694140373
0.15956703910614525,0.8828074694140373
0.15958561285065767,0.8828074694140373
0.15969714618520675,0.8828074694140373
0.15977158839296118,0.8828074694140373
0.1597902097902098,0.8828074694140373
0.15986473880597016,0.8828074694140373
0.16001400560224088,0.8828074694140373
0.16005136586504787,0.8828074694140373
0.16007005253940457,0.8828074694140373
0.1600887435777674,0.8828074694140373
0.1601074389816653,0.8828074694140373
0.16012613875262788,0.8828074694140373
0.1601448428921855,0.8828074694140373
0.16016355140186916,0.8828074694140373
0.16020098153774245,0.8828074694140373
0.16027589431844752,0.8828074694140373
0.16029463346194317,0.8828074694140373
0.1603133769878391,0.8828074694140373
0.16035087719298247,0.8828074694140373
0.16036963387530706,0.8828074694140373
0.16038839494618623,0.8828074694140373
0.1604071604071604,0.8828074694140373
0.16042593025977064,0.8828074694140373
0.1604447045055588,0.8828074694140373
0.16046348314606743,0.8828074694140373
0.16040276314248916,0.8821635544108177
0.16042154566744732,0.8821635544108177
0.1604967197750703,0.8821635544108177
0.16057196436943272,0.8821635544108177
0.160779251261589,0.8821635544108177
0.1607981220657277,0.8821635544108177
0.16083587696642404,0.8821635544108177
0.16094924812030076,0.8821635544108177
0.16132830899670278,0.8821635544108177
0.16134730891532212,0.8821635544108177
0.16136631330977622,0.8821635544108177
0.16138532218164683,0.8821635544108177
0.16140433553251649,0.8821635544108177
0.16144237567758662,0.8821635544108177
0.1614614024749558,0.8821635544108177
0.16149946952728989,0.8821635544108177
0.16151850978542798,0.8821635544108177
0.16153755453366347,0.8821635544108177
0.1615566037735849,0.8821635544108177
0.16167099362756668,0.8821635544108177
0.16169007435382982,0.8821635544108177
0.16170915958451368,0.8821635544108177
0.16172824932121355,0.8821635544108177
0.1617473435655254,0.8821635544108177
0.16176644231904594,0.8821635544108177
0.16182376565083864,0.8821635544108177
0.1618811296230651,0.8821635544108177
0.16193853427895982,0.8821635544108177
0.16195767821255466,0.8821635544108177
0.16197682667297233,0.8821635544108177
0.1619959796618186,0.8821635544108177
0.1620151371807001,0.8821635544108177
0.16203429923122412,0.8821635544108177
0.16205346581499883,0.8821635544108177
0.16207263693363302,0.8821635544108177
0.1620918125887364,0.8821635544108177
0.1621301775147929,0.8821635544108177
0.162206961875444,0.8821635544108177
0.16222616933096506,0.8821635544108177
0.16224538133585978,0.8821635544108177
0.16241849436870184,0.8821635544108177
0.16249555212904757,0.8821635544108177
0.16251482799525505,0.8821635544108177
0.1625341084351643,0.8821635544108177
0.16255339345040343,0.8821635544108177
0.16257268304260117,0.8821635544108177
0.16259197721338714,0.8821635544108177
0.1626112759643917,0.8821635544108177
0.16263057929724598,0.8821635544108177
0.16264988721358187,0.8821635544108177
0.16268851680323002,0.8821635544108177
0.1627658310561958,0.8821635544108177
0.1628045157456922,0.8821635544108177
0.16282386498692655,0.8821635544108177
0.16286257727056586,0.8821635544108177
0.16288194031625253,0.8821635544108177
0.1629013079667063,0.8821635544108177
0.163114656506727,0.8821635544108177
0.16313407954274828,0.8821635544108177
0.16315350720495414,0.8821635544108177
0.16319237641453246,0.8821635544108177
0.16321181796521325,0.8821635544108177
0.1634259811523321,0.8821635544108177
0.16344547840610832,0.8821635544108177
0.16346498031261186,0.8821635544108177
0.16348448687350836,0.8821635544108177
0.16356255969436484,0.8821635544108177
0.16360162407451637,0.8821635544108177
0.16362116326286874,0.8821635544108177
0.163640707118968,0.8821635544108177
0.16367980884109917,0.8821635544108177
0.16369936671047916,0.8821635544108177
0.1637189292543021,0.8821635544108177
0.16373849647424404,0.8821635544108177
0.16377764494919306,0.8821635544108177
0.16379722620755618,0.8821635544108177
0.16381681214875043,0.8821635544108177
0.16383640277445588,0.8821635544108177
0.1641308254462681,0.8821635544108177
0.16415049125329498,0.8821635544108177
0.16418983700862896,0.8821635544108177
0.164209516960326,0.8821635544108177
0.16424889102026136,0.8821635544108177
0.1642685851318945,0.8821635544108177
0.1642882839669025,0.8821635544108177
0.164485532476888,0.8821635544108177
0.16450528338136408,0.8821635544108177
0.16452503902966253,0.8821635544108177
0.16460410909527814,0.8821635544108177
0.16462388848834414,0.8821635544108177
0.16466346153846154,0.8821635544108177
0.16468325519894217,0.8821635544108177
0.16470305361865833,0.8821635544108177
0.16476247745039085,0.8821635544108177
0.1647822949242242,0.8821635544108177
0.16482194417709337,0.8821635544108177
0.1648616125150421,0.8821635544108177
0.16494100650132434,0.8821635544108177
0.1649608669476219,0.8821635544108177
0.16498073217726397,0.8821635544108177
0.1650006021919788,0.8821635544108177
0.16502047699349554,0.8821635544108177
0.1650602409638554,0.8821635544108177
0.1651000241021933,0.8821635544108177
0.16511992286368568,0.8821635544108177
0.1652394162344711,0.8821635544108177
0.1652992277992278,0.8821635544108177
0.16531917461083626,0.8821635544108177
0.16533912623702632,0.8821635544108177
0.16539901002052396,0.8821635544108177
0.1654189809224825,0.8821635544108177
0.16543895664774785,0.8821635544108177
0.16545893719806765,0.8821635544108177
0.16547892257519023,0.8821635544108177
0.16549891278086495,0.8821635544108177
0.16551890781684184,0.8821635544108177
0.16559893629880335,0.8821635544108177
0.16561895551257252,0.8821635544108177
0.16563897956716236,0.8821635544108177
0.165679042205829,0.8821635544108177
0.1657391725139124,0.8821635544108177
0.16583948674494614,0.8821635544108177
0.16585956416464892,0.8821635544108177
0.16589973359166868,0.8821635544108177
0.16591982560251908,0.8821635544108177
0.16593992248062014,0.8821635544108177
0.1660002423361202,0.8821635544108177
0.166020358700921,0.8821635544108177
0.16604047994182522,0.8821635544108177
0.16606060606060605,0.8821635544108177
0.16608073705903745,0.8821635544108177
0.16610087293889428,0.8821635544108177
0.16612101370195223,0.8821635544108177
0.16614115934998788,0.8821635544108177
0.16616130988477865,0.8821635544108177
0.16620162562173965,0.8821635544108177
0.16622179082746907,0.8821635544108177
0.16630250060694343,0.8821635544108177
0.16638328880252612,0.8821635544108177
0.16640349811733268,0.8821635544108177
0.1664237123420797,0.8821635544108177
0.16646415552855406,0.8821635544108177
0.16648438449386316,0.8821635544108177
0.166524857177586,0.8821635544108177
0.16654510089958668,0.8821635544108177
0.16660586160768576,0.8821635544108177
0.16662612503040622,0.8821635544108177
0.16664639338280016,0.8821635544108177
0.16666666666666666,0.8821635544108177
0.1666869448838058,0.8821635544108177
0.1667072280360185,0.8821635544108177
0.16672751612510647,0.8821635544108177
0.16674780915287243,0.8821635544108177
0.1667681071211199,0.8821635544108177
0.16678841003165326,0.8821635544108177
0.16680871788627785,0.8821635544108177
0.1668290306867998,0.8821635544108177
0.1668493484350262,0.8821635544108177
0.16688999878182484,0.8821635544108177
0.1669103313840156,0.8821635544108177
0.16697135892748324,0.8821635544108177
0.16699171136031205,0.8821635544108177
0.16701206875533342,0.8821635544108177
0.16705279843921472,0.8821635544108177
0.16707317073170733,0.8821635544108177
0.16709354799365778,0.8821635544108177
0.16711393022688462,0.8821635544108177
0.16713431743320728,0.8821635544108177
0.1671751067724222,0.8821635544108177
0.16725674520815528,0.8821635544108177
0.16770718570204432,0.8821635544108177
0.1677277179236043,0.8821635544108177
0.16774825517325823,0.8821635544108177
0.1677687974528533,0.8821635544108177
0.1677893447642376,0.8821635544108177
0.16791273440372595,0.8821635544108177
0.1679333169894582,0.8821635544108177
0.16795390462179724,0.8821635544108177
0.1679744973025993,0.8821635544108177
0.16799509503372165,0.8821635544108177
0.16807753649858914,0.8821635544108177
0.16809815950920245,0.8821635544108177
0.1681187875812983,0.8821635544108177
0.16813942071674032,0.8821635544108177
0.1681600589173929,0.8821635544108177
0.168677665599606,0.8821635544108177
0.1686984361531831,0.8821635544108177
0.16888560157790927,0.8821635544108177
0.16890642337566267,0.8821635544108177
0.16892725030826142,0.8821635544108177
0.16896891958559448,0.8821635544108177
0.16903146206045652,0.8821635544108177
0.1690523198420533,0.8821635544108177
0.1691566860106186,0.8821635544108177
0.16917757470980488,0.8821635544108177
0.1692402717726992,0.8821635544108177
0.1693239401804474,0.8821635544108177
0.16934487021013597,0.8821635544108177
0.16932591218305504,0.8815196394075981
0.16934685799109353,0.8815196394075981
0.1693678089818137,0.8815196394075981
0.16940972651899516,0.8815196394075981
0.16945166481000123,0.8815196394075981
0.1694726417430057,0.8815196394075981
0.16951461119366024,0.8815196394075981
0.1695356037151703,0.8815196394075981
0.1695986124876115,0.8815196394075981
0.16961962582084003,0.8815196394075981
0.16966166811252945,0.8815196394075981
0.16968269707486366,0.8815196394075981
0.16970373125077476,0.8815196394075981
0.16972477064220184,0.8815196394075981
0.16974581525108492,0.8815196394075981
0.1697668650793651,0.8815196394075981
0.1698300459000124,0.8815196394075981
0.16985111662531016,0.8815196394075981
0.16987219257972452,0.8815196394075981
0.16989327376520227,0.8815196394075981
0.1699143601836912,0.8815196394075981
0.16993545183714,0.8815196394075981
0.16995654872749844,0.8815196394075981
0.16997765085671715,0.8815196394075981
0.1699987582267478,0.8815196394075981
0.17001987083954298,0.8815196394075981
0.17004098869705628,0.8815196394075981
0.17006211180124223,0.8815196394075981
0.1700832401540564,0.8815196394075981
0.17010437375745527,0.8815196394075981
0.1701678060907396,0.8815196394075981
0.17025245616216889,0.8815196394075981
0.17029481278766015,0.8815196394075981
0.17031599900472755,0.8815196394075981
0.1705919003115265,0.8815196394075981
0.17061316051844466,0.8815196394075981
0.17063442602517762,0.8815196394075981
0.1706556968337073,0.8815196394075981
0.17071954108991147,0.8815196394075981
0.1707408331254677,0.8815196394075981
0.17078343313373254,0.8815196394075981
0.17080474111041796,0.8815196394075981
0.17082605440479162,0.8815196394075981
0.1708900262139558,0.8815196394075981
0.17091136079900124,0.8815196394075981
0.17093270071169933,0.8815196394075981
0.17095404595404595,0.8815196394075981
0.17097539652803798,0.8815196394075981
0.17099675243567325,0.8815196394075981
0.17101811367895065,0.8815196394075981
0.17103948025987006,0.8815196394075981
0.171167791947987,0.8815196394075981
0.17118919594848067,0.8815196394075981
0.1712320200125078,0.8815196394075981
0.17125344008006005,0.8815196394075981
0.17140353073744835,0.8815196394075981
0.17142499373904332,0.8815196394075981
0.17144646211646838,0.8815196394075981
0.1714679358717435,0.8815196394075981
0.17148941500688963,0.8815196394075981
0.17151089952392884,0.8815196394075981
0.1715323894248841,0.8815196394075981
0.17155388471177946,0.8815196394075981
0.17157538538663994,0.8815196394075981
0.17185538538789857,0.8815196394075981
0.1718769617074702,0.8815196394075981
0.17194172318512937,0.8815196394075981
0.1720497675003142,0.8815196394075981
0.17211465929092282,0.8815196394075981
0.17213630076700617,0.8815196394075981
0.17226626399899334,0.8815196394075981
0.17228794361943117,0.8815196394075981
0.1723313192346425,0.8815196394075981
0.17235301523353896,0.8815196394075981
0.17237471669604634,0.8815196394075981
0.17243985388587985,0.8815196394075981
0.17261379397301727,0.8815196394075981
0.17263556116015133,0.8815196394075981
0.17267911200807265,0.8815196394075981
0.17270089567301627,0.8815196394075981
0.17272268483472117,0.8815196394075981
0.17274447949526814,0.8815196394075981
0.1727880853212167,0.8815196394075981
0.17280989649078515,0.8815196394075981
0.17283171316752935,0.8815196394075981
0.17285353535353534,0.8815196394075981
0.17287536305089027,0.8815196394075981
0.17289719626168223,0.8815196394075981
0.17296272899557802,0.8815196394075981
0.17313772606551156,0.8815196394075981
0.17315962560080952,0.8815196394075981
0.17318153067678685,0.8815196394075981
0.17320344129554655,0.8815196394075981
0.1732253574591927,0.8815196394075981
0.17331307760476009,0.8815196394075981
0.17333502152443656,0.8815196394075981
0.1733789260385005,0.8815196394075981
0.1734008866371121,0.8815196394075981
0.17344482452806284,0.8815196394075981
0.17346680182463253,0.8815196394075981
0.173510773130545,0.8815196394075981
0.17353276714412474,0.8815196394075981
0.1735547667342799,0.8815196394075981
0.17357677190313173,0.8815196394075981
0.17362079898541535,0.8815196394075981
0.1736648484079665,0.8815196394075981
0.1736868815021568,0.8815196394075981
0.17370892018779344,0.8815196394075981
0.1737309644670051,0.8815196394075981
0.17377506981467378,0.8815196394075981
0.17379713088739368,0.8815196394075981
0.17386334772669546,0.8815196394075981
0.17388543122062747,0.8815196394075981
0.1739296150425613,0.8815196394075981
0.17397382132418351,0.8815196394075981
0.1740180500826236,0.8815196394075981
0.17404017289600815,0.8815196394075981
0.17408443540183113,0.8815196394075981
0.1741065750985629,0.8815196394075981
0.17415087139040836,0.8815196394075981
0.17417302798982187,0.8815196394075981
0.17419519022776433,0.8815196394075981
0.1742173581063884,0.8815196394075981
0.17423953162784778,0.8815196394075981
0.17426171079429736,0.8815196394075981
0.17428389560789306,0.8815196394075981
0.17432828218515217,0.8815196394075981
0.17435048395313296,0.8815196394075981
0.1744171232004077,0.8815196394075981
0.17450605481198214,0.8815196394075981
0.17455055463470612,0.8815196394075981
0.1745950771585257,0.8815196394075981
0.1746173469387755,0.8815196394075981
0.17463962240081643,0.8815196394075981
0.1747064828994385,0.8815196394075981
0.17484035759897829,0.8815196394075981
0.1748626899987227,0.8815196394075981
0.1749073719177207,0.8815196394075981
0.17492972144134936,0.8815196394075981
0.1749520766773163,0.8815196394075981
0.17497443762781187,0.8815196394075981
0.1750191766811557,0.8815196394075981
0.17504155478839023,0.8815196394075981
0.17506393861892583,0.8815196394075981
0.17508632817495842,0.8815196394075981
0.17513112447230395,0.8815196394075981
0.17535545023696683,0.8815196394075981
0.17537791442480144,0.8815196394075981
0.17540038436899424,0.8815196394075981
0.17542286007175809,0.8815196394075981
0.1755578353423955,0.8815196394075981
0.17558035141721176,0.8815196394075981
0.17560287326834273,0.8815196394075981
0.17562540089801154,0.8815196394075981
0.17582840996660673,0.8815196394075981
0.17587358684480986,0.8815196394075981
0.17591878694423027,0.8815196394075981
0.17594139570749262,0.8815196394075981
0.17596401028277636,0.8815196394075981
0.17603188890317603,0.8815196394075981
0.17605452674897118,0.8815196394075981
0.17612247523478708,0.8815196394075981
0.17614513638703036,0.8815196394075981
0.1761904761904762,0.8815196394075981
0.17621315484618355,0.8815196394075981
0.17623583934088569,0.8815196394075981
0.17630392788151963,0.8815196394075981
0.1763266357547656,0.8815196394075981
0.17634934947829448,0.8815196394075981
0.17637206905436742,0.8815196394075981
0.17639479448524675,0.8815196394075981
0.1764175257731959,0.8815196394075981
0.17646300592936323,0.8815196394075981
0.17648575480211423,0.8815196394075981
0.17653127014829142,0.8815196394075981
0.1765540366262574,0.8815196394075981
0.17657680897717012,0.8815196394075981
0.17659958720330238,0.8815196394075981
0.17662237130692815,0.8815196394075981
0.17666795715576203,0.8815196394075981
0.176690758905524,0.8815196394075981
0.1767135665418872,0.8815196394075981
0.1767363800671314,0.8815196394075981
0.17675919948353777,0.8815196394075981
0.17678202479338842,0.8815196394075981
0.1768048559989668,0.8815196394075981
0.17682769310255747,0.8815196394075981
0.1768505361064462,0.8815196394075981
0.1768962398242667,0.8815196394075981
0.1769191005427759,0.8815196394075981
0.1769648397104447,0.8815196394075981
0.17698771816418876,0.8815196394075981
0.1770106025342643,0.8815196394075981
0.17703349282296652,0.8815196394075981
0.17705638903259183,0.8815196394075981
0.17707929116543786,0.8815196394075981
0.17710219922380335,0.8815196394075981
0.17712511320998836,0.8815196394075981
0.17714803312629399,0.8815196394075981
0.17717095897502264,0.8815196394075981
0.1772168284789644,0.8815196394075981
0.1772397721387882,0.8815196394075981
0.17730863877736044,0.8815196394075981
0.1773316062176166,0.8815196394075981
0.17742353551062726,0.8815196394075981
0.17744653272845107,0.8815196394075981
0.17746953590873735,0.8815196394075981
0.1775155601659751,0.8815196394075981
0.1775385812475684,0.8815196394075981
0.17758464132831756,0.8815196394075981
0.17760768033212246,0.8815196394075981
0.17776912089339048,0.8815196394075981
0.17779220779220778,0.8815196394075981
0.1778153006884011,0.8815196394075981
0.17786150448226581,0.8815196394075981
0.1778846153846154,0.8815196394075981
0.17790773229369722,0.8815196394075981
0.1779308552118534,0.8815196394075981
0.17795398414142727,0.8815196394075981
0.17797711908476338,0.8815196394075981
0.17800026004420752,0.8815196394075981
0.17802340702210664,0.8815196394075981
0.17804656002080896,0.8815196394075981
0.1780697190426639,0.8815196394075981
0.1781160551652355,0.8815196394075981
0.17816241540864133,0.8815196394075981
0.1782087997917209,0.8815196394075981
0.17823200104153106,0.8815196394075981
0.17825520833333333,0.8815196394075981
0.1783480979676915,0.8815196394075981
0.17837133550488599,0.8815196394075981
0.17846434623908225,0.8815196394075981
0.1784876140808344,0.8815196394075981
0.17851088799061154,0.8815196394075981
0.17862734864300625,0.8815196394075981
0.17865065901083127,0.8815196394075981
0.1786739754633255,0.8815196394075981
0.17869729800287168,0.8815196394075981
0.17872062663185379,0.8815196394075981
0.17876730216766779,0.8815196394075981
0.17897764413648842,0.8815196394075981
0.1790010460251046,0.8815196394075981
0.1790712884238064,0.8815196394075981
0.17909471480900052,0.8815196394075981
0.1792119387354366,0.8815196394075981
0.17925887128453583,0.8815196394075981
0.17928234677841803,0.8815196394075981
0.17932931621692427,0.8815196394075981
0.1793528101663828,0.8815196394075981
0.1793763102725367,0.8815196394075981
0.17939981653780632,0.8815196394075981
0.17942332896461335,0.8815196394075981
0.1794468475553808,0.8815196394075981
0.17951744033569367,0.8815196394075981
0.17954098360655737,0.8815196394075981
0.17956453305351522,0.8815196394075981
0.17965879265091864,0.8815196394075981
0.17984760903836047,0.8815196394075981
0.17987123899618973,0.8815196394075981
0.17989487516425756,0.8815196394075981
0.17991851754501248,0.8815196394075981
0.1799421661409043,0.8815196394075981
0.17996582095438413,0.8815196394075981
0.1799894819879043,0.8815196394075981
0.18001314924391848,0.8815196394075981
0.18003682272488164,0.8815196394075981
0.18006050243325003,0.8815196394075981
0.18008418837148119,0.8815196394075981
0.18010788054203394,0.8815196394075981
0.18013157894736842,0.8815196394075981
0.18015528358994604,0.8815196394075981
0.18017899447222954,0.8815196394075981
0.1802027115966829,0.8815196394075981
0.18022643496577145,0.8815196394075981
0.18027390044772187,0.8815196394075981
0.18034514556711895,0.8815196394075981
0.18036890645586298,0.8815196394075981
0.18039267360653577,0.8815196394075981
0.1804640126548906,0.8815196394075981
0.18048780487804877,0.8815196394075981
0.18051160337552744,0.8815196394075981
0.18053540814980878,0.8815196394075981
0.18060686015831134,0.8815196394075981
0.18065452626022696,0.8815196394075981
0.1806783687475254,0.8815196394075981
0.18072607260726073,0.8815196394075981
0.18074993398468445,0.8815196394075981
0.18089323467230445,0.8815196394075981
0.18091714021408747,0.8815196394075981
0.18096497025776603,0.8815196394075981
0.18098889476467478,0.8815196394075981
0.18103676276117428,0.8815196394075981
0.18106070625578627,0.8815196394075981
0.1810846560846561,0.8815196394075981
0.18113257475522626,0.8815196394075981
0.18115654360195846,0.8815196394075981
0.18130049000132434,0.8815196394075981
0.18132450331125827,0.8815196394075981
0.18137254901960784,0.8815196394075981
0.18139658142308202,0.8815196394075981
0.18144466534128562,0.8815196394075981
0.1815409096936746,0.8815196394075981
0.1816372562027332,0.8815196394075981
0.18166135881104034,0.8815196394075981
0.18173370503119607,0.8815196394075981
0.18178196786615322,0.8815196394075981
0.18180610889774237,0.8815196394075981
0.1818302563421437,0.8815196394075981
0.18187857047960676,0.8815196394075981
0.1819510898458267,0.8815196394075981
0.18197527582081616,0.8815196394075981
0.18199946822653548,0.8815196394075981
0.1820236670655498,0.8815196394075981
0.18204787234042552,0.8815196394075981
0.18207208405373054,0.8815196394075981
0.18212052680590662,0.8815196394075981
0.18214475784992018,0.8815196394075981
0.18216899534264805,0.8815196394075981
0.1822174896845468,0.8815196394075981
0.18233883857218966,0.8815196394075981
0.18236312774743574,0.8815196394075981
0.18238742339461764,0.8815196394075981
0.18241172551632245,0.8815196394075981
0.1824360341151386,0.8815196394075981
0.18246034919365586,0.8815196394075981
0.18248467075446548,0.8815196394075981
0.18250899880015997,0.8815196394075981
0.18258202187249933,0.8815196394075981
0.1826063758836868,0.8815196394075981
0.1826307363927428,0.8815196394075981
0.18267947691486522,0.8815196394075981
0.1827526364971299,0.8815196394075981
0.18277703604806408,0.8815196394075981
0.18280144211510216,0.8815196394075981
0.1828258547008547,0.8815196394075981
0.18285027380793376,0.8815196394075981
0.1828746994389527,0.8815196394075981
0.1831438127090301,0.8815196394075981
0.1831928275123779,0.8815196394075981
0.18321734475374732,0.8815196394075981
0.18324186855842592,0.8815196394075981
0.18329093586825546,0.8815196394075981
0.18331547937868237,0.8815196394075981
0.1833400294629704,0.8815196394075981
0.18336458612376105,0.8815196394075981
0.18341371918542337,0.8815196394075981
0.18343829559158514,0.8815196394075981
0.1834628785848298,0.8815196394075981
0.18351206434316353,0.8815196394075981
0.18356127648163045,0.8815196394075981
0.18358589245004694,0.8815196394075981
0.18361051502145923,0.8815196394075981
0.18363514419852447,0.8815196394075981
0.18365977998390126,0.8815196394075981
0.18368442238024957,0.8815196394075981
0.18383241573788103,0.8815196394075981
0.18385710448562986,0.8815196394075981
0.18388179986568168,0.8815196394075981
0.18390650188070928,0.8815196394075981
0.18393121053338707,0.8815196394075981
0.18398064776239753,0.8815196394075981
0.184005376344086,0.8815196394075981
0.18403011157413632,0.8815196394075981
0.1840548534552299,0.8815196394075981
0.18407960199004975,0.8815196394075981
0.18410435718128026,0.8815196394075981
0.18412911903160725,0.8815196394075981
0.18417866272030137,0.8815196394075981
0.18420344456404736,0.8815196394075981
0.1842778301251851,0.8815196394075981
0.18430263866451266,0.8815196394075981
0.18432745388447555,0.8815196394075981
0.1843522757877727,0.8815196394075981
0.1843771043771044,0.8815196394075981
0.18442678162468004,0.8815196394075981
0.18445163028833197,0.8815196394075981
0.1844764856488344,0.8815196394075981
0.18450134770889487,0.8815196394075981
0.1845510919385279,0.8815196394075981
0.184575974113523,0.8815196394075981
0.18460086299892126,0.8815196394075981
0.18462575859743763,0.8815196394075981
0.1846506609117885,0.8815196394075981
0.18467556994469175,0.8815196394075981
0.18472540817703414,0.8815196394075981
0.18475033738191632,0.8815196394075981
0.184775273316237,0.8815196394075981
0.1848002159827214,0.8815196394075981
0.18482516538409613,0.8815196394075981
0.185,0.8815196394075981
0.18502500337883498,0.8815196394075981
0.1850500135171668,0.8815196394075981
0.18512508451656526,0.8815196394075981
0.18515012172031378,0.8815196394075981
0.18520021645021645,0.8815196394075981
0.18547622273404687,0.8815196394075981
0.18552649410489228,0.8815196394075981
0.1855767927341738,0.8815196394075981
0.18560195227765727,0.8815196394075981
0.1856271186440678,0.8815196394075981
0.18567747185677472,0.8815196394075981
0.18580347448425624,0.8815196394075981
0.18585392343198479,0.8815196394075981
0.18587915818058384,0.8815196394075981
0.18590439978272677,0.8815196394075981
0.18592964824120603,0.8815196394075981
0.18595490355881553,0.8815196394075981
0.18598016573835077,0.8815196394075981
0.1860054347826087,0.8815196394075981
0.1860307106943878,0.8815196394075981
0.18605599347648819,0.8815196394075981
0.18615719336415557,0.8815196394075981
0.1861825105399157,0.8815196394075981
0.18620783460282916,0.8815196394075981
0.1862331655557067,0.8815196394075981
0.18625850340136055,0.8815196394075981
0.18628384814260443,0.8815196394075981
0.18635992376803703,0.8815196394075981
0.1863852961198094,0.8815196394075981
0.18641067538126363,0.8815196394075981
0.18653767543262026,0.8815196394075981
0.18656309621150177,0.8815196394075981
0.18666484865012273,0.8815196394075981
0.18669030410473203,0.8815196394075981
0.18674123584776975,0.8815196394075981
0.18676671214188267,0.8815196394075981
0.18684318274873754,0.8815196394075981
0.18686868686868688,0.8815196394075981
0.1869197160021846,0.8815196394075981
0.18697077301283802,0.8815196394075981
0.18702185792349726,0.8815196394075981
0.18704741084847656,0.8815196394075981
0.18707297075703744,0.8815196394075981
0.18709853765204318,0.8815196394075981
0.18712411153635866,0.8815196394075981
0.18714969241285032,0.8815196394075981
0.1871752802843861,0.8815196394075981
0.18720087515383563,0.8815196394075981
0.18722647702407003,0.8815196394075981
0.18732895457033388,0.8815196394075981
0.1873545914876146,0.8815196394075981
0.18750856047116835,0.8815196394075981
0.18755993971776955,0.8815196394075981
0.18758563990134283,0.8815196394075981
0.18768851110501783,0.8815196394075981
0.18771424653777594,0.8815196394075981
0.18773998902907296,0.8815196394075981
0.18779149519890262,0.8815196394075981
0.18781725888324874,0.8815196394075981
0.187920384351407,0.8815196394075981
0.18794618341570565,0.8815196394075981
0.18802362312869111,0.8815196394075981
0.18804945054945055,0.8815196394075981
0.18812697540195136,0.8815196394075981
0.18815283122594834,0.8815196394075981
0.1881786941580756,0.8815196394075981
0.18820456420126477,0.8815196394075981
0.18823044135844905,0.8815196394075981
0.18830811554332874,0.8815196394075981
0.1883599339570721,0.8815196394075981
0.18854152320616996,0.8815196394075981
0.18856749311294765,0.8815196394075981
0.18859347017495523,0.8815196394075981
0.18869745003445898,0.8815196394075981
0.1887234629170113,0.8815196394075981
0.18874948297256308,0.8815196394075981
0.18877551020408162,0.8815196394075981
0.18880154461453594,0.8815196394075981
0.18882758620689655,0.8815196394075981
0.18885363498413574,0.8815196394075981
0.18887969094922738,0.8815196394075981
0.18890575410514696,0.8815196394075981
0.18893182445487167,0.8815196394075981
0.18895790200138027,0.8815196394075981
0.18898398674765324,0.8815196394075981
0.18908839779005523,0.8815196394075981
0.18911451857991435,0.8815196394075981
0.1891406465874551,0.8815196394075981
0.18916678181566948,0.8815196394075981
0.18919292426755113,0.8815196394075981
0.18921907394609536,0.8815196394075981
0.18924523085429915,0.8815196394075981
0.18927139499516107,0.8815196394075981
0.1892975663716814,0.8815196394075981
0.18934993084370677,0.8815196394075981
0.18937612394522063,0.8815196394075981
0.18940232429441062,0.8815196394075981
0.18942853189428532,0.8815196394075981
0.18945474674785498,0.8815196394075981
0.18953343486086113,0.8815196394075981
0.18955967875934643,0.8815196394075981
0.18958592992660298,0.8815196394075981
0.18961218836565097,0.8815196394075981
0.1896384540795124,0.8815196394075981
0.18982251802551303,0.8815196394075981
0.189875173370319,0.8815196394075981
0.18995421118357153,0.8815196394075981
0.19000693962526025,0.8815196394075981
0.19003331482509717,0.8815196394075981
0.1900596973483271,0.8815196394075981
0.19008608719800055,0.8815196394075981
0.19013888888888889,0.8815196394075981
0.1901917199222006,0.8815196394075981
0.1902181464499097,0.8815196394075981
0.19024458032240132,0.8815196394075981
0.19032392603920478,0.8815196394075981
0.1903503893214683,0.8815196394075981
0.19037685996384368,0.8815196394075981
0.19042982334121575,0.8815196394075981
0.1904563160823595,0.8815196394075981
0.1904828161959093,0.8815196394075981
0.19053583855254003,0.8815196394075981
0.190801393728223,0.8815196394075981
0.19082798996375802,0.8815196394075981
0.19098772321428573,0.8815196394075981
0.19090147920736814,0.8808757244043787
0.19078855547801815,0.8802318094011591
0.1912423055400112,0.8802318094011591
0.19161760583123072,0.8802318094011591
0.1916117267498948,0.8795878943979395
0.1916654974042374,0.8795878943979395
0.1916923940499579,0.8795878943979395
0.19174620999438519,0.8795878943979395
0.19177312929945248,0.8795878943979395
0.1918269905912091,0.8795878943979395
0.19188088214636886,0.8795878943979395
0.1919348039904454,0.8795878943979395
0.1919617762788083,0.8795878943979395
0.1920697412823397,0.8795878943979395
0.19209675151174238,0.8795878943979395
0.19212376933895922,0.8795878943979395
0.19220486843956663,0.8795878943979395
0.19244857706396168,0.8795878943979395
0.19247569395519235,0.8795878943979395
0.19250281848928974,0.8795878943979395
0.19252995066948556,0.8795878943979395
0.19255709049901326,0.8795878943979395
0.19258423798110813,0.8795878943979395
0.19261139311900732,0.8795878943979395
0.19266572637517632,0.8795878943979395
0.19269290449992946,0.8795878943979395
0.19272009029345372,0.8795878943979395
0.19280169371912492,0.8795878943979395
0.19282891022021456,0.8795878943979395
0.19288336628071168,0.8795878943979395
0.19291060584663183,0.8795878943979395
0.19293785310734463,0.8795878943979395
0.19296510806611103,0.8795878943979395
0.19299237072619385,0.8795878943979395
0.19304691916336914,0.8795878943979395
0.19307420494699645,0.8795878943979395
0.1931014984450099,0.8795878943979395
0.19315610859728508,0.8795878943979395
0.19318342525809645,0.8795878943979395
0.1932107496463932,0.8795878943979395
0.19329276920899957,0.8795878943979395
0.19332012454005096,0.8795878943979395
0.19334748761500353,0.8795878943979395
0.19337485843714608,0.8795878943979395
0.19340223700976922,0.8795878943979395
0.1934296233361654,0.8795878943979395
0.19348441926345608,0.8795878943979395
0.1935118288709449,0.8795878943979395
0.19353924624539529,0.8795878943979395
0.1935666713901091,0.8795878943979395
0.19359410430839002,0.8795878943979395
0.1936215450035436,0.8795878943979395
0.19364899347887723,0.8795878943979395
0.19367644973770026,0.8795878943979395
0.19370391378332388,0.8795878943979395
0.19373138561906111,0.8795878943979395
0.19375886524822694,0.8795878943979395
0.1938138479001135,0.8795878943979395
0.19384135092947352,0.8795878943979395
0.19389638041163945,0.8795878943979395
0.19392390687109598,0.8795878943979395
0.1939514411472384,0.8795878943979395
0.19406165648529622,0.8795878943979395
0.1940892298948565,0.8795878943979395
0.19411681114111126,0.8795878943979395
0.19419960193346603,0.8795878943979395
0.19422721455993175,0.8795878943979395
0.19425483503981797,0.8795878943979395
0.19431009957325746,0.8795878943979395
0.19433774363351827,0.8795878943979395
0.19439305535790521,0.8795878943979395
0.19442072302875035,0.8795878943979395
0.19444839857651244,0.8795878943979395
0.19450377331624663,0.8795878943979395
0.1945868945868946,0.8795878943979395
0.1946146174668756,0.8795878943979395
0.1946700869317372,0.8795878943979395
0.19469783352337514,0.8795878943979395
0.1947255880256593,0.8795878943979395
0.1947533504419732,0.8795878943979395
0.19478112077570225,0.8795878943979395
0.19480889903023388,0.8795878943979395
0.19483668520895736,0.8795878943979395
0.1948644793152639,0.8795878943979395
0.19489228135254671,0.8795878943979395
0.1949479092336235,0.8795878943979395
0.19553392499284283,0.8795878943979395
0.19556191839656406,0.8795878943979395
0.19558991981672394,0.8795878943979395
0.19567397221028507,0.8795878943979395
0.19570200573065902,0.8795878943979395
0.19573004728471127,0.8795878943979395
0.19578615450766806,0.8795878943979395
0.19609532012632788,0.8795878943979395
0.19612347451543433,0.8795878943979395
0.19617980755421513,0.8795878943979395
0.19620798621085894,0.8795878943979395
0.19623617296365464,0.8795878943979395
0.19626436781609197,0.8795878943979395
0.1962925707716626,0.8795878943979395
0.19632078183386031,0.8795878943979395
0.1963772282921219,0.8795878943979395
0.19640546369518333,0.8795878943979395
0.19646195886667625,0.8795878943979395
0.19651848654869802,0.8795878943979395
0.19665994817160956,0.8795878943979395
0.19671658986175114,0.8795878943979395
0.19674492294397233,0.8795878943979395
0.19677326418899452,0.8795878943979395
0.19680161360034576,0.8795878943979395
0.1968299711815562,0.8795878943979395
0.19685833693615795,0.8795878943979395
0.19688671086768522,0.8795878943979395
0.19691509297967422,0.8795878943979395
0.19694348327566322,0.8795878943979395
0.1969718817591925,0.8795878943979395
0.1972563176895307,0.8795878943979395
0.1972848064702484,0.8795878943979395
0.19731330348114978,0.8795878943979395
0.1973418087258018,0.8795878943979395
0.19742737389796214,0.8795878943979395
0.19745591211332755,0.8795878943979395
0.1975415762834418,0.8795878943979395
0.19762731481481483,0.8795878943979395
0.1976559108667342,0.8795878943979395
0.19771312780431322,0.8795878943979395
0.1977417486971627,0.8795878943979395
0.19777037787751556,0.8795878943979395
0.1977990153489719,0.8795878943979395
0.19785631517960603,0.8795878943979395
0.1978849775459945,0.8795878943979395
0.19794232719895669,0.8795878943979395
0.19797101449275362,0.8795878943979395
0.19799971010291348,0.8795878943979395
0.19802841403305305,0.8795878943979395
0.19805712628679137,0.8795878943979395
0.1980858468677494,0.8795878943979395
0.19817205861018425,0.8795878943979395
0.19820081253627395,0.8795878943979395
0.19831591173054589,0.8795878943979395
0.1983447074197764,0.8795878943979395
0.198373511472553,0.8795878943979395
0.19840232389251997,0.8795878943979395
0.19843114468332365,0.8795878943979395
0.1985753743276639,0.8795878943979395
0.1986042454201803,0.8795878943979395
0.19863312490911736,0.8795878943979395
0.19871981379109688,0.8795878943979395
0.1987487269023716,0.8795878943979395
0.19877764842840512,0.8795878943979395
0.1988065783728715,0.8795878943979395
0.19895135450043694,0.8795878943979395
0.1990383214337753,0.8795878943979395
0.1990673273098222,0.8795878943979395
0.1990963416411602,0.8795878943979395
0.1991543956845021,0.8795878943979395
0.1992124835934082,0.8795878943979395
0.19924154025670945,0.8795878943979395
0.19929967901955062,0.8795878943979395
0.19932876112651393,0.8795878943979395
0.19935785172212492,0.8795878943979395
0.1995325737657026,0.8795878943979395
0.1995617238860482,0.8795878943979395
0.19962004968581032,0.8795878943979395
0.19964922537269805,0.8795878943979395
0.19967840958924135,0.8795878943979395
0.19970760233918128,0.8795878943979395
0.19973680362626114,0.8795878943979395
0.19976601345422637,0.8795878943979395
0.19979523182682463,0.8795878943979395
0.19982445874780574,0.8795878943979395
0.19985369422092172,0.8795878943979395
0.19988293824992684,0.8795878943979395
0.1999121908385775,0.8795878943979395
0.2,0.8795878943979395
0.20002928686484112,0.8795878943979395
0.20005858230814294,0.8795878943979395
0.2000878863336751,0.8795878943979395
0.2001171989452095,0.8795878943979395
0.20014652014652015,0.8795878943979395
0.20017584994138335,0.8795878943979395
0.20020518833357762,0.8795878943979395
0.20023453532688362,0.8795878943979395
0.200352009386917,0.8795878943979395
0.20041079812206572,0.8795878943979395
0.2004402054292003,0.8795878943979395
0.20049904594158227,0.8795878943979395
0.20055792101013067,0.8795878943979395
0.20058737151248165,0.8795878943979395
0.20067577493756428,0.8795878943979395
0.20070526006464884,0.8795878943979395
0.20073475385745776,0.8795878943979395
0.20076425631981187,0.8795878943979395
0.20079376745553432,0.8795878943979395
0.20088235294117648,0.8795878943979395
0.20091189880864832,0.8795878943979395
0.20094145336863783,0.8795878943979395
0.2009710166249816,0.8795878943979395
0.20100058858151854,0.8795878943979395
0.20103016924208977,0.8795878943979395
0.2010597586105387,0.8795878943979395
0.201089356690711,0.8795878943979395
0.20114857900161978,0.8795878943979395
0.20123747790218033,0.8795878943979395
0.2012671283335789,0.8795878943979395
0.20129678750368404,0.8795878943979395
0.20132645541635963,0.8795878943979395
0.2013561320754717,0.8795878943979395
0.20138581748488868,0.8795878943979395
0.2014452145701224,0.8795878943979395
0.20147492625368732,0.8795878943979395
0.20150464670305354,0.8795878943979395
0.2015343759221009,0.8795878943979395
0.20156411391471152,0.8795878943979395
0.20162361623616237,0.8795878943979395
0.20165338057277826,0.8795878943979395
0.20168315369850878,0.8795878943979395
0.20171293561724749,0.8795878943979395
0.20174272633289025,0.8795878943979395
0.20180233417048307,0.8795878943979395
0.20171420127087336,0.8789439793947199
0.20174401418859,0.8789439793947199
0.2017738359201774,0.8789439793947199
0.20180366646954465,0.8789439793947199
0.20183350584060328,0.8789439793947199
0.20186335403726707,0.8789439793947199
0.20189321106345215,0.8789439793947199
0.20192307692307693,0.8789439793947199
0.20195295162006213,0.8789439793947199
0.20198283515833088,0.8789439793947199
0.2020127275418085,0.8789439793947199
0.20204262877442272,0.8789439793947199
0.20219226781217597,0.8789439793947199
0.20222222222222222,0.8789439793947199
0.20228215767634855,0.8789439793947199
0.20276292335115864,0.8789439793947199
0.20282317979197623,0.8789439793947199
0.20285332144449397,0.8789439793947199
0.20291363163371487,0.8789439793947199
0.20294380017841213,0.8789439793947199
0.20297397769516728,0.8789439793947199
0.2030343596608657,0.8789439793947199
0.2030645641178221,0.8789439793947199
0.20309477756286268,0.8789439793947199
0.203125,0.8789439793947199
0.20315523143324898,0.8789439793947199
0.20318547186662697,0.8789439793947199
0.20321572130415363,0.8789439793947199
0.20327624720774387,0.8789439793947199
0.20333680917622524,0.8789439793947199
0.20336710369487485,0.8789439793947199
0.20339740724184174,0.8789439793947199
0.20342771982116245,0.8789439793947199
0.20351871179364842,0.8789439793947199
0.2035490605427975,0.8789439793947199
0.203579418344519,0.8789439793947199
0.20360978520286396,0.8789439793947199
0.2036401611218857,0.8789439793947199
0.20367054610564012,0.8789439793947199
0.20373134328358208,0.8789439793947199
0.20376175548589343,0.8789439793947199
0.20382260713752426,0.8789439793947199
0.20385304659498207,0.8789439793947199
0.20388349514563106,0.8789439793947199
0.20397489539748953,0.8789439793947199
0.2040358744394619,0.8789439793947199
0.204066377634923,0.8789439793947199
0.2040968899521531,0.8789439793947199
0.2041274113952445,0.8789439793947199
0.20421903052064633,0.8789439793947199
0.20424958850815503,0.8789439793947199
0.20428015564202334,0.8789439793947199
0.20431073192635832,0.8789439793947199
0.2043719119628687,0.8789439793947199
0.20440251572327045,0.8789439793947199
0.20443312865059157,0.8789439793947199
0.20446375074895146,0.8789439793947199
0.20449438202247192,0.8789439793947199
0.2045250224752772,0.8789439793947199
0.20455567211149409,0.8789439793947199
0.2045863309352518,0.8789439793947199
0.20461699895068206,0.8789439793947199
0.2046783625730994,0.8789439793947199
0.20470905818836233,0.8789439793947199
0.204801200300075,0.8789439793947199
0.20486267447095902,0.8789439793947199
0.20489342539777844,0.8789439793947199
0.20492418555772407,0.8789439793947199
0.20498573359363267,0.8789439793947199
0.20504731861198738,0.8789439793947199
0.205078125,0.8789439793947199
0.20510894064613072,0.8789439793947199
0.20517059972944537,0.8789439793947199
0.20520144317498495,0.8789439793947199
0.20523229589535408,0.8789439793947199
0.20532490974729242,0.8789439793947199
0.2053557996088461,0.8789439793947199
0.20538669876617513,0.8789439793947199
0.2054794520547945,0.8789439793947199
0.2055103884372177,0.8789439793947199
0.20554133413642522,0.8789439793947199
0.2055722891566265,0.8789439793947199
0.20560325350203343,0.8789439793947199
0.20569620253164558,0.8789439793947199
0.2057272042200452,0.8789439793947199
0.20575821525474827,0.8789439793947199
0.20578923563998192,0.8789439793947199
0.20588235294117646,0.8789439793947199
0.20591341077085534,0.8789439793947199
0.20597555454956995,0.8789439793947199
0.20600664050709327,0.8789439793947199
0.2060377358490566,0.8789439793947199
0.20606884057971014,0.8789439793947199
0.20609995470330666,0.8789439793947199
0.20613107822410148,0.8789439793947199
0.20616221114635253,0.8789439793947199
0.20619335347432025,0.8789439793947199
0.2062245052122677,0.8789439793947199
0.2063804052010886,0.8789439793947199
0.20641161348858308,0.8789439793947199
0.20644283121597096,0.8789439793947199
0.20647405838753594,0.8789439793947199
0.2065052950075643,0.8789439793947199
0.20653654108034497,0.8789439793947199
0.2065677966101695,0.8789439793947199
0.20659906160133193,0.8789439793947199
0.20691223283310595,0.8789439793947199
0.20694360218314128,0.8789439793947199
0.2070063694267516,0.8789439793947199
0.20706917475728157,0.8789439793947199
0.20710059171597633,0.8789439793947199
0.20716345424191834,0.8789439793947199
0.20719489981785064,0.8789439793947199
0.2072578196173702,0.8789439793947199
0.2072892938496583,0.8789439793947199
0.20732077764277035,0.8789439793947199
0.20735227100106335,0.8789439793947199
0.20738377392889698,0.8789439793947199
0.20741528643063364,0.8789439793947199
0.2074468085106383,0.8789439793947199
0.20757299270072993,0.8789439793947199
0.20760456273764258,0.8789439793947199
0.20766773162939298,0.8789439793947199
0.2076993304930006,0.8789439793947199
0.20773093897428094,0.8789439793947199
0.2079207920792079,0.8789439793947199
0.20798415358829803,0.8789439793947199
0.20801584882657725,0.8789439793947199
0.20811099252934898,0.8789439793947199
0.2081427264409881,0.8789439793947199
0.20817447003202685,0.8789439793947199
0.20820622330689445,0.8789439793947199
0.20823798627002288,0.8789439793947199
0.20826975892584682,0.8789439793947199
0.2083015412788036,0.8789439793947199
0.20833333333333334,0.8789439793947199
0.2084605986560782,0.8789439793947199
0.20849243928516878,0.8789439793947199
0.20852428964252978,0.8789439793947199
0.20855614973262032,0.8789439793947199
0.2085880195599022,0.8789439793947199
0.20861989912884,0.8789439793947199
0.20865178844390095,0.8789439793947199
0.20868368750955513,0.8789439793947199
0.20871559633027523,0.8789439793947199
0.20874751491053678,0.8789439793947199
0.20881138136759983,0.8789439793947199
0.20884332925336596,0.8789439793947199
0.2088752869166029,0.8789439793947199
0.20890725436179983,0.8789439793947199
0.20893923159344865,0.8789439793947199
0.20913130075072775,0.8789439793947199
0.20916334661354583,0.8789439793947199
0.2092274678111588,0.8789439793947199
0.20925954315499004,0.8789439793947199
0.20929162833486661,0.8789439793947199
0.2093237233553136,0.8789439793947199
0.2093558282208589,0.8789439793947199
0.20938794293603313,0.8789439793947199
0.2094843462246777,0.8789439793947199
0.20954866441510592,0.8789439793947199
0.20958083832335328,0.8789439793947199
0.2096130221130221,0.8789439793947199
0.20964521578866532,0.8789439793947199
0.20967741935483872,0.8789439793947199
0.20970963281610078,0.8789439793947199
0.2097418561770129,0.8789439793947199
0.20977408944213924,0.8789439793947199
0.20980633261604673,0.8789439793947199
0.20983858570330516,0.8789439793947199
0.20987084870848707,0.8789439793947199
0.20990312163616792,0.8789439793947199
0.21003231266348668,0.8789439793947199
0.21009696783130677,0.8789439793947199
0.21016166281755197,0.8789439793947199
0.21019402525408068,0.8789439793947199
0.2102263976590174,0.8789439793947199
0.21025878003696857,0.8789439793947199
0.21029117239254352,0.8789439793947199
0.21035598705501618,0.8789439793947199
0.21038840937114672,0.8789439793947199
0.21042084168336672,0.8789439793947199
0.2105506709856548,0.8789439793947199
0.21058315334773217,0.8789439793947199
0.21061564573368308,0.8789439793947199
0.2107131830811979,0.8789439793947199
0.2107457156090783,0.8789439793947199
0.21077825818406423,0.8789439793947199
0.21081081081081082,0.8789439793947199
0.21084337349397592,0.8789439793947199
0.21094112192860454,0.8789439793947199
0.21097372488408037,0.8789439793947199
0.21100633791930748,0.8789439793947199
0.21103896103896103,0.8789439793947199
0.21107159424771918,0.8789439793947199
0.21110423755026292,0.8789439793947199
0.2111368909512761,0.8789439793947199
0.21116955445544555,0.8789439793947199
0.21120222806746092,0.8789439793947199
0.21123491179201487,0.8789439793947199
0.2112676056338028,0.8789439793947199
0.21130030959752322,0.8789439793947199
0.2113984822673068,0.8789439793947199
0.21143122676579926,0.8789439793947199
0.21149674620390455,0.8789439793947199
0.21152952115295212,0.8789439793947199
0.2115623062616243,0.8789439793947199
0.21159510153464578,0.8789439793947199
0.2116279069767442,0.8789439793947199
0.21172638436482086,0.8789439793947199
0.21185783020332144,0.8789439793947199
0.21189071716858118,0.8789439793947199
0.21205530526642846,0.8789439793947199
0.21208825357364822,0.8789439793947199
0.21215418091389493,0.8789439793947199
0.21222014925373134,0.8789439793947199
0.21225314881044938,0.8789439793947199
0.21228615863141523,0.8789439793947199
0.21231917872141856,0.8789439793947199
0.21238524972771122,0.8789439793947199
0.21241830065359477,0.8789439793947199
0.21245136186770427,0.8789439793947199
0.21258370970253854,0.8789439793947199
0.21261682242990654,0.8789439793947199
0.2127493765586035,0.8789439793947199
0.212848900670513,0.8789439793947199
0.212882096069869,0.8789439793947199
0.2129153018249883,0.8789439793947199
0.21294851794071762,0.8789439793947199
0.2129817444219067,0.8789439793947199
0.21301498127340823,0.8789439793947199
0.2130814861067749,0.8789439793947199
0.21311475409836064,0.8789439793947199
0.21314803247970018,0.8789439793947199
0.21321462043111528,0.8789439793947199
0.21324793001093578,0.8789439793947199
0.21328125,0.8789439793947199
0.213314580403188,0.8789439793947199
0.21348138880200188,0.8789439793947199
0.21351478179258565,0.8789439793947199
0.21354818523153943,0.8789439793947199
0.21358159912376778,0.8789439793947199
0.2136150234741784,0.8789439793947199
0.21364845828768195,0.8789439793947199
0.21368190356919223,0.8789439793947199
0.21371535932362612,0.8789439793947199
0.21374882555590355,0.8789439793947199
0.2138157894736842,0.8789439793947199
0.21384928716904278,0.8789439793947199
0.2138827953619555,0.8789439793947199
0.21391631405735778,0.8789439793947199
0.2139498432601881,0.8789439793947199
0.213983382975388,0.8789439793947199
0.21401693320790216,0.8789439793947199
0.21405049396267836,0.8789439793947199
0.2140840652446675,0.8789439793947199
0.21411764705882352,0.8789439793947199
0.21415123941010356,0.8789439793947199
0.21418484230346777,0.8789439793947199
0.21421845574387946,0.8789439793947199
0.21425207973630514,0.8789439793947199
0.21428571428571427,0.8789439793947199
0.2143193593970796,0.8789439793947199
0.21438668132558505,0.8789439793947199
0.21442035815268615,0.8789439793947199
0.21445404556166536,0.8789439793947199
0.21465639251454632,0.8789439793947199
0.2147239263803681,0.8789439793947199
0.21475770925110133,0.8789439793947199
0.2147915027537372,0.8789439793947199
0.21482530689329557,0.8789439793947199
0.2148591216747993,0.8789439793947199
0.21489294710327456,0.8789439793947199
0.21492678318375058,0.8789439793947199
0.21496062992125983,0.8789439793947199
0.21499448732083792,0.8789439793947199
0.21502835538752363,0.8789439793947199
0.21506223412635891,0.8789439793947199
0.2150961235423889,0.8789439793947199
0.21513002364066194,0.8789439793947199
0.2151639344262295,0.8789439793947199
0.2151978559041463,0.8789439793947199
0.2152317880794702,0.8789439793947199
0.21526573095726226,0.8789439793947199
0.21536762385610603,0.8789439793947199
0.21540160959444532,0.8789439793947199
0.21543560606060605,0.8789439793947199
0.2154696132596685,0.8789439793947199
0.21553765987683562,0.8789439793947199
0.21557169930511685,0.8789439793947199
0.21560574948665298,0.8789439793947199
0.2156398104265403,0.8789439793947199
0.21567388212987834,0.8789439793947199
0.2157079646017699,0.8789439793947199
0.215742057847321,0.8789439793947199
0.21577616187164084,0.8789439793947199
0.21584440227703985,0.8789439793947199
0.21587853866835363,0.8789439793947199
0.2159126858589054,0.8789439793947199
0.2159468438538206,0.8789439793947199
0.21628901917287277,0.8789439793947199
0.2163232963549921,0.8789439793947199
0.21635758440323347,0.8789439793947199
0.21642619311875694,0.8789439793947199
0.2164605137963844,0.8789439793947199
0.21649484536082475,0.8789439793947199
0.216563541170871,0.8789439793947199
0.21663228059038248,0.8789439793947199
0.21666666666666667,0.8789439793947199
0.21670106366089856,0.8789439793947199
0.21676989042401143,0.8789439793947199
0.21687321258341277,0.8789439793947199
0.21694214876033058,0.8789439793947199
0.21697663328564615,0.8789439793947199
0.21701112877583467,0.8789439793947199
0.21714922048997773,0.8789439793947199
0.2171837708830549,0.8789439793947199
0.21721833227243795,0.8789439793947199
0.21725290466337738,0.8789439793947199
0.21728748806112702,0.8789439793947199
0.21735668789808918,0.8789439793947199
0.21739130434782608,0.8789439793947199
0.2174259318254221,0.8789439793947199
0.21746057033614785,0.8789439793947199
0.21749521988527726,0.8789439793947199
0.21752988047808766,0.8789439793947199
0.21756455211985973,0.8789439793947199
0.21759923481587756,0.8789439793947199
0.21763392857142858,0.8789439793947199
0.21770334928229665,0.8789439793947199
0.21773807624820546,0.8789439793947199
0.2177728142948309,0.8789439793947199
0.21780756342747726,0.8789439793947199
0.21791187739463602,0.8789439793947199
0.21798147556691153,0.8789439793947199
0.21801629132726402,0.8789439793947199
0.21805111821086262,0.8789439793947199
0.21808595622303883,0.8789439793947199
0.2181208053691275,0.8789439793947199
0.218155665654467,0.8789439793947199
0.21819053708439898,0.8789439793947199
0.21833013435700577,0.8789439793947199
0.21836506159014557,0.8789439793947199
0.2184,0.8789439793947199
0.2184349495919347,0.8789439793947199
0.21846991037131883,0.8789439793947199
0.2185048823435249,0.8789439793947199
0.21853986551392893,0.8789439793947199
0.21857485988791034,0.8789439793947199
0.218609865470852,0.8789439793947199
0.21864488226814033,0.8789439793947199
0.218679910285165,0.8789439793947199
0.21871494952731935,0.8789439793947199
0.21875,0.8789439793947199
0.21878506170860715,0.8789439793947199
0.2188201346585444,0.8789439793947199
0.21885521885521886,0.8789439793947199
0.21899566821755173,0.8789439793947199
0.21903080872913994,0.8789439793947199
0.21906596051998073,0.8789439793947199
0.21917148362235067,0.8789439793947199
0.21920668058455114,0.8789439793947199
0.2192418888531963,0.8789439793947199
0.21927710843373494,0.8789439793947199
0.21934758155230596,0.8789439793947199
0.21938283510125361,0.8789439793947199
0.21941809998392542,0.8789439793947199
0.21945337620578778,0.8789439793947199
0.21948866377231066,0.8789439793947199
0.2195239626889675,0.8789439793947199
0.2195592729612353,0.8789439793947199
0.2195945945945946,0.8789439793947199
0.21962992759452937,0.8789439793947199
0.2196652719665272,0.8789439793947199
0.21970062771607918,0.8789439793947199
0.21973599484867998,0.8789439793947199
0.21977137336982772,0.8789439793947199
0.21980676328502416,0.8789439793947199
0.21984216459977451,0.8789439793947199
0.21987757731958762,0.8789439793947199
0.22005481218765113,0.8789439793947199
0.2200902934537246,0.8789439793947199
0.22016129032258064,0.8789439793947199
0.22019680593644136,0.8789439793947199
0.22033898305084745,0.8789439793947199
0.22037455602195674,0.8789439793947199
0.22041014048118843,0.8789439793947199
0.22044573643410853,0.8789439793947199
0.22051696284329564,0.8789439793947199
0.22055259331071256,0.8789439793947199
0.2208023293432546,0.8789439793947199
0.2209095322867778,0.8789439793947199
0.22094528973777922,0.8789439793947199
0.22098105876639146,0.8789439793947199
0.22101683937823835,0.8789439793947199
0.22105263157894736,0.8789439793947199
0.22108843537414966,0.8789439793947199
0.2211600777705768,0.8789439793947199
0.22123176661264182,0.8789439793947199
0.22126762846490516,0.8789439793947199
0.2214830439720915,0.8789439793947199
0.22151898734177214,0.8789439793947199
0.22155494237948384,0.8789439793947199
0.2215909090909091,0.8789439793947199
0.22162688748173404,0.8789439793947199
0.22166287755764857,0.8789439793947199
0.22173489278752437,0.8789439793947199
0.22177091795288384,0.8789439793947199
0.22180695482612936,0.8789439793947199
0.22184300341296928,0.8789439793947199
0.22187906371911573,0.8789439793947199
0.22191513575028451,0.8789439793947199
0.22195121951219512,0.8789439793947199
0.2219873150105708,0.8789439793947199
0.22202342225113858,0.8789439793947199
0.2220595412396291,0.8789439793947199
0.22209567198177677,0.8789439793947199
0.22213181448331978,0.8789439793947199
0.22220413478756307,0.8789439793947199
0.2222403126017584,0.8789439793947199
0.22227650219833903,0.8789439793947199
0.22231270358306188,0.8789439793947199
0.22234891676168758,0.8789439793947199
0.22242137852370866,0.8789439793947199
0.22245762711864406,0.8789439793947199
0.22249388753056235,0.8789439793947199
0.2225301597652429,0.8789439793947199
0.22256644382846894,0.8789439793947199
0.2226027397260274,0.8789439793947199
0.2227116984826236,0.8789439793947199
0.22274804177545693,0.8789439793947199
0.222820763956905,0.8789439793947199
0.22285714285714286,0.8789439793947199
0.222893533638145,0.8789439793947199
0.2229299363057325,0.8789439793947199
0.2231121281464531,0.8789439793947199
0.22314860225600786,0.8789439793947199
0.22318508829300196,0.8789439793947199
0.223221586263287,0.8789439793947199
0.22325809617271836,0.8789439793947199
0.22329461802715525,0.8789439793947199
0.22333115183246074,0.8789439793947199
0.22336769759450173,0.8789439793947199
0.22340425531914893,0.8789439793947199
0.22344082501227697,0.8789439793947199
0.22366049483860395,0.8789439793947199
0.22369714847590955,0.8789439793947199
0.22377049180327868,0.8789439793947199
0.2238071815051648,0.8789439793947199
0.2238438832404067,0.8789439793947199
0.22388059701492538,0.8789439793947199
0.22391732283464566,0.8789439793947199
0.2239540607054963,0.8789439793947199
0.22399081063340992,0.8789439793947199
0.224027572624323,0.8789439793947199
0.22406434668417596,0.8789439793947199
0.22410113281891314,0.8789439793947199
0.22413793103448276,0.8789439793947199
0.22417474133683693,0.8789439793947199
0.22421156373193166,0.8789439793947199
0.22424839822572695,0.8789439793947199
0.22432210353327856,0.8789439793947199
0.2243958573072497,0.8789439793947199
0.2244327523840842,0.8789439793947199
0.224543510445797,0.8789439793947199
0.22458045409674235,0.8789439793947199
0.2246174099062037,0.8789439793947199
0.22465437788018433,0.8789439793947199
0.22469135802469137,0.8789439793947199
0.22472835034573593,0.8789439793947199
0.2247653548493331,0.8789439793947199
0.22480237154150198,0.8789439793947199
0.22483940042826553,0.8789439793947199
0.22487644151565075,0.8789439793947199
0.22491349480968859,0.8789439793947199
0.22495056031641397,0.8789439793947199
0.22498763804186583,0.8789439793947199
0.22509894459102903,0.8789439793947199
0.22513607125185553,0.8789439793947199
0.2251732101616628,0.8789439793947199
0.22521036132651379,0.8789439793947199
0.22524752475247525,0.8789439793947199
0.2252847004456181,0.8789439793947199
0.22532188841201717,0.8789439793947199
0.22535908865775137,0.8789439793947199
0.22539630118890358,0.8789439793947199
0.2254335260115607,0.8789439793947199
0.2254707631318137,0.8789439793947199
0.22550801255575748,0.8789439793947199
0.2255825483391175,0.8789439793947199
0.22576910353953028,0.8789439793947199
0.22580645161290322,0.8789439793947199
0.2258438120450033,0.8789439793947199
0.2258811848419659,0.8789439793947199
0.22621809744779584,0.8789439793947199
0.2262555942317255,0.8789439793947199
0.22629310344827586,0.8789439793947199
0.22633062510363125,0.8789439793947199
0.22640570575551502,0.8789439793947199
0.22644326476443266,0.8789439793947199
0.2264808362369338,0.8789439793947199
0.22651842017922336,0.8789439793947199
0.22655601659751037,0.8789439793947199
0.22659362549800796,0.8789439793947199
0.22663124688693342,0.8789439793947199
0.22681954137587237,0.8789439793947199
0.2268572378261592,0.8789439793947199
0.22689494680851063,0.8789439793947199
0.22693266832917705,0.8789439793947199
0.22697040239441305,0.8789439793947199
0.2271592611083375,0.8789439793947199
0.22727272727272727,0.8789439793947199
0.2273105745212323,0.8789439793947199
0.22734843437708194,0.8789439793947199
0.2273863068465767,0.8789439793947199
0.22729545075820695,0.8783000643915003
0.22733333333333333,0.8783000643915003
0.2273712285380897,0.8783000643915003
0.22740913637879293,0.8783000643915003
0.22759886534290005,0.8783000643915003
0.22767484560173593,0.8783000643915003
0.22771285475792988,0.8783000643915003
0.22778891115564462,0.8783000643915003
0.2278269584098881,0.8783000643915003
0.22786501837621115,0.8783000643915003
0.2279030910609858,0.8783000643915003
0.22794117647058823,0.8783000643915003
0.22801738548980274,0.8783000643915003
0.2280555091121886,0.8783000643915003
0.22809364548494984,0.8783000643915003
0.22813179461448402,0.8783000643915003
0.22820813116948302,0.8783000643915003
0.2282463186077644,0.8783000643915003
0.2283227318379645,0.8783000643915003
0.2285139889428715,0.8783000643915003
0.22855227882037535,0.8783000643915003
0.228590581531758,0.8783000643915003
0.22870556673373574,0.8783000643915003
0.22874392084521214,0.8783000643915003
0.22878228782287824,0.8783000643915003
0.2288206676732092,0.8783000643915003
0.2288974660177882,0.8783000643915003
0.2289358845250084,0.8783000643915003
0.229012760241773,0.8783000643915003
0.2290512174643157,0.8783000643915003
0.22908968760497145,0.8783000643915003
0.2291281706702503,0.8783000643915003
0.22916666666666666,0.8783000643915003
0.22920517560073936,0.8783000643915003
0.2293207800941493,0.8783000643915003
0.2293593408441231,0.8783000643915003
0.22939791456441305,0.8783000643915003
0.22943650126156434,0.8783000643915003
0.2294751009421265,0.8783000643915003
0.2295909779498401,0.8783000643915003
0.22962962962962963,0.8783000643915003
0.22966829432564403,0.8783000643915003
0.22970697204445942,0.8783000643915003
0.22974566279265624,0.8783000643915003
0.2298618132794068,0.8783000643915003
0.22997808126791436,0.8783000643915003
0.2300944669365722,0.8783000643915003
0.2299645689218829,0.8776561493882807
0.2300810263335584,0.8776561493882807
0.23011987168664527,0.8776561493882807
0.23015873015873015,0.8776561493882807
0.23019760175646006,0.8776561493882807
0.23023648648648648,0.8776561493882807
0.23031429537005746,0.8776561493882807
0.2303532195369275,0.8776561493882807
0.23039215686274508,0.8776561493882807
0.2304311073541843,0.8776561493882807
0.23047007101792358,0.8776561493882807
0.2305870411097953,0.8776561493882807
0.23062605752961082,0.8776561493882807
0.2307041299932295,0.8776561493882807
0.2307431860504486,0.8776561493882807
0.2307822553335591,0.8776561493882807
0.23082133784928027,0.8776561493882807
0.2309386648593697,0.8776561493882807
0.23101694915254237,0.8776561493882807
0.23109528653780942,0.8776561493882807
0.23113447515685942,0.8776561493882807
0.23121289228159458,0.8776561493882807
0.2312521208008144,0.8776561493882807
0.23129136263363312,0.8776561493882807
0.2313306177868296,0.8776561493882807
0.23136988626718724,0.8776561493882807
0.23140916808149406,0.8776561493882807
0.2314484632365427,0.8776561493882807
0.23148777173913043,0.8776561493882807
0.2315270935960591,0.8776561493882807
0.23156642881413522,0.8776561493882807
0.2316057774001699,0.8776561493882807
0.23168451470338264,0.8776561493882807
0.23196051735874745,0.8776561493882807
0.232,0.8776561493882807
0.2320394960844399,0.8776561493882807
0.2320790056189341,0.8776561493882807
0.23211852861035423,0.8776561493882807
0.23215806506557657,0.8776561493882807
0.23219761499148212,0.8776561493882807
0.2323163456621783,0.8776561493882807
0.2323559495397204,0.8776561493882807
0.23247484223093978,0.8776561493882807
0.23251450017059025,0.8776561493882807
0.23255417164306433,0.8776561493882807
0.23259385665529012,0.8776561493882807
0.23263355521420037,0.8776561493882807
0.23267326732673269,0.8776561493882807
0.23271299299982925,0.8776561493882807
0.23275273224043716,0.8776561493882807
0.23279248505550812,0.8776561493882807
0.23291182501708818,0.8776561493882807
0.232951632199624,0.8776561493882807
0.232991452991453,0.8776561493882807
0.23307113543091657,0.8776561493882807
0.23311099709252608,0.8776561493882807
0.23315087239137872,0.8776561493882807
0.23319076133447392,0.8776561493882807
0.2332306639288159,0.8776561493882807
0.23327058018141367,0.8776561493882807
0.23339041095890412,0.8776561493882807
0.2334303819147114,0.8776561493882807
0.23351036491348295,0.8776561493882807
0.23363044223517312,0.8776561493882807
0.23367049545688326,0.8776561493882807
0.2337105624142661,0.8776561493882807
0.23375064311438862,0.8776561493882807
0.23379073756432248,0.8776561493882807
0.23383084577114427,0.8776561493882807
0.23391110348378238,0.8776561493882807
0.23395125300377617,0.8776561493882807
0.23399141630901288,0.8776561493882807
0.2340315934065934,0.8776561493882807
0.23407178430362355,0.8776561493882807
0.23411198900721403,0.8776561493882807
0.23415220752448032,0.8776561493882807
0.23419243986254296,0.8776561493882807
0.23423268602852723,0.8776561493882807
0.23427294602956342,0.8776561493882807
0.23431321987278667,0.8776561493882807
0.234353507565337,0.8776561493882807
0.23439380911435942,0.8776561493882807
0.23459552495697075,0.8776561493882807
0.23463590979514545,0.8776561493882807
0.2346763085399449,0.8776561493882807
0.23471672119855347,0.8776561493882807
0.23475714777816054,0.8776561493882807
0.23479758828596037,0.8776561493882807
0.23487851111494054,0.8776561493882807
0.23495948974314773,0.8776561493882807
0.23482758620689656,0.8770122343850612
0.23486808070356957,0.8770122343850612
0.23494911160945317,0.8770122343850612
0.2349896480331263,0.8770122343850612
0.23514167242570835,0.8763683193818416
0.2353042876901798,0.8763683193818416
0.23538567969560706,0.8763683193818416
0.23542639681715966,0.8763683193818416
0.23546712802768166,0.8763683193818416
0.23554863274489443,0.8763683193818416
0.23558940626622815,0.8763683193818416
0.2356301939058172,0.8763683193818416
0.23567099567099567,0.8763683193818416
0.23571181156910287,0.8763683193818416
0.2357934857934858,0.8763683193818416
0.23583434413446544,0.8763683193818416
0.2359161033107991,0.8763683193818416
0.23599791919542223,0.8763683193818416
0.23603884842178285,0.8763683193818416
0.23607979184735473,0.8763683193818416
0.2361207494795281,0.8763683193818416
0.23616172132569843,0.8763683193818416
0.23620270739326624,0.8763683193818416
0.2362437076896372,0.8763683193818416
0.23628472222222222,0.8763683193818416
0.23636679402570338,0.8763683193818416
0.23640785131144693,0.8763683193818416
0.23644892286309938,0.8763683193818416
0.2364900086880973,0.8763683193818416
0.2365311087938825,0.8763683193818416
0.23657222318790197,0.8763683193818416
0.2366133518776078,0.8763683193818416
0.2367368237954427,0.8763683193818416
0.2368192100226205,0.8763683193818416
0.23686042464323007,0.8763683193818416
0.23694289693593315,0.8763683193818416
0.2370254266805991,0.8763683193818416
0.23706671311618185,0.8763683193818416
0.23710801393728223,0.8763683193818416
0.23714932915142012,0.8763683193818416
0.2371906587661206,0.8763683193818416
0.23723200278891407,0.8763683193818416
0.2372733612273361,0.8763683193818416
0.23731473408892764,0.8763683193818416
0.23735612138123474,0.8763683193818416
0.23739752311180884,0.8763683193818416
0.23748036991798988,0.8763683193818416
0.23752181500872602,0.8763683193818416
0.23756327456798743,0.8763683193818416
0.23764623712240265,0.8763683193818416
0.23768774013272792,0.8763683193818416
0.2377292576419214,0.8763683193818416
0.2377707896575821,0.8763683193818416
0.23781233618731434,0.8763683193818416
0.2378538972387277,0.8763683193818416
0.23793706293706293,0.8763683193818416
0.23797866759923064,0.8763683193818416
0.23802028681357118,0.8763683193818416
0.23822860143532296,0.8763683193818416
0.23827030812324929,0.8763683193818416
0.23831202941691473,0.8763683193818416
0.238353765323993,0.8763683193818416
0.23839551585216326,0.8763683193818416
0.2384790608025232,0.8763683193818416
0.23852085524009814,0.8763683193818416
0.2385626643295355,0.8763683193818416
0.23860448807854137,0.8763683193818416
0.23864632649482728,0.8763683193818416
0.23868817958611013,0.8763683193818416
0.23873004736011227,0.8763683193818416
0.23881382698719072,0.8763683193818416
0.2388976654379498,0.8763683193818416
0.23893960674157302,0.8763683193818416
0.23898156277436347,0.8763683193818416
0.23910751932536894,0.8763683193818416
0.23914953435248637,0.8763683193818416
0.2391915641476274,0.8763683193818416
0.2392336087185797,0.8763683193818416
0.23927566807313644,0.8763683193818416
0.23931774221909619,0.8763683193818416
0.23944405348346234,0.8763683193818416
0.2394861868731304,0.8763683193818416
0.239528335093277,0.8763683193818416
0.23957049815173384,0.8763683193818416
0.23961267605633804,0.8763683193818416
0.2396548688149322,0.8763683193818416
0.23969707643536456,0.8763683193818416
0.23973929892548881,0.8763683193818416
0.2397815362931642,0.8763683193818416
0.2398237885462555,0.8763683193818416
0.23986605569263306,0.8763683193818416
0.23995063469675598,0.8763683193818416
0.2400352733686067,0.8763683193818416
0.24007761509966485,0.8763683193818416
0.24011997177134792,0.8763683193818416
0.24020472996823156,0.8763683193818416
0.24024713150926744,0.8763683193818416
0.2403319795161575,0.8763683193818416
0.24037442599788061,0.8763683193818416
0.240416887475711,0.8763683193818416
0.24045936395759718,0.8763683193818416
0.24054436196535878,0.8763683193818416
0.24058688350715926,0.8763683193818416
0.24062942008486563,0.8763683193818416
0.24067197170645446,0.8763683193818416
0.24071453837990803,0.8763683193818416
0.24075712011321423,0.8763683193818416
0.2407997169143666,0.8763683193818416
0.24097025495750707,0.8763683193818416
0.24101292721799186,0.8763683193818416
0.2410556145944031,0.8763683193818416
0.2414404825261664,0.8763683193818416
0.2414833215046132,0.8763683193818416
0.24152617568766638,0.8763683193818416
0.24156904508342208,0.8763683193818416
0.24165482954545456,0.8763683193818416
0.2416977446279524,0.8763683193818416
0.24178362053650737,0.8763683193818416
0.24182658137882018,0.8763683193818416
0.24186955749067,0.8763683193818416
0.24191254888019909,0.8763683193818416
0.24195555555555556,0.8763683193818416
0.24208466737815723,0.8763683193818416
0.24212773527842021,0.8763683193818416
0.2421708185053381,0.8763683193818416
0.24221391706709378,0.8763683193818416
0.24225703097187612,0.8763683193818416
0.24230016022787965,0.8763683193818416
0.24234330484330485,0.8763683193818416
0.24220837043633126,0.875724404378622
0.24225151407196294,0.875724404378622
0.2422946730803492,0.875724404378622
0.24233784746970777,0.875724404378622
0.24238103724826235,0.875724404378622
0.24242424242424243,0.875724404378622
0.24264049955396966,0.875724404378622
0.2426837972876517,0.875724404378622
0.24277043912888255,0.875724404378622
0.24281378325299055,0.875724404378622
0.24285714285714285,0.875724404378622
0.24290051794963385,0.875724404378622
0.24294390853876385,0.875724404378622
0.242987314632839,0.875724404378622
0.24303073624017155,0.875724404378622
0.24307417336907952,0.875724404378622
0.24311762602788703,0.875724404378622
0.24316109422492402,0.875724404378622
0.24324807726703632,0.875724404378622
0.24346580737558182,0.875724404378622
0.24350940017905104,0.875724404378622
0.24355300859598855,0.875724404378622
0.24359663263478418,0.875724404378622
0.24364027230383375,0.875724404378622
0.24368392761153915,0.875724404378622
0.24372759856630824,0.875724404378622
0.24377128517655494,0.875724404378622
0.24381498745069918,0.875724404378622
0.24385870539716695,0.875724404378622
0.24394618834080717,0.875724404378622
0.24398995335486187,0.875724404378622
0.24403373407500448,0.875724404378622
0.2440775305096913,0.875724404378622
0.24412134266738467,0.875724404378622
0.24416517055655296,0.875724404378622
0.24420901418567068,0.875724404378622
0.24429674869768278,0.875724404378622
0.24434063959755659,0.875724404378622
0.24438454627133874,0.875724404378622
0.24456033087574178,0.875724404378622
0.2446043165467626,0.875724404378622
0.24464831804281345,0.875724404378622
0.24469233537243612,0.875724404378622
0.24473636854417852,0.875724404378622
0.24478041756659466,0.875724404378622
0.2448244824482448,0.875724404378622
0.2449126598235188,0.875724404378622
0.24495677233429394,0.875724404378622
0.24500090073860567,0.875724404378622
0.24504504504504504,0.875724404378622
0.2450892052622094,0.875724404378622
0.24517757346313324,0.875724404378622
0.24522178146411827,0.875724404378622
0.24526600541027954,0.875724404378622
0.2453102453102453,0.875724404378622
0.2453545011726502,0.875724404378622
0.24570912375790424,0.875724404378622
0.24575352367184677,0.875724404378622
0.24579793963491778,0.875724404378622
0.24584237165582068,0.875724404378622
0.24588681974326523,0.875724404378622
0.24593128390596744,0.875724404378622
0.24597576415264966,0.875724404378622
0.246064772932875,0.875724404378622
0.24610930148389432,0.875724404378622
0.24615384615384617,0.875724404378622
0.24619840695148443,0.875724404378622
0.24624298388556945,0.875724404378622
0.2462875769648678,0.875724404378622
0.2463321861981525,0.875724404378622
0.2463768115942029,0.875724404378622
0.24642145316180467,0.875724404378622
0.2464661109097499,0.875724404378622
0.24651078484683706,0.875724404378622
0.24655547498187091,0.875724404378622
0.24660018132366274,0.875724404378622
0.2466449038810301,0.875724404378622
0.24668964266279703,0.875724404378622
0.2467343976777939,0.875724404378622
0.24677916893485755,0.875724404378622
0.24682395644283123,0.875724404378622
0.24691358024691357,0.875724404378622
0.24695841656074088,0.875724404378622
0.24700326916091536,0.875724404378622
0.24704813805631246,0.875724404378622
0.24709302325581395,0.875724404378622
0.2471379247683082,0.875724404378622
0.24718284260268994,0.875724404378622
0.2472277767678604,0.875724404378622
0.24727272727272728,0.875724404378622
0.24731769412620477,0.875724404378622
0.24736267733721354,0.875724404378622
0.24740767691468074,0.875724404378622
0.24745269286754004,0.875724404378622
0.24749772520473157,0.875724404378622
0.24754277393520205,0.875724404378622
0.2475878390679046,0.875724404378622
0.24745083758193737,0.8750804893754024
0.24749590238572208,0.8750804893754024
0.24754098360655738,0.8750804893754024
0.2475860812534159,0.8750804893754024
0.2476763258611263,0.8750804893754024
0.24772147283995624,0.8750804893754024
0.24781181619256018,0.8750804893754024
0.24785701258435164,0.8750804893754024
0.2479022254651587,0.8750804893754024
0.24794745484400657,0.8750804893754024
0.24799270072992702,0.8750804893754024
0.2480379631319584,0.8750804893754024
0.24808324205914567,0.8750804893754024
0.24812853752054045,0.8750804893754024
0.24817384952520088,0.8750804893754024
0.2482191780821918,0.8750804893754024
0.2482645232005846,0.8750804893754024
0.24830988488945735,0.8750804893754024
0.24835526315789475,0.8750804893754024
0.24840065801498812,0.8750804893754024
0.24844606946983547,0.8750804893754024
0.24849149753154143,0.8750804893754024
0.24853694220921727,0.8750804893754024
0.24858240351198096,0.8750804893754024
0.2486278814489572,0.8750804893754024
0.24867337602927722,0.8750804893754024
0.24871888726207905,0.8750804893754024
0.2487644151565074,0.8750804893754024
0.24880995972171366,0.8750804893754024
0.2488555209668559,0.8750804893754024
0.2489010989010989,0.8750804893754024
0.2489466935336142,0.8750804893754024
0.24899230487358007,0.8750804893754024
0.24903793293018142,0.8750804893754024
0.24908357771260997,0.8750804893754024
0.24912923923006416,0.8750804893754024
0.24922061250687694,0.8750804893754024
0.2492663242846662,0.8750804893754024
0.24931205283434232,0.8750804893754024
0.24935779816513762,0.8750804893754024
0.24940356028629107,0.8750804893754024
0.24944933920704845,0.8750804893754024
0.2494951349366624,0.8750804893754024
0.2495409474843922,0.8750804893754024
0.24958677685950414,0.8750804893754024
0.24963262307127113,0.8750804893754024
0.249678486128973,0.8750804893754024
0.24972436604189635,0.8750804893754024
0.24977026281933468,0.8750804893754024
0.24981617647058824,0.8750804893754024
0.2499539849070495,0.8744365743721829
0.25,0.8744365743721829
0.25009208103130753,0.8744365743721829
0.25013814698839565,0.8744365743721829
0.25018422991893885,0.8744365743721829
0.2502303298323199,0.8744365743721829
0.2502764467379285,0.8744365743721829
0.2503225806451613,0.8744365743721829
0.25046108447067505,0.8744365743721829
0.2505072864785095,0.8744365743721829
0.25055350553505534,0.8744365743721829
0.25059974164975085,0.8744365743721829
0.25064599483204136,0.8744365743721829
0.250692265091379,0.8744365743721829
0.25078485687903973,0.8744365743721829
0.2508311784263022,0.8744365743721829
0.25087751708849065,0.8744365743721829
0.2509238728750924,0.8744365743721829
0.25097024579560157,0.8744365743721829
0.2510166358595194,0.8744365743721829
0.25106304307635424,0.8744365743721829
0.251155909006843,0.8744365743721829
0.2512023677395486,0.8744365743721829
0.25124884366327477,0.8744365743721829
0.25129533678756477,0.8744365743721829
0.2513883746760459,0.8744365743721829
0.25143491945935936,0.8744365743721829
0.2514814814814815,0.8744365743721829
0.25152806075199113,0.8744365743721829
0.25157465728047423,0.8744365743721829
0.2515291936978684,0.8737926593689633
0.25157582499073045,0.8737926593689633
0.2516691394658754,0.8737926593689633
0.2517625231910946,0.8737926593689633
0.25180924104657637,0.8737926593689633
0.2518559762435041,0.8737926593689633
0.2519027287915352,0.8737926593689633
0.2519494987003342,0.8737926593689633
0.2519962859795729,0.8737926593689633
0.25204309063893016,0.8737926593689633
0.25208991268809217,0.8737926593689633
0.25213675213675213,0.8737926593689633
0.2521836089946107,0.8737926593689633
0.2522304832713755,0.8737926593689633
0.2522773749767615,0.8737926593689633
0.2523242841204909,0.8737926593689633
0.2523712107122931,0.8737926593689633
0.25241815476190477,0.8737926593689633
0.25246511627906976,0.8737926593689633
0.25251209527353924,0.8737926593689633
0.25255909175507163,0.8737926593689633
0.2526061057334326,0.8737926593689633
0.2526531372183951,0.8737926593689633
0.25274725274725274,0.8737926593689633
0.2528414384199739,0.8737926593689633
0.2528885575847931,0.8737926593689633
0.2529356943150047,0.8737926593689633
0.2529828486204325,0.8737926593689633
0.2528435577102368,0.8731487443657437
0.2528907124207385,0.8731487443657437
0.25293788472299944,0.8731487443657437
0.25298507462686565,0.8731487443657437
0.2530322821421907,0.8731487443657437
0.2531267500466679,0.8731487443657437
0.25317401045556387,0.8731487443657437
0.25322128851540615,0.8731487443657437
0.25326858423608517,0.8731487443657437
0.2533158976274986,0.8731487443657437
0.2533632286995516,0.8731487443657437
0.2534105774621566,0.8731487443657437
0.25345794392523363,0.8731487443657437
0.25350532809871,0.8731487443657437
0.25355272999252054,0.8731487443657437
0.2536475869809203,0.8731487443657437
0.25369504209541627,0.8731487443657437
0.2537425149700599,0.8731487443657437
0.25360284484372075,0.8725048293625242
0.2536503182328716,0.8725048293625242
0.25369780939898895,0.8725048293625242
0.25374531835205993,0.8725048293625242
0.25379284510207906,0.8725048293625242
0.2538403896590483,0.8725048293625242
0.2538879520329773,0.8725048293625242
0.2545557016719895,0.8725048293625242
0.25489089541008275,0.8725048293625242
0.2549868272487768,0.8725048293625242
0.2550348202522116,0.8725048293625242
0.2550828313253012,0.8725048293625242
0.2552269730646073,0.8725048293625242
0.2552750565184627,0.8725048293625242
0.2553231580930846,0.8725048293625242
0.25537127779871843,0.8725048293625242
0.2554194156456173,0.8725048293625242
0.25556393813655226,0.8725048293625242
0.25566037735849056,0.8725048293625242
0.25575688939222346,0.8725048293625242
0.25561638663394376,0.8718609143593046
0.2556646525679758,0.8718609143593046
0.25571293673276674,0.8718609143593046
0.2557612391386475,0.8718609143593046
0.25580955979595693,0.8718609143593046
0.25585789871504155,0.8718609143593046
0.25590625590625593,0.8718609143593046
0.2559546313799622,0.8718609143593046
0.25600302514653056,0.8718609143593046
0.25609986759977305,0.8718609143593046
0.2561483163072266,0.8718609143593046
0.25619678334910123,0.8718609143593046
0.2562452687358062,0.8718609143593046
0.25629377247775886,0.8718609143593046
0.2563422945853843,0.8718609143593046
0.2563908350691157,0.8718609143593046
0.25643939393939397,0.8718609143593046
0.2565365668813945,0.8718609143593046
0.25658518097403826,0.8718609143593046
0.256633813495072,0.8718609143593046
0.2567311338642397,0.8718609143593046
0.2567798217333586,0.8718609143593046
0.2568285280728376,0.8718609143593046
0.25687725289318913,0.8718609143593046
0.2573655198631439,0.8718609143593046
0.25741444866920155,0.8718609143593046
0.25746339608290547,0.8718609143593046
0.25751236211487255,0.8718609143593046
0.2576103500761035,0.8718609143593046
0.2576593720266413,0.8718609143593046
0.2577084126379901,0.8718609143593046
0.25775747192080717,0.8718609143593046
0.2578065498857578,0.8718609143593046
0.2578556465435155,0.8718609143593046
0.2579047619047619,0.8718609143593046
0.2579538959801867,0.8718609143593046
0.2580030487804878,0.8718609143593046
0.25805222031637126,0.8718609143593046
0.2581014105985513,0.8718609143593046
0.2583969465648855,0.8718609143593046
0.25844626837182666,0.8718609143593046
0.25849560901107294,0.8718609143593046
0.25854496849341224,0.8718609143593046
0.25859434682964094,0.8718609143593046
0.2586437440305635,0.8718609143593046
0.2586931601069927,0.8718609143593046
0.25874259506974967,0.8718609143593046
0.2587920489296636,0.8718609143593046
0.2588415216975722,0.8718609143593046
0.25889101338432124,0.8718609143593046
0.25894052400076495,0.8718609143593046
0.2589900535577659,0.8718609143593046
0.25903960206619475,0.8718609143593046
0.25908916953693073,0.8718609143593046
0.2591387559808612,0.8718609143593046
0.2591883614088821,0.8718609143593046
0.2592379858318974,0.8718609143593046
0.2592876292608196,0.8718609143593046
0.2593372917065696,0.8718609143593046
0.25938697318007664,0.8718609143593046
0.25943667369227824,0.8718609143593046
0.2594863932541204,0.8718609143593046
0.2595361318765574,0.8718609143593046
0.2595858895705521,0.8718609143593046
0.25963566634707574,0.8718609143593046
0.2596854622171078,0.8718609143593046
0.2597352771916363,0.8718609143593046
0.2597851112816577,0.8718609143593046
0.25983496449817695,0.8718609143593046
0.2598848368522073,0.8718609143593046
0.2599347283547706,0.8718609143593046
0.2597926267281106,0.871216999356085
0.25984251968503935,0.871216999356085
0.25989243180945065,0.871216999356085
0.25994236311239194,0.871216999356085
0.2599923136049193,0.871216999356085
0.26004228329809725,0.871216999356085
0.26009227220299885,0.871216999356085
0.26014228033070563,0.871216999356085
0.26024235429890363,0.871216999356085
0.26010003847633706,0.8705730843528654
0.2601500865884164,0.8705730843528654
0.26040061633281975,0.8705730843528654
0.26055116592792443,0.8705730843528654
0.2606516290726817,0.8705730843528654
0.26075216972034715,0.8705730843528654
0.26080246913580246,0.8705730843528654
0.26065984950800697,0.8699291693496458
0.26071015052103436,0.8699291693496458
0.26076047095155375,0.8699291693496458
0.2608611701100599,0.8699291693496458
0.26091154886056395,0.8699291693496458
0.26096194707359477,0.8699291693496458
0.26101236476043277,0.8699291693496458
0.26106280193236714,0.8699291693496458
0.26091998453807497,0.8692852543464262
0.2609704233520201,0.8692852543464262
0.2611218568665377,0.8692852543464262
0.261172373766686,0.8692852543464262
0.2619833106928003,0.8692852543464262
0.2620341614906832,0.8692852543464262
0.262085032032615,0.8692852543464262
0.2621359223300971,0.8692852543464262
0.26218683239463975,0.8692852543464262
0.26223776223776224,0.8692852543464262
0.2622887118709928,0.8692852543464262
0.26239067055393583,0.8692852543464262
0.26244167962674964,0.8692852543464262
0.26249270853587403,0.8692852543464262
0.26254375729288215,0.8692852543464262
0.26264591439688717,0.8692852543464262
0.2626970227670753,0.8692852543464262
0.2629016553067186,0.8692852543464262
0.2629528632645111,0.8692852543464262
0.2630040911747516,0.8692852543464262
0.26305533904910366,0.8692852543464262
0.2631066068992399,0.8692852543464262
0.2631578947368421,0.8692852543464262
0.2632092025736011,0.8692852543464262
0.2635174702322858,0.8692852543464262
0.2635689183912534,0.8692852543464262
0.26362038664323373,0.8692852543464262
0.263671875,0.8692852543464262
0.2637749120750293,0.8692852543464262
0.2639921722113503,0.8686413393432066
0.26409553641346906,0.8686413393432066
0.26414724887409435,0.8686413393432066
0.2643025078369906,0.8686413393432066
0.2643543013913384,0.8686413393432066
0.26445794942168205,0.8686413393432066
0.26450980392156864,0.8686413393432066
0.26461357395056884,0.8686413393432066
0.26466548950362956,0.8686413393432066
0.2647174254317112,0.8686413393432066
0.2647693817468106,0.8686413393432066
0.2648213584609344,0.8686413393432066
0.2648733555860986,0.8686413393432066
0.26492537313432835,0.8686413393432066
0.265081548437807,0.8686413393432066
0.26513364779874216,0.8686413393432066
0.2651857676430116,0.8686413393432066
0.2652900688298918,0.8686413393432066
0.26549891753591814,0.8686413393432066
0.2655511811023622,0.8686413393432066
0.26560346524906475,0.8686413393432066
0.2656557699881843,0.8686413393432066
0.26570809533188894,0.8686413393432066
0.2657604412923562,0.8686413393432066
0.2662850375049349,0.8686413393432066
0.266390205371248,0.8686413393432066
0.26649545634136707,0.8686413393432066
0.26654811302114206,0.8686413393432066
0.266600790513834,0.8686413393432066
0.2666534888317849,0.8686413393432066
0.2667062079873468,0.8686413393432066
0.26675894799288113,0.8686413393432066
0.2668117088607595,0.8686413393432066
0.266864490603363,0.8686413393432066
0.2669172932330827,0.8686413393432066
0.2670229612034838,0.8686413393432066
0.2671816201227966,0.8686413393432066
0.26723454833597465,0.8686413393432066
0.2672874975232812,0.8686413393432066
0.2673404676971859,0.8686413393432066
0.26739345887016847,0.8686413393432066
0.26744647105471847,0.8686413393432066
0.2674995042633353,0.8686413393432066
0.26751339551498315,0.8679974243399872
0.26756649464073046,0.8679974243399872
0.2676196148501092,0.8679974243399872
0.2676727561556791,0.8679974243399872
0.26772591857000994,0.8679974243399872
0.26777910210568134,0.8679974243399872
0.26783230677528314,0.8679974243399872
0.26788553259141495,0.8679974243399872
0.26793877956668655,0.8679974243399872
0.2679920477137177,0.8679974243399872
0.2680986475735879,0.8679974243399872
0.26815197931171675,0.8679974243399872
0.2682053322721846,0.8679974243399872
0.2682587064676617,0.8679974243399872
0.26836551861437385,0.8679974243399872
0.2684189565909996,0.8679974243399872
0.26847241585341564,0.8679974243399872
0.2685258964143426,0.8679974243399872
0.26868646601554713,0.8679974243399872
0.2687400318979266,0.8679974243399872
0.26879361914257227,0.8679974243399872
0.2686477861986438,0.8673535093367676
0.2687013764213046,0.8673535093367676
0.2688086210337258,0.8673535093367676
0.2688622754491018,0.8673535093367676
0.2689159512876822,0.8673535093367676
0.2688236468943479,0.866709594333548
0.26887734718337997,0.866709594333548
0.26898481215027975,0.866709594333548
0.26903857685388766,0.866709594333548
0.26914617076584685,0.866709594333548
0.2693077230892357,0.866709594333548
0.2693616169701821,0.866709594333548
0.26941553242594074,0.866709594333548
0.2694694694694695,0.866709594333548
0.26963141025641024,0.866709594333548
0.26968543378080545,0.866709594333548
0.26973947895791583,0.866709594333548
0.2697935458007617,0.866709594333548
0.2698476343223737,0.866709594333548
0.2699017445357931,0.866709594333548
0.2699558764540714,0.866709594333548
0.2700100300902708,0.866709594333548
0.2700642054574639,0.866709594333548
0.2701184025687337,0.866709594333548
0.2701726214371738,0.866709594333548
0.27028112449799196,0.866709594333548
0.27033540871660977,0.866709594333548
0.27038971474487744,0.866709594333548
0.27071600965406273,0.866709594333548
0.2707704687185677,0.866709594333548
0.27082494969818915,0.866709594333548
0.27093397745571657,0.866709594333548
0.27078719549023555,0.8660656793303284
0.2708417237213049,0.8660656793303284
0.27089627391742194,0.8660656793303284
0.2709508460918614,0.8660656793303284
0.2710054402579085,0.8660656793303284
0.27106005642885933,0.8660656793303284
0.27111469461802057,0.8660656793303284
0.2712787414279952,0.8660656793303284
0.2711864406779661,0.8654217643271088
0.27124117053481334,0.8654217643271088
0.2712959224868793,0.8654217643271088
0.27135069654754695,0.8654217643271088
0.27140549273021003,0.8654217643271088
0.27151515151515154,0.8654217643271088
0.2716248989490703,0.8654217643271088
0.27167980594299573,0.8654217643271088
0.2717347351395067,0.8654217643271088
0.27184466019417475,0.8654217643271088
0.27189965607930405,0.8654217643271088
0.27200971463266543,0.8654217643271088
0.2720647773279352,0.8654217643271088
0.2719724584852167,0.8647778493238892
0.27202754709337656,0.8647778493238892
0.27208265802269044,0.8647778493238892
0.27252435064935066,0.8647778493238892
0.27257966308098236,0.8647778493238892
0.27263499796995533,0.8647778493238892
0.27269035532994923,0.8647778493238892
0.27280113751777374,0.8647778493238892
0.2728565623730191,0.8647778493238892
0.2730229721488107,0.8647778493238892
0.2730784871899146,0.8647778493238892
0.27313402481187715,0.8647778493238892
0.27324516785350966,0.8647778493238892
0.2733007733007733,0.8647778493238892
0.27335640138408307,0.8647778493238892
0.2734120521172638,0.8647778493238892
0.2734677255141519,0.8647778493238892
0.27363488182559087,0.8647778493238892
0.27369064601589566,0.8647778493238892
0.2738022426095821,0.8647778493238892
0.273858075040783,0.8647778493238892
0.2739139302467877,0.8647778493238892
0.27396980824153405,0.8647778493238892
0.27402570903897167,0.8647778493238892
0.27408163265306124,0.8647778493238892
0.27413757909777503,0.8647778493238892
0.27419354838709675,0.8647778493238892
0.27424954053502143,0.8647778493238892
0.2743055555555556,0.8647778493238892
0.27436159346271705,0.8647778493238892
0.2744737379930513,0.8647778493238892
0.27452984464431723,0.8647778493238892
0.27458597423839703,0.8647778493238892
0.2746983023113111,0.8647778493238892
0.2747545008183306,0.8647778493238892
0.27481072232453446,0.8647778493238892
0.2746623004502661,0.8641339343206696
0.27471852610030706,0.8641339343206696
0.2747747747747748,0.8641339343206696
0.27483104648781487,0.8641339343206696
0.2748873412535846,0.8641339343206696
0.275,0.8641339343206696
0.27505636400901823,0.8641339343206696
0.27511275112751127,0.8641339343206696
0.2751691613696945,0.8641339343206696
0.275338530980714,0.8641339343206696
0.27539503386004516,0.8641339343206696
0.2754515599343186,0.8641339343206696
0.27550810921781976,0.8641339343206696
0.275564681724846,0.8641339343206696
0.2756212774697063,0.8641339343206696
0.2756778964667215,0.8641339343206696
0.27573453873022397,0.8641339343206696
0.27579120427455817,0.8641339343206696
0.27584789311408014,0.8641339343206696
0.2759046052631579,0.8641339343206696
0.27596134073617107,0.8641339343206696
0.27601809954751133,0.8641339343206696
0.27613168724279835,0.8641339343206696
0.2761885161555876,0.8641339343206696
0.27635914332784184,0.8641339343206696
0.27641606591143153,0.8641339343206696
0.2764730119489081,0.8641339343206696
0.27652998145477026,0.8641339343206696
0.2765869744435284,0.8641339343206696
0.2766439909297052,0.8641339343206696
0.27670103092783505,0.8641339343206696
0.2767580944524644,0.8641339343206696
0.2768151815181518,0.8641339343206696
0.2769865841073271,0.8641339343206696
0.27704376548307186,0.8641339343206696
0.2772154513530262,0.8641339343206696
0.2772727272727273,0.8641339343206696
0.27733002686505476,0.8641339343206696
0.2773873501446879,0.8641339343206696
0.277444697126318,0.8641339343206696
0.2775020678246485,0.8641339343206696
0.27755946225439504,0.8641339343206696
0.2776743223670598,0.8641339343206696
0.2777317880794702,0.8641339343206696
0.2777892775822811,0.8641339343206696
0.27784679089026915,0.8641339343206696
0.27790432801822323,0.8641339343206696
0.2779618889809445,0.8641339343206696
0.27819237147595355,0.8641339343206696
0.2782500518349575,0.8641339343206696
0.27830775611779346,0.8641339343206696
0.27836548433934866,0.8641339343206696
0.27842323651452283,0.8641339343206696
0.27848101265822783,0.8641339343206696
0.2785388127853881,0.8641339343206696
0.27859663691094044,0.8641339343206696
0.27871235721703014,0.8641339343206696
0.2787702534275031,0.8641339343206696
0.27882817369623936,0.8641339343206696
0.27888611803823776,0.8641339343206696
0.27894408646850966,0.8641339343206696
0.2790600956539821,0.8641339343206696
0.27911813643926786,0.8641339343206696
0.2791762013729977,0.8641339343206696
0.2792924037460978,0.8641339343206696
0.2793505412156536,0.8641339343206696
0.2794087028940246,0.8641339343206696
0.27946688879633486,0.8641339343206696
0.2795250989377213,0.8641339343206696
0.27958333333333335,0.8641339343206696
0.279641591998333,0.8641339343206696
0.27969987494789494,0.8641339343206696
0.2797581821972066,0.8641339343206696
0.27987486965589153,0.8641339343206696
0.27993324989570295,0.8641339343206696
0.2800500834724541,0.8641339343206696
0.2798998121477771,0.8634900193174501
0.2799582463465553,0.8634900193174501
0.28001670494884107,0.8634900193174501
0.2800751879699248,0.8634900193174501
0.2800417972831766,0.8628461043142305
0.2801003344481605,0.8628461043142305
0.2801588960903199,0.8628461043142305
0.2802174822250105,0.8628461043142305
0.2802760928676009,0.8628461043142305
0.2803347280334728,0.8628461043142305
0.2803933877380205,0.8628461043142305
0.28045207199665134,0.8628461043142305
0.2805107808247854,0.8628461043142305
0.2805695142378559,0.8628461043142305
0.2806282722513089,0.8628461043142305
0.28068705488060325,0.8628461043142305
0.28065395095367845,0.8622021893110109
0.28071278825995805,0.8622021893110109
0.2811843763124737,0.8622021893110109
0.28124343625288806,0.8622021893110109
0.28138801261829655,0.8615582743077914
0.2814472023559108,0.8615582743077914
0.2815656565656566,0.8615582743077914
0.2816249210692486,0.8615582743077914
0.2816842105263158,0.8615582743077914
0.2817435249526216,0.8615582743077914
0.2818028643639427,0.8615582743077914
0.28192161820480405,0.8615582743077914
0.2819810326659642,0.8615582743077914
0.2823380460012661,0.8615582743077914
0.2824572514249525,0.8615582743077914
0.2825168918918919,0.8615582743077914
0.28257655755015837,0.8615582743077914
0.2826362484157161,0.8615582743077914
0.2826959645045426,0.8615582743077914
0.28275570583262893,0.8615582743077914
0.2828154724159797,0.8615582743077914
0.2828752642706131,0.8615582743077914
0.28359159414137125,0.8602704443013522
0.28395324123273114,0.8602704443013522
0.28401360544217685,0.8602704443013522
0.2840739953221348,0.8602704443013522
0.2841344108889834,0.8602704443013522
0.2841948521591151,0.8602704443013522
0.28425531914893615,0.8602704443013522
0.284315811874867,0.8602704443013522
0.28437633035334187,0.8602704443013522
0.284436874600809,0.8602704443013522
0.28449744463373083,0.8602704443013522
0.2845580404685836,0.8602704443013522
0.2846186621218577,0.8602704443013522
0.28467930961005755,0.8602704443013522
0.2847399829497016,0.8602704443013522
0.2848006821573225,0.8602704443013522
0.28486140724946696,0.8602704443013522
0.28498293515358364,0.8602704443013522
0.28504373799871985,0.8602704443013522
0.28510456679470764,0.8602704443013522
0.2851654215581644,0.8602704443013522
0.2852263023057216,0.8602704443013522
0.2852872090540252,0.8602704443013522
0.28559213339033773,0.8602704443013522
0.2856531964934787,0.8602704443013522
0.28589771025037447,0.8602704443013522
0.285958904109589,0.8602704443013522
0.28602012417041317,0.8602704443013522
0.2861426429642322,0.8602704443013522
0.286203941730934,0.8602704443013522
0.28626526676665953,0.8602704443013522
0.28632661808829835,0.8602704443013522
0.28638799571275453,0.8602704443013522
0.2864493996569468,0.8602704443013522
0.2865108299378083,0.8602704443013522
0.28657228657228656,0.8602704443013522
0.28681837698583085,0.8602704443013522
0.2868799656431179,0.8602704443013522
0.2869415807560137,0.8602704443013522
0.2870032223415682,0.8602704443013522
0.28706489041684574,0.8602704443013522
0.2871265849989254,0.8602704443013522
0.2871883061049011,0.8602704443013522
0.28725005375188134,0.8602704443013522
0.28731182795698923,0.8602704443013522
0.2873736287373629,0.8602704443013522
0.2874058127018299,0.8596265292981327
0.2875296144734008,0.8596265292981327
0.2875915553640672,0.8596265292981327
0.28765352294764057,0.8596265292981327
0.2877775382625566,0.8596265292981327
0.28783958602846055,0.8596265292981327
0.2879016605563942,0.8596265292981327
0.28796376186367556,0.8596265292981327
0.28802588996763756,0.8596265292981327
0.28821243523316065,0.8596265292981327
0.28827467069747353,0.8596265292981327
0.28833693304535635,0.8596265292981327
0.28839922229423204,0.8596265292981327
0.28846153846153844,0.8596265292981327
0.2883077588070024,0.8589826142949131
0.2883700821444012,0.8589826142949131
0.28843243243243244,0.8589826142949131
0.2884948096885813,0.8589826142949131
0.2886196451752488,0.8589826142949131
0.2886821034408137,0.8589826142949131
0.29,0.8589826142949131
0.29006305718634484,0.8589826142949131
0.29012614180078294,0.8589826142949131
0.29018925386121386,0.8589826142949131
0.29025239338555264,0.8589826142949131
0.2903155603917301,0.8589826142949131
0.29037875489769266,0.8589826142949131
0.2906951405534975,0.8589826142949131
0.2907585004359198,0.8589826142949131
0.2908218879441901,0.8589826142949131
0.2908853030963803,0.8589826142949131
0.29094874591057795,0.8589826142949131
0.29101221640488656,0.8589826142949131
0.29107571459742526,0.8589826142949131
0.2911392405063291,0.8589826142949131
0.291202794149749,0.8589826142949131
0.29126637554585155,0.8589826142949131
0.2913299847128194,0.8589826142949131
0.291393621668851,0.8589826142949131
0.2914572864321608,0.8589826142949131
0.291520979020979,0.8589826142949131
0.2917122239230265,0.8589826142949131
0.29177602799650043,0.8589826142949131
0.2918398599868738,0.8589826142949131
0.29190371991247266,0.8589826142949131
0.2919676077916393,0.8589826142949131
0.29203152364273205,0.8589826142949131
0.29222343921139105,0.8589826142949131
0.2922874671340929,0.8589826142949131
0.2923515231207539,0.8589826142949131
0.2924797193597895,0.8589826142949131
0.29254385964912283,0.8589826142949131
0.29245283018867924,0.8583386992916935
0.2925170068027211,0.8583386992916935
0.29258121158911327,0.8583386992916935
0.29264544456641056,0.8583386992916935
0.292709705753184,0.8583386992916935
0.2927739951680211,0.8583386992916935
0.2928383128295255,0.8583386992916935
0.29296703296703297,0.8583386992916935
0.29303143548032534,0.8583386992916935
0.29316032548933363,0.8583386992916935
0.2932248130224373,0.8583386992916935
0.2932893289328933,0.8583386992916935
0.2933538732394366,0.8583386992916935
0.293483047115808,0.8583386992916935
0.2933920704845815,0.8576947842884739
0.29345670852610706,0.8576947842884739
0.29352137505509035,0.8576947842884739
0.2935860700903681,0.8576947842884739
0.2938451356717406,0.8576947842884739
0.293909973521624,0.8576947842884739
0.2939748399911719,0.8576947842884739
0.29403973509933773,0.8576947842884739
0.29410465886509163,0.8576947842884739
0.2941696113074205,0.8576947842884739
0.294234592445328,0.8576947842884739
0.294078656650464,0.8570508692852543
0.2941436464088398,0.8570508692852543
0.29427371213796155,0.8570508692852543
0.29433878814683767,0.8570508692852543
0.2944038929440389,0.8570508692852543
0.2944690265486726,0.8570508692852543
0.2945341889798628,0.8570508692852543
0.29459938025675075,0.8570508692852543
0.29466460039849457,0.8570508692852543
0.2947298494242693,0.8570508692852543
0.2947951273532669,0.8570508692852543
0.2948604342046965,0.8570508692852543
0.2949257699977842,0.8570508692852543
0.2951219512195122,0.8570508692852543
0.2951874029718341,0.8570508692852543
0.29525288376220055,0.8570508692852543
0.2953839325343986,0.8570508692852543
0.29551509769094136,0.8570508692852543
0.29558072396180324,0.8570508692852543
0.29564637938693916,0.8570508692852543
0.2957120639857809,0.8570508692852543
0.29577777777777775,0.8570508692852543
0.29584352078239606,0.8570508692852543
0.2959092930191196,0.8570508692852543
0.2959750945074494,0.8570508692852543
0.2960409252669039,0.8570508692852543
0.2961067853170189,0.8570508692852543
0.2962385933674605,0.8570508692852543
0.2963045414069457,0.8570508692852543
0.2963705188154086,0.8570508692852543
0.29643652561247213,0.8570508692852543
0.2965025618177768,0.8570508692852543
0.2965686274509804,0.8570508692852543
0.2967008470798038,0.8570508692852543
0.2967670011148272,0.8570508692852543
0.2970982142857143,0.8570508692852543
0.2971645456575128,0.8570508692852543
0.2972309066547566,0.8570508692852543
0.2972972972972973,0.8570508692852543
0.29736371760500446,0.8570508692852543
0.29743016759776536,0.8570508692852543
0.29749664729548503,0.8570508692852543
0.297339593114241,0.8564069542820347
0.2974060822898032,0.8564069542820347
0.2974726012077835,0.8564069542820347
0.2975391498881432,0.8564069542820347
0.29760572835086146,0.8564069542820347
0.29773897470338034,0.8564069542820347
0.29780564263322884,0.8564069542820347
0.2978723404255319,0.8564069542820347
0.2980058256777952,0.8564069542820347
0.2980726131779471,0.8564069542820347
0.298139430620937,0.8564069542820347
0.2982062780269058,0.8564069542820347
0.29827315541601257,0.8564069542820347
0.29847396768402157,0.8564069542820347
0.29854096520763185,0.8564069542820347
0.2986079928154468,0.8564069542820347
0.29867505052773413,0.8564069542820347
0.29874213836477986,0.8564069542820347
0.2988092563468883,0.8564069542820347
0.298876404494382,0.8564069542820347
0.2989435828276017,0.8564069542820347
0.29901079136690645,0.8564069542820347
0.2993472878685573,0.8564069542820347
0.29941467807294014,0.8564069542820347
0.2994820986264355,0.8564069542820347
0.29954954954954954,0.8564069542820347
0.29961703086280694,0.8564069542820347
0.2996845425867508,0.8564069542820347
0.29975208474194276,0.8564069542820347
0.29981965734896304,0.8564069542820347
0.29988726042841035,0.8564069542820347
0.30002255808707423,0.8564069542820347
0.3000902527075812,0.8564069542820347
0.3001579778830964,0.8564069542820347
0.3002257336343115,0.8564069542820347
0.3002935199819372,0.8564069542820347
0.30042918454935624,0.8564069542820347
0.30027112516945326,0.8557630392788153
0.30033898305084744,0.8557630392788153
0.30040687160940327,0.8557630392788153
0.3004747908659281,0.8557630392788153
0.3005427408412483,0.8557630392788153
0.300610721556209,0.8557630392788153
0.3006787330316742,0.8557630392788153
0.30074677528852684,0.8557630392788153
0.30081484834766864,0.8557630392788153
0.3008829522300204,0.8557630392788153
0.30095108695652173,0.8557630392788153
0.3010874490258269,0.8557630392788153
0.30115567641060503,0.8557630392788153
0.3012239347234814,0.8557630392788153
0.3013605442176871,0.8557630392788153
0.3014288954411431,0.8557630392788153
0.30127041742286753,0.8551191242755957
0.3013387792148854,0.8551191242755957
0.30140717203812983,0.8551191242755957
0.30154405086285196,0.8551191242755957
0.30161253690665457,0.8551191242755957
0.3016810540663335,0.8551191242755957
0.3017496023630993,0.8551191242755957
0.3018867924528302,0.8551191242755957
0.30202410734591767,0.8551191242755957
0.3020928116469518,0.8551191242755957
0.3022303140646336,0.8551191242755957
0.3022991122239927,0.8551191242755957
0.302367941712204,0.8551191242755957
0.30250569476082007,0.8551191242755957
0.30257461836409205,0.8551191242755957
0.30271255983587875,0.8551191242755957
0.302781577747378,0.8551191242755957
0.30285062713797034,0.8551191242755957
0.3029197080291971,0.8551191242755957
0.3030579643998174,0.8551191242755957
0.30312713992239215,0.8551191242755957
0.30319634703196346,0.8551191242755957
0.30326558575017126,0.8551191242755957
0.3033348560986752,0.8551191242755957
0.30340415809915466,0.8551191242755957
0.3033142857142857,0.8544752092723761
0.30338363054412437,0.8544752092723761
0.30345300708895495,0.8544752092723761
0.3035224153705398,0.8544752092723761
0.30366132723112127,0.8544752092723761
0.3038003663003663,0.8544752092723761
0.3038699335928555,0.8544752092723761
0.3039395327530921,0.8544752092723761
0.3040091638029782,0.8544752092723761
0.3040788267644363,0.8544752092723761
0.30414852165940864,0.8544752092723761
0.30421824850985785,0.8544752092723761
0.30435779816513764,0.8544752092723761
0.304427621013994,0.8544752092723761
0.3044974759063791,0.8544752092723761
0.3045673628643562,0.8544752092723761
0.30463728191000916,0.8544752092723761
0.30484723179416495,0.8544752092723761
0.3049172794117647,0.8544752092723761
0.3049873592277637,0.8544752092723761
0.30505747126436783,0.8544752092723761
0.3051276155438032,0.8544752092723761
0.3052680009201748,0.8544752092723761
0.3053382420616659,0.8544752092723761
0.3054085155350978,0.8544752092723761
0.30547882136279925,0.8544752092723761
0.3055491595671195,0.8544752092723761
0.30568993319511634,0.8544752092723761
0.30576036866359446,0.8544752092723761
0.3058308365982945,0.8544752092723761
0.3059718699561909,0.8544752092723761
0.3060424354243542,0.8544752092723761
0.3061130334486736,0.8544752092723761
0.30618366405168435,0.8544752092723761
0.30625432725594276,0.8544752092723761
0.3063957515585315,0.8544752092723761
0.30674988441978734,0.8544752092723761
0.3068917668825162,0.8544752092723761
0.30696275734443673,0.8544752092723761
0.3070337806571032,0.8544752092723761
0.3071048368433233,0.8544752092723761
0.3071759259259259,0.8544752092723761
0.30724704792776103,0.8544752092723761
0.30708661417322836,0.8538312942691565
0.3071577484364142,0.8538312942691565
0.3072289156626506,0.8538312942691565
0.3073001158748552,0.8538312942691565
0.30713954566527585,0.8531873792659369
0.30721075817296545,0.8531873792659369
0.3072820037105751,0.8531873792659369
0.3073532823010902,0.8531873792659369
0.3074245939675174,0.8531873792659369
0.30749593873288467,0.8531873792659369
0.3075673166202414,0.8531873792659369
0.3076387276526585,0.8531873792659369
0.3077101718532281,0.8531873792659369
0.3077816492450639,0.8531873792659369
0.30785315985130113,0.8531873792659369
0.30792470369509645,0.8531873792659369
0.3079962807996281,0.8531873792659369
0.3080678911880958,0.8531873792659369
0.3081395348837209,0.8531873792659369
0.30821121190974643,0.8531873792659369
0.30828292228943693,0.8531873792659369
0.30835466604607864,0.8531873792659369
0.3084264432029795,0.8531873792659369
0.3084982537834691,0.8531873792659369
0.30857009781089895,0.8531873792659369
0.30864197530864196,0.8531873792659369
0.3087138863000932,0.8531873792659369
0.3087858308086693,0.8531873792659369
0.30885780885780884,0.8531873792659369
0.3089298204709722,0.8531873792659369
0.3090018656716418,0.8531873792659369
0.309146056929538,0.8531873792659369
0.30921820303383896,0.8531873792659369
0.3092903828197946,0.8531873792659369
0.30936259631099694,0.8531873792659369
0.30943484353106027,0.8531873792659369
0.30950712450362067,0.8531873792659369
0.30957943925233644,0.8531873792659369
0.30965178780088803,0.8531873792659369
0.30956277764788404,0.8525434642627173
0.30963517305893357,0.8525434642627173
0.3094736842105263,0.8518995492594977
0.3095460926532522,0.8518995492594977
0.3096185349871285,0.8518995492594977
0.30969101123595505,0.8518995492594977
0.30952938421915244,0.8512556342562781
0.3096743968142422,0.8512556342562781
0.3098195453480197,0.8512556342562781
0.3098921706516643,0.8512556342562781
0.3100375234521576,0.8512556342562781
0.3101102509969505,0.8512556342562781
0.31018301267010795,0.8512556342562781
0.3102558084956583,0.8512556342562781
0.31009389671361504,0.8506117192530586
0.31016670579948347,0.8506117192530586
0.3103124265914964,0.8506117192530586
0.3103853383458647,0.8506117192530586
0.31045828437132783,0.8506117192530586
0.31053126469205455,0.8506117192530586
0.31060427933223606,0.8506117192530586
0.3104421448730009,0.849967804249839
0.310515172900494,0.849967804249839
0.31058823529411766,0.849967804249839
0.310661332078136,0.849967804249839
0.3107344632768362,0.849967804249839
0.3108076289145279,0.849967804249839
0.31088082901554404,0.849967804249839
0.31071849234393406,0.8493238892466195
0.31086495404195147,0.8493238892466195
0.31093823668081094,0.8493238892466195
0.3110115538788022,0.8493238892466195
0.31108490566037733,0.8493238892466195
0.3111582920500118,0.8493238892466195
0.3112317130722039,0.8493238892466195
0.3110691527023838,0.8486799742433999
0.31114258734655337,0.8486799742433999
0.31121605667060215,0.8486799742433999
0.3112895606991025,0.8486799742433999
0.31136309945665014,0.8486799742433999
0.3115839243498818,0.8486799742433999
0.3116576022700402,0.8486799742433999
0.3114947965941343,0.8480360592401803
0.31156848828956707,0.8480360592401803
0.31164221486038807,0.8480360592401803
0.31171597633136094,0.8480360592401803
0.31186360407293395,0.8480360592401803
0.3119374703931786,0.8480360592401803
0.312085308056872,0.8480360592401803
0.3121592794501067,0.8480360592401803
0.31199620673304884,0.8473921442369607
0.3120701920796775,0.8473921442369607
0.31214421252371916,0.8473921442369607
0.31221826809015424,0.8473921442369607
0.3122923588039867,0.8473921442369607
0.3123664846902445,0.8473921442369607
0.3124406457739791,0.8473921442369607
0.312514842080266,0.8473921442369607
0.3125890736342043,0.8473921442369607
0.3126633404609171,0.8473921442369607
0.3127376425855513,0.8473921442369607
0.31281198003327787,0.8473921442369607
0.3128863528292915,0.8473921442369607
0.3129607609988109,0.8473921442369607
0.31303520456707895,0.8473921442369607
0.31318419800095193,0.8473921442369607
0.31325874791716257,0.8473921442369607
0.31333333333333335,0.8473921442369607
0.3134079542748273,0.8473921442369607
0.31348261076703193,0.8473921442369607
0.3135573028353586,0.8473921442369607
0.3137067938021454,0.8473921442369607
0.3137815927515498,0.8473921442369607
0.31385642737896496,0.8473921442369607
0.3139312977099237,0.8473921442369607
0.31408114558472555,0.8473921442369607
0.3141561231797565,0.8473921442369607
0.31399235912129897,0.8467482292337412
0.31382851683783136,0.8461043142305216
0.3139784946236559,0.8461043142305216
0.3140535372848948,0.8461043142305216
0.31412861582596224,0.8461043142305216
0.31420373027259685,0.8461043142305216
0.3142788806505621,0.8461043142305216
0.31435406698564594,0.8461043142305216
0.31442928930366115,0.8461043142305216
0.31450454763044516,0.8461043142305216
0.3145798419918602,0.8461043142305216
0.3146551724137931,0.8461043142305216
0.31488138030194107,0.8461043142305216
0.3149568552253116,0.8461043142305216
0.31503236633900744,0.8461043142305216
0.31510791366906477,0.8461043142305216
0.3151834972415447,0.8461043142305216
0.31525911708253357,0.8461043142305216
0.31533477321814257,0.8461043142305216
0.3154104656745079,0.8461043142305216
0.31548619447779114,0.8461043142305216
0.31556195965417866,0.8461043142305216
0.3157135992311389,0.8461043142305216
0.3161693936477382,0.8461043142305216
0.31624548736462094,0.8461043142305216
0.3163216177178623,0.8461043142305216
0.3161569949434144,0.845460399227302
0.3159922928709056,0.8448164842240824
0.3160684172488557,0.8448164842240824
0.31597975415762836,0.8441725692208628
0.3160559305689489,0.8441725692208628
0.31613214371835063,0.8441725692208628
0.31620839363241676,0.8441725692208628
0.316043425814234,0.8435286542176432
0.3161196911196911,0.8435286542176432
0.31619599324161235,0.8435286542176432
0.31634870804153586,0.8435286542176432
0.3164251207729469,0.8435286542176432
0.31650157042763954,0.8435286542176432
0.3165780570323828,0.8435286542176432
0.3166545806139715,0.8435286542176432
0.3167311411992263,0.8435286542176432
0.31680773881499397,0.8435286542176432
0.3168843734881471,0.8435286542176432
0.3169610452455843,0.8435286542176432
0.3170377541142304,0.8435286542176432
0.3171145001210361,0.8435286542176432
0.3171912832929782,0.8435286542176432
0.3172681036570598,0.8435286542176432
0.3173449612403101,0.8435286542176432
0.31742185606978435,0.8435286542176432
0.3174987881725642,0.8435286542176432
0.3174872665534805,0.8428847392144238
0.31756428918000973,0.8428847392144238
0.31771844660194176,0.8428847392144238
0.3177955814518087,0.8428847392144238
0.3179499635657032,0.8428847392144238
0.31802721088435376,0.8428847392144238
0.3181044957472661,0.8428847392144238
0.3181818181818182,0.8428847392144238
0.31825917821541455,0.8428847392144238
0.31817076137192896,0.8422408242112042
0.3183256266731565,0.8422408242112042
0.3184031158714703,0.8422408242112042
0.31848064280496713,0.8422408242112042
0.3185582075012177,0.8422408242112042
0.3186358099878197,0.8422408242112042
0.31871345029239767,0.8422408242112042
0.31894659839063644,0.8422408242112042
0.31902439024390244,0.8422408242112042
0.3191022200536716,0.8422408242112042
0.3191800878477306,0.8422408242112042
0.31925799365389307,0.8422408242112042
0.3193359375,0.8422408242112042
0.31949193942354664,0.8422408242112042
0.3196480938416422,0.8422408242112042
0.31972622830603764,0.8422408242112042
0.3198044009779951,0.8422408242112042
0.3199608610567515,0.8422408242112042
0.3200391485196966,0.8422408242112042
0.3201174743024963,0.8422408242112042
0.3201958384332925,0.8422408242112042
0.32027424094025464,0.8422408242112042
0.3201077638990938,0.8415969092079846
0.31994120529152376,0.840952994204765
0.320019603038471,0.840952994204765
0.32009803921568625,0.840952994204765
0.3201765138514342,0.840952994204765
0.3200098087297695,0.8403090792015454
0.3200883002207506,0.8403090792015454
0.32016683022571146,0.8403090792015454
0.3202453987730061,0.8403090792015454
0.32032400589101623,0.8403090792015454
0.32023575638506874,0.8396651641983258
0.3203144190616556,0.8396651641983258
0.3203048180924287,0.8390212491951062
0.3203835751167937,0.8390212491951062
0.32021642892277424,0.8383773341918866
0.3202952029520295,0.8383773341918866
0.3203740157480315,0.8383773341918866
0.32045286733940437,0.8383773341918866
0.3205317577548006,0.8383773341918866
0.32061068702290074,0.8383773341918866
0.32068965517241377,0.8383773341918866
0.32076866223207684,0.8383773341918866
0.3208477082306555,0.8383773341918866
0.32068030564456496,0.8377334191886671
0.3205918618988903,0.8370895041854475
0.3206709422792304,0.8370895041854475
0.32075006168270415,0.8370895041854475
0.32082922013820336,0.8370895041854475
0.3207407407407407,0.836445589182228
0.3208199555445789,0.836445589182228
0.32097850259451444,0.836445589182228
0.3212960672767747,0.836445589182228
0.32137555665512124,0.836445589182228
0.3214550853749072,0.836445589182228
0.32153465346534654,0.836445589182228
0.3216142609556821,0.836445589182228
0.32169390787518576,0.836445589182228
0.3217649975210709,0.8358016741790084
0.3218447805603769,0.8358016741790084
0.3219246031746032,0.8358016741790084
0.3220843672456576,0.8358016741790084
0.3221643087614793,0.8358016741790084
0.32224428997020854,0.8358016741790084
0.3225646123260437,0.8358016741790084
0.3226447924434502,0.8358016741790084
0.32272501243162605,0.8358016741790084
0.3228052723203183,0.8358016741790084
0.32288557213930347,0.8358016741790084
0.32296591191838764,0.8358016741790084
0.3230462916874067,0.8358016741790084
0.323126711476226,0.8358016741790084
0.323207171314741,0.8358016741790084
0.3232876712328767,0.8358016741790084
0.32336821126058796,0.8358016741790084
0.3234487914278595,0.8358016741790084
0.3236100723011718,0.8358016741790084
0.3236907730673317,0.8358016741790084
0.3237715140932901,0.8358016741790084
0.32385229540918165,0.8358016741790084
0.32393311704517097,0.8358016741790084
0.3240948813982522,0.8358016741790084
0.3241758241758242,0.8358016741790084
0.3243378310844578,0.8358016741790084
0.32441889527618095,0.8358016741790084
0.3245811452863216,0.8358016741790084
0.3246623311655828,0.8358016741790084
0.3247435576682512,0.8358016741790084
0.32482482482482483,0.8358016741790084
0.32473710565848773,0.8351577591757888
0.3248184322564488,0.8351577591757888
0.3246492985971944,0.8345138441725692
0.324730643948885,0.8345138441725692
0.324812030075188,0.8345138441725692
0.324974924774323,0.8345138441725692
0.325137982940291,0.8345138441725692
0.3252195734002509,0.8345138441725692
0.3253012048192771,0.8345138441725692
0.32546459065796085,0.8345138441725692
0.32529515197186637,0.8338699291693497
0.32537688442211055,0.8338699291693497
0.3254586579542599,0.8338699291693497
0.32528908999497236,0.8332260141661301
0.3253708825748051,0.8332260141661301
0.32520120724346074,0.8325820991629105
0.32528301886792454,0.8325820991629105
0.3253648716658279,0.8325820991629105
0.32544676566826075,0.8325820991629105
0.32561067741123145,0.8325820991629105
0.3257747543461829,0.8325820991629105
0.3258568548387097,0.8325820991629105
0.32593899672296445,0.8325820991629105
0.3260211800302572,0.8325820991629105
0.3261856710393542,0.8325820991629105
0.32626797880393643,0.8325820991629105
0.32635032811711256,0.8325820991629105
0.3264327190103509,0.8325820991629105
0.32668014148559876,0.8325820991629105
0.32676269901440486,0.8325820991629105
0.326845298281092,0.8325820991629105
0.3268403743991905,0.8319381841596909
0.3269230769230769,0.8319381841596909
0.3270058213110605,0.8319381841596909
0.3271714358065333,0.8319381841596909
0.3272543059777102,0.8319381841596909
0.32733721814035976,0.8319381841596909
0.32742017232640647,0.8319381841596909
0.3272496831432193,0.8312942691564713
0.32733265720081134,0.8312942691564713
0.32741567334516863,0.8312942691564713
0.32749873160832066,0.8312942691564713
0.3275818320223294,0.8312942691564713
0.32757745048247844,0.8306503541532517
0.32766065532131067,0.8306503541532517
0.3277439024390244,0.8306503541532517
0.327910523640061,0.8306503541532517
0.32799389778794813,0.8306503541532517
0.328160773340117,0.8306503541532517
0.32798982188295167,0.8300064391500322
0.32807330109442606,0.8300064391500322
0.3281568228105906,0.8300064391500322
0.32824038706391645,0.8300064391500322
0.3283239938869078,0.8300064391500322
0.32865884752677205,0.8300064391500322
0.3287426676868146,0.8300064391500322
0.32882653061224487,0.8300064391500322
0.32891043633579997,0.8300064391500322
0.3289943848902501,0.8300064391500322
0.3290783763083993,0.8300064391500322
0.32916241062308477,0.8300064391500322
0.32924648786717753,0.8300064391500322
0.329330608073582,0.8300064391500322
0.3294147712752364,0.8300064391500322
0.3294989775051125,0.8300064391500322
0.3293275377141396,0.8293625241468127
0.32941176470588235,0.8293625241468127
0.3294960347915068,0.8293625241468127
0.3295803480040942,0.8293625241468127
0.3294087535193243,0.8287186091435931
0.3294930875576037,0.8287186091435931
0.3293213828425096,0.8280746941403735
0.32949013579297975,0.8280746941403735
0.3295745771399282,0.8280746941403735
0.32974358974358975,0.8280746941403735
0.32982816106694024,0.8280746941403735
0.32991277578245254,0.8280746941403735
0.3299974339235309,0.8280746941403735
0.330082135523614,0.8280746941403735
0.3301668806161746,0.8280746941403735
0.3302516692347201,0.8280746941403735
0.3303365014127922,0.8280746941403735
0.33042137718396714,0.8280746941403735
0.33050629658185554,0.8280746941403735
0.33059125964010283,0.8280746941403735
0.3306762663923888,0.8280746941403735
0.330761316872428,0.8280746941403735
0.3308464111139696,0.8280746941403735
0.33127253992787226,0.8280746941403735
0.33135789744911104,0.8280746941403735
0.33144329896907215,0.8280746941403735
0.331528744521784,0.8280746941403735
0.33161423414130997,0.8280746941403735
0.33169976786174876,0.8280746941403735
0.3317853457172343,0.8280746941403735
0.3318709677419355,0.8280746941403735
0.33178414665633876,0.8274307791371539
0.3318698347107438,0.8274307791371539
0.33195556703694135,0.8274307791371539
0.33204034134988364,0.8267868641339343
0.3321262286601138,0.8267868641339343
0.33221216041397156,0.8267868641339343
0.33229813664596275,0.8267868641339343
0.33238415739062904,0.8267868641339343
0.3324702226825479,0.8267868641339343
0.33264248704663213,0.8267868641339343
0.3327286861881316,0.8267868641339343
0.3328149300155521,0.8267868641339343
0.3329875518672199,0.8267868641339343
0.33324682065922656,0.8267868641339343
0.3333333333333333,0.8267868641339343
0.33341989093741886,0.8267868641339343
0.33324675324675324,0.8261429491307147
0.3333333333333333,0.8261429491307147
0.3334199584199584,0.8261429491307147
0.3335066285417208,0.8261429491307147
0.3335933437337493,0.8261429491307147
0.3337669094693028,0.8261429491307147
0.3338537600832683,0.8261429491307147
0.33394065590838107,0.8261429491307147
0.33402759697995316,0.8261429491307147
0.33428869202709743,0.8261429491307147
0.3343758144383633,0.8261429491307147
0.33446298227320126,0.8261429491307147
0.33428943937418515,0.8254990341274951
0.33437663015127805,0.8254990341274951
0.33464052287581697,0.824211204121056
0.33472803347280333,0.824211204121056
0.33481558985090243,0.824211204121056
0.3346415489272632,0.8235672891178365
0.33472912850039255,0.8235672891178365
0.33481675392670157,0.8235672891178365
0.33490442524221,0.8235672891178365
0.3349921424829754,0.8235672891178365
0.335079905685093,0.8235672891178365
0.33516771488469604,0.8235672891178365
0.3352555701179554,0.8235672891178365
0.33543141883031735,0.8235672891178365
0.3355194123819517,0.8235672891178365
0.33560745211230647,0.8235672891178365
0.33569553805774277,0.8235672891178365
0.33578367025466,0.8235672891178365
0.33587184873949577,0.8235672891178365
0.33596007354872603,0.8235672891178365
0.3357856016815554,0.8229233741146169
0.3358738501971091,0.8229233741146169
0.3359621451104101,0.8229233741146169
0.3360504864580594,0.8229233741146169
0.33587585481325616,0.8222794591113973
0.3359642199421205,0.8222794591113973
0.3360526315789474,0.8222794591113973
0.3362295945234334,0.8222794591113973
0.3363181459046616,0.8222794591113973
0.3361433087460485,0.8216355441081777
0.336231884057971,0.8216355441081777
0.33614553124176116,0.8209916291049582
0.3362341772151899,0.8209916291049582
0.336322869955157,0.8209916291049582
0.33641160949868076,0.8209916291049582
0.3362364740036949,0.8203477141017386
0.336325237592397,0.8203477141017386
0.3364140480591497,0.8203477141017386
0.3365029054410988,0.8203477141017386
0.33659180977542935,0.8203477141017386
0.33668076109936573,0.8203477141017386
0.33676975945017185,0.8203477141017386
0.33685880486515074,0.8203477141017386
0.33694789738164505,0.8203477141017386
0.337037037037037,0.8203477141017386
0.33686160359883566,0.819703799098519
0.3369507676019058,0.819703799098519
0.33703997881916864,0.819703799098519
0.3372185430463576,0.819703799098519
0.3370429252782194,0.8190598840952994
0.33713225549960246,0.8190598840952994
0.33731105807478123,0.8190598840952994
0.3374005305039788,0.8190598840952994
0.33784860557768925,0.8190598840952994
0.3379383634431456,0.8190598840952994
0.3380281690140845,0.8190598840952994
0.33811802232854865,0.8190598840952994
0.33820792342462114,0.8190598840952994
0.3382978723404255,0.8190598840952994
0.3383878691141261,0.8190598840952994
0.3385680063880756,0.8190598840952994
0.3383919062832801,0.8184159690920798
0.3384820239680426,0.8184159690920798
0.33857218966435804,0.8184159690920798
0.33866240341060483,0.8184159690920798
0.33875266524520253,0.8184159690920798
0.33884297520661155,0.8184159690920798
0.3389333333333333,0.8184159690920798
0.33902373966391036,0.8184159690920798
0.33884738527214514,0.8177720540888602
0.3389378169202028,0.8177720540888602
0.3390282968499733,0.8177720540888602
0.3392094017094017,0.8177720540888602
0.33903286134117017,0.8171281390856407
0.33912346338856225,0.8171281390856407
0.3392141138732959,0.8171281390856407
0.3393048128342246,0.8171281390856407
0.3394863563402889,0.8171281390856407
0.3395772009633396,0.8171281390856407
0.33966809421841543,0.8171281390856407
0.3397590361445783,0.8171281390856407
0.33985002678093196,0.8171281390856407
0.339941066166622,0.8171281390856407
0.34012329134280356,0.8171281390856407
0.34021447721179626,0.8171281390856407
0.3403057119871279,0.8171281390856407
0.3403969957081545,0.8171281390856407
0.3402200160987389,0.8164842240824212
0.34004294149221687,0.8158403090792016
0.34022556390977443,0.8158403090792016
0.3403169486972871,0.8158403090792016
0.3404083825900054,0.8158403090792016
0.3404998656275195,0.8158403090792016
0.34059139784946235,0.8158403090792016
0.34068297929550956,0.8158403090792016
0.34077461000537923,0.8158403090792016
0.3408662900188324,0.8158403090792016
0.34095801937567277,0.8158403090792016
0.341049798115747,0.8158403090792016
0.3411416262789445,0.8158403090792016
0.34141740770681756,0.8158403090792016
0.34150943396226413,0.8158403090792016
0.3416936353829558,0.8158403090792016
0.3417858106285406,0.8158403090792016
0.3418780356179169,0.8158403090792016
0.3417004048582996,0.815196394075982
0.341792656587473,0.815196394075982
0.341884958142047,0.815196394075982
0.3419773095623987,0.815196394075982
0.3417995136449608,0.8145524790727624
0.3417139767504731,0.8139085640695428
0.34180638182801515,0.8139085640695428
0.34189883689477957,0.8139085640695428
0.341991341991342,0.8139085640695428
0.34208389715832205,0.8139085640695428
0.3421765024363833,0.8139085640695428
0.3422691578662334,0.8139085640695428
0.34273318872017355,0.8139085640695428
0.3425549227013832,0.8132646490663232
0.3426478567552903,0.8132646490663232
0.34274084124830395,0.8132646490663232
0.34283387622149836,0.8132646490663232
0.3429269617159924,0.8132646490663232
0.3430200977729495,0.8132646490663232
0.34293478260869564,0.8126207340631036
0.3430279967382441,0.8126207340631036
0.34284937466014137,0.8119768190598841
0.34303590859630034,0.8119768190598841
0.34312925170068026,0.8119768190598841
0.3432226456178552,0.8119768190598841
0.3431372549019608,0.8113329040566645
0.3432307273222555,0.8113329040566645
0.34341782502044155,0.8113329040566645
0.34360512680665395,0.8113329040566645
0.3435197817189632,0.810688989053445
0.34361353711790393,0.810688989053445
0.3437073437073437,0.810688989053445
0.34389511062551215,0.810688989053445
0.3439890710382514,0.810688989053445
0.3440830828095108,0.810688989053445
0.3441771459814106,0.810688989053445
0.344271260596117,0.810688989053445
0.34418604651162793,0.8100450740502254
0.34428024083196496,0.8100450740502254
0.34437448672324117,0.8100450740502254
0.34446878422782035,0.8100450740502254
0.34456313338811284,0.8100450740502254
0.34465753424657536,0.8100450740502254
0.3447519868457112,0.8100450740502254
0.34484649122807015,0.8100450740502254
0.344941047436249,0.8100450740502254
0.34503565551289084,0.8100450740502254
0.34513031550068585,0.8100450740502254
0.34522502744237105,0.8100450740502254
0.3450452923414768,0.8094011590470058
0.34514003294892914,0.8094011590470058
0.3449601757758857,0.8087572440437862
0.34505494505494505,0.8087572440437862
0.3452446399120396,0.8087572440437862
0.3455295735900963,0.8087572440437862
0.3456246560264172,0.8087572440437862
0.3458149779735683,0.8087572440437862
0.3459102175709171,0.8087572440437862
0.34600550964187327,0.8087572440437862
0.3461008542298154,0.8087572440437862
0.3461962513781698,0.8087572440437862
0.3462917011304108,0.8087572440437862
0.3463872035300607,0.8087572440437862
0.34648275862068967,0.8087572440437862
0.3465783664459161,0.8087572440437862
0.34676974047487574,0.8087572440437862
0.34715312327252623,0.8087572440437862
0.34724910146530275,0.8087572440437862
0.3473451327433628,0.8087572440437862
0.3474412171507607,0.8087572440437862
0.34753735473159936,0.8087572440437862
0.34763354553003045,0.8087572440437862
0.3477297895902547,0.8087572440437862
0.34782608695652173,0.8087572440437862
0.3479224376731302,0.8087572440437862
0.3480188417844278,0.8087572440437862
0.34811529933481156,0.8087572440437862
0.3479345716662046,0.8081133290405667
0.34803105934553524,0.8081133290405667
0.34812760055478503,0.8081133290405667
0.3482241953385128,0.8081133290405667
0.34832084374132666,0.8081133290405667
0.34841754580788453,0.8081133290405667
0.34851430158289365,0.8081133290405667
0.3486111111111111,0.8081133290405667
0.3487079744373437,0.8081133290405667
0.348804891606448,0.8081133290405667
0.34899888765294773,0.8081133290405667
0.34909596662030595,0.8081133290405667
0.34919309961046185,0.8081133290405667
0.34929028666852213,0.8081133290405667
0.34938752783964366,0.8081133290405667
0.3494848231690337,0.8081133290405667
0.34958217270194986,0.8081133290405667
0.34940094733909166,0.8074694140373471
0.3494983277591973,0.8074694140373471
0.3496932515337423,0.8074694140373471
0.3497907949790795,0.8074694140373471
0.34988839285714285,0.8074694140373471
0.3497069494836729,0.8068254990341275
0.3498045784477945,0.8068254990341275
0.34990226193800616,0.8068254990341275
0.35,0.8068254990341275
0.3498183850237497,0.8061815840309079
0.34991615427613193,0.8061815840309079
0.3502097902097902,0.8061815840309079
0.35060207224866985,0.8061815840309079
0.3507002801120448,0.8061815840309079
0.3507985430092463,0.8061815840309079
0.3508968609865471,0.8061815840309079
0.35099523409027195,0.8061815840309079
0.3511921458625526,0.8061815840309079
0.351010101010101,0.8055376690276883
0.3512071869736103,0.8055376690276883
0.351123595505618,0.8048937540244687
0.3509412756392245,0.8042498390212492
0.3510399100618325,0.8042498390212492
0.35113859994377283,0.8042498390212492
0.35095613048368957,0.8036059240180297
0.3510548523206751,0.8036059240180297
0.35125246270757104,0.8036059240180297
0.35135135135135137,0.8036059240180297
0.35145029569135455,0.8036059240180297
0.3515492957746479,0.8036059240180297
0.35184663095573726,0.8036059240180297
0.35194585448392557,0.8036059240180297
0.35214446952595935,0.8036059240180297
0.3522438611346317,0.8036059240180297
0.3524428127647557,0.8036059240180297
0.3526419892625035,0.8036059240180297
0.3527416619559073,0.8036059240180297
0.35284139100932993,0.8036059240180297
0.35294117647058826,0.8036059240180297
0.35304101838755303,0.8036059240180297
0.3531409168081494,0.8036059240180297
0.3532408717803566,0.8036059240180297
0.35334088335220837,0.8036059240180297
0.35344095157179267,0.8036059240180297
0.35325779036827193,0.8029620090148101
0.35307452536129214,0.8023180940115905
0.3531746031746032,0.8023180940115905
0.3529912106606181,0.8016741790083709
0.3530913216108905,0.8016741790083709
0.35319148936170214,0.8016741790083709
0.3532917139614075,0.8016741790083709
0.3533919954584161,0.8016741790083709
0.3534923339011925,0.8016741790083709
0.35350951974992895,0.8010302640051513
0.3537105487631504,0.8010302640051513
0.35381114903299204,0.8010302640051513
0.3539118065433855,0.8010302640051513
0.35401252134319866,0.8010302640051513
0.3538286364930259,0.8003863490019317
0.35392938496583143,0.8003863490019317
0.3540301908288237,0.8003863490019317
0.3541310541310541,0.8003863490019317
0.3542319749216301,0.8003863490019317
0.3543329532497149,0.8003863490019317
0.35443398916452806,0.8003863490019317
0.3545350827153451,0.8003863490019317
0.35463623395149785,0.8003863490019317
0.3547374429223744,0.8003863490019317
0.3548387096774194,0.8003863490019317
0.35494003426613363,0.8003863490019317
0.3550414167380748,0.8003863490019317
0.35514285714285715,0.8003863490019317
0.3552443555301515,0.8003863490019317
0.3553459119496855,0.8003863490019317
0.35544752645124394,0.8003863490019317
0.3555491990846682,0.8003863490019317
0.3556509298998569,0.8003863490019317
0.3557527189467659,0.8003863490019317
0.35585456627540796,0.8003863490019317
0.3559564719358534,0.8003863490019317
0.3562625394095729,0.8003863490019317
0.3563646788990826,0.8003863490019317
0.35656913367756743,0.8003863490019317
0.35667144906743187,0.8003863490019317
0.3567738231917336,0.8003863490019317
0.35669155657668006,0.7997424339987121
0.3567940247055444,0.7997424339987121
0.3568965517241379,0.7997424339987121
0.3572044866264021,0.7997424339987121
0.357307249712313,0.7997424339987121
0.3571223021582734,0.7990985189954926
0.3572251007484168,0.7990985189954926
0.35732795853728766,0.7990985189954926
0.35724575050417745,0.798454603992273
0.3573487031700288,0.798454603992273
0.3575547866205306,0.798454603992273
0.3576579175079319,0.798454603992273
0.3577611079053664,0.798454603992273
0.3578643578643579,0.798454603992273
0.3579676674364896,0.798454603992273
0.35807103667340456,0.798454603992273
0.35770008668015024,0.7971667739858339
0.3578034682080925,0.7971667739858339
0.3579069095114195,0.7971667739858339
0.3580104106419896,0.7971667739858339
0.35811397165172115,0.7971667739858339
0.3582175925925926,0.7971667739858339
0.35832127351664256,0.7971667739858339
0.35823921227917754,0.7965228589826143
0.35834298957126304,0.7965228589826143
0.35844682700666475,0.7965228589826143
0.3585507246376812,0.7965228589826143
0.3586546825166715,0.7965228589826143
0.3587587006960557,0.7965228589826143
0.3588627792283145,0.7965228589826143
0.3589669181659896,0.7965228589826143
0.3591753774680604,0.7965228589826143
0.3592796979378449,0.7965228589826143
0.35938407902382336,0.7965228589826143
0.35948852077884336,0.7965228589826143
0.35959302325581394,0.7965228589826143
0.3596975865077057,0.7965228589826143
0.3598022105875509,0.7965228589826143
0.3599068955484434,0.7965228589826143
0.360011641443539,0.7965228589826143
0.3601164483260553,0.7965228589826143
0.360221316249272,0.7965228589826143
0.36032624526653073,0.7965228589826143
0.36043123543123545,0.7965228589826143
0.36064139941690965,0.7965228589826143
0.36074657334499854,0.7965228589826143
0.36085180863477245,0.7965228589826143
0.36095710533994746,0.7965228589826143
0.3611678832116788,0.7965228589826143
0.36098130841121495,0.7958789439793947
0.36108676599474143,0.7958789439793947
0.3611922852133255,0.7958789439793947
0.3612978661210172,0.7958789439793947
0.3615092132202398,0.7958789439793947
0.3614281533508926,0.7952350289761752
0.36153395784543324,0.7952350289761752
0.3616398243045388,0.7952350289761752
0.36174575278265964,0.7952350289761752
0.36185174333430997,0.7952350289761752
0.361957796014068,0.7952350289761752
0.3620639108765758,0.7952350289761752
0.3621700879765396,0.7952350289761752
0.36238262910798125,0.7952350289761752
0.3624889932491928,0.7952350289761752
0.36259541984732824,0.7952350289761752
0.36270190895741555,0.7952350289761752
0.3628084606345476,0.7952350289761752
0.36312849162011174,0.7952350289761752
0.36323529411764705,0.7952350289761752
0.3633421594586643,0.7952350289761752
0.36344908769864626,0.7952350289761752
0.3632617015013247,0.7945911139729556
0.36336866902237924,0.7945911139729556
0.36347569955817377,0.7945911139729556
0.3635827931644078,0.7945911139729556
0.36368994989684644,0.7945911139729556
0.36379716981132076,0.7945911139729556
0.3640117994100295,0.7945911139729556
0.3641192092062555,0.7945911139729556
0.3643342190729259,0.7945911139729556
0.364441819255759,0.7945911139729556
0.36476500147797813,0.7945911139729556
0.3646850044365572,0.793947198969736
0.364792899408284,0.793947198969736
0.36490085824208346,0.793947198969736
0.3650088809946714,0.793947198969736
0.3651169677228309,0.793947198969736
0.3652251184834123,0.793947198969736
0.36533333333333334,0.793947198969736
0.3654416123295791,0.793947198969736
0.36565836298932386,0.793947198969736
0.3657668347671314,0.793947198969736
0.3658753709198813,0.793947198969736
0.36568714752151976,0.7933032839665164
0.3657957244655582,0.7933032839665164
0.3659043659043659,0.7933032839665164
0.3657159833630422,0.7926593689632968
0.36582466567607724,0.7926593689632968
0.36604222420457927,0.7926593689632968
0.3661511005353956,0.7926593689632968
0.36626004165426956,0.7926593689632968
0.3663690476190476,0.7926593689632968
0.3664781184876451,0.7926593689632968
0.36658725431804645,0.7926593689632968
0.366696455168305,0.7926593689632968
0.366507747318236,0.7920154539600772
0.36661698956780925,0.7920154539600772
0.3667262969588551,0.7920154539600772
0.366945107398568,0.7920154539600772
0.3667561921814384,0.7913715389568577
0.36686567164179107,0.7913715389568577
0.3669752164825321,0.7913715389568577
0.36708482676224613,0.7913715389568577
0.3671945025395877,0.7913715389568577
0.36730424387328153,0.7913715389568577
0.3674140508221226,0.7913715389568577
0.3672248803827751,0.7907276239536382
0.36733472928507327,0.7907276239536382
0.36744464392579296,0.7907276239536382
0.36725531278060464,0.7900837089504186
0.36736526946107784,0.7900837089504186
0.3671758011380653,0.789439793947199
0.36728579988016774,0.789439793947199
0.3673958645489961,0.789439793947199
0.3675059952038369,0.789439793947199
0.367616191904048,0.789439793947199
0.3677264547090582,0.789439793947199
0.36783678367836786,0.789439793947199
0.3679471788715486,0.789439793947199
0.3680576403482438,0.789439793947199
0.36816816816816816,0.789439793947199
0.36827876239110846,0.789439793947199
0.3683894230769231,0.789439793947199
0.3685001502855425,0.789439793947199
0.3686109440769693,0.789439793947199
0.3687218045112782,0.789439793947199
0.36883273164861613,0.789439793947199
0.3689437255492025,0.789439793947199
0.36908707442000604,0.7887958789439794
0.3691983122362869,0.7887958789439794
0.36930961712390714,0.7887958789439794
0.3691194209891435,0.7881519639407598
0.36923076923076925,0.7881519639407598
0.36945366737096286,0.7881519639407598
0.3695652173913043,0.7881519639407598
0.3693748112352764,0.7875080489375402
0.3694864048338369,0.7875080489375402
0.3695980658809308,0.7875080489375402
0.3694074969770254,0.7868641339343206
0.36963097398669087,0.7868641339343206
0.3697428139183056,0.7868641339343206
0.3698547215496368,0.7868641339343206
0.36996669694217377,0.7868641339343206
0.3695849742502272,0.7855763039278815
0.36980903304031526,0.7855763039278815
0.3696179502728927,0.784932388924662
0.3695388349514563,0.7842884739214424
0.36957181901002123,0.7836445589182228
0.36968408262454433,0.7836445589182228
0.3697964144636888,0.7836445589182228
0.37002128306476134,0.7836445589182228
0.36982968369829683,0.7830006439150032
0.3699421965317919,0.7830006439150032
0.37005477784540475,0.7830006439150032
0.3698630136986301,0.7823567289117836
0.3699756394640682,0.7823567289117836
0.3700883338409991,0.7823567289117836
0.36989640463132234,0.7817128139085641
0.37000914355379455,0.7817128139085641
0.3701219512195122,0.7817128139085641
0.37023482769136934,0.7817128139085641
0.3703477730323368,0.7817128139085641
0.37046078730546234,0.7817128139085641
0.3702686202686203,0.7810688989053445
0.370381679389313,0.7810688989053445
0.370494807574832,0.7810688989053445
0.370721271393643,0.7810688989053445
0.3705288902476307,0.7804249839021249
0.3706422018348624,0.7804249839021249
0.3708690330477356,0.7804249839021249
0.3709825528007346,0.7804249839021249
0.37143732761262643,0.7804249839021249
0.37124463519313305,0.7797810688989053
0.37135847899417357,0.7797810688989053
0.37147239263803683,0.7797810688989053
0.37170042971147943,0.7797810688989053
0.3718145532698803,0.7797810688989053
0.37192874692874694,0.7797810688989053
0.3717357910906298,0.7791371538956857
0.3718500307314075,0.7791371538956857
0.3719643406086689,0.7791371538956857
0.3721931713318979,0.7791371538956857
0.372,0.7784932388924662
0.3721144967682364,0.7784932388924662
0.37222906403940886,0.7784932388924662
0.37234370187865723,0.7784932388924662
0.3724584103512015,0.7784932388924662
0.3725731895223421,0.7784932388924662
0.37268803945745993,0.7784932388924662
0.37280296022201664,0.7784932388924662
0.3729179518815546,0.7784932388924662
0.373033014501697,0.7784932388924662
0.37326335288669343,0.7784932388924662
0.3733786287831995,0.7784932388924662
0.37349397590361444,0.7784932388924662
0.37360939431396784,0.7784932388924662
0.3738404452690167,0.7784932388924662
0.37407178217821785,0.7784932388924662
0.3738780563293098,0.7778493238892467
0.3736842105263158,0.7772054088860271
0.3737999380613193,0.7772054088860271
0.3739157372986369,0.7772054088860271
0.37403160830492715,0.7772054088860271
0.37414755114693116,0.7772054088860271
0.37426356589147286,0.7772054088860271
0.3740694789081886,0.7765614938828075
0.3743016759776536,0.7765614938828075
0.37441788264514125,0.7765614938828075
0.37453416149068325,0.7765614938828075
0.3746505125815471,0.7765614938828075
0.3747669359850839,0.7765614938828075
0.3748834317687286,0.7765614938828075
0.375,0.7765614938828075
0.37511664074650075,0.7765614938828075
0.37523335407591785,0.7765614938828075
0.3753501400560224,0.7765614938828075
0.37546699875467,0.7765614938828075
0.3760523854069224,0.7765614938828075
0.37616968184653776,0.7765614938828075
0.37597503900156004,0.7759175788795879
0.3757802746566791,0.7752736638763683
0.3758975960037465,0.7752736638763683
0.3760149906308557,0.7752736638763683
0.3759375,0.7746297488731487
0.37605501719287276,0.7746297488731487
0.37617260787992496,0.7746297488731487
0.376290272130122,0.7746297488731487
0.37640801001251567,0.7746297488731487
0.37652582159624415,0.7746297488731487
0.37664370695053223,0.7746297488731487
0.3764484810523019,0.7739858338699291
0.37656641604010027,0.7739858338699291
0.37668442494515825,0.7739858338699291
0.3768025078369906,0.7739858338699291
0.37672521957340027,0.7733419188667096
0.37696170747018204,0.7733419188667096
0.3770800627943485,0.7733419188667096
0.3771984924623116,0.7733419188667096
0.37731699654414075,0.7733419188667096
0.3774355751099937,0.7733419188667096
0.3772813089993707,0.7720540888602705
0.37708530059804846,0.7714101738570509
0.37720403022670024,0.7714101738570509
0.37744171392564585,0.7714101738570509
0.3775606681374094,0.7714101738570509
0.3776796973518285,0.7714101738570509
0.37779880163986124,0.7714101738570509
0.3779179810725552,0.7714101738570509
0.37815656565656564,0.7714101738570509
0.37827597095042625,0.7714101738570509
0.37839545167403665,0.7714101738570509
0.37851500789889414,0.7714101738570509
0.3786346396965866,0.7714101738570509
0.3787543471387923,0.7714101738570509
0.3788741302972802,0.7714101738570509
0.37899398924391015,0.7714101738570509
0.37911392405063293,0.7714101738570509
0.37923393478949036,0.7714101738570509
0.3793540215326156,0.7714101738570509
0.3794741843522331,0.7714101738570509
0.37971473851030113,0.7714101738570509
0.37983512999365887,0.7714101738570509
0.37995559784332383,0.7714101738570509
0.37987940336401144,0.7707662588538313
0.38,0.7707662588538313
0.3801206732295967,0.7707662588538313
0.3802414231257942,0.7707662588538313
0.38004448681283765,0.7701223438506117
0.38016528925619836,0.7701223438506117
0.38028616852146263,0.7701223438506117
0.38040712468193383,0.7701223438506117
0.38064926798217696,0.7701223438506117
0.3807704552690226,0.7701223438506117
0.3811344805608668,0.7701223438506117
0.3812559770481352,0.7701223438506117
0.38137755102040816,0.7701223438506117
0.3817427385892116,0.7701223438506117
0.3818646232439336,0.7701223438506117
0.3819865857553497,0.7701223438506117
0.38210862619808306,0.7701223438506117
0.382230744646852,0.7701223438506117
0.38235294117647056,0.7701223438506117
0.3824752158618484,0.7701223438506117
0.3824,0.7694784288473921
0.38264489273134805,0.7694784288473921
0.38281500480923375,0.7688345138441726
0.38273981392364453,0.768190598840953
0.38286264441591783,0.768190598840953
0.3829855537720706,0.768190598840953
0.3833547557840617,0.768190598840953
0.38347798135647704,0.768190598840953
0.3836012861736334,0.768190598840953
0.38461538461538464,0.7662588538312942
0.3847397348852247,0.7662588538312942
0.3848641655886158,0.7662588538312942
0.3849886768036234,0.7662588538312942
0.38478964401294496,0.7656149388280747
0.38459048235674975,0.7649710238248552
0.3848396501457726,0.7649710238248552
0.3849643551523007,0.7649710238248552
0.38508914100486225,0.7649710238248552
0.38558909444985395,0.7649710238248552
0.38571428571428573,0.7649710238248552
0.38583955829814875,0.7649710238248552
0.38596491228070173,0.7649710238248552
0.38609034774130646,0.7649710238248552
0.3862158647594278,0.7649710238248552
0.38634146341463416,0.7649710238248552
0.38646714378659724,0.7649710238248552
0.38659290595509277,0.7649710238248552
0.3863932291666667,0.7643271088216356
0.3865190491696516,0.7643271088216356
0.38677093515803196,0.7643271088216356
0.38689700130378096,0.7643271088216356
0.38714938030006524,0.7643271088216356
0.38740208877284593,0.7643271088216356
0.3876551273677335,0.7643271088216356
0.387781770663182,0.7643271088216356
0.38790849673202615,0.7643271088216356
0.38783518639633746,0.763683193818416
0.38796205430160285,0.763683193818416
0.3880890052356021,0.763683193818416
0.3882160392798691,0.763683193818416
0.3883431565160445,0.763683193818416
0.3884703570258762,0.763683193818416
0.3887250081940347,0.763683193818416
0.3888524590163934,0.763683193818416
0.3889799934404723,0.763683193818416
0.3894909688013136,0.763683193818416
0.3896189224704336,0.763683193818416
0.3897469602366086,0.763683193818416
0.39000328839197634,0.763683193818416
0.39038841342988806,0.763683193818416
0.3904290429042904,0.7617514488087572
0.3905579399141631,0.7617514488087572
0.39068692206076616,0.7617514488087572
0.39081598942847706,0.7617514488087572
0.39094514210178455,0.7617514488087572
0.3910743801652893,0.7617514488087572
0.39133311280185246,0.7617514488087572
0.3914626075446724,0.7617514488087572
0.39159218801721285,0.7617514488087572
0.39172185430463574,0.7617514488087572
0.39185160649221595,0.7617514488087572
0.3919814446653413,0.7617514488087572
0.3922413793103448,0.7617514488087572
0.39237147595356553,0.7617514488087572
0.3925016589250166,0.7617514488087572
0.39243027888446214,0.7611075338055376
0.39256061109266027,0.7611075338055376
0.3926910299003322,0.7611075338055376
0.3929521276595745,0.7611075338055376
0.3930828067841703,0.7611075338055376
0.3932135728542914,0.7611075338055376
0.3930116472545757,0.760463618802318
0.39314247669773633,0.760463618802318
0.3932733932733933,0.760463618802318
0.3934043970686209,0.760463618802318
0.3935354881706098,0.760463618802318
0.39366666666666666,0.760463618802318
0.3934644881627209,0.7598197037990985
0.3938584779706275,0.7598197037990985
0.39398998330550916,0.7598197037990985
0.39412157648630597,0.7598197037990985
0.3939191446708988,0.759175788795879
0.3940508021390374,0.759175788795879
0.39418254764292876,0.759175788795879
0.394314381270903,0.759175788795879
0.3941117430578789,0.7585318737926594
0.39424364123159306,0.7585318737926594
0.39404084365584197,0.7578879587894398
0.3941728064300067,0.7578879587894398
0.3943048576214405,0.7578879587894398
0.39443699731903487,0.7578879587894398
0.3945692256118002,0.7578879587894398
0.39449849043944984,0.7572440437862202
0.3946308724832215,0.7572440437862202
0.3947633434038268,0.7572440437862202
0.3948959032907992,0.7572440437862202
0.3950285522337924,0.7572440437862202
0.3951612903225806,0.7572440437862202
0.3952941176470588,0.7572440437862202
0.3954270342972428,0.7572440437862202
0.3955600403632694,0.7572440437862202
0.39569313593539707,0.7572440437862202
0.39548973409626387,0.7566001287830006
0.3957561468507915,0.7566001287830006
0.39555256064690025,0.7559562137797811
0.39568587799123695,0.7559562137797811
0.39581928523263654,0.7559562137797811
0.39595278246205734,0.7559562137797811
0.3960863697705803,0.7559562137797811
0.3962200472494094,0.7559562137797811
0.3963538149898717,0.7559562137797811
0.39648767308341776,0.7559562137797811
0.3966216216216216,0.7559562137797811
0.3967556606961811,0.7559562137797811
0.3968897903989182,0.7559562137797811
0.39702401082177885,0.7559562137797811
0.39715832205683355,0.7559562137797811
0.39695431472081216,0.7553122987765615
0.3970886932972241,0.7553122987765615
0.39688452421266507,0.7546683837733419
0.3970189701897019,0.7546683837733419
0.3969491525423729,0.7540244687701223
0.3968792401628223,0.7533805537669027
0.3971486761710794,0.7533805537669027
0.39741847826086957,0.7533805537669027
0.39755351681957185,0.7533805537669027
0.39768864717878993,0.7533805537669027
0.3978238694321659,0.7533805537669027
0.3979591836734694,0.7533805537669027
0.39809458999659747,0.7533805537669027
0.39823008849557523,0.7533805537669027
0.3983656792645557,0.7533805537669027
0.39850136239782014,0.7533805537669027
0.3982964224872232,0.7527366387636832
0.39843217450579416,0.7527366387636832
0.39856801909307876,0.7527366387636832
0.39870395634379263,0.7527366387636832
0.3988399863527806,0.7527366387636832
0.3989761092150171,0.7527366387636832
0.399112325025606,0.7527366387636832
0.39924863387978143,0.7527366387636832
0.3993850358729074,0.7527366387636832
0.39952153110047844,0.7527366387636832
0.39965811965811965,0.7527366387636832
0.39979480164158687,0.7527366387636832
0.4000684462696783,0.7527366387636832
0.3998630605956864,0.7520927237604637
0.40013703323055844,0.7520927237604637
0.40006856359273224,0.7514488087572441
0.4,0.7508048937540245
0.4001372683596431,0.7508048937540245
0.3999313422588397,0.7501609787508049
0.39972527472527475,0.7495170637475853
0.39986259017519754,0.7495170637475853
0.4,0.7495170637475853
0.4001375042970093,0.7495170637475853
0.3999312242090784,0.7488731487443657
0.4000687994496044,0.7488731487443657
0.4002064693737096,0.7488731487443657
0.400137741046832,0.7482292337411461
0.40027557698932137,0.7482292337411461
0.40006891798759475,0.7475853187379266
0.4,0.746941403734707
0.40013797861331496,0.746941403734707
0.4002760524499655,0.746941403734707
0.4004142216085606,0.746941403734707
0.4003454231433506,0.7462974887314875
0.4006221914967162,0.7462974887314875
0.40076071922544954,0.7462974887314875
0.40089934278796263,0.7462974887314875
0.401038062283737,0.7462974887314875
0.4011768778123918,0.7462974887314875
0.40131578947368424,0.7462974887314875
0.40145479736750955,0.7462974887314875
0.40159390159390157,0.7462974887314875
0.40173310225303294,0.7462974887314875
0.40187239944521497,0.7462974887314875
0.40201179327089837,0.7462974887314875
0.40215128383067317,0.7462974887314875
0.402290871225269,0.7462974887314875
0.40208333333333335,0.7456535737282679
0.40187565126780134,0.7450096587250483
0.4021550225929788,0.7450096587250483
0.4022948539638387,0.7450096587250483
0.40243478260869564,0.7450096587250483
0.4025748086290884,0.7450096587250483
0.40271493212669685,0.7450096587250483
0.40285515320334264,0.7450096587250483
0.4029954719609892,0.7450096587250483
0.402787456445993,0.7443657437218287
0.40292784942488674,0.7443657437218287
0.403068340306834,0.7443657437218287
0.40320892919427975,0.7443657437218287
0.4033496161898116,0.7443657437218287
0.4036312849162011,0.7443657437218287
0.4037722668529514,0.7443657437218287
0.40405452638937434,0.7443657437218287
0.4041958041958042,0.7443657437218287
0.4043371808324589,0.7443657437218287
0.4046202310115506,0.7443657437218287
0.40441176470588236,0.7437218287186091
0.40469516468114924,0.7437218287186091
0.4048370136698212,0.7437218287186091
0.40597539543058,0.7437218287186091
0.4061181434599156,0.7437218287186091
0.4062609919099543,0.7437218287186091
0.40662438336856943,0.7430779137153896
0.4067677123722242,0.7430779137153896
0.40691114245416077,0.7430779137153896
0.4070546737213404,0.7430779137153896
0.4071983062808751,0.7430779137153896
0.40734204024002824,0.7430779137153896
0.4074858757062147,0.7430779137153896
0.40762981278700106,0.7430779137153896
0.407773851590106,0.7430779137153896
0.40791799222340047,0.7430779137153896
0.40806223479490805,0.7430779137153896
0.4078528475415635,0.74243399871217
0.40799716914366596,0.74243399871217
0.40778761061946905,0.7417900837089504
0.40822111977321046,0.7417900837089504
0.40836582772066643,0.7417900837089504
0.4085106382978723,0.7417900837089504
0.40865555161404754,0.7417900837089504
0.4084457061745919,0.7411461687057308
0.40867093105899077,0.7405022537025112
0.4088162104514753,0.7405022537025112
0.4089615931721195,0.7405022537025112
0.4091070793311989,0.7405022537025112
0.4092526690391459,0.7405022537025112
0.40939836240655036,0.7405022537025112
0.4091880341880342,0.7398583386992917
0.4093338083363021,0.7398583386992917
0.4094151212553495,0.7392144236960722
0.40922087205146535,0.7372826786864134
0.40951359084406297,0.7372826786864134
0.40966010733452596,0.7372826786864134
0.4098067287043665,0.7372826786864134
0.40995345506623704,0.7372826786864134
0.4103942652329749,0.7372826786864134
0.41054141269272143,0.7372826786864134
0.411214953271028,0.7366387636831938
0.41136281912980943,0.7366387636831938
0.41210374639769454,0.7366387636831938
0.4118918918918919,0.7359948486799742
0.41204037490987744,0.7359948486799742
0.41182834475297514,0.7353509336767546
0.4128705712219812,0.7353509336767546
0.4130198915009042,0.7353509336767546
0.413318856315599,0.7353509336767546
0.41346850108616945,0.7353509336767546
0.41325606664252085,0.734707018673535
0.41355563610003626,0.734707018673535
0.4137055837563452,0.734707018673535
0.4143064633260712,0.734707018673535
0.4144569560479477,0.734707018673535
0.41424418604651164,0.7340631036703155
0.4143947655398037,0.7340631036703155
0.41454545454545455,0.7340631036703155
0.41469625318297565,0.7340631036703155
0.4149981798325446,0.7340631036703155
0.4151493080844865,0.7340631036703155
0.414936247723133,0.733419188667096
0.41508746355685133,0.733419188667096
0.41523878964637256,0.733419188667096
0.4150255288110868,0.7327752736638764
0.4163922429564581,0.7327752736638764
0.41654465592972184,0.7327752736638764
0.4166971805199561,0.7327752736638764
0.41700256504214,0.7327752736638764
0.41715542521994137,0.7327752736638764
0.4173083975064173,0.7327752736638764
0.417461482024945,0.7327752736638764
0.41761467889908255,0.7327752736638764
0.4177679882525698,0.7327752736638764
0.41792141020932794,0.7327752736638764
0.4177075679647318,0.7321313586606568
0.4178610804851158,0.7321313586606568
0.41832229580573954,0.7321313586606568
0.41847626058152376,0.7321313586606568
0.41863033873343153,0.7321313586606568
0.41878453038674035,0.7321313586606568
0.4190932546995945,0.7321313586606568
0.4192477876106195,0.7321313586606568
0.4194024345260052,0.7321313586606568
0.4195571955719557,0.7321313586606568
0.41971207087486156,0.7321313586606568
0.41986706056129985,0.7321313586606568
0.4200221647580347,0.7321313586606568
0.42017738359201773,0.7321313586606568
0.4202737698853126,0.7314874436574372
0.4198445020362829,0.7301996136509981
0.419414597999259,0.7289117836445589
0.4195700518902891,0.7289117836445589
0.41997772001485334,0.7282678686413393
0.4201337295690936,0.7282678686413393
0.4206024544440312,0.7282678686413393
0.42075892857142855,0.7282678686413393
0.42091551916635656,0.7282678686413393
0.421072226358898,0.7282678686413393
0.4211703317182259,0.7276239536381197
0.42132736763609246,0.7276239536381197
0.42111152555016784,0.7269800386349002
0.4212686567164179,0.7269800386349002
0.42142590518850315,0.7269800386349002
0.42174075457601795,0.7269800386349002
0.421898355754858,0.7269800386349002
0.42205607476635515,0.7269800386349002
0.42221391174270756,0.7269800386349002
0.4223718668163113,0.7269800386349002
0.4221556886227545,0.7263361236316807
0.4223137401722201,0.7263361236316807
0.4222555264143874,0.7256922086284611
0.4224137931034483,0.7256922086284611
0.4225721784776903,0.7256922086284611
0.4223555888972243,0.7250482936252415
0.4225140712945591,0.7250482936252415
0.4231491920330703,0.7250482936252415
0.42330827067669174,0.7250482936252415
0.42346746897329823,0.7250482936252415
0.4236267870579383,0.7250482936252415
0.4237862250658638,0.7250482936252415
0.4239457831325301,0.7250482936252415
0.42388847023360965,0.7244043786220219
0.4240482472672446,0.7244043786220219
0.4239909468125236,0.7237604636188023
0.42377358490566036,0.7231165486155827
0.42355605889014725,0.7224726336123631
0.4233383685800604,0.7218287186091435
0.4234982999622214,0.7218287186091435
0.4236583522297808,0.7218287186091435
0.4238185255198488,0.7218287186091435
0.4236006051437216,0.721184803605924
0.42376087779038973,0.721184803605924
0.4239212717638153,0.721184803605924
0.4240817872018175,0.721184803605924
0.42424242424242425,0.721184803605924
0.4244031830238727,0.721184803605924
0.4241849886277483,0.7205408886027045
0.4243458475540387,0.7205408886027045
0.42466793168880457,0.7205408886027045
0.42482915717539865,0.7205408886027045
0.4246107102164831,0.7198969735994849
0.4247720364741641,0.7198969735994849
0.42455340174838463,0.7192530585962653
0.42433460076045626,0.7186091435930457
0.424057860677579,0.7173213135866066
0.4242193450114242,0.7173213135866066
0.42438095238095236,0.7173213135866066
0.4248665141113654,0.7173213135866066
0.42442748091603055,0.7160334835801674
0.4245895379915999,0.7160334835801674
0.4246941896024465,0.7153895685769478
0.42447418738049714,0.7147456535737282
0.4246365723029839,0.7147456535737282
0.42479908151549944,0.7147456535737282
0.42512447338184606,0.7147456535737282
0.42528735632183906,0.7147456535737282
0.4254503641241855,0.7147456535737282
0.4256134969325153,0.7147456535737282
0.42610364683301344,0.7147456535737282
0.4265949269792467,0.7147456535737282
0.4269230769230769,0.7147456535737282
0.42708734128510967,0.7147456535737282
0.42725173210161665,0.7147456535737282
0.4274162495186754,0.7147456535737282
0.4275808936825886,0.7147456535737282
0.4277456647398844,0.7147456535737282
0.4279105628373169,0.7147456535737282
0.4280755881218666,0.7147456535737282
0.42824074074074076,0.7147456535737282
0.42857142857142855,0.7147456535737282
0.4287369640787949,0.7147456535737282
0.4290684190181678,0.7147456535737282
0.42923433874709976,0.7147456535737282
0.42940038684719534,0.7147456535737282
0.42951456310679614,0.71216999356085
0.42979385453131075,0.7115260785576304
0.42996108949416345,0.7115260785576304
0.4301284546516154,0.7115260785576304
0.4302959501557632,0.7115260785576304
0.4304635761589404,0.7115260785576304
0.4302416212003118,0.7108821635544108
0.43057722308892354,0.7108821635544108
0.4309133489461358,0.7108821635544108
0.43108160874658336,0.7108821635544108
0.430859375,0.7102382485511912
0.4310277452129738,0.7102382485511912
0.4311962470680219,0.7102382485511912
0.4313648807195933,0.7102382485511912
0.43131115459882585,0.7095943335479716
0.43142633228840127,0.708950418544752
0.4315954527636221,0.708950418544752
0.43137254901960786,0.7083065035415326
0.4315417810906238,0.7083065035415326
0.4317111459968603,0.7083065035415326
0.43188064389477815,0.7083065035415326
0.43205027494108406,0.7083065035415326
0.43222003929273084,0.7083065035415326
0.43238993710691825,0.7083065035415326
0.43216673220605584,0.707662588538313
0.4323367427222659,0.707662588538313
0.4325068870523416,0.707662588538313
0.43284757778653016,0.707662588538313
0.4326241134751773,0.7070186735350934
0.43279463933780055,0.7070186735350934
0.43296529968454256,0.7070186735350934
0.4331360946745562,0.7070186735350934
0.43330702446724545,0.7070186735350934
0.4330833004342677,0.7063747585318738
0.4332543443917852,0.7063747585318738
0.43342552350849467,0.7063747585318738
0.43376828786081456,0.7063747585318738
0.43423137876386686,0.7057308435286542
0.4344034879112168,0.7057308435286542
0.4345757335448057,0.7057308435286542
0.43492063492063493,0.7057308435286542
0.4350932909884875,0.7057308435286542
0.4352660841938046,0.7057308435286542
0.4356120826709062,0.7057308435286542
0.43538767395626243,0.7050869285254346
0.43556085918854415,0.7050869285254346
0.4357341822522881,0.7050869285254346
0.4359076433121019,0.7050869285254346
0.43608124253285546,0.7050869285254346
0.4358565737051793,0.7044430135222151
0.43603029095257073,0.7044430135222151
0.4361532322426177,0.7037990985189955
0.4363273453093812,0.7037990985189955
0.43650159744408945,0.7037990985189955
0.4366759888134239,0.7037990985189955
0.4368505195843325,0.7037990985189955
0.4370251899240304,0.7037990985189955
0.4372,0.7037990985189955
0.437374949979992,0.7037990985189955
0.4371497197758207,0.7031551835157759
0.43732478974769723,0.7031551835157759
0.4376753507014028,0.7031551835157759
0.43785084202085006,0.7031551835157759
0.4376253509827517,0.7025112685125563
0.4379268782643632,0.7018673535093368
0.43810289389067525,0.7018673535093368
0.4382790510655408,0.7018673535093368
0.43805309734513276,0.7012234385061172
0.43782696177062375,0.7005795235028976
0.43800322061191627,0.7005795235028976
0.4385328496573962,0.7005795235028976
0.43848325937878174,0.6999356084996781
0.43883730318934194,0.6999356084996781
0.4391919191919192,0.6999356084996781
0.43967611336032386,0.6992916934964585
0.4398541919805589,0.6992916934964585
0.440032414910859,0.6992916934964585
0.4402107823267126,0.6992916934964585
0.44038929440389296,0.6992916934964585
0.44016227180527384,0.6986477784932389
0.4403409090909091,0.6986477784932389
0.4406986190089358,0.6986477784932389
0.4410569105691057,0.6986477784932389
0.44123627490849937,0.6986477784932389
0.4414157851912124,0.6986477784932389
0.44177524429967424,0.6986477784932389
0.4415478615071283,0.6980038634900193
0.4417277913610432,0.6980038634900193
0.44208809135399674,0.6980038634900193
0.4418604651162791,0.6973599484867997
0.44204081632653064,0.6973599484867997
0.4422213148223765,0.6973599484867997
0.4424019607843137,0.6973599484867997
0.4427636958299264,0.6973599484867997
0.4429447852760736,0.6973599484867997
0.44271685761047463,0.6967160334835801
0.4428980761358985,0.6967160334835801
0.44285129045473165,0.6960721184803605
0.44298605414273995,0.6954282034771411
0.4431678292983176,0.6954282034771411
0.4433497536945813,0.6954282034771411
0.44353182751540043,0.6954282034771411
0.4437140509449466,0.6954282034771411
0.4434854089601315,0.6947842884739215
0.44366776315789475,0.6947842884739215
0.44385026737967914,0.6947842884739215
0.4438040345821326,0.6941403734707019
0.4437577255871446,0.6934964584674823
0.4439406430338005,0.6934964584674823
0.4440775897647544,0.6928525434642627
0.44426094137076794,0.6928525434642627
0.4440313919867823,0.6922086284610431
0.4443064182194617,0.690920798454604
0.44449047224523613,0.690920798454604
0.44467467882304185,0.690920798454604
0.44485903814262023,0.690920798454604
0.4450435503940274,0.690920798454604
0.4452282157676348,0.690920798454604
0.44541303445413033,0.690920798454604
0.44559800664451826,0.690920798454604
0.4457831325301205,0.690920798454604
0.4459684123025769,0.690920798454604
0.4461538461538462,0.690920798454604
0.4463394342762063,0.690920798454604
0.44708333333333333,0.690920798454604
0.4472696957065444,0.690920798454604
0.44745621351125936,0.690920798454604
0.4480167014613779,0.690920798454604
0.44820384294068505,0.690920798454604
0.4478424801005446,0.6883451384417257
0.44761106454316846,0.6877012234385061
0.4477987421383648,0.6877012234385061
0.44798657718120805,0.6877012234385061
0.4481745698699119,0.6877012234385061
0.44836272040302266,0.6877012234385061
0.44831932773109245,0.6870573084352866
0.4485077763766288,0.6870573084352866
0.44907407407407407,0.6870573084352866
0.44926315789473686,0.6870573084352866
0.44945240101095196,0.6870573084352866
0.4496418036241045,0.6870573084352866
0.4494097807757167,0.686413393432067
0.4495993251792493,0.686413393432067
0.44978902953586497,0.686413393432067
0.4499788940481216,0.686413393432067
0.44989429175475687,0.6851255634256278
0.4500846023688663,0.6851255634256278
0.45027507405840034,0.6851255634256278
0.4504657070279424,0.6851255634256278
0.4506565014824227,0.6851255634256278
0.45084745762711864,0.6851255634256278
0.45122985581000846,0.6851255634256278
0.45161290322580644,0.6851255634256278
0.4518046709129512,0.6851255634256278
0.4519966015293118,0.6851255634256278
0.4517637059073523,0.6844816484224082
0.45195578231292516,0.6844816484224082
0.45214802211824756,0.6844816484224082
0.45191489361702125,0.6838377334191886
0.4518739352640545,0.683193818415969
0.45206646783127397,0.683193818415969
0.4518329070758738,0.6825499034127496
0.4515991471215352,0.68190598840953
0.4517918088737201,0.68190598840953
0.4519846350832266,0.68190598840953
0.45194361384023923,0.6812620734063104
0.45213675213675214,0.6812620734063104
0.4523300555793074,0.6812620734063104
0.4525235243798118,0.6812620734063104
0.45271715875053486,0.6812620734063104
0.4529109589041096,0.6812620734063104
0.45310492505353317,0.6812620734063104
0.45329905741216797,0.6812620734063104
0.4530647235319331,0.6806181584030908
0.4528301886792453,0.6799742433998712
0.45302445302445304,0.6799742433998712
0.4532188841201717,0.6799742433998712
0.4531384350816853,0.678686413393432
0.4533333333333333,0.678686413393432
0.4535283993115318,0.678686413393432
0.4537236332328885,0.678686413393432
0.45391903531438416,0.678686413393432
0.45411460577337354,0.678686413393432
0.4543103448275862,0.678686413393432
0.454702329594478,0.678686413393432
0.4548985757444972,0.678686413393432
0.45509499136442144,0.678686413393432
0.4552915766738661,0.678686413393432
0.4554883318928263,0.678686413393432
0.45568525724167747,0.678686413393432
0.4562770562770563,0.678686413393432
0.4560415764400173,0.6780424983902125
0.4562391681109185,0.6780424983902125
0.4557675628794449,0.6767546683837733
0.455531453362256,0.6761107533805538
0.4557291666666667,0.6761107533805538
0.45592705167173253,0.6761107533805538
0.45612510860121636,0.6761107533805538
0.45632333767926986,0.6761107533805538
0.45652173913043476,0.6761107533805538
0.4564838990426458,0.6754668383773342
0.45924627519719546,0.6748229233741146
0.4590092064883823,0.6741790083708951
0.4587719298245614,0.6735350933676755
0.45897323387450634,0.6735350933676755
0.45873573309920984,0.6728911783644559
0.45910290237467016,0.6722472633612363
0.4596738651388277,0.6716033483580167
0.45987654320987653,0.6716033483580167
0.46007940008822235,0.6716033483580167
0.4602824360105914,0.6716033483580167
0.46048565121412804,0.6716033483580167
0.46068904593639576,0.6716033483580167
0.46065428824049515,0.6709594333547971
0.4608580274214949,0.6709594333547971
0.46106194690265484,0.6709594333547971
0.46143617021276595,0.6703155183515775
0.4616407982261641,0.6703155183515775
0.4618456078083407,0.6703155183515775
0.4620505992010652,0.6703155183515775
0.4622557726465364,0.6703155183515775
0.4624611283873834,0.6703155183515775
0.46266666666666667,0.6703155183515775
0.46215494211932323,0.6683837733419189
0.4623272403031654,0.6677398583386993
0.4625334522747547,0.6677398583386993
0.462739848282017,0.6677398583386993
0.4629464285714286,0.6677398583386993
0.462706565430996,0.6670959433354797
0.4630541871921182,0.6658081133290406
0.4632616487455197,0.6658081133290406
0.4634692962796952,0.6658081133290406
0.4631956912028725,0.6645202833226014
0.46340368208352045,0.6645202833226014
0.4636118598382749,0.6645202833226014
0.4638202247191011,0.6645202833226014
0.46402877697841727,0.6645202833226014
0.4637876743139901,0.6638763683193818
0.463996399639964,0.6638763683193818
0.4644144144144144,0.6638763683193818
0.46462370437133843,0.6638763683193818
0.4648014440433213,0.6632324533161623
0.4650112866817156,0.6632324533161623
0.464979665612291,0.6625885383129427
0.46473779385171793,0.6619446233097231
0.46482069904675444,0.6593689632968448
0.46503178928247046,0.6593689632968448
0.46524307133121307,0.6593689632968448
0.46545454545454545,0.6593689632968448
0.4656662119145066,0.6593689632968448
0.4658780709736124,0.6593689632968448
0.46609012289485663,0.6593689632968448
0.4663023679417122,0.6593689632968448
0.4669100867183934,0.6587250482936252
0.46797804208600186,0.6587250482936252
0.46819221967963387,0.6587250482936252
0.4684065934065934,0.6587250482936252
0.46862116353641775,0.6587250482936252
0.46837763519706693,0.6580811332904056
0.46813388353966073,0.657437218287186
0.4676457090408444,0.656149388280747
0.4674012855831038,0.6555054732775274
0.467156637574644,0.6548615582743078
0.46737132352941174,0.6548615582743078
0.4675862068965517,0.6548615582743078
0.4678012879484821,0.6548615582743078
0.4675563736769443,0.6542176432710882
0.4673112338858195,0.6535737282678686
0.46752648549055736,0.6535737282678686
0.46774193548387094,0.6535737282678686
0.4677121771217712,0.652929813264649
0.46768236380424744,0.6522858982614295
0.4678983833718245,0.6522858982614295
0.46811460258780035,0.6522858982614295
0.46833102172908,0.6522858982614295
0.4685476410730805,0.6522858982614295
0.46876446089773255,0.6522858982614295
0.4689814814814815,0.6522858982614295
0.46919870310328854,0.6522858982614295
0.46917014371812704,0.6516419832582099
0.4691415313225058,0.6509980682549903
0.46957733395262424,0.6509980682549903
0.46933085501858735,0.6503541532517708
0.46930232558139534,0.6497102382485512
0.4695207073057236,0.6497102382485512
0.4697392923649907,0.6497102382485512
0.4701492537313433,0.6490663232453316
0.4699020065328978,0.6484224082421121
0.4700934579439252,0.6477784932388925
0.47031323048153345,0.6477784932388925
0.470533208606174,0.6477784932388925
0.47075339260645765,0.6477784932388925
0.4711943793911007,0.6477784932388925
0.47141518275538896,0.6477784932388925
0.4718574108818011,0.6477784932388925
0.47183098591549294,0.6471345782356729
0.4715829027712541,0.6464906632324533
0.47133458646616544,0.6458467482292337
0.4710860366713681,0.6452028332260141
0.47130761994355597,0.6452028332260141
0.47152941176470586,0.6452028332260141
0.4712806026365348,0.6445589182227945
0.47103155911446065,0.6439150032195751
0.47147571900047147,0.6439150032195751
0.4712264150943396,0.6432710882163555
0.4714487966021708,0.6432710882163555
0.4714218233349079,0.6426271732131359
0.4716446124763705,0.6426271732131359
0.47139479905437354,0.6419832582099163
0.47114474929044464,0.6413393432066967
0.4713677236157123,0.6413393432066967
0.4715909090909091,0.6413393432066967
0.471563981042654,0.6406954282034771
0.47201138519924096,0.6406954282034771
0.47223540579022305,0.6406954282034771
0.47198480531813863,0.6400515132002575
0.47220902612826604,0.6400515132002575
0.47243346007604564,0.6400515132002575
0.4726320799619229,0.639407598197038
0.4730824202000953,0.639407598197038
0.47330791229742614,0.639407598197038
0.47353361945636624,0.639407598197038
0.4751196172248804,0.639407598197038
0.4748683580660603,0.6387636831938184
0.47509578544061304,0.6387636831938184
0.4753234307618591,0.6387636831938184
0.47555129434324067,0.6387636831938184
0.4752997601918465,0.6381197681905988
0.4750479846449136,0.6374758531873793
0.47527604416706676,0.6374758531873793
0.4755043227665706,0.6374758531873793
0.4754571703561116,0.6361880231809401
0.476374156219865,0.6361880231809401
0.47660395561987456,0.6361880231809401
0.4768339768339768,0.6361880231809401
0.47706422018348627,0.6361880231809401
0.47729468599033814,0.6361880231809401
0.47775628626692457,0.6361880231809401
0.4782187802516941,0.6361880231809401
0.4784503631961259,0.6361880231809401
0.47819767441860467,0.6355441081777206
0.4779447406689287,0.634900193174501
0.478176527643065,0.634900193174501
0.4784085395439107,0.634900193174501
0.4786407766990291,0.634900193174501
0.47883211678832116,0.6336123631680618
0.47857838364167476,0.6329684481648422
0.4788114953726254,0.6329684481648422
0.47927840078010725,0.6329684481648422
0.4790243902439024,0.6323245331616226
0.4794921875,0.6323245331616226
0.47972642892037126,0.6323245331616226
0.47996089931573804,0.6323245331616226
0.480411361410382,0.631680618158403
0.4811181951937224,0.631680618158403
0.4813542688910697,0.631680618158403
0.48159057437407954,0.631680618158403
0.4818271119842829,0.631680618158403
0.48206388206388207,0.631680618158403
0.4823008849557522,0.631680618158403
0.4820462370880472,0.6310367031551836
0.4815361890694239,0.6297488731487444
0.48177339901477834,0.6297488731487444
0.4820108427796944,0.6297488731487444
0.4817554240631164,0.6291049581455248
0.48199309324124323,0.6291049581455248
0.4817374136229023,0.6284610431423052
0.48148148148148145,0.6278171281390856
0.48315163528245786,0.6278171281390856
0.4833746898263027,0.627173213135866
0.48311817279046676,0.6265292981326465
0.48335817188276203,0.6265292981326465
0.4835984095427435,0.6265292981326465
0.4838388861263053,0.6265292981326465
0.48407960199004973,0.6265292981326465
0.4843205574912892,0.6265292981326465
0.4845617529880478,0.6265292981326465
0.48480318883906326,0.6265292981326465
0.48504486540378866,0.6265292981326465
0.48528678304239403,0.6265292981326465
0.48552894211576847,0.6265292981326465
0.4857713429855217,0.6265292981326465
0.4855144855144855,0.6258853831294269
0.48575712143928035,0.6258853831294269
0.486,0.6258853831294269
0.48598598598598597,0.6252414681262073
0.485728592889334,0.6245975531229878
0.48621553884711777,0.6245975531229878
0.4864593781344032,0.6245975531229878
0.48670346211741095,0.6245975531229878
0.48743718592964824,0.6245975531229878
0.48768225238813473,0.6245975531229878
0.48817312531454454,0.6245975531229878
0.48841893252769386,0.6245975531229878
0.4881612090680101,0.6239536381197682
0.4884072580645161,0.6239536381197682
0.48890010090817354,0.6239536381197682
0.48864209994952046,0.6233097231165486
0.48887765419615775,0.6226658081133291
0.4891249367728882,0.6226658081133291
0.4893724696356275,0.6226658081133291
0.489620253164557,0.6226658081133291
0.4898682877406282,0.6226658081133291
0.48960973137354286,0.6220218931101095
0.4895991882293252,0.6213779781068899
0.48984771573604063,0.6213779781068899
0.49032586558044805,0.6200901481004507
0.4900662251655629,0.6194462330972311
0.49031600407747195,0.6194462330972311
0.49056603773584906,0.6194462330972311
0.49081632653061225,0.6194462330972311
0.4905564063297601,0.6188023180940115
0.4908069458631256,0.6188023180940115
0.4910577414409811,0.6188023180940115
0.49079754601226994,0.6181584030907921
0.49104859335038364,0.6181584030907921
0.49129989764585463,0.6181584030907921
0.4915514592933948,0.6181584030907921
0.4918032786885246,0.6181584030907921
0.4920553562275756,0.6181584030907921
0.49204720369420213,0.6175144880875725
0.49229979466119095,0.6175144880875725
0.49280575539568344,0.6175144880875725
0.49254498714652956,0.6168705730843529
0.49228395061728397,0.6162266580811333
0.4925373134328358,0.6162266580811333
0.49279093717816685,0.6162266580811333
0.4925296239052035,0.6155827430779137
0.4927835051546392,0.6155827430779137
0.4930376482723053,0.6155827430779137
0.4930304594734125,0.6149388280746941
0.4930232558139535,0.6142949130714745
0.49276111685625645,0.613650998068255
0.49249870667356443,0.6130070830650354
0.4927536231884058,0.6130070830650354
0.4927461139896373,0.6123631680618158
0.4924831518921721,0.6117192530585963
0.4927385892116183,0.6117192530585963
0.4924596983879355,0.6097875080489376
0.4927159209157128,0.6097875080489376
0.4924518479958355,0.609143593045718
0.49270833333333336,0.609143593045718
0.4924439812402293,0.6084996780424984
0.49295774647887325,0.6084996780424984
0.4932150313152401,0.6084996780424984
0.4934725848563969,0.6084996780424984
0.493730407523511,0.6084996780424984
0.49346576058546787,0.6078557630392788
0.49372384937238495,0.6078557630392788
0.49398220826792255,0.6078557630392788
0.49527806925498424,0.6078557630392788
0.49553805774278215,0.6078557630392788
0.4957983193277311,0.6078557630392788
0.49605885444035736,0.6078557630392788
0.49710068529256723,0.6072118480360592
0.49683544303797467,0.6065679330328396
0.49709762532981533,0.6065679330328396
0.49736008447729674,0.6065679330328396
0.4976228209191759,0.6065679330328396
0.4978858350951374,0.6065679330328396
0.4984126984126984,0.6065679330328396
0.49867654843832715,0.6065679330328396
0.49920508744038156,0.6065679330328396
0.49946977730646874,0.6065679330328396
0.4992042440318302,0.60592401802962
0.4994692144373673,0.60592401802962
0.4989373007438895,0.604636188023181
0.49920255183413076,0.604636188023181
0.49973390101117615,0.604636188023181
0.49973361747469364,0.6039922730199614
0.5,0.6039922730199614
0.5002666666666666,0.6039922730199614
0.5005336179295624,0.6039922730199614
0.5008008542445275,0.6039922730199614
0.5010683760683761,0.6039922730199614
0.501336183858899,0.6039922730199614
0.5013376136971642,0.6033483580167418
0.5016059957173448,0.6033483580167418
0.5021436227224009,0.6033483580167418
0.5021459227467812,0.6027044430135222
0.5018786902844874,0.6020605280103026
0.5021482277121375,0.6020605280103026
0.5024180548092424,0.6020605280103026
0.5026881720430108,0.6020605280103026
0.5026910656620022,0.601416613007083
0.5027027027027027,0.5988409529942048
0.5024337479718767,0.5981970379909852
0.5027056277056277,0.5981970379909852
0.502977801840823,0.5981970379909852
0.5027085590465872,0.5975531229877656
0.5029810298102981,0.5975531229877656
0.5032537960954447,0.5975531229877656
0.5029842647856755,0.596909207984546
0.50271444082519,0.5962652929813265
0.5029907558455683,0.5956213779781069
0.5032644178454843,0.5956213779781069
0.5029940119760479,0.5949774629748873
0.5027233115468409,0.5943335479716677
0.5024523160762943,0.5936896329684481
0.5021810250817884,0.5930457179652285
0.5021834061135371,0.5924018029620091
0.5024576734025122,0.5924018029620091
0.5027322404371585,0.5924018029620091
0.5024603608529251,0.5917578879587895
0.5021881838074398,0.5911139729555699
0.5024630541871922,0.5911139729555699
0.5027382256297919,0.5911139729555699
0.5027412280701754,0.5904700579523503
0.5030170049369171,0.5904700579523503
0.5032930845225028,0.5904700579523503
0.5044052863436124,0.5898261429491307
0.5046831955922865,0.5898261429491307
0.5049614112458655,0.5898261429491307
0.5052399338113623,0.5898261429491307
0.5055187637969095,0.5898261429491307
0.5057979017117614,0.5898261429491307
0.5066445182724253,0.5891822279459111
0.5069252077562327,0.5891822279459111
0.5072062084257206,0.5891822279459111
0.5074875207986689,0.5891822279459111
0.5072142064372919,0.5885383129426915
0.50694058856191,0.587894397939472
0.5072222222222222,0.587894397939472
0.5075041689827682,0.587894397939472
0.5083518930957683,0.587894397939472
0.5097710776102736,0.587894397939472
0.5094972067039106,0.5872504829362524
0.5100671140939598,0.5872504829362524
0.5097929490766648,0.5866065679330328
0.509518477043673,0.5859626529298133
0.5098039215686274,0.5859626529298133
0.51010101010101,0.5853187379265937
0.5098259404828748,0.5846748229233741
0.5101123595505618,0.5846748229233741
0.5104225352112676,0.583386992916935
0.5107102593010147,0.583386992916935
0.5112866817155757,0.583386992916935
0.5112994350282486,0.5827430779137154
0.5115884680610514,0.5827430779137154
0.5121813031161473,0.5820991629104958
0.5124716553287982,0.5820991629104958
0.5127623369256948,0.5820991629104958
0.5124858115777525,0.5814552479072762
0.5122089721749006,0.5808113329040566
0.5119318181818182,0.580167417900837
0.5122228538942581,0.580167417900837
0.512514220705347,0.580167417900837
0.5125427594070695,0.578879587894398
0.5128351397604107,0.578879587894398
0.5131278538812786,0.578879587894398
0.5134209023415192,0.578879587894398
0.5137142857142857,0.578879587894398
0.5134362492853058,0.5782356728911784
0.5137299771167048,0.5782356728911784
0.5140240412135089,0.5782356728911784
0.5143184421534936,0.5782356728911784
0.5146131805157593,0.5782356728911784
0.5146299483648882,0.5775917578879588
0.5152211372774268,0.5775917578879588
0.5149425287356322,0.5769478428847392
0.5146635997699828,0.5763039278815196
0.5149597238204833,0.5763039278815196
0.5146804835924007,0.5756600128783
0.5144009216589862,0.5750160978750805
0.513840830449827,0.5737282678686413
0.514137334102712,0.5737282678686413
0.5144341801385681,0.5737282678686413
0.5144508670520231,0.5730843528654218
0.5141700404858299,0.5724404378622022
0.5142028985507247,0.571152607855763
0.5145011600928074,0.571152607855763
0.5151162790697674,0.5705086928525435
0.5157159487776485,0.5705086928525435
0.5160163075131042,0.5705086928525435
0.5163170163170163,0.5705086928525435
0.5160349854227405,0.5698647778493239
0.5163360560093349,0.5698647778493239
0.5166374781085814,0.5698647778493239
0.5163742690058479,0.5685769478428847
0.5166764189584553,0.5685769478428847
0.5169988276670574,0.5679330328396651
0.5173020527859238,0.5679330328396651
0.5176056338028169,0.5679330328396651
0.5179095713446858,0.5679330328396651
0.518213866039953,0.5679330328396651
0.5185621685327048,0.5666452028332261
0.5185840707964602,0.5660012878300065
0.5189125295508275,0.5653573728267869
0.5192193968066233,0.5653573728267869
0.5189349112426036,0.5647134578235673
0.518957345971564,0.5640695428203477
0.5192649673977475,0.5640695428203477
0.5204991087344029,0.5640695428203477
0.5211183819155265,0.5640695428203477
0.5214285714285715,0.5640695428203477
0.5237237237237238,0.5614938828074694
0.5240384615384616,0.5614938828074694
0.5243535778713169,0.5614938828074694
0.5249849488260084,0.5614938828074694
0.5256178420735382,0.5614938828074694
0.5262839879154079,0.5608499678042499
0.526602176541717,0.5608499678042499
0.5263157894736842,0.5602060528010303
0.5266343825665859,0.5602060528010303
0.5272727272727272,0.5602060528010303
0.5275924802910855,0.5602060528010303
0.5273058252427184,0.5595621377978107
0.5276259866423801,0.5595621377978107
0.5279465370595383,0.5595621377978107
0.5276595744680851,0.5589182227945911
0.5279805352798054,0.5589182227945911
0.5283018867924528,0.5589182227945911
0.5280146163215591,0.5582743077913715
0.5283363802559415,0.5582743077913715
0.5280487804878049,0.557630392788152
0.5277608297742525,0.5569864777849324
0.5280830280830281,0.5569864777849324
0.5284056200366524,0.5569864777849324
0.5281173594132029,0.5563425627817128
0.5278287461773701,0.5556986477784932
0.5281517747858017,0.5556986477784932
0.5284751990202082,0.5556986477784932
0.5287990196078431,0.5556986477784932
0.5285101164929491,0.5550547327752736
0.5288343558282208,0.5550547327752736
0.529158993247391,0.5550547327752736
0.5291948371235402,0.5544108177720541
0.5292307692307693,0.5537669027688346
0.529882932840419,0.5537669027688346
0.530209617755857,0.5537669027688346
0.5319280843149411,0.5524790727623954
0.5316377171215881,0.5518351577591758
0.5316770186335403,0.5511912427559562
0.5323383084577115,0.5511912427559562
0.5320472930927194,0.5505473277527366
0.5323785803237858,0.5505473277527366
0.5327102803738317,0.5505473277527366
0.5327510917030568,0.549903412749517
0.533083645443196,0.549903412749517
0.5334166146158651,0.549903412749517
0.53375,0.549903412749517
0.5340838023764853,0.549903412749517
0.5337922403003754,0.5492594977462975
0.5341264871634315,0.5492594977462975
0.5344611528822055,0.5492594977462975
0.534796238244514,0.5492594977462975
0.5358040201005025,0.5492594977462975
0.5361407919547454,0.5492594977462975
0.5364779874213836,0.5492594977462975
0.5368156073001888,0.5492594977462975
0.5365239294710328,0.5486155827430779
0.5368620037807184,0.5486155827430779
0.5369085173501578,0.5479716677398584
0.5372474747474747,0.5479716677398584
0.5376344086021505,0.5473277527366388
0.5379746835443038,0.5473277527366388
0.5376820772640912,0.5466838377334192
0.5373891001267427,0.5460399227301996
0.5370957514267597,0.54539600772698
0.5374365482233503,0.54539600772698
0.5377777777777778,0.54539600772698
0.5374841168996188,0.5447520927237605
0.5378258105530833,0.5447520927237605
0.537531806615776,0.5441081777205409
0.5372374283895608,0.5434642627173213
0.5375796178343949,0.5434642627173213
0.5379222434671765,0.5434642627173213
0.5382653061224489,0.5434642627173213
0.5389527458492975,0.5434642627173213
0.5393474088291746,0.5428203477141017
0.5396927016645326,0.5428203477141017
0.5403846153846154,0.5428203477141017
0.540436456996149,0.5421764327108821
0.5407835581245986,0.5421764327108821
0.5411311053984575,0.5421764327108821
0.5418275418275418,0.5421764327108821
0.5421764327108821,0.5421764327108821
0.541881443298969,0.5415325177076626
0.5419354838709678,0.5408886027044431
0.5416397675919948,0.5402446877012235
0.5423400129282482,0.5402446877012235
0.543042071197411,0.5402446877012235
0.5440985732814526,0.5402446877012235
0.5448051948051948,0.5402446877012235
0.5445094217024041,0.5396007726980039
0.5448634590377113,0.5396007726980039
0.5452179570592063,0.5396007726980039
0.545928338762215,0.5396007726980039
0.546284224250326,0.5396007726980039
0.5466405740378343,0.5396007726980039
0.5463446475195822,0.5389568576947843
0.5467015022860875,0.5389568576947843
0.5470588235294118,0.5389568576947843
0.5471204188481675,0.5383129426915647
0.547478716437459,0.5383129426915647
0.5478374836173001,0.5383129426915647
0.5476660092044707,0.536381197681906
0.5480895915678524,0.5357372826786864
0.5484508899143046,0.5357372826786864
0.5488126649076517,0.5357372826786864
0.5485148514851486,0.5350933676754669
0.548941798941799,0.5344494526722473
0.5493050959629384,0.5344494526722473
0.5495675316034597,0.531873792659369
0.5502998001332445,0.531873792659369
0.5506666666666666,0.531873792659369
0.5503669112741828,0.5312298776561494
0.5507343124165555,0.5312298776561494
0.5514705882352942,0.5312298776561494
0.551170568561873,0.5305859626529298
0.5515394912985274,0.5305859626529298
0.551239115874079,0.5299420476497102
0.5510067114093959,0.5286542176432711
0.5507051712558765,0.5280103026400516
0.5504032258064516,0.527366387636832
0.5501683501683502,0.5260785576303928
0.5498652291105122,0.5254346426271732
0.5506072874493927,0.5254346426271732
0.550979068197164,0.5254346426271732
0.5513513513513514,0.5254346426271732
0.5517241379310345,0.5254346426271732
0.5511171293161814,0.524146812620734
0.551490514905149,0.524146812620734
0.5515603799185889,0.5235028976175145
0.551255940257977,0.5228589826142949
0.5516304347826086,0.5228589826142949
0.5513256288239293,0.5222150676110754
0.5510204081632653,0.5215711526078558
0.5513955071477196,0.5215711526078558
0.5517711171662125,0.5215711526078558
0.5521472392638037,0.5215711526078558
0.5518417462482946,0.5209272376046362
0.5522184300341297,0.5209272376046362
0.553030303030303,0.5170637475853187
0.5527222605099931,0.5164198325820991
0.5531034482758621,0.5164198325820991
0.553941908713693,0.5157759175788796
0.5536332179930796,0.51513200257566
0.554016620498615,0.51513200257566
0.5544005544005544,0.51513200257566
0.5547850208044383,0.51513200257566
0.5555555555555556,0.51513200257566
0.5563282336578581,0.51513200257566
0.5567153792623522,0.51513200257566
0.5571827057182706,0.5144880875724405
0.5579608938547486,0.5144880875724405
0.5583508036338225,0.5144880875724405
0.559915907498248,0.5144880875724405
0.5603085553997195,0.5144880875724405
0.5607017543859649,0.5144880875724405
0.5603932584269663,0.5138441725692209
0.5607870695713282,0.5138441725692209
0.560478199718706,0.5132002575660013
0.5608726249120338,0.5132002575660013
0.5612676056338028,0.5132002575660013
0.5616631430584919,0.5132002575660013
0.5613540197461213,0.5125563425627817
0.5604240282685512,0.510624597553123
0.5612172682236376,0.510624597553123
0.5616147308781869,0.510624597553123
0.5620127569099929,0.510624597553123
0.5624113475177305,0.510624597553123
0.5633001422475107,0.5099806825499034
0.5637010676156584,0.5099806825499034
0.5641025641025641,0.5099806825499034
0.5649072753209701,0.5099806825499034
0.5653104925053534,0.5099806825499034
0.5657142857142857,0.5099806825499034
0.5650929899856938,0.5086928525434643
0.5659025787965616,0.5086928525434643
0.5663082437275986,0.5086928525434643
0.5664034458004307,0.5080489375402447
0.5668103448275862,0.5080489375402447
0.5664989216391085,0.5074050225370251
0.5661870503597123,0.5067611075338055
0.5658747300215983,0.506117192530586
0.5662824207492796,0.506117192530586
0.565969718817592,0.5054732775273664
0.5663780663780664,0.5054732775273664
0.5667870036101083,0.5054732775273664
0.5671965317919075,0.5054732775273664
0.5665701881331404,0.5041854475209272
0.5669804489500362,0.5041854475209272
0.5683139534883721,0.5035415325177076
0.568,0.5028976175144881
0.5684133915574964,0.5028976175144881
0.5688273852876912,0.5028976175144881
0.5685131195335277,0.5022537025112686
0.5689277899343544,0.5022537025112686
0.5686131386861314,0.501609787508049
0.5690284879474069,0.501609787508049
0.5694444444444444,0.501609787508049
0.5693323550990462,0.4996780424983902
0.5697503671071953,0.4996780424983902
0.5701689933872153,0.4996780424983902
0.5705882352941176,0.4996780424983902
0.5702722590139808,0.4990341274951706
0.5699558173784978,0.4983902124919511
0.5707964601769911,0.4983902124919511
0.5712177121771218,0.4983902124919511
0.5716395864106352,0.4983902124919511
0.5720620842572062,0.4983902124919511
0.5729089563286455,0.4983902124919511
0.5733333333333334,0.4983902124919511
0.5723830734966593,0.49645846748229233
0.5728083209509658,0.49645846748229233
0.5737704918032787,0.49581455247907275
0.5734526472781506,0.4951706374758532
0.573134328358209,0.49452672247263363
0.5739910313901345,0.49452672247263363
0.5736724008975318,0.49388280746941404
0.5741017964071856,0.49388280746941404
0.5745318352059925,0.49388280746941404
0.5746436609152288,0.49323889246619446
0.5763732129420617,0.49323889246619446
0.5760542168674698,0.49259497746297487
0.5764883195177091,0.49259497746297487
0.5769230769230769,0.49259497746297487
0.5773584905660377,0.49259497746297487
0.5774754346182918,0.49195106245975534
0.5769522365428355,0.4900193174500966
0.5773899848254932,0.4900193174500966
0.5770690964312832,0.489375402446877
0.5779467680608364,0.489375402446877
0.578386605783866,0.489375402446877
0.5788271134805788,0.489375402446877
0.5789473684210527,0.48873148744365746
0.5786259541984733,0.4880875724404379
0.5790679908326967,0.4880875724404379
0.5795107033639144,0.4880875724404379
0.5799540933435348,0.4880875724404379
0.5811437403400309,0.4842240824211204
0.5808197989172467,0.48358016741790083
0.5804953560371517,0.48293625241468124
0.5809450038729667,0.48293625241468124
0.5810705973622964,0.4822923374114617
0.5815217391304348,0.4822923374114617
0.5811965811965812,0.4816484224082421
0.5821011673151751,0.4816484224082421
0.5825545171339563,0.4816484224082421
0.5819032761310452,0.48036059240180295
0.5815768930523029,0.47971667739858337
0.58125,0.47907276239536384
0.581704456606724,0.47907276239536384
0.5826155050900548,0.47907276239536384
0.5830721003134797,0.47907276239536384
0.5827450980392157,0.47842884739214425
0.5832025117739403,0.47842884739214425
0.5828750981932443,0.47778493238892467
0.5830055074744296,0.4771410173857051
0.5840568271507498,0.4764971023824855
0.584518167456556,0.4764971023824855
0.5859065716547902,0.4764971023824855
0.5863708399366085,0.4764971023824855
0.5860428231562252,0.47585318737926596
0.5865079365079365,0.47585318737926596
0.5858505564387917,0.4745653573728268
0.5872509960159362,0.4745653573728268
0.5886126704089816,0.4726336123631681
0.5890850722311396,0.4726336123631681
0.590032154340836,0.4726336123631681
0.5909822866344605,0.4726336123631681
0.5906526994359388,0.4719896973599485
0.5911290322580646,0.4719896973599485
0.593192868719611,0.4713457823567289
0.5936739659367397,0.4713457823567289
0.5941558441558441,0.4713457823567289
0.5938261575954509,0.47070186735350933
0.5943089430894309,0.47070186735350933
0.5939788445890968,0.47005795235028974
0.5938009787928222,0.4687701223438506
0.5942857142857143,0.4687701223438506
0.5947712418300654,0.4687701223438506
0.5944399018806215,0.46812620734063104
0.5949263502454992,0.46812620734063104
0.5945945945945946,0.46748229233741145
0.5952380952380952,0.46683837733419187
0.5950617283950618,0.46555054732775275
0.5955518945634267,0.46555054732775275
0.596042868920033,0.46555054732775275
0.5957095709570958,0.46490663232453316
0.5965202982601492,0.463618802318094
0.5970149253731343,0.463618802318094
0.5966804979253112,0.46297488731487446
0.5971760797342193,0.46297488731487446
0.5976724854530341,0.46297488731487446
0.5973377703826955,0.4623309723116549
0.5970024979184013,0.4616870573084353
0.5989974937343359,0.4616870573084353
0.5986622073578596,0.4610431423052157
0.5983263598326359,0.4603992273019961
0.5988274706867671,0.4603992273019961
0.5993294216261525,0.4603992273019961
0.5986565910999161,0.459111397295557
0.5991596638655462,0.459111397295557
0.599663582842725,0.459111397295557
0.6001683501683501,0.459111397295557
0.6006739679865206,0.459111397295557
0.6003372681281619,0.4584674822923374
0.60084388185654,0.4584674822923374
0.6013513513513513,0.4584674822923374
0.6018596787827557,0.4584674822923374
0.6020321761219306,0.4578235672891178
0.6016949152542372,0.45717965228589824
0.6013570822731128,0.4565357372826787
0.6018675721561969,0.4565357372826787
0.6023789294817332,0.4565357372826787
0.6028911564625851,0.4565357372826787
0.603404255319149,0.4565357372826787
0.6049488054607508,0.4565357372826787
0.6046114432109309,0.4558918222794591
0.6051282051282051,0.4558918222794591
0.6056458511548332,0.4558918222794591
0.607725321888412,0.4558918222794591
0.6080964685615848,0.45460399227301995
0.6077586206896551,0.45396007726980037
0.6082830025884383,0.45396007726980037
0.6076058772687987,0.45267224726336125
0.6081314878892734,0.45267224726336125
0.6086580086580087,0.45267224726336125
0.6091854419410745,0.45267224726336125
0.60801393728223,0.4494526722472634
0.6076721883173496,0.4488087572440438
0.6087336244541485,0.4488087572440438
0.6092657342657343,0.4488087572440438
0.6089238845144357,0.4481648422408242
0.6103781882145998,0.4468770122343851
0.6109154929577465,0.4468770122343851
0.6114537444933921,0.4468770122343851
0.6119929453262787,0.4468770122343851
0.6121908127208481,0.4462330972311655
0.6123893805309735,0.4455891822279459
0.6129317980513729,0.4455891822279459
0.6125886524822695,0.4449452672247263
0.6131322094055013,0.4449452672247263
0.6136767317939609,0.4449452672247263
0.6133333333333333,0.44430135222150674
0.6138790035587188,0.44430135222150674
0.6144256455921638,0.44430135222150674
0.6149732620320856,0.44430135222150674
0.6146297948260482,0.4436574372182872
0.6142857142857143,0.4430135222150676
0.6148346738159071,0.4430135222150676
0.6153846153846154,0.4430135222150676
0.6161434977578475,0.44236960721184804
0.6166965888689407,0.44236960721184804
0.6165616561656165,0.44108177720540886
0.6171171171171171,0.44108177720540886
0.6167718665464382,0.44043786220218933
0.6173285198555957,0.44043786220218933
0.6178861788617886,0.44043786220218933
0.6184448462929476,0.44043786220218933
0.6190045248868778,0.44043786220218933
0.6186594202898551,0.43979394719896975
0.6192203082502267,0.43979394719896975
0.6197822141560798,0.43979394719896975
0.6194368755676658,0.43915003219575016
0.6202185792349727,0.4385061171925306
0.6207839562443026,0.4385061171925306
0.6204379562043796,0.437862202189311
0.6210045662100456,0.437862202189311
0.6206581352833638,0.43721828718609146
0.6212259835315646,0.43721828718609146
0.6217948717948718,0.43721828718609146
0.6214482126489459,0.4365743721828719
0.6220183486238532,0.4365743721828719
0.6225895316804407,0.4365743721828719
0.6228150873965042,0.4359304571796523
0.6224677716390423,0.4352865421764327
0.6236162361623616,0.4352865421764327
0.6241920590951062,0.4352865421764327
0.625,0.4346426271732131
0.6255792400370713,0.4346426271732131
0.6252319109461967,0.4339987121699936
0.6263940520446096,0.4339987121699936
0.6272134203168686,0.433354797166774
0.6265172735760971,0.4320669671603348
0.6261682242990654,0.43142305215711524
0.6258185219831618,0.4307791371538957
0.6264044943820225,0.4307791371538957
0.626991565135895,0.4307791371538957
0.626641651031895,0.4301352221506761
0.6278195488721805,0.4301352221506761
0.6281929990539262,0.42755956213779783
0.6287878787878788,0.42755956213779783
0.6273764258555133,0.4249839021249195
0.6270218839200761,0.42433998712169996
0.6276190476190476,0.42433998712169996
0.6282173498570067,0.42433998712169996
0.6278625954198473,0.42369607211848037
0.6284622731614136,0.42369607211848037
0.6281070745697896,0.4230521571152608
0.6287081339712919,0.4230521571152608
0.6302439024390244,0.41596909207984545
0.6304985337243402,0.41532517707662586
0.6311154598825832,0.41532517707662586
0.6307541625857003,0.41468126207340633
0.6303921568627451,0.41403734707018675
0.6316306483300589,0.41403734707018675
0.632251720747296,0.41403734707018675
0.632512315270936,0.41339343206696716
0.6321499013806706,0.4127495170637476
0.631786771964462,0.412105602060528
0.6324110671936759,0.412105602060528
0.6330365974282888,0.412105602060528
0.6342913776015857,0.412105602060528
0.6351888667992047,0.41146168705730846
0.6358208955223881,0.41146168705730846
0.6350947158524427,0.4101738570508693
0.6357285429141717,0.4101738570508693
0.6363636363636364,0.4101738570508693
0.637,0.4101738570508693
0.6372745490981964,0.4095299420476497
0.6369107321965898,0.4088860270444301
0.6371859296482412,0.4082421120412106
0.6374622356495468,0.407598197037991
0.6387487386478304,0.407598197037991
0.6403242147923,0.4069542820347714
0.640973630831643,0.4069542820347714
0.6416243654822334,0.4069542820347714
0.6422764227642277,0.4069542820347714
0.6429298067141404,0.4069542820347714
0.6425661914460286,0.4063103670315518
0.6438775510204081,0.4063103670315518
0.6460905349794238,0.4043786220218931
0.6457260556127703,0.40373470701867353
0.6470588235294118,0.40373470701867353
0.6493236212278877,0.40180296200901483
0.65,0.40180296200901483
0.6506777893639207,0.40180296200901483
0.651356993736952,0.40180296200901483
0.6520376175548589,0.40180296200901483
0.6516736401673641,0.40115904700579524
0.6498422712933754,0.39793947198969737
0.6505263157894737,0.39793947198969737
0.6497890295358649,0.3966516419832582
0.6532343584305408,0.3966516419832582
0.6542553191489362,0.3960077269800386
0.6549520766773163,0.3960077269800386
0.6556503198294243,0.3960077269800386
0.655282817502668,0.3953638119768191
0.655982905982906,0.3953638119768191
0.6552462526766595,0.3940759819703799
0.6552094522019334,0.39278815196394073
0.6559139784946236,0.39278815196394073
0.6555435952637244,0.3921442369607212
0.6569264069264069,0.39085640695428203
0.6576381365113759,0.39085640695428203
0.6594124047878128,0.39021249195106245
0.6612021857923497,0.38956857694784286
0.661925601750547,0.38956857694784286
0.6626506024096386,0.38956857694784286
0.6622807017543859,0.38892466194462333
0.6630076838638859,0.38892466194462333
0.6637362637362637,0.38892466194462333
0.6644664466446645,0.38892466194462333
0.6651982378854625,0.38892466194462333
0.6655629139072847,0.38828074694140374
0.6662983425414365,0.38828074694140374
0.6670353982300885,0.38828074694140374
0.6666666666666666,0.38763683193818416
0.6662971175166297,0.38699291693496457
0.6700111482720178,0.38699291693496457
0.6707589285714286,0.38699291693496457
0.67003367003367,0.3844172569220863
0.6696629213483146,0.3837733419188667
0.6704161979752531,0.3837733419188667
0.670045045045045,0.3831294269156471
0.6696730552423901,0.3824855119124276
0.6731428571428572,0.3792659368963297
0.6727688787185355,0.3786220218931101
0.6723940435280642,0.37797810688989053
0.6754890678941312,0.37797810688989053
0.6751152073732719,0.37733419188667094
0.6747404844290658,0.37669027688345136
0.6787383177570093,0.37411461687057307
0.681924882629108,0.37411461687057307
0.681551116333725,0.3734707018673535
0.6811764705882353,0.37282678686413395
0.6812278630460449,0.3715389568576948
0.682033096926714,0.3715389568576948
0.6824644549763034,0.3708950418544752
0.6820877817319099,0.3702511268512556
0.6828978622327792,0.3702511268512556
0.6825208085612366,0.3696072118480361
0.6833333333333333,0.3696072118480361
0.6841477949940405,0.3696072118480361
0.684964200477327,0.3696072118480361
0.6857825567502986,0.3696072118480361
0.6854066985645934,0.3689632968448165
0.6850299401197605,0.3683193818415969
0.6858513189448441,0.3683193818415969
0.6862980769230769,0.3676754668383773
0.6871239470517448,0.3676754668383773
0.6867469879518072,0.36703155183515773
0.6863691194209891,0.3663876368319382
0.6856106408706167,0.36509980682549903
0.6848484848484848,0.36381197681905986
0.6844660194174758,0.3631680618158403
0.68408262454435,0.36252414681262074
0.683698296836983,0.36188023180940115
0.6845310596833131,0.36188023180940115
0.6841463414634147,0.36123631680618157
0.684981684981685,0.36123631680618157
0.6842105263157895,0.35994848679974245
0.6838235294117647,0.35930457179652286
0.6846625766871166,0.35930457179652286
0.6842751842751843,0.3586606567933033
0.6838868388683886,0.3580167417900837
0.6843403205918619,0.3573728267868641
0.6847960444993819,0.3567289117836446
0.6844059405940595,0.356084996780425
0.6840148698884758,0.3554410817772054
0.6853233830845771,0.3547971667739858
0.684931506849315,0.3541532517707663
0.685785536159601,0.3541532517707663
0.6853932584269663,0.3535093367675467
0.685,0.3528654217643271
0.6846057571964956,0.35222150676110753
0.6854636591478697,0.35222150676110753
0.685069008782936,0.35157759175788794
0.6859296482412061,0.35157759175788794
0.6860025220680959,0.3502897617514488
0.6868686868686869,0.3502897617514488
0.6877370417193426,0.3502897617514488
0.6903553299492385,0.3502897617514488
0.6908396946564885,0.34964584674822924
0.6922094508301405,0.34900193174500965
0.6918158567774936,0.34835801674179007
0.6927016645326505,0.34835801674179007
0.6919127086007703,0.34707018673535095
0.6915167095115681,0.34642627173213136
0.6911196911196911,0.3457823567289118
0.6903225806451613,0.34449452672247266
0.6912144702842378,0.34449452672247266
0.6909090909090909,0.3425627817128139
0.6905071521456437,0.3419188667095943
0.69140625,0.3419188667095943
0.6923076923076923,0.3419188667095943
0.6919060052219321,0.3412749517063748
0.690694626474443,0.339343206696716
0.6911957950065704,0.33869929169349644
0.6921052631578948,0.33869929169349644
0.6939313984168866,0.33869929169349644
0.6935270805812418,0.3380553766902769
0.6944444444444444,0.3380553766902769
0.695364238410596,0.3380553766902769
0.6949602122015915,0.3374114616870573
0.6958831341301461,0.3374114616870573
0.6954787234042553,0.33676754668383774
0.6964047936085219,0.33676754668383774
0.696,0.33612363168061815
0.6969292389853138,0.33612363168061815
0.696524064171123,0.33547971667739857
0.6974564926372155,0.33547971667739857
0.6983914209115282,0.33547971667739857
0.6993288590604027,0.33547971667739857
0.7002688172043011,0.33547971667739857
0.7012113055181696,0.33547971667739857
0.7008086253369272,0.33483580167417903
0.7004048582995951,0.33419188667095945
0.7,0.33354797166773986
0.7014925373134329,0.3329040566645203
0.7024456521739131,0.3329040566645203
0.7016348773841962,0.33161622665808116
0.7017783857729138,0.330328396651642
0.7019230769230769,0.3290405666452028
0.7015130674002751,0.3283966516419833
0.7011019283746557,0.3277527366387637
0.7020689655172414,0.3277527366387637
0.7026279391424619,0.3271088216355441
0.7022160664819944,0.3264649066323245
0.7013888888888888,0.3251770766258854
0.7009735744089013,0.3245331616226658
0.6997206703910615,0.32260141661300706
0.7026647966339411,0.32260141661300706
0.7036516853932584,0.32260141661300706
0.7032348804500703,0.32195750160978753
0.7052186177715092,0.32195750160978753
0.7062146892655368,0.32195750160978753
0.7057991513437057,0.32131358660656795
0.7049645390070922,0.3200257566001288
0.7059659090909091,0.3200257566001288
0.7069701280227596,0.3200257566001288
0.7089871611982882,0.3200257566001288
0.7085714285714285,0.3193818415969092
0.709585121602289,0.3193818415969092
0.7091690544412608,0.31873792659368966
0.7101865136298422,0.31873792659368966
0.7122302158273381,0.31873792659368966
0.7132564841498559,0.31873792659368966
0.7124277456647399,0.3174500965872505
0.7130434782608696,0.3168061815840309
0.714078374455733,0.3168061815840309
0.7136627906976745,0.3161622665808113
0.7147016011644832,0.3161622665808113
0.7138686131386861,0.3148744365743722
0.7134502923976608,0.3142305215711526
0.7144948755490483,0.3142305215711526
0.7151248164464024,0.313586606567933
0.7161764705882353,0.313586606567933
0.7157584683357879,0.31294269156471344
0.7153392330383481,0.3122987765614939
0.7149187592319055,0.3116548615582743
0.7144970414201184,0.31101094655505473
0.7155555555555555,0.31101094655505473
0.7161961367013373,0.31036703155183515
0.7164179104477612,0.30907920154539603
0.7183734939759037,0.3071474565357373
0.7194570135746606,0.3071474565357373
0.7190332326283988,0.3065035415325177
0.7186081694402421,0.30585962652929816
0.7181818181818181,0.30521571152607857
0.7192716236722306,0.30521571152607857
0.7203647416413373,0.30521571152607857
0.7214611872146118,0.30521571152607857
0.7225609756097561,0.30521571152607857
0.7221374045801526,0.304571796522859
0.7239263803680982,0.3039278815196394
0.7250384024577573,0.3039278815196394
0.7261538461538461,0.3039278815196394
0.7253086419753086,0.3026400515132003
0.7248840803709428,0.3019961365099807
0.7244582043343654,0.3013522215067611
0.7231726283048211,0.2994204764971024
0.7242990654205608,0.2994204764971024
0.7238689547581904,0.2987765614938828
0.7225705329153606,0.29684481648422406
0.7221350078492935,0.29620090148100453
0.721259842519685,0.29491307147456536
0.7208201892744479,0.29426915647134577
0.7203791469194313,0.2936252414681262
0.7215189873417721,0.2936252414681262
0.7210776545166403,0.29298132646490666
0.7201907790143084,0.2916934964584675
0.7207062600321027,0.2891178364455892
0.7218649517684887,0.2891178364455892
0.7280265339966833,0.28267868641339344
0.7275747508305648,0.28203477141017386
0.7283333333333334,0.28139085640695427
0.7278797996661102,0.2807469414037347
0.7290969899665551,0.2807469414037347
0.7286432160804021,0.28010302640051515
0.7310924369747899,0.28010302640051515
0.7360406091370558,0.28010302640051515
0.735593220338983,0.27945911139729557
0.735144312393888,0.278815196394076
0.7346938775510204,0.2781712813908564
0.7384615384615385,0.2781712813908564
0.7399650959860384,0.2730199613650998
0.7408056042031523,0.27237604636188023
0.7421052631578947,0.27237604636188023
0.7434094903339191,0.27237604636188023
0.7429577464788732,0.27173213135866064
0.7442680776014109,0.27173213135866064
0.7438162544169611,0.27108821635544106
0.7451327433628319,0.27108821635544106
0.7446808510638298,0.27044430135222153
0.7442273534635879,0.26980038634900194
0.7437722419928826,0.26915647134578236
0.7454545454545455,0.2640051513200258
0.7468123861566485,0.2640051513200258
0.7463503649635036,0.2633612363168062
0.7477148080438757,0.2633612363168062
0.7490842490842491,0.2633612363168062
0.7486238532110092,0.2627173213135866
0.75,0.2627173213135866
0.7509225092250923,0.262073406310367
0.7523105360443623,0.262073406310367
0.7518518518518519,0.26142949130714743
0.7546468401486989,0.26142949130714743
0.7541899441340782,0.2607855763039279
0.7565543071161048,0.2601416613007083
0.7579737335834896,0.2601416613007083
0.7575187969924813,0.25949774629748873
0.7584905660377359,0.25885383129426914
0.7571157495256167,0.25692208628461044
0.7561904761904762,0.25563425627817127
0.7576335877862596,0.25563425627817127
0.7590822179732314,0.25563425627817127
0.7586206896551724,0.2549903412749517
0.7581573896353166,0.25434642627173215
0.7576923076923077,0.25370251126851256
0.7572254335260116,0.253058596265293
0.7567567567567568,0.2524146812620734
0.758220502901354,0.2524146812620734
0.7596899224806202,0.2524146812620734
0.76171875,0.2511268512556343
0.761252446183953,0.2504829362524147
0.7618110236220472,0.24919510624597555
0.7616161616161616,0.2427559562137798
0.7631578947368421,0.2427559562137798
0.7647058823529411,0.2427559562137798
0.766260162601626,0.2427559562137798
0.7678207739307535,0.2427559562137798
0.7704918032786885,0.2421120412105602
0.7720739219712526,0.2421120412105602
0.7736625514403292,0.2421120412105602
0.7731958762886598,0.24146812620734062
0.7727272727272727,0.24082421120412106
0.772256728778468,0.24018029620090148
0.7717842323651453,0.23953638119768192
0.7713097713097713,0.23889246619446233
0.7729166666666667,0.23889246619446233
0.7705263157894737,0.23567289117836446
0.7721518987341772,0.23567289117836446
0.772823779193206,0.2343850611719253
0.7773019271948608,0.23374114616870573
0.7758620689655172,0.231809401159047
0.775377969762419,0.23116548615582744
0.7744034707158352,0.2298776561493883
0.7734204793028322,0.22858982614294912
0.7729257641921398,0.22794591113972956
0.7724288840262582,0.22730199613650998
0.7775330396475771,0.22730199613650998
0.7792494481236203,0.22730199613650998
0.7787610619469026,0.22665808113329042
0.7782705099778271,0.22601416613007083
0.7817371937639198,0.22601416613007083
0.7807606263982103,0.2247263361236317
0.7802690582959642,0.2240824211204121
0.7797752808988764,0.22343850611719254
0.781038374717833,0.22279459111397296
0.7805429864253394,0.22215067611075337
0.780045351473923,0.2215067611075338
0.7813211845102506,0.22086284610431423
0.7808219178082192,0.22021893110109467
0.7803203661327232,0.21957501609787508
0.7839080459770115,0.21957501609787508
0.783410138248848,0.2189311010946555
0.7829099307159353,0.21828718609143594
0.7847222222222222,0.21828718609143594
0.7837209302325582,0.2169993560849968
0.7832167832167832,0.2163554410817772
0.7850467289719626,0.2163554410817772
0.7863849765258216,0.21571152607855762
0.7858823529411765,0.21506761107533806
0.785377358490566,0.21442369607211847
0.7843601895734598,0.21313586606567933
0.7880952380952381,0.21313586606567933
0.7875894988066826,0.21249195106245974
0.7894736842105263,0.21249195106245974
0.7889688249400479,0.21184803605924019
0.7903614457831325,0.2112041210560206
0.7898550724637681,0.21056020605280104
0.7936893203883495,0.21056020605280104
0.7931873479318735,0.20991629104958145
0.7926829268292683,0.20927237604636187
0.7921760391198044,0.2086284610431423
0.7916666666666666,0.20798454603992272
0.7936117936117936,0.20798454603992272
0.7931034482758621,0.20734063103670317
0.7935323383084577,0.20540888602704443
0.7919799498746867,0.2034771410173857
0.7924050632911392,0.20154539600772697
0.7918781725888325,0.20090148100450742
0.7938931297709924,0.20090148100450742
0.7953964194373402,0.20025756600128783
0.7963917525773195,0.19896973599484868
0.7958656330749354,0.1983258209916291
0.7979274611398963,0.1983258209916291
0.8021108179419525,0.1957501609787508
0.8015873015873016,0.19510624597553122
0.8031914893617021,0.19446233097231166
0.8016085790884718,0.19253058596265293
0.8010752688172043,0.19188667095943335
0.8021680216802168,0.1905988409529942
0.8038147138964578,0.18995492594977462
0.8060109289617486,0.18995492594977462
0.8082191780821918,0.18995492594977462
0.8071625344352618,0.18866709594333547
0.8066298342541437,0.1880231809401159
0.8060941828254847,0.18737926593689633
0.8050139275766016,0.18609143593045718
0.8067226890756303,0.1854475209272376
0.8073654390934845,0.18351577591757887
0.8091168091168092,0.1828718609143593
0.8114285714285714,0.1828718609143593
0.8108882521489972,0.18222794591113972
0.8103448275862069,0.18158403090792016
0.8097982708933718,0.18094011590470058
0.808695652173913,0.17965228589826143
0.8081395348837209,0.17900837089504185
0.8058823529411765,0.17643271088216356
0.8047337278106509,0.1751448808757244
0.8041543026706232,0.17450096587250483
0.8108108108108109,0.17385705086928527
0.8102409638554217,0.17321313586606568
0.8096676737160121,0.1725692208628461
0.8090909090909091,0.17192530585962654
0.8079268292682927,0.1706374758531874
0.8161290322580645,0.16291049581455247
0.8155339805825242,0.1622665808113329
0.8181818181818182,0.1622665808113329
0.8169934640522876,0.16097875080489377
0.8163934426229508,0.16033483580167418
0.8184818481848185,0.1596909207984546
0.8178807947019867,0.15904700579523504
0.8166666666666667,0.1577591757887959
0.8160535117056856,0.1571152607855763
0.8154362416107382,0.15647134578235672
0.8148148148148148,0.15582743077913716
0.8141891891891891,0.15518351577591757
0.8122866894197952,0.15325177076625884
0.8116438356164384,0.15260785576303929
0.8144329896907216,0.15260785576303929
0.8137931034482758,0.1519639407598197
0.8125,0.15067611075338055
0.8118466898954704,0.15003219575016097
0.8111888111888111,0.1493882807469414
0.8140350877192982,0.1493882807469414
0.8133802816901409,0.14874436574372182
0.8127208480565371,0.14810045074050227
0.8113879003558719,0.1468126207340631
0.8107142857142857,0.14616870573084353
0.8136200716845878,0.14616870573084353
0.8129496402877698,0.14552479072762395
0.8122743682310469,0.1448808757244044
0.8109090909090909,0.14359304571796522
0.8102189781021898,0.14294913071474566
0.8095238095238095,0.14230521571152607
0.8088235294117647,0.14166130070830651
0.8118081180811808,0.14166130070830651
0.8148148148148148,0.14166130070830651
0.8141263940520446,0.14101738570508693
0.8171641791044776,0.14101738570508693
0.8202247191011236,0.14101738570508693
0.8226415094339623,0.14037347070186734
0.821969696969697,0.13972955569864778
0.8206106870229007,0.13844172569220864
0.8199233716475096,0.13779781068898905
0.8185328185328186,0.1365099806825499
0.8178294573643411,0.13586606567933032
0.8171206225680934,0.13522215067611076
0.8203125,0.13522215067611076
0.8196078431372549,0.13457823567289118
0.8228346456692913,0.13457823567289118
0.8221343873517787,0.1339343206696716
0.8247011952191236,0.13329040566645203
0.824,0.13264649066323245
0.8273092369477911,0.13264649066323245
0.8306451612903226,0.13264649066323245
0.8299595141700404,0.1320025756600129
0.8367346938775511,0.1320025756600129
0.8360655737704918,0.1313586606567933
0.8353909465020576,0.13071474565357372
0.8388429752066116,0.13071474565357372
0.8381742738589212,0.13007083065035416
0.8368200836820083,0.128783000643915
0.8438818565400844,0.128783000643915
0.8468085106382979,0.12813908564069543
0.8497854077253219,0.12749517063747584
0.8491379310344828,0.12685125563425628
0.8484848484848485,0.1262073406310367
0.851528384279476,0.12556342562781714
0.8552631578947368,0.12556342562781714
0.8622222222222222,0.12491951062459755
0.8616071428571429,0.12427559562137798
0.8609865470852018,0.12363168061815841
0.8597285067873304,0.12234385061171925
0.8590909090909091,0.12169993560849968
0.8577981651376146,0.12041210560206053
0.8571428571428571,0.11976819059884096
0.8564814814814815,0.11912427559562137
0.8604651162790697,0.11912427559562137
0.8598130841121495,0.1184803605924018
0.8591549295774648,0.11783644558918223
0.8592233009708737,0.11397295556986478
0.8578431372549019,0.11268512556342562
0.8571428571428571,0.11204121056020605
0.8656716417910447,0.11204121056020605
0.865,0.11139729555698648
0.864321608040201,0.1107533805537669
0.8636363636363636,0.11010946555054733
0.8629441624365483,0.10946555054732775
0.8601036269430051,0.10688989053444946
0.8645833333333334,0.10688989053444946
0.8631578947368421,0.1056020605280103
0.8624338624338624,0.10495814552479073
0.8594594594594595,0.10238248551191242
0.8579234972677595,0.10109465550547328
0.8626373626373627,0.10109465550547328
0.8674033149171271,0.10109465550547328
0.8659217877094972,0.09980682549903412
0.864406779661017,0.09851899549259498
0.8628571428571429,0.09723116548615583
0.8654970760233918,0.0952994204764971
0.8647058823529412,0.09465550547327753
0.8698224852071006,0.09465550547327753
0.875,0.09465550547327753
0.874251497005988,0.09401159047005796
0.8795180722891566,0.09401159047005796
0.8780487804878049,0.0927237604636188
0.8834355828220859,0.0927237604636188
0.8819875776397516,0.09143593045717965
0.88125,0.09079201545396008
0.9019607843137255,0.08886027044430135
0.8993288590604027,0.08628461043142305
0.8979591836734694,0.0849967804249839
0.9041095890410958,0.0849967804249839
0.903448275862069,0.08435286542176433
0.9020979020979021,0.08306503541532517
0.8985507246376812,0.0798454603992273
0.8962962962962963,0.07791371538956858
0.9029850746268657,0.07791371538956858
0.9097744360902256,0.07791371538956858
0.90625,0.0746941403734707
0.9047619047619048,0.07340631036703155
0.9032258064516129,0.0721184803605924
0.9016393442622951,0.07083065035415326
0.9090909090909091,0.07083065035415326
0.905982905982906,0.06825499034127495
0.9051724137931034,0.06761107533805538
0.9043478260869565,0.0669671603348358
0.9035087719298246,0.06632324533161622
0.911504424778761,0.06632324533161622
0.9090909090909091,0.0643915003219575
0.9074074074074074,0.06310367031551835
0.9065420560747663,0.062459755312298776
0.9047619047619048,0.061171925305859624
0.9038461538461539,0.06052801030264005
0.9117647058823529,0.05988409529942048
0.9108910891089109,0.0592401802962009
0.91,0.05859626529298133
0.9072164948453608,0.056664520283322604
0.90625,0.056020605280103025
0.9052631578947369,0.05537669027688345
0.9042553191489362,0.054732775273663874
0.9186046511627907,0.050869285254346426
0.9176470588235294,0.050225370251126854
0.9166666666666666,0.049581455247907275
0.9135802469135802,0.04764971023824855
0.9125,0.04700579523502898
0.9240506329113924,0.04700579523502898
0.9210526315789473,0.04507405022537025
0.9333333333333333,0.04507405022537025
0.9315068493150684,0.0437862202189311
0.9305555555555556,0.043142305215711524
0.9571428571428572,0.043142305215711524
0.9565217391304348,0.04249839021249195
0.9545454545454546,0.04056664520283323
0.9538461538461539,0.03992273019961365
0.953125,0.039278815196394076
0.9615384615384616,0.03219575016097875
0.9607843137254902,0.031551835157759174
0.96,0.030907920154539602
0.9791666666666666,0.030264005151320026
0.9787234042553191,0.02962009014810045
0.9782608695652174,0.028976175144880875
0.9777777777777777,0.028332260141661302
0.9772727272727273,0.027688345138441726
0.9767441860465116,0.02704443013522215
0.9761904761904762,0.026400515132002575
0.975609756097561,0.025756600128783
0.975,0.025112685125563427
0.9743589743589743,0.02446877012234385
1.0,0.023824855119124275
1.0,0.019317450096587252
1.0,0.018673535093367676
1.0,0.017385705086928525
1.0,0.01674179008370895
1.0,0.015453960077269801
1.0,0.014810045074050225
1.0,0.013522215067611075
1.0,0.01159047005795235
1.0,0.005795235028976175
1.0,0.004507405022537025
1.0,0.0038634900193174502
1.0,0.003219575016097875
1.0,0.0025756600128783
1.0,0.0019317450096587251
1.0,0.00128783000643915
1.0,0.000643915003219575
1.0,0.0
