precision,recall
0.03133954877507366,1.0
0.03134018122010776,1.0
0.031340813690668386,1.0
0.03134144618675708,1.0
0.03134207870837538,1.0
0.03134271125552483,1.0
0.03134334382820699,1.0
0.0313439764264234,1.0
0.031344609050175595,1.0
0.031345241699465134,1.0
0.03134587437429356,1.0
0.03134650707466242,1.0
0.03134713980057325,1.0
0.031347772552027614,1.0
0.03134840532902705,1.0
0.0313490381315731,1.0
0.03134967095966733,1.0
0.03135030381331126,1.0
0.03135093669250646,1.0
0.03135220252755683,1.0
0.031352835483415095,1.0
0.031353468464830815,1.0
0.031354101471805534,1.0
0.0313547345043408,1.0
0.03135536756243817,1.0
0.031356000646099176,1.0
0.03135663375532538,1.0
0.03135726689011832,1.0
0.03135790005047956,1.0
0.03135853323641063,1.0
0.03135916644791309,1.0
0.03135979968498849,1.0
0.03136043294763838,1.0
0.0313610662358643,1.0
0.031361699549667804,1.0
0.031362332889050444,1.0
0.031362966254013774,1.0
0.031363599644559335,1.0
0.03136423306068868,1.0
0.03136486650240336,1.0
0.031365499969704926,1.0
0.031368034094811044,1.0
0.03137056862943137,1.0
0.03137120232708468,1.0
0.031371836050340385,1.0
0.03137246979920003,1.0
0.03137310357366518,1.0
0.03137373737373737,1.0
0.03137437119941817,1.0
0.03137500505070912,1.0
0.031375638927611776,1.0
0.031376272830127686,1.0
0.03137690675825841,1.0
0.0313775407120055,1.0
0.0313781746913705,1.0
0.03137880869635497,1.0
0.03137944272696046,1.0
0.03138071086504072,1.0
0.03138134497251859,1.0
0.0313819791056237,1.0
0.031382613264357595,1.0
0.031383247448721834,1.0
0.03138388165871797,1.0
0.031384515894347556,1.0
0.03138515015561214,1.0
0.03138578444251329,1.0
0.03138641875505255,1.0
0.03138705309323147,1.0
0.031387687457051616,1.0
0.03138832184651454,1.0
0.031388956261621796,1.0
0.03138959070237494,1.0
0.031390225168775515,1.0
0.031390859660825096,1.0
0.03139149417852523,1.0
0.031392128721877466,1.0
0.03139276329088336,1.0
0.03139339788554448,1.0
0.031394032505862375,1.0
0.0313946671518386,1.0
0.03139530182347471,1.0
0.031395936520772265,1.0
0.03139657124373282,1.0
0.03139720599235792,1.0
0.03139784076664914,1.0
0.03139847556660803,1.0
0.03139911039223615,1.0
0.031399745243535046,1.0
0.03140038012050629,1.0
0.03140101502315142,1.0
0.031401649951472016,1.0
0.03140228490546962,1.0
0.03140291988514579,1.0
0.031403554890502096,1.0
0.03140418992154008,1.0
0.03140482497826131,1.0
0.03140546006066734,1.0
0.03140609516875973,1.0
0.03140673030254004,1.0
0.031407365462009826,1.0
0.03140800064717065,1.0
0.031408635858024066,1.0
0.03140927109457164,1.0
0.03140990635681492,1.0
0.03141054164475547,1.0
0.031411176958394856,1.0
0.031411812297734626,1.0
0.03141244766277635,1.0
0.031413083053521584,1.0
0.03141371846997188,1.0
0.031414353912128816,1.0
0.03141498937999393,1.0
0.0314156248735688,1.0
0.03141626039285497,1.0
0.031416895937854024,1.0
0.0314175315085675,1.0
0.031418167104996966,1.0
0.03141880272714399,1.0
0.031419438375010114,1.0
0.03142007404859692,1.0
0.03142070974790596,1.0
0.031423888630339326,1.0
0.03142452448401457,1.0
0.03142516036342297,1.0
0.03142579626856611,1.0
0.03142897618035739,1.0
0.031429612239941715,1.0
0.0314302483252717,1.0
0.031430884436348915,1.0
0.03143152057317493,1.0
0.031432156735751296,1.0
0.031432792924079585,1.0
0.031433429138161356,1.0
0.03143406537799818,1.0
0.03143470164359161,1.0
0.03143533793494322,1.0
0.03143597425205457,1.0
0.03143661059492723,1.0
0.03143724696356275,1.0
0.031437883357962715,1.0
0.03143851977812867,1.0
0.03143915622406219,1.0
0.03143979269576484,1.0
0.03144042919323818,1.0
0.031441065716483786,1.0
0.03144170226550321,1.0
0.031442338840298026,1.0
0.0314429754408698,1.0
0.031443612067220086,1.0
0.03144424871935046,1.0
0.03144488539726249,1.0
0.03144552210095774,1.0
0.031446158830437776,1.0
0.03144679558570416,1.0
0.03144743236675846,1.0
0.03144806917360225,1.0
0.03144870600623709,1.0
0.031449342864664546,1.0
0.03144997974888619,1.0
0.031450616658903585,1.0
0.031451253594718294,1.0
0.03145252754374595,1.0
0.031453164556962024,1.0
0.031455075751438064,1.0
0.03145826159175157,1.0
0.03145889883725641,1.0
0.031459536108578955,1.0
0.03146017340572077,1.0
0.031460810728683425,1.0
0.0314614480774685,1.0
0.03146208545207755,1.0
0.03146336027877388,1.0
0.0314639977308643,1.0
0.03146463520878497,1.0
0.03146591024212339,1.0
0.031470373672691905,1.0
0.03147101140900156,1.0
0.03147164917115876,1.0
0.03147228695916506,1.0
0.03147292477302205,1.0
0.031474200478294356,1.0
0.031474838369712814,1.0
0.03147547628698825,1.0
0.03147611423012221,1.0
0.0314767521991163,1.0
0.03147739019397207,1.0
0.031478028214691096,1.0
0.031478666261274955,1.0
0.03149143262698976,1.0
0.03149207121709859,1.0
0.03149270983310689,1.0
0.031493348475016225,1.0
0.031493987142828174,1.0
0.03149462583654431,1.0
0.03149526455616622,1.0
0.031495903301695466,1.0
0.03149654207313363,1.0
0.03150420935186125,1.0
0.031504848460258854,1.0
0.03150548759458747,1.0
0.03150612675484866,1.0
0.03151251978409967,1.0
0.03151315922972342,1.0
0.0315137987012987,1.0
0.031514438198827086,1.0
0.03151507772231016,1.0
0.0315157172717495,1.0
0.03151635684714668,1.0
0.031516996448503296,1.0
0.031520194844733104,1.0
0.03152083460187948,1.0
0.03152147438499635,1.0
0.03152211419408529,1.0
0.03152275402914789,1.0
0.03152339389018573,1.0
0.03152403377720039,1.0
0.031524673690193454,1.0
0.031525313629166496,1.0
0.03152595359412111,1.0
0.03152659358505887,1.0
0.03152723360198136,1.0
0.03152787364489017,1.0
0.03152851371378687,1.0
0.031529153808673056,1.0
0.0315297939295503,1.0
0.03153043407642019,1.0
0.03153107424928431,1.0
0.03153171444814424,1.0
0.03153235467300156,1.0
0.03153299492385787,1.0
0.031533635200714734,1.0
0.03153427550357375,1.0
0.03153491583243649,1.0
0.03153619656817951,1.0
0.03153683697506295,1.0
0.03153747740795646,1.0
0.03153811786686162,1.0
0.03153875835178002,1.0
0.031539398862713244,1.0
0.03154452388690283,1.0
0.03154516463204079,1.0
0.031550291530382135,1.0
0.031550932509853316,1.0
0.031551573515369455,1.0
0.031556702497307625,1.0
0.03155734373729985,1.0
0.03155798500335291,1.0
0.0315586262954684,1.0
0.03155926761364791,1.0
0.031559908957893026,1.0
0.031562474595561336,1.0
0.031563116070158326,1.0
0.03156375757083046,1.0
0.03156439909757932,1.0
0.0315650406504065,1.0
0.0315656822293136,1.0
0.031566323834302204,1.0
0.03156760712253029,1.0
0.03156824880577294,1.0
0.03156889051510347,1.0
0.03156953225052345,1.0
0.03157017401203448,1.0
0.031571457613336046,1.0
0.03157209945312976,1.0
0.0315727413190209,1.0
0.03157338321101104,1.0
0.031574025129101776,1.0
0.031574667073294704,1.0
0.03157530904359141,1.0
0.03157595103999349,1.0
0.031576593062502545,1.0
0.03157723511112015,1.0
0.031577877185847904,1.0
0.03157851928668741,1.0
0.03157916141364025,1.0
0.03157980356670802,1.0
0.031580445745892305,1.0
0.031581087951194714,1.0
0.03158173018261683,1.0
0.03158237244016025,1.0
0.03158301472382657,1.0
0.031583657033617374,1.0
0.03158429936953427,1.0
0.03158494173157884,1.0
0.03158558411975269,1.0
0.03158686897449457,1.0
0.0315875114410658,1.0
0.03158815393377268,1.0
0.03158943899759977,1.0
0.03159008156872317,1.0
0.031590724165988605,1.0
0.03159136678939767,1.0
0.03159265211465305,1.0
0.03159329481650256,1.0
0.031593937544502085,1.0
0.03159458029865321,1.0
0.03159522307895754,1.0
0.031595865885416664,1.0
0.031596508718032185,1.0
0.0315971515768057,1.0
0.03159779446173879,1.0
0.03159843737283308,1.0
0.031599080310090136,1.0
0.03159972327351158,1.0
0.03160036626309899,1.0
0.031601652320778134,1.0
0.031606797598453244,1.0
0.03160744087597183,1.0
0.031608084179675575,1.0
0.031608727509566066,1.0
0.03161194455187575,1.0
0.03161258803892033,1.0
0.03161323155216285,1.0
0.03161387509160492,1.0
0.03161709318186445,1.0
0.0316177368785374,1.0
0.031618380601421095,1.0
0.031619024350517146,1.0
0.03161966812582714,1.0
0.03162031192735269,1.0
0.031620955755095395,1.0
0.03162159960905685,1.0
0.031622243489238665,1.0
0.03162288739564244,1.0
0.03162353132826977,1.0
0.03162481927220152,1.0
0.031625463283509146,1.0
0.03162610732104674,1.0
0.0316267513848159,1.0
0.031627395474818236,1.0
0.031628683733528846,1.0
0.03162932790224032,1.0
0.031629972097191386,1.0
0.03163061631838364,1.0
0.031631260565818685,1.0
0.031631904839498126,1.0
0.031632549139423566,1.0
0.031633193465596614,1.0
0.03163383781801886,1.0
0.031634482196691925,1.0
0.0316351266016174,1.0
0.03163641549023203,1.0
0.03163705997392438,1.0
0.03163770448387557,1.0
0.03163834902008719,1.0
0.03163963817129818,1.0
0.03164028278630075,1.0
0.03164092742757019,1.0
0.03164157209510809,1.0
0.03164221678891606,1.0
0.0316428615089957,1.0
0.031643506255348626,1.0
0.03164415102797644,1.0
0.031644795826880755,1.0
0.03164608550352529,1.0
0.03164673038126872,1.0
0.03164737528529508,1.0
0.031648020215605956,1.0
0.031648665172202974,1.0
0.031649310155087734,1.0
0.03164995516426184,1.0
0.031652535463883906,1.0
0.031653180604528874,1.0
0.031653825771472834,1.0
0.03165447096471739,1.0
0.03165511618426416,1.0
0.03165576143011476,1.0
0.03165640670227078,1.0
0.03165705200073384,1.0
0.031657697325505545,1.0
0.031662215335684724,1.0
0.03166286087098353,1.0
0.03166350643260546,1.0
0.03166415202055214,1.0
0.03166479763482516,1.0
0.03166544327542615,1.0
0.03166608894235671,1.0
0.03166673463561845,1.0
0.031667380355212986,1.0
0.03166802610114192,1.0
0.03166867187340688,1.0
0.03167125522585908,1.0
0.03167836161879896,1.0
0.0316796540328832,1.0
0.031680300279472065,1.0
0.03168094655242758,1.0
0.03168159285175136,1.0
0.03168223917744502,1.0
0.03168288552951017,1.0
0.031683531907948426,1.0
0.03168547120151796,1.0
0.03168611768546478,1.0
0.031686764195792784,1.0
0.03168741073250357,1.0
0.031688057295598766,1.0
0.03168870388507999,1.0
0.03168935050094884,1.0
0.03168999714320696,1.0
0.031690643811855934,1.0
0.031691290506897396,1.0
0.03169193722833296,1.0
0.031692583976164236,1.0
0.03169323075039285,1.0
0.031693877551020405,1.0
0.03169452437804853,1.0
0.03169581811131294,1.0
0.03169646501755245,1.0
0.031697111950199,1.0
0.03169775890925419,1.0
0.03169840589471965,1.0
0.031699052906597,1.0
0.03169969994488784,1.0
0.031700347009593795,1.0
0.03170099410071649,1.0
0.03170164121825753,1.0
0.03170228836221855,1.0
0.03170293553260115,1.0
0.03170358272940696,1.0
0.03170487720229467,1.0
0.031705524478379814,1.0
0.03170617178089463,1.0
0.03170681910984075,1.0
0.03170746646521979,1.0
0.03170811384703336,1.0
0.031726251276813076,1.0
0.03172689942593311,1.0
0.03173078887685675,1.0
0.03173143721139308,1.0
0.03173208557242394,1.0
0.03173273395995096,1.0
0.031733382373975765,1.0
0.03173403081449998,1.0
0.03173467928152523,1.0
0.03173532777505313,1.0
0.031735976295085316,1.0
0.03173662484162341,1.0
0.03173727341466904,1.0
0.03173792201422382,1.0
0.031738570640289385,1.0
0.03173986797195937,1.0
0.03174051667756704,1.0
0.03174116540969199,1.0
0.03174181416833585,1.0
0.03174246295350026,1.0
0.03174311176518682,1.0
0.03174505835939576,1.0
0.03174830321367242,1.0
0.03175544422860648,1.0
0.03175609357107803,1.0
0.03175674294010592,1.0
0.03175739233569179,1.0
0.031758041757837266,1.0
0.03175869120654397,1.0
0.03175934068181353,1.0
0.03175999018364759,1.0
0.031760639712047775,1.0
0.031761289267015706,1.0
0.03176193884855302,1.0
0.03176258845666135,1.0
0.03176583689582524,1.0
0.03176908599950904,1.0
0.03176973590000614,1.0
0.03177168576104746,1.0
0.031772335767916694,1.0
0.031793150039920566,1.0
0.031793800925357246,1.0
0.031794451837444976,1.0
0.031795102776185406,1.0
0.031799008968426225,1.0
0.03180226486187619,1.0
0.031802916120576674,1.0
0.03180356740595114,1.0
0.03180421871800123,1.0
0.031804870056728586,1.0
0.03182246629236507,1.0
0.031823118378721746,1.0
0.03182377049180328,1.0
0.03182572699141341,1.0
0.03182637921141077,1.0
0.031827031458141204,1.0
0.03182768373160635,1.0
0.03182833603180784,1.0
0.03183029309284689,1.0
0.03183094550001025,1.0
0.031832250394572326,1.0
0.031845305226895236,1.0
0.03184595824960013,1.0
0.03184726437535887,1.0
0.03184791747841601,1.0
0.03184857060826053,1.0
0.03186425376502934,1.0
0.03186490756509428,1.0
0.0318655613919895,1.0
0.03186621524571663,1.0
0.03186686912627734,1.0
0.0318681769679061,1.0
0.031870138931642346,1.0
0.031870792973239206,1.0
0.031871447041681204,1.0
0.03187210113697,1.0
0.03187275525910723,1.0
0.03187340940809457,1.0
0.031874717786626164,1.0
0.03187537201617372,1.0
0.031876026272578,1.0
0.031876680555840635,1.0
0.0318773348659633,1.0
0.03188387944485505,1.0
0.03188453405054715,1.0
0.03189042671156926,1.0
0.03189108158613467,1.0
0.031896976667762075,1.0
0.03191008465521492,1.0
0.03191074033739495,1.0
0.031911396046521184,1.0
0.03191205178259529,1.0
0.03191270754561894,1.0
0.031913363335593775,1.0
0.031914019152521476,1.0
0.03191467499640369,1.0
0.03191533086724209,1.0
0.031915986765038325,1.0
0.03191664268979407,1.0
0.03191729864151099,1.0
0.031917954620190724,1.0
0.03192057880457124,1.0
0.03192123491809007,1.0
0.0319218910585817,1.0
0.031922547226047815,1.0
0.03192320342049005,1.0
0.031923859641910086,1.0
0.03192582846805361,1.0
0.031926484797401476,1.0
0.031929110384670736,1.0
0.031936332976885744,1.0
0.03193830334190231,1.0
0.03194158782394076,1.0
0.03194224480141508,1.0
0.031942901805915504,1.0
0.031943558837443695,1.0
0.03194421589600132,1.0
0.031944872981590045,1.0
0.03194553009421154,1.0
0.03194618723386748,1.0
0.03194684440055953,1.0
0.03194750159428936,1.0
0.03194815881505863,1.0
0.031948816062869013,1.0
0.03194947333772218,1.0
0.03195473251028807,1.0
0.03195539002860141,1.0
0.031956705146408214,1.0
0.031957362745905014,1.0
0.031958020372466305,1.0
0.031958678026093756,1.0
0.03195933570678904,1.0
0.031959993414553835,1.0
0.031960651149389806,1.0
0.0319639402296958,1.0
0.031964598126993926,1.0
0.031965256051374936,1.0
0.0319659140028405,1.0
0.031966571981392286,1.0
0.03196722998703197,1.0
0.03196788801976122,1.0
0.03196854607958171,1.0
0.031969204166495124,1.0
0.031969862280503115,1.0
0.031970520421607376,1.0
0.03197117858980957,1.0
0.031971836785111375,1.0
0.031972495007514465,1.0
0.031973153257020506,1.0
0.031974469837348155,1.0
0.03197512816817311,1.0
0.031976444911153666,1.0
0.031977103323312606,1.0
0.0319784202289762,1.0
0.0319790787224842,1.0
0.0319797372431119,1.0
0.031980395790860976,1.0
0.03198105436573311,1.0
0.031981712967729975,1.0
0.03198237159685325,1.0
0.031983030253104595,1.0
0.0319850063846439,1.0
0.03198566514942434,1.0
0.03198764160659114,1.0
0.03198895938040702,1.0
0.032000164843089984,1.0
0.03200346206157524,1.0
0.03200412158681092,1.0
0.032004781139230075,1.0
0.03200544071883437,1.0
0.03200610032562549,1.0
0.03200741962077494,1.0
0.03200807930913663,1.0
0.03200873902469187,1.0
0.03200939876744234,1.0
0.03201071833453571,1.0
0.03201137815888197,1.0
0.03201203801043019,1.0
0.03201269788918206,1.0
0.032013357795139245,1.0
0.032014017728303444,1.0
0.03201467768867633,1.0
0.0320159976910549,1.0
0.032016657733063954,1.0
0.03201731780228843,1.0
0.03201797789873,1.0
0.03201863802239037,1.0
0.032019298173271205,1.0
0.0320199583513742,1.0
0.03202193904903295,1.0
0.03202391999175173,1.0
0.03202524075639783,1.0
0.03203184621413691,1.0
0.03203250690978095,1.0
0.032033167632680846,1.0
0.03203382838283828,1.0
0.032037132542547704,1.0
0.032037793456285844,1.0
0.03203845439729334,1.0
0.03203911536557188,1.0
0.032039776361123144,1.0
0.03204969456826812,1.0
0.032050356000412755,1.0
0.03207087394680324,1.0
0.03208081141936417,1.0
0.03208147413650636,1.0
0.03208412527890257,1.0
0.0320894288784197,1.0
0.0320900919516479,1.0
0.03209075505227921,1.0
0.032091418180315336,1.0
0.03209208133575798,1.0
0.032095397524128384,1.0
0.032096724191381626,1.0
0.032097387566137565,1.0
0.03209805096831532,1.0
0.03209871439791658,1.0
0.032108669133913616,1.0
0.03210933300252243,1.0
0.03210999689858369,1.0
0.03211066082209908,1.0
0.03211132477307032,1.0
0.032111988751499114,1.0
0.032115309055565894,1.0
0.032115973198775745,1.0
0.032116637369455074,1.0
0.032117301567605575,1.0
0.03211863004632694,1.0
0.0321192943269012,1.0
0.03211995863495346,1.0
0.03212195172399528,1.0
0.03212394506040046,1.0
0.03212460956084645,1.0
0.03212527408878408,1.0
0.03213724029467759,1.0
0.032137905345280715,1.0
0.032138570423409625,1.0
0.032139235529066036,1.0
0.032139900662251655,1.0
0.03214056582296819,1.0
0.03214189622700085,1.0
0.03214588810001863,1.0
0.03214721894471009,1.0
0.03214988096470345,1.0
0.03215054653858894,1.0
0.03215121214003271,1.0
0.032151877769036476,1.0
0.032152543425601955,1.0
0.03215387482142487,1.0
0.03215454056068574,1.0
0.032155206327515166,1.0
0.032155872121914855,1.0
0.03215653794388653,1.0
0.0321572037934319,1.0
0.03215786967055267,1.0
0.03215853557525056,1.0
0.03215920150752728,1.0
0.03215986746738455,1.0
0.03216053345482408,1.0
0.03216119946984758,1.0
0.03216186551245677,1.0
0.03216253158265336,1.0
0.03216319768043906,1.0
0.03216386380581559,1.0
0.03216452995878467,1.0
0.032165196139348,1.0
0.032165862347507304,1.0
0.03216652858326429,1.0
0.032167194846620686,1.0
0.03216786113757819,1.0
0.03216852745613853,1.0
0.032169193802303424,1.0
0.03216986017607457,1.0
0.0321705265774537,1.0
0.03217119300644253,1.0
0.03217185946304276,1.0
0.032172525947256114,1.0
0.032173192459084315,1.0
0.03217385899852908,1.0
0.03217452556559211,1.0
0.03217652543250803,1.0
0.03217785881524149,1.0
0.03217852554805022,1.0
0.03217919230848926,1.0
0.0321798590965603,1.0
0.03218052591226507,1.0
0.032181859626582675,1.0
0.032182526525198936,1.0
0.032183860405354994,1.0
0.03218986423463571,1.0
0.03219053146505265,1.0
0.032191198723130816,1.0
0.03219186600887194,1.0
0.03219386803209022,1.0
0.03219453542850035,1.0
0.03219587030433701,1.0
0.03219653778376697,1.0
0.03219720529087366,1.0
0.03219787282565878,1.0
0.032198540388124065,1.0
0.032199207978271235,1.0
0.03219987559610201,1.0
0.03220054324161811,1.0
0.03220121091482127,1.0
0.03220187861571319,1.0
0.03220254634429561,1.0
0.03220321410057024,1.0
0.03220454969620306,1.0
0.03220521753556468,1.0
0.03220588540262541,1.0
0.032206553297386975,1.0
0.0322072212198511,1.0
0.032207889170019495,1.0
0.0322085571478939,1.0
0.03221056124777036,1.0
0.03221122933648601,1.0
0.032211897452916284,1.0
0.03221256559706291,1.0
0.03221323376892761,1.0
0.03221390196851211,1.0
0.032214570195818124,1.0
0.03221523845084739,1.0
0.032215906733601626,1.0
0.03221657504408256,1.0
0.03221724338229193,1.0
0.03221791174823144,1.0
0.032218580141902826,1.0
0.032219248563307816,1.0
0.032219917012448133,1.0
0.03222058548932551,1.0
0.03222259108639721,1.0
0.032223259674240064,1.0
0.032227271784017096,1.0
0.032227940566116046,1.0
0.03222860937597277,1.0
0.03222927821358901,1.0
0.03222994707896648,1.0
0.03223061597210693,1.0
0.03223128489301206,1.0
0.03223195384168362,1.0
0.03223262281812333,1.0
0.03223329182233292,1.0
0.03223396085431412,1.0
0.03223462991406866,1.0
0.03223529900159827,1.0
0.032235968116904684,1.0
0.03223663725998962,1.0
0.03223730643085482,1.0
0.032237975629502,1.0
0.03223931411014926,1.0
0.03223998339215279,1.0
0.03224065270194523,1.0
0.03224132203952832,1.0
0.03224333021903872,1.0
0.03224399966780168,1.0
0.032244669144363934,1.0
0.03224667774086379,1.0
0.03224734732864055,1.0
0.03224801694422526,1.0
0.03224868658761966,1.0
0.03224935625882548,1.0
0.03225002595784446,1.0
0.03225136543932881,1.0
0.03225270503208656,1.0
0.0322533748701973,1.0
0.03225404473613159,1.0
0.03225471462989117,1.0
0.032255384551477764,1.0
0.03225605450089312,1.0
0.03225672447813895,1.0
0.03225739448321702,1.0
0.03226342578165576,1.0
0.03226409606515145,1.0
0.03226476637649845,1.0
0.032265436715698495,1.0
0.03226610708275332,1.0
0.03226677747766466,1.0
0.03226744790043425,1.0
0.03226811835106383,1.0
0.03226878882955513,1.0
0.032269459335909904,1.0
0.03227012987012987,1.0
0.03227080043221677,1.0
0.032272141639998336,1.0
0.03227281228569647,1.0
0.0322734829592685,1.0
0.03227415366071614,1.0
0.03227683674529772,1.0
0.03227750758614956,1.0
0.03227952027602835,1.0
0.03228019122843484,1.0
0.032280862208734336,1.0
0.03228153321692858,1.0
0.032282875317008276,1.0
0.032283546408897204,1.0
0.03228421752868784,1.0
0.03228488867638193,1.0
0.032285559851981206,1.0
0.03228623105548741,1.0
0.032286902286902286,1.0
0.03228757354622757,1.0
0.032288244833465006,1.0
0.0322895874916833,1.0
0.032290258862667634,1.0
0.03229093026157109,1.0
0.032292273143142314,1.0
0.032293616136410894,1.0
0.03249429832820706,1.0
0.03249497823903582,1.0
0.03249565817831809,1.0
0.03249633814605566,1.0
0.03253446180919261,1.0
0.0325351434018394,1.0
0.032535825023045334,1.0
0.032536506672812215,1.0
0.03254059717129387,1.0
0.032541279021037636,1.0
0.0325419608993567,1.0
0.03254264280625288,1.0
0.03254332474172796,1.0
0.03254400670578374,1.0
0.03254468869842201,1.0
0.03254537071964458,1.0
0.032546052769453236,1.0
0.03254673484784978,1.0
0.032547416954836005,1.0
0.032548099090413715,1.0
0.032548781254584706,1.0
0.03255082791867533,1.0
0.03255151019723742,1.0
0.03255219250440178,1.0
0.03255287484017021,1.0
0.0325535572045445,1.0
0.032554239597526465,1.0
0.032554922019117895,1.0
0.03255560446932059,1.0
0.032556286948136344,1.0
0.032557651991614256,1.0
0.03255901714956602,1.0
0.0325596997714741,1.0
0.03256038242200604,1.0
0.032561747808948716,1.0
0.03256243054536305,1.0
0.032563796104086724,1.0
0.032564478926399666,1.0
0.032565161777349076,1.0
0.03256584465693676,1.0
0.03256652756516451,1.0
0.03256721050203414,1.0
0.032567893467547446,1.0
0.03256857646170623,1.0
0.0325692594845123,1.0
0.03257267502831494,1.0
0.03257335822304256,1.0
0.03257404144643007,1.0
0.03257472469847929,1.0
0.03257609128857005,1.0
0.03257677462661521,1.0
0.03257745799332928,1.0
0.03257814138871407,1.0
0.032578824812771405,1.0
0.032579508265503064,1.0
0.03258019174691086,1.0
0.032582242363209134,1.0
0.03258292595933953,1.0
0.03258360958415509,1.0
0.03258429323765762,1.0
0.03258497691984893,1.0
0.03258566063073082,1.0
0.03258634437030509,1.0
0.03258702813857356,1.0
0.03258771193553802,1.0
0.03258907961556218,1.0
0.03258976349862548,1.0
0.03259044741039201,1.0
0.03259249931792902,1.0
0.03259797233475368,1.0
0.03259934087617288,1.0
0.03260002518997439,1.0
0.032600709532506246,1.0
0.03260207830376824,1.0
0.032604131676184075,1.0
0.032604816191136025,1.0
0.03260550073483099,1.0
0.03260618530727078,1.0
0.03260686990845721,1.0
0.03260892388451444,1.0
0.032609608600705525,1.0
0.03261029334565231,1.0
0.0326109781193566,1.0
0.0326116629218202,1.0
0.03265623685759946,1.0
0.032656923562191145,1.0
0.03265761029566388,1.0
0.032658297058019474,1.0
0.032658983849259755,1.0
0.032659670669386555,1.0
0.032660357518401684,1.0
0.03266104439630697,1.0
0.032663792196866125,1.0
0.03266447921924954,1.0
0.03266516627053404,1.0
0.03266654045981363,1.0
0.032667914764719495,1.0
0.032668601960536836,1.0
0.032669289185266216,1.0
0.03266997643890946,1.0
0.032670663721468395,1.0
0.03267135103294484,1.0
0.03267203837334063,1.0
0.03267272574265758,1.0
0.032674100568062275,1.0
0.03267685056600598,1.0
0.0326775381378222,1.0
0.03267822573857419,1.0
0.03267891336826379,1.0
0.03267960102689281,1.0
0.03268028871446308,1.0
0.03268097643097643,1.0
0.03268166417643469,1.0
0.03268235195083968,1.0
0.03268303975419323,1.0
0.03268372758649718,1.0
0.032685103337963546,1.0
0.03268647920525341,1.0
0.032687167182336725,1.0
0.032687855188381396,1.0
0.03268854322338925,1.0
0.032689231287362126,1.0
0.03268991938030185,1.0
0.03269060750221025,1.0
0.03269129565308915,1.0
0.032691983832940384,1.0
0.032692672041765784,1.0
0.03269336027956717,1.0
0.03269749031497389,1.0
0.03269817875565849,1.0
0.03269886722533372,1.0
0.03269955572400143,1.0
0.03270093280832158,1.0
0.03270162139397768,1.0
0.032736087689713325,1.0
0.032736777756698074,1.0
0.032738848132220257,1.0
0.032739538315589754,1.0
0.03274229934009403,1.0
0.032742989668985874,1.0
0.032751275886794044,1.0
0.03275196659425944,1.0
0.03275265733085878,1.0
0.03275334809659391,1.0
0.03275403889146666,1.0
0.032754729715478874,1.0
0.03275542056863241,1.0
0.03275611145092911,1.0
0.03275680236237081,1.0
0.03275749330295935,1.0
0.03275818427269659,1.0
0.032758875271584366,1.0
0.032759566299624523,1.0
0.03276094844316935,1.0
0.032761639558677724,1.0
0.03276233070334585,1.0
0.032763021877175585,1.0
0.0327650955736529,1.0
0.03276578686414752,1.0
0.03276647818381298,1.0
0.03276716953265112,1.0
0.0327678609106638,1.0
0.03276855231785285,1.0
0.03276924375422012,1.0
0.03276993521976747,1.0
0.0327720097915084,1.0
0.032772701373794504,1.0
0.03277339298526991,1.0
0.032776851480551275,1.0
0.03277754326720135,1.0
0.03277823508305367,1.0
0.032778926928110096,1.0
0.03277961880237246,1.0
0.03278031070584262,1.0
0.032781002638522426,1.0
0.032781694600413726,1.0
0.03278238659151837,1.0
0.03278307861183822,1.0
0.032783770661375104,1.0
0.03278446274013089,1.0
0.032785154848107415,1.0
0.03278584698530654,1.0
0.032786539151730104,1.0
0.03278723134737998,1.0
0.032787923572257995,1.0
0.03279207753542093,1.0
0.032793462423717716,1.0
0.03279415491173241,1.0
0.032795539975503656,1.0
0.032797617790542966,1.0
0.032799695868885696,1.0
0.03280038862018713,1.0
0.032801081400751914,1.0
0.0328017742105819,1.0
0.03280246704967894,1.0
0.03280315991804491,1.0
0.032806624698973344,1.0
0.03280731774299174,1.0
0.03280801081629204,1.0
0.032808703918876095,1.0
0.032809397050745766,1.0
0.0328100902119029,1.0
0.032810783402349365,1.0
0.032811476622087006,1.0
0.032836452056242735,1.0
0.0328371463610606,1.0
0.03283784069524031,1.0
0.03283853505878373,1.0
0.03284409102444802,1.0
0.03284478565234862,1.0
0.032845480309631574,1.0
0.03286077020736352,1.0
0.03286146554095516,1.0
0.03286216090397393,1.0
0.032862856296421696,1.0
0.03286355171830032,1.0
0.03286424716961168,1.0
0.032864942650357644,1.0
0.03286702926922182,1.0
0.032867724867724865,1.0
0.0329136995591726,1.0
0.03291439713456118,1.0
0.032915094739519306,1.0
0.032915792374048874,1.0
0.03292137451508278,1.0
0.03292277034618728,1.0
0.03292556236351687,1.0
0.032926958549772074,1.0
0.03293324285350751,1.0
0.032933941257554875,1.0
0.03296959918478261,1.0
0.032970299131690126,1.0
0.03297099910831812,1.0
0.032971699114668476,1.0
0.0329723991507431,1.0
0.03297309921654388,1.0
0.0329737993120727,1.0
0.032975899777046395,1.0
0.03297659999150635,1.0
0.03297730023570382,1.0
0.032978000509640705,1.0
0.03297870081331889,1.0
0.032979401146740285,1.0
0.032985004885094094,1.0
0.03298570548628959,1.0
0.03299271313547619,1.0
0.03299411502262636,1.0
0.03299481601087788,1.0
0.032995517028916226,1.0
0.0329962180767433,1.0
0.03299972376277597,1.0
0.03300042498937526,1.0
0.03300112624577658,1.0
0.03300182753198181,1.0
0.03300252884799286,1.0
0.03300323019381163,1.0
0.033004632974879926,1.0
0.03301024529184203,1.0
0.03301094696567117,1.0
0.03301164866933084,1.0
0.03301375395931209,1.0
0.03301445578231293,1.0
0.03301515763515381,1.0
0.03301656143036333,1.0
0.03301726337273578,1.0
0.03301796534495589,1.0
0.033018667347025556,1.0
0.0330193693789467,1.0
0.033020071440721215,1.0
0.033020773532351,1.0
0.03302147565383798,1.0
0.033022879986391085,1.0
0.0330256890098673,1.0
0.033026391340407885,1.0
0.0330284985112718,1.0
0.03302920096131351,1.0
0.03302990344123527,1.0
0.03303060595103899,1.0
0.033032713659760925,1.0
0.03303341628911152,1.0
0.033036929884275014,1.0
0.03303763269300317,1.0
0.03303833553163426,1.0
0.033039038400170195,1.0
0.03303974129861288,1.0
0.033040444226964234,1.0
0.03304114718522616,1.0
0.03304185017340057,1.0
0.03304255319148936,1.0
0.03304325623949446,1.0
0.03304395931741776,1.0
0.03304466242526119,1.0
0.03304536556302664,1.0
0.033046771928331276,1.0
0.03304747515587428,1.0
0.03304817841334695,1.0
0.033053805550825814,1.0
0.03305591622145122,1.0
0.03305661983822903,1.0
0.03305732348496136,1.0
0.03306365765382159,1.0
0.033065769582898634,1.0
0.033067177685510485,1.0
0.033067881781790306,1.0
0.033068585908055274,1.0
0.03306929006430731,1.0
0.03306999425054833,1.0
0.033070698466780235,1.0
0.03307140271300496,1.0
0.03308056064414434,1.0
0.0330812653104697,1.0
0.03308197000681663,1.0
0.03308267473318706,1.0
0.03308337948958289,1.0
0.033087608658598944,1.0
0.03308831362522638,1.0
0.033089018621894575,1.0
0.033091838909013425,1.0
0.033092544055914254,1.0
0.03309324923286737,1.0
0.0330939544398747,1.0
0.03309677556848454,1.0
0.03309748092579174,1.0
0.03309818631316468,1.0
0.033101008163352305,1.0
0.03310171370108279,1.0
0.03310241926889055,1.0
0.03311653694423713,1.0
0.03311794937410701,1.0
0.033118655634223323,1.0
0.03312006824482832,1.0
0.03312077459532086,1.0
0.033122893827581795,1.0
0.033123600298602965,1.0
0.03312430679976111,1.0
0.03312501333105817,1.0
0.033125719892496054,1.0
0.0331264264840767,1.0
0.03312783975767401,1.0
0.033128546439694526,1.0
0.033129959894188925,1.0
0.03313066666666667,1.0
0.03313137346930068,1.0
0.03313208030209289,1.0
0.03313278716504523,1.0
0.03313349405815963,1.0
0.03313420098143802,1.0
0.03313490793488233,1.0
0.033135614918494496,1.0
0.03313632193227644,1.0
0.0331370289762301,1.0
0.03313773605035741,1.0
0.033138443154660295,1.0
0.03313915028914069,1.0
0.03313985745380052,1.0
0.03314056464864173,1.0
0.033141271873666237,1.0
0.03314268641427291,1.0
0.03314339372985893,1.0
0.03314410107563599,1.0
0.03314480845160602,1.0
0.033145515857770945,1.0
0.033146223294132714,1.0
0.03314763825745448,1.0
0.03314834578441836,1.0
0.0331490533415868,1.0
0.03314976092896175,1.0
0.03315046854654514,1.0
0.0331511761943389,1.0
0.03315188387234497,1.0
0.03315259158056528,1.0
0.033153299319001774,1.0
0.03315683846449464,1.0
0.03315754638426885,1.0
0.03315825433427278,1.0
0.03315896231450838,1.0
0.03315967032497758,1.0
0.03316250266922913,1.0
0.033163210830895386,1.0
0.03316391902280687,1.0
0.03316533549737325,1.0
0.03316604378003203,1.0
0.03316675209294379,1.0
0.033167460436110456,1.0
0.03316816880953398,1.0
0.03316887721321629,1.0
0.033169585647159334,1.0
0.033170294111365045,1.0
0.03317100260583536,1.0
0.03317241968557758,1.0
0.03317950690082468,1.0
0.03318021578891144,1.0
0.03318376068376069,1.0
0.03318446975362722,1.0
0.03318517885379717,1.0
0.03318730633614703,1.0
0.033194399914502515,1.0
0.03319510943912449,1.0
0.03319581899407904,1.0
0.03319652857936813,1.0
0.03319723819499369,1.0
0.03319794784095768,1.0
0.03319936722390868,1.0
0.033200076960899584,1.0
0.03320149652592197,1.0
0.03320220635395733,1.0
0.03320291621234473,1.0
0.033204336020183446,1.0
0.03320504596963866,1.0
0.0332057559494537,1.0
0.03320646595963052,1.0
0.033207886071077275,1.0
0.03320859617235112,1.0
0.033209306303994525,1.0
0.033210016466009455,1.0
0.033210726658397846,1.0
0.033211436881161654,1.0
0.03321214713430282,1.0
0.03321285741782331,1.0
0.033213567731725055,1.0
0.03321427807601001,1.0
0.033214988450680126,1.0
0.03321569885573735,1.0
0.03323062438481619,1.0
0.033231335458883446,1.0
0.033232046563382696,1.0
0.03323275769831589,1.0
0.033233468863685,1.0
0.03323418005949196,1.0
0.03323489128573874,1.0
0.033235602542427294,1.0
0.03323631382955956,1.0
0.03323702514713751,1.0
0.03323773649516309,1.0
0.03323844787363825,1.0
0.03323915928256496,1.0
0.03323987072194516,1.0
0.033245563333547404,1.0
0.0332462750470971,1.0
0.03324698679111986,1.0
0.03324769856561764,1.0
0.03324841037059239,1.0
0.033249122206046075,1.0
0.03324983407198064,1.0
0.03325054596839806,1.0
0.03325125789530029,1.0
0.03325196985268928,1.0
0.03325268184056699,1.0
0.03325339385893538,1.0
0.03325410590779641,1.0
0.033255530097004216,1.0
0.03325624223735492,1.0
0.03325695440820609,1.0
0.033257666609559706,1.0
0.03325837884141771,1.0
0.03329831257102425,1.0
0.033300454584441204,1.0
0.03330116865015546,1.0
0.033301882746493976,1.0
0.03330259687345871,1.0
0.033303311031051636,1.0
0.03330402521927473,1.0
0.033304739438129956,1.0
0.033305453687619294,1.0
0.0333061679677447,1.0
0.033306882278508164,1.0
0.03330759661991164,1.0
0.03330831099195711,1.0
0.033310454291965164,1.0
0.033311168786598316,1.0
0.03331259786782213,1.0
0.03331402707166913,1.0
0.03331474171958126,1.0
0.0333154563981551,1.0
0.03331617110739263,1.0
0.03331688584729582,1.0
0.03331760061786664,1.0
0.03331831541910708,1.0
0.033319030251019094,1.0
0.033319745113604665,1.0
0.033323319886705005,1.0
0.03332403493337339,1.0
0.033324750010729154,1.0
0.033325465118774274,1.0
0.03332618025751073,1.0
0.03332689542694049,1.0
0.03332761062706554,1.0
0.03332832585788785,1.0
0.033330471734558095,1.0
0.03333333333333333,1.0
0.0333347643169915,1.0
0.033336195423517796,1.0
0.03333691102286144,1.0
0.03333905800523807,1.0
0.03333977372748546,1.0
0.03334048948046372,1.0
0.03334120526417484,1.0
0.03334192107862081,1.0
0.03334263692380359,1.0
0.03334335279972518,1.0
0.03334406870638755,1.0
0.033347648700880396,1.0
0.033349080913932315,1.0
0.033349797066592225,1.0
0.03335194570913152,1.0
0.033352661984837745,1.0
0.03335337829131051,1.0
0.033356960285241745,1.0
0.03336125969366931,1.0
0.033361976369495165,1.0
0.033362693076113344,1.0
0.03336340981352582,1.0
0.03336412658173459,1.0
0.03336484338074163,1.0
0.03336556021054893,1.0
0.033366277071158475,1.0
0.03336699396257224,1.0
0.03337201306515386,1.0
0.03337273020307296,1.0
0.033373447371814156,1.0
0.03337416457137945,1.0
0.033375599062990265,1.0
0.03337631635503976,1.0
0.033377033677921296,1.0
0.033377751031636864,1.0
0.03337918583157804,1.0
0.0333806207548792,1.0
0.03338133826279475,1.0
0.03338205580155625,1.0
0.033384208602936435,1.0
0.03338492626510168,1.0
0.03338564395812284,1.0
0.03339425868186217,1.0
0.033396413057502905,1.0
0.03339713124448936,1.0
0.03339784946236559,1.0
0.033402159418419584,1.0
0.033402877852579956,1.0
0.033420848756133256,1.0
0.03342156799449071,1.0
0.03342228726380579,1.0
0.03342300656408049,1.0
0.0334237258953168,1.0
0.03342516465068228,1.0
0.033425884074815435,1.0
0.03342660352991821,1.0
0.0334273230159926,1.0
0.033428042533040596,1.0
0.03342876208106421,1.0
0.03342948166006544,1.0
0.033430201270046284,1.0
0.033433799784714745,1.0
0.0334345195806153,1.0
0.0334366791542867,1.0
0.03343955901985272,1.0
0.033440279063758314,1.0
0.03344099913867356,1.0
0.033441719244600446,1.0
0.03344243938154098,1.0
0.03345108344462155,1.0
0.03345180398492192,1.0
0.033452524556264004,1.0
0.03345324515864981,1.0
0.03345396579208134,1.0
0.033454686456560606,1.0
0.03345540715208962,1.0
0.03345756942499515,1.0
0.03345829024474319,1.0
0.03345901109555101,1.0
0.03345973197742061,1.0
0.03346117383435319,1.0
0.03346189480942018,1.0
0.03346694250495647,1.0
0.033467663728638235,1.0
0.03346838498340589,1.0
0.03346910626926144,1.0
0.033469827586206896,1.0
0.03347271316492801,1.0
0.03347343463735316,1.0
0.033474156140880285,1.0
0.03347487767551139,1.0
0.03347559924124849,1.0
0.0334763208380936,1.0
0.03347704246604872,1.0
0.03347848581529706,1.0
0.03347920753659431,1.0
0.03348426045709357,1.0
0.03348498242739171,1.0
0.0334893149030686,1.0
0.03349003709134823,1.0
0.033493648500010784,1.0
0.03349437087521028,1.0
0.03349509328157015,1.0
0.0334958157190924,1.0
0.03349653818777905,1.0
0.03350015099874887,1.0
0.03350087365446427,1.0
0.033501596341358186,1.0
0.033504487400759404,1.0
0.03350521024357619,1.0
0.033505933117583604,1.0
0.03350737895917839,1.0
0.0335081019267698,1.0
0.03350882492555992,1.0
0.03350954795555076,1.0
0.0335109941091427,1.0
0.03351171723274783,1.0
0.03353704623491049,1.0
0.0335377704833067,1.0
0.033539219073946094,1.0
0.03353994341619333,1.0
0.03354066778972831,1.0
0.03354139219455304,1.0
0.03354211663066955,1.0
0.03354356559678604,1.0
0.033545014688094,1.0
0.03354573928069986,1.0
0.03354718855982546,1.0
0.03354791324634926,1.0
0.0335486379641831,1.0
0.03354936271332901,1.0
0.03355008749378902,1.0
0.033550812305565156,1.0
0.03355153714865945,1.0
0.03355226202307393,1.0
0.03355298692881063,1.0
0.033553711865871576,1.0
0.0335544368342588,1.0
0.033555161833974334,1.0
0.0335558868650202,1.0
0.03355661192739844,1.0
0.033557337021111085,1.0
0.033559512490275736,1.0
0.033565315120601714,1.0
0.03356604059048566,1.0
0.03356676609173043,1.0
0.03356749162433805,1.0
0.033568217188310566,1.0
0.03356894278365,1.0
0.03357039406843778,1.0
0.03357402282947077,1.0
0.03357474867581883,1.0
0.03357547455355212,1.0
0.03357620046267269,1.0
0.033576926403182564,1.0
0.03357765237508378,1.0
0.033578378378378376,1.0
0.03357910441306839,1.0
0.03357983047915586,1.0
0.03358055657664281,1.0
0.03358128270553129,1.0
0.03358200886582333,1.0
0.03358273505752098,1.0
0.03358346128062626,1.0
0.03358418753514121,1.0
0.03358491382106788,1.0
0.033585640138408306,1.0
0.033586366487164517,1.0
0.033587092867338554,1.0
0.03358781927893246,1.0
0.03358854572194826,1.0
0.03358927219638802,1.0
0.03358999870225375,1.0
0.03359072523954751,1.0
0.033591451808271326,1.0
0.033592178408427244,1.0
0.03359290504001731,1.0
0.033593631703043546,1.0
0.033594358397508,1.0
0.03359508512341272,1.0
0.033595811880759746,1.0
0.033597265489788856,1.0
0.03359799234147502,1.0
0.033598719224611655,1.0
0.033599446139200795,1.0
0.03360017308524448,1.0
0.03360090006274476,1.0
0.03364603418766384,1.0
0.03364676315105295,1.0
0.03365551317614424,1.0
0.033656242550332664,1.0
0.03365770139355454,1.0
0.03365843086259211,1.0
0.03365916036325018,1.0
0.03366061945943603,1.0
0.03366134905496792,1.0
0.03366207868212854,1.0
0.03366280834091993,1.0
0.03366499750709935,1.0
0.03366572729243442,1.0
0.03366645710941057,1.0
0.03366718695802983,1.0
0.03366791683829427,1.0
0.033668646750205956,1.0
0.03366937669376694,1.0
0.03367010666897927,1.0
0.03367156671436625,1.0
0.033672296784545,1.0
0.03367302688638335,1.0
0.033673757019883344,1.0
0.03367740816238019,1.0
0.03367813848589335,1.0
0.03367886884108258,1.0
0.03367959922794995,1.0
0.0336803296464975,1.0
0.03368106009672732,1.0
0.03368179057864145,1.0
0.03368252109224196,1.0
0.03368325163753091,1.0
0.033683982214510355,1.0
0.03368471282318237,1.0
0.03368544346354901,1.0
0.03368617413561234,1.0
0.03368763557483731,1.0
0.0336898279714515,1.0
0.03369275161087367,1.0
0.03369348260001736,1.0
0.03369421362088043,1.0
0.033695675757773005,1.0
0.033698600412281655,1.0
0.03369933165523826,1.0
0.033700062929930774,1.0
0.0337015255745318,1.0
0.033702256944444446,1.0
0.03370298834610126,1.0
0.033705914270211614,1.0
0.03370664583062031,1.0
0.03370737742278558,1.0
0.03370957238984155,1.0
0.03371030410905381,1.0
0.033711767642781165,1.0
0.03371249945730039,1.0
0.033726409972419484,1.0
0.0337271424227946,1.0
0.03372787490498425,1.0
0.03372860741899053,1.0
0.033729339964815495,1.0
0.033730805151929805,1.0
0.033731537793223285,1.0
0.03374693061561529,1.0
0.033748397331420994,1.0
0.03374913073713491,1.0
0.03375133114554582,1.0
0.03375206467877945,1.0
0.0337527982438982,1.0
0.03375353184090415,1.0
0.033754265469799385,1.0
0.03375499913058599,1.0
0.03375573282326602,1.0
0.03375646654784158,1.0
0.03375720030431475,1.0
0.03375793409268759,1.0
0.0337586679129622,1.0
0.03375940176514065,1.0
0.03376013564922502,1.0
0.03376086956521739,1.0
0.03376160351311985,1.0
0.033762337492934474,1.0
0.033767476245352354,1.0
0.03376894474765705,1.0
0.033769679046707836,1.0
0.033770413377693695,1.0
0.03377114774061671,1.0
0.03377188213547896,1.0
0.03377261656228253,1.0
0.03377335102102951,1.0
0.03377849312684879,1.0
0.033779227841218055,1.0
0.033779962587549485,1.0
0.03378069736584517,1.0
0.0337814321761072,1.0
0.033782167018337646,1.0
0.03378290189253861,1.0
0.03378363679871218,1.0
0.03378437173686043,1.0
0.033785106706985445,1.0
0.033785841709089326,1.0
0.03378657674317415,1.0
0.033787311809242014,1.0
0.03379687057953037,1.0
0.03379760609357998,1.0
0.033799077217724384,1.0
0.033813059287160614,1.0
0.033814531756918585,1.0
0.03381526803989026,1.0
0.03381600435492651,1.0
0.03381747708120114,1.0
0.03381821349244371,1.0
0.03381894993575924,1.0
0.03382115945816455,1.0
0.03382189602979289,1.0
0.033822632633504664,1.0
0.03382336926930197,1.0
0.03382484263716159,1.0
0.03382557936922809,1.0
0.03382631613338851,1.0
0.033827052929644955,1.0
0.03382778975799952,1.0
0.0338285266184543,1.0
0.03382926351101139,1.0
0.0338300004356729,1.0
0.03383147438131753,1.0
0.03383221140230486,1.0
0.03383294845540499,1.0
0.03383368554062003,1.0
0.03383442265795207,1.0
0.03383884603651893,1.0
0.033839583378728784,1.0
0.03384032075307243,1.0
0.03384105815955198,1.0
0.033841795598169536,1.0
0.03384400810687123,1.0
0.0338447456740618,1.0
0.033845483273400895,1.0
0.033846220904890596,1.0
0.03384695856853301,1.0
0.03384769626433024,1.0
0.03384843399228439,1.0
0.03384917175239756,1.0
0.033849909544671854,1.0
0.03385064736910938,1.0
0.03385138522571223,1.0
0.03385212311448252,1.0
0.033852861035422344,1.0
0.03385359898853381,1.0
0.033854336973819024,1.0
0.033855074991280085,1.0
0.0338558130409191,1.0
0.03385655112273817,1.0
0.03385728923673941,1.0
0.03385802738292491,1.0
0.03385876556129679,1.0
0.03386024201460809,1.0
0.03386171859669014,1.0
0.033862456936025465,1.0
0.033863933711295244,1.0
0.03386467214723391,1.0
0.03386541061537791,1.0
0.033866149115729334,1.0
0.03387279706857442,1.0
0.0338735358911161,1.0
0.03387427474588841,1.0
0.03387501363289345,1.0
0.03387575255213332,1.0
0.03387649150361015,1.0
0.033877230487326035,1.0
0.03388684021034716,1.0
0.033887579645631494,1.0
0.03388831911318655,1.0
0.033889058613014444,1.0
0.03388979814511729,1.0
0.03389053770949721,1.0
0.03389201693509668,1.0
0.03389275659632046,1.0
0.033893496289829766,1.0
0.0338942360156267,1.0
0.033894975773713386,1.0
0.03392681594756963,1.0
0.033927557128500895,1.0
0.03392829834181723,1.0
0.0339297808656136,1.0
0.03393126351897573,1.0
0.03393200489424926,1.0
0.0339327463019206,1.0
0.033963171937191096,1.0
0.03396391470749043,1.0
0.033964657510279064,1.0
0.0339683720116363,1.0
0.03397952039208822,1.0
0.033980263877644794,1.0
0.03398175094636879,1.0
0.03398249452954048,1.0
0.03398323814525482,1.0
0.03398398179351394,1.0
0.03398472547431998,1.0
0.03398546918767507,1.0
0.03398621293358135,1.0
0.03398695671204097,1.0
0.033987700523056046,1.0
0.033993652183430006,1.0
0.033994396287540495,1.0
0.033995140424227833,1.0
0.033996628795341606,1.0
0.03399737302977233,1.0
0.033998117296788456,1.0
0.033998861596392135,1.0
0.0339996059285855,1.0
0.0340003502933707,1.0
0.03400109469074986,1.0
0.03400556175961812,1.0
0.034006306385215034,1.0
0.03400705104342304,1.0
0.03400854045768094,1.0
0.03401003000240895,1.0
0.03401151967762423,1.0
0.034012264564169954,1.0
0.03401300948334392,1.0
0.03401375443514828,1.0
0.03401524443665674,1.0
0.03401598948636513,1.0
0.03401673456871249,1.0
0.03401822483133269,1.0
0.03401897001160982,1.0
0.0340197152245345,1.0
0.03402046047010887,1.0
0.03402120574833509,1.0
0.03402195105921528,1.0
0.03402269640275161,1.0
0.034023441778946215,1.0
0.034024187187801244,1.0
0.03402493262931884,1.0
0.03402642361035034,1.0
0.03402716914986854,1.0
0.03402866032692055,1.0
0.034029405964458664,1.0
0.03403015163467438,1.0
0.0340338804759922,1.0
0.03403462634231865,1.0
0.03403537224133774,1.0
0.03403611817305163,1.0
0.034036864137462465,1.0
0.03403761013457239,1.0
0.03403835616438356,1.0
0.03403910222689813,1.0
0.03403984832211823,1.0
0.03404059445004603,1.0
0.034041340610683674,1.0
0.03404283303009711,1.0
0.0340495505371629,1.0
0.034063740650567,1.0
0.03406672955009103,1.0
0.03406747685692976,1.0
0.034068224196555884,1.0
0.03406897156897157,1.0
0.03407420409417031,1.0
0.03407719483027231,1.0
0.03407794259633108,1.0
0.03407869039520748,1.0
0.03408168191893256,1.0
0.034083177877757054,1.0
0.03408467396791256,1.0
0.03408542206224485,1.0
0.034086170189416384,1.0
0.034086918349429327,1.0
0.03408766654228583,1.0
0.034089911317938364,1.0
0.034092904812082894,1.0
0.034093653267765804,1.0
0.034094401756311746,1.0
0.03409515027772289,1.0
0.034095898832001405,1.0
0.03409814469206279,1.0
0.03409889337783242,1.0
0.03410113963241914,1.0
0.03410188844971453,1.0
0.03410263729989679,1.0
0.03410338618296807,1.0
0.03410488404778637,1.0
0.034164155135622674,1.0
0.03416490672298486,1.0
0.03416565834341657,1.0
0.034166409996919965,1.0
0.03416716168349724,1.0
0.03416791340315058,1.0
0.03417392835137752,1.0
0.03417468036881368,1.0
0.03417543241934774,1.0
0.03417618450298189,1.0
0.03417693661971831,1.0
0.03417768876955919,1.0
0.03417844095250671,1.0
0.03417919316856306,1.0
0.03417994541773044,1.0
0.034180697700011003,1.0
0.03418145001540696,1.0
0.0341822023639205,1.0
0.034182954745553794,1.0
0.03420478822985265,1.0
0.03420554160609665,1.0
0.03420629501552829,1.0
0.03420704845814978,1.0
0.034207801933963305,1.0
0.03420855544297106,1.0
0.034209308985175234,1.0
0.03421006256057803,1.0
0.034210816169181625,1.0
0.03421156981098824,1.0
0.03421232348600004,1.0
0.0342213701769463,1.0
0.03422212428382548,1.0
0.03422363259729384,1.0
0.03422438680388743,1.0
0.03422514104372355,1.0
0.03422589531680441,1.0
0.03440255194718887,1.0
0.03440331406038856,1.0
0.034404076207354896,1.0
0.03442619316796347,1.0
0.03444757447374842,1.0
0.03445139535915524,1.0
0.03445674602294158,1.0
0.0344575105391613,1.0
0.03445827508930751,1.0
0.034459039673382444,1.0
0.034459804291388375,1.0
0.034460568943327566,1.0
0.03446209834901474,1.0
0.034462863102767236,1.0
0.034464392712101374,1.0
0.034465157567687525,1.0
0.03455103675358192,1.0
0.034551805459763725,1.0
0.034552574200151294,1.0
0.03455411178355287,1.0
0.03455488062657144,1.0
0.0345556495038049,1.0
0.03455641841525556,1.0
0.03455718736092568,1.0
0.03456026348584654,1.0
0.03456103260264827,1.0
0.03456180175368318,1.0
0.03456334015846167,1.0
0.03456410941220983,1.0
0.034564878700200315,1.0
0.0345656480224354,1.0
0.03456641737891738,1.0
0.03456718676964854,1.0
0.03456872565386756,1.0
0.034569495147359984,1.0
0.03457026467511075,1.0
0.03457103423712212,1.0
0.03457334312874285,1.0
0.034583351890615954,1.0
0.03458412203540808,1.0
0.03458489221450205,1.0
0.03458643267560465,1.0
0.03458720295761787,1.0
0.03459028442880371,1.0
0.0345918253703085,1.0
0.03459259589254689,1.0
0.03459336644911233,1.0
0.03459413704000713,1.0
0.034594907665233564,1.0
0.03459567832479394,1.0
0.03459644901869055,1.0
0.03459721974692568,1.0
0.03459799050950164,1.0
0.03459876130642071,1.0
0.034603386809269165,1.0
0.034604928918401,1.0
0.034605700024511445,1.0
0.03460647116498797,1.0
0.03460724233983287,1.0
0.034608013549048446,1.0
0.034608784792636994,1.0
0.03460955607060082,1.0
0.03461804239762823,1.0
0.03462035757278523,1.0
0.034621129366654034,1.0
0.034621901194934905,1.0
0.034625760852600836,1.0
0.03462653288740245,1.0
0.03462730495663226,1.0
0.03463734499063253,1.0
0.034638117542098806,1.0
0.03463889012802784,1.0
0.034652029363857466,1.0
0.03465280257051053,1.0
0.0346535758116702,1.0
0.034654349087338776,1.0
0.03465512239751858,1.0
0.03465666912142108,1.0
0.0346574425351484,1.0
0.03465821598339619,1.0
0.03465898946616676,1.0
0.034659762983462405,1.0
0.034660536535285454,1.0
0.034690732012419866,1.0
0.034691506947236744,1.0
0.03469228191667598,1.0
0.03469538214070284,1.0
0.034696932460510733,1.0
0.03469770767237142,1.0
0.03469848291887302,1.0
0.034699258200017874,1.0
0.034700808866246595,1.0
0.034702359671076155,1.0
0.03470701291735574,1.0
0.03470778857972958,1.0
0.03470856427677454,1.0
0.03470934000849295,1.0
0.03471011577488713,1.0
0.03471089157595941,1.0
0.03471166741171212,1.0
0.034712443282147565,1.0
0.034715547110763384,1.0
0.03471632315464747,1.0
0.034717099233228264,1.0
0.034717875346508095,1.0
0.03471865149448928,1.0
0.034719427677174154,1.0
0.034720203894565045,1.0
0.03472098014666428,1.0
0.03472175643347419,1.0
0.03472253275499709,1.0
0.03472330911123533,1.0
0.034724085502191214,1.0
0.03472486192786709,1.0
0.03472719141323793,1.0
0.034727967977817034,1.0
0.03472874457712778,1.0
0.03472952121117248,1.0
0.034730297879953485,1.0
0.03473107458347311,1.0
0.03473185132173368,1.0
0.034732628094737546,1.0
0.034733404902487025,1.0
0.03473418174498446,1.0
0.034734958622232165,1.0
0.03473573553423248,1.0
0.03473884352980651,1.0
0.034739620615604865,1.0
0.03474039773616983,1.0
0.03474117489150374,1.0
0.034741952081608914,1.0
0.034742729306487696,1.0
0.03474350656614242,1.0
0.034745061189789025,1.0
0.034745838553785574,1.0
0.0347466159525674,1.0
0.03474739338613684,1.0
0.03474817085449623,1.0
0.0347489483576479,1.0
0.03474972589559419,1.0
0.03475050346833743,1.0
0.03475205871822413,1.0
0.03475283639537226,1.0
0.03475361410732668,1.0
0.03475828111011638,1.0
0.03476450573065903,1.0
0.03476528396498847,1.0
0.034771511094194296,1.0
0.034774625495420854,1.0
0.03477540418290116,1.0
0.034776182905255616,1.0
0.03477696166248656,1.0
0.034783972047394,1.0
0.034786309470477554,1.0
0.03478708868131622,1.0
0.03480112044817927,1.0
0.034801900322696304,1.0
0.03480268023216727,1.0
0.034803460176594504,1.0
0.03480892076655833,1.0
0.0348097009907204,1.0
0.03481048124985991,1.0
0.0348112615439792,1.0
0.03481204187308063,1.0
0.03481282223716656,1.0
0.034813602636239324,1.0
0.03481438307030129,1.0
0.03481516353935481,1.0
0.034815944043402235,1.0
0.034826874775744525,1.0
0.03482999910289764,1.0
0.03483078027227667,1.0
0.03483156147669672,1.0
0.03483390530022654,1.0
0.03483468664483424,1.0
0.03483546802449474,1.0
0.03483624943921041,1.0
0.0348370308889836,1.0
0.03483781237381668,1.0
0.034838593893712,1.0
0.03483937544867193,1.0
0.034840157038698825,1.0
0.034840938663795035,1.0
0.03484406551492035,1.0
0.03484797486817009,1.0
0.034856578533913905,1.0
0.03485736089601149,1.0
0.03485892572557294,1.0
0.03485970819304152,1.0
0.03486049069563851,1.0
0.03486205580622713,1.0
0.034862838414223496,1.0
0.03486362105735773,1.0
0.034865186449049235,1.0
0.03486675198132058,1.0
0.03486831765419071,1.0
0.034876148128186124,1.0
0.03487693136902623,1.0
0.034877714645046826,1.0
0.03487849795625028,1.0
0.03487928130263897,1.0
0.034880064684215256,1.0
0.03491064403731595,1.0
0.03491456834532374,1.0
0.0349153533127993,1.0
0.03491613831557174,1.0
0.03491692335364346,1.0
0.034917708427016816,1.0
0.03491849353569421,1.0
0.03492006385897061,1.0
0.034920849073574387,1.0
0.034945208253639656,1.0
0.03494599459945995,1.0
0.0349515000112529,1.0
0.034952286640259275,1.0
0.034957794034890265,1.0
0.03497038888513589,1.0
0.03497275142998694,1.0
0.034976689714195625,1.0
0.034977477477477474,1.0
0.03497826527624496,1.0
0.0350003380586419,1.0
0.03500112688753662,1.0
0.035001915751989,1.0
0.03500270465200144,1.0
0.03500349358757635,1.0
0.035004282558716134,1.0
0.03500507156542319,1.0
0.03501296358922331,1.0
0.035013752987329214,1.0
0.035014542421031275,1.0
0.03501533189033189,1.0
0.03502085917239824,1.0
0.035021648926574056,1.0
0.03502243871637011,1.0
0.035023228541788826,1.0
0.03502954842784319,1.0
0.035034289839379174,1.0
0.035059599060863283,1.0
0.03506830755334763,1.0
0.03506909944901093,1.0
0.03507464372021591,1.0
0.03507702037313096,1.0
0.035077812662345,1.0
0.03507939734815116,1.0
0.035080189744748136,1.0
0.035080982177144275,1.0
0.035121443755936496,1.0
0.03512223805323744,1.0
0.03512303238646644,1.0
0.03512462116071832,1.0
0.03512541560174609,1.0
0.03512621007871166,1.0
0.035127004591617474,1.0
0.03513336198900527,1.0
0.03513415682548301,1.0
0.035138131547390095,1.0
0.03513892659969228,1.0
0.035140516812236955,1.0
0.03514369766915592,1.0
0.03514449297336441,1.0
0.03514528831356929,1.0
0.03514608368977301,1.0
0.035151652331371665,1.0
0.03518270995219864,1.0
0.03518350702310829,1.0
0.03518430413013435,1.0
0.035185101273279264,1.0
0.03518589845254548,1.0
0.035186695667935475,1.0
0.03518749291945168,1.0
0.035188290207096566,1.0
0.03518908753087259,1.0
0.035189884890782196,1.0
0.035190682286827854,1.0
0.03519147971901201,1.0
0.035192277187337126,1.0
0.03519307469180566,1.0
0.03519387223242006,1.0
0.035194669809182795,1.0
0.03519626507116309,1.0
0.03519706275638556,1.0
0.03520663780009521,1.0
0.03520743595556563,1.0
0.03520823414722619,1.0
0.035209830639127575,1.0
0.03521062893937333,1.0
0.035211427275819066,1.0
0.03521222564846726,1.0
0.035213024057320366,1.0
0.035213822502380844,1.0
0.03521462098365116,1.0
0.035215419501133785,1.0
0.035216218054831175,1.0
0.035217016644745795,1.0
0.035218613933236574,1.0
0.035219412631817666,1.0
0.03522021136662584,1.0
0.03522101013766357,1.0
0.03522260778843755,1.0
0.03522420558415931,1.0
0.035225803524848595,1.0
0.03522820070773977,1.0
0.035231397459165155,1.0
0.03523219673767554,1.0
0.035236193674275086,1.0
0.0352369931704218,1.0
0.035249790044714804,1.0
0.03525059015798075,1.0
0.03525139030757008,1.0
0.03525219049348527,1.0
0.03525299071572878,1.0
0.0352537909743031,1.0
0.035263396911898275,1.0
0.03526419764299825,1.0
0.03526499841046369,1.0
0.035266600054500864,1.0
0.03526740093107755,1.0
0.035268201844029616,1.0
0.035269002793359525,1.0
0.035271405859641156,1.0
0.03527220695450726,1.0
0.03527461045745696,1.0
0.03527541169789892,1.0
0.03527621297474105,1.0
0.035277014287985825,1.0
0.03527861702369324,1.0
0.035281822932048984,1.0
0.03530026821839342,1.0
0.03530107062487214,1.0
0.035301873067830516,1.0
0.03530267554727103,1.0
0.035303478063196184,1.0
0.03530428061560845,1.0
0.03530508320451032,1.0
0.035306688491792845,1.0
0.03530749119017847,1.0
0.03530829392506366,1.0
0.0353090966964509,1.0
0.035309899504342684,1.0
0.0353107023487415,1.0
0.03531150522964984,1.0
0.03531230814707019,1.0
0.03533078533078533,1.0
0.03533158912524172,1.0
0.03533400072806698,1.0
0.03533641266012878,1.0
0.03533721671065805,1.0
0.03534043327871837,1.0
0.035341237512231755,1.0
0.03534204178234946,1.0
0.03534365043240783,1.0
0.03534445481235349,1.0
0.03534525922891347,1.0
0.03534606368209026,1.0
0.035347672698304314,1.0
0.035348477261346566,1.0
0.03534928186101564,1.0
0.03535008649731403,1.0
0.035350891170244245,1.0
0.035351695879808784,1.0
0.035352500626010155,1.0
0.03535571997723392,1.0
0.03535652490665695,1.0
0.03535974499089253,1.0
0.03536055010359981,1.0
0.035361355252971446,1.0
0.035365381549882724,1.0
0.03536699232538544,1.0
0.03536779776816215,1.0
0.03536860324762577,1.0
0.03536940876377881,1.0
0.03537021431662377,1.0
0.03537101990616317,1.0
0.0353718255323995,1.0
0.03538230201403445,1.0
0.03538310815429131,1.0
0.035383914331282754,1.0
0.03538472054501128,1.0
0.035385526795479405,1.0
0.03538633308268963,1.0
0.03538713940664449,1.0
0.035387945767346475,1.0
0.03538955859900189,1.0
0.03539036506996035,1.0
0.03539117157767599,1.0
0.03539197812215132,1.0
0.035414576302107086,1.0
0.03541619156214367,1.0
0.03541699924741727,1.0
0.035417806969531104,1.0
0.035418614728487695,1.0
0.03541942252428956,1.0
0.03542023035693922,1.0
0.03542265407600018,1.0
0.03542346205606624,1.0
0.0354242700729927,1.0
0.035425886217436926,1.0
0.035426694344959736,1.0
0.035427502509353045,1.0
0.035428310710619366,1.0
0.03542911894876124,1.0
0.03543073553568169,1.0
0.03543154388446533,1.0
0.03543235227013461,1.0
0.035437203358890106,1.0
0.03543801200282957,1.0
0.03543882068367487,1.0
0.035439629401428537,1.0
0.03544043815609311,1.0
0.03544205577616505,1.0
0.03544286464157747,1.0
0.0354436735439109,1.0
0.035444482483167866,1.0
0.035445291459350894,1.0
0.03544690952250525,1.0
0.035447718609481635,1.0
0.0354485277333942,1.0
0.035449336894245474,1.0
0.03545095532677426,1.0
0.03545176459845683,1.0
0.03545257390708823,1.0
0.035453383252670986,1.0
0.03545419263520763,1.0
0.0354550020547007,1.0
0.035455811511152714,1.0
0.03545662100456621,1.0
0.03545743053494372,1.0
0.03545824010228778,1.0
0.03545904970660091,1.0
0.035459859347885654,1.0
0.03546066902614454,1.0
0.0354614787413801,1.0
0.03546228849359487,1.0
0.03546309828279138,1.0
0.03546390810897216,1.0
0.03546471797213976,1.0
0.0354655278722967,1.0
0.03546633780944551,1.0
0.03546714778358873,1.0
0.03546795779472891,1.0
0.03546957792801023,1.0
0.035470388050156454,1.0
0.03547119820930976,1.0
0.035472008405472696,1.0
0.035472818638647784,1.0
0.03547524956027138,1.0
0.03547605994152047,1.0
0.0354768703597944,1.0
0.03547930183679064,1.0
0.03548011240318932,1.0
0.035480923006625545,1.0
0.03548173364710183,1.0
0.03548254432462073,1.0
0.035483355039184775,1.0
0.03548416579079651,1.0
0.03548497657945847,1.0
0.0354857874051732,1.0
0.03548659826794324,1.0
0.03548740916777113,1.0
0.0354882201046594,1.0
0.0354890310786106,1.0
0.03548984208962728,1.0
0.035490653137711964,1.0
0.03549227534509553,1.0
0.035493086504399494,1.0
0.035493897700781644,1.0
0.03549470893424451,1.0
0.03549552020479064,1.0
0.035496331512422576,1.0
0.03549714285714286,1.0
0.035497954238954035,1.0
0.035498765657858644,1.0
0.03549957711385924,1.0
0.03550038860695835,1.0
0.03550120013715853,1.0
0.03550282330887228,1.0
0.03550363495039093,1.0
0.03550444662902083,1.0
0.03550525834476452,1.0
0.03550688188760346,1.0
0.035507693714703796,1.0
0.035508505578928116,1.0
0.035509317480278954,1.0
0.03551012941875886,1.0
0.03551094139437038,1.0
0.03551175340711607,1.0
0.03551256545699847,1.0
0.035513377544020126,1.0
0.035514189668183586,1.0
0.035515001829491404,1.0
0.03551662626355029,1.0
0.03551743853630646,1.0
0.03551825084621718,1.0
0.035519063193284996,1.0
0.03551987557751247,1.0
0.03552068799890213,1.0
0.03552150045745654,1.0
0.03552231295317825,1.0
0.03552312548606981,1.0
0.03553450485081457,1.0
0.03553531794156008,1.0
0.035536131069516266,1.0
0.0355369442346857,1.0
0.03553775743707094,1.0
0.03553857067667452,1.0
0.03553938395349902,1.0
0.03554019726754697,1.0
0.035541010618820944,1.0
0.03554426439622814,1.0
0.03554507793367055,1.0
0.03554589150835431,1.0
0.03554670512028199,1.0
0.035547518769456145,1.0
0.03554914617955409,1.0
0.035549959940483,1.0
0.03555077373866862,1.0
0.0355515875741135,1.0
0.035557285465701985,1.0
0.03555809959931311,1.0
0.03555891377020653,1.0
0.03557031607879065,1.0
0.03557113080922605,1.0
0.035572760382069316,1.0
0.03557357522448232,1.0
0.03557439010422632,1.0
0.03557520502130389,1.0
0.03557601997571759,1.0
0.03557683496746999,1.0
0.035577649996563654,1.0
0.03557846506300114,1.0
0.035579280166785035,1.0
0.03558009530791789,1.0
0.03558091048640227,1.0
0.0355825409554359,1.0
0.03558417157390647,1.0
0.03558498693918702,1.0
0.03558580234183451,1.0
0.035586617781851515,1.0
0.03558743325924059,1.0
0.03558824877400431,1.0
0.035589064326145246,1.0
0.035589879915665965,1.0
0.03559069554256904,1.0
0.03559151120685704,1.0
0.035592326908532534,1.0
0.035593142647598094,1.0
0.03559395842405629,1.0
0.035594774237909695,1.0
0.035595590089160876,1.0
0.03559640597781241,1.0
0.03559722190386687,1.0
0.03559803786732682,1.0
0.03559885386819484,1.0
0.0355996699064735,1.0
0.03560048598216537,1.0
0.03560130209527303,1.0
0.03560211824579904,1.0
0.03560375065911644,1.0
0.03560538322213816,1.0
0.03560619955979457,1.0
0.03560783234741138,1.0
0.03560864879737693,1.0
0.035609465284784,1.0
0.035610281809635186,1.0
0.03561109837193304,1.0
0.035611914971680154,1.0
0.0356127316088791,1.0
0.03561354828353246,1.0
0.03561518174521271,1.0
0.03561599853224475,1.0
0.03561681535674151,1.0
0.035617632218705564,1.0
0.035618449118139495,1.0
0.035619266055045874,1.0
0.035620083029427284,1.0
0.0356209000412863,1.0
0.035621717090625504,1.0
0.03562416846355003,1.0
0.03562498566283578,1.0
0.03562580289961461,1.0
0.03562743748566185,1.0
0.035629072221712396,1.0
0.035629889645995366,1.0
0.0356307071077869,1.0
0.03563152460708959,1.0
0.035633159718238765,1.0
0.035635612666360714,1.0
0.035636430390784554,1.0
0.03563724815273762,1.0
0.035638065952222506,1.0
0.035638883789241786,1.0
0.03563970166379805,1.0
0.035640519575893884,1.0
0.03564133752553186,1.0
0.03564870076209715,1.0
0.03564951908729885,1.0
0.035650337450071165,1.0
0.03565115585041666,1.0
0.03565361127691813,1.0
0.03565442982758225,1.0
0.035655248415832494,1.0
0.03565606704167145,1.0
0.03565688570510171,1.0
0.03565770440612587,1.0
0.035659341920966224,1.0
0.0356601607347876,1.0
0.03566097958621323,1.0
0.035661798475245705,1.0
0.035662617401887614,1.0
0.035663436366141554,1.0
0.03566425536801011,1.0
0.03566507440749587,1.0
0.035665893484601426,1.0
0.03566671259932938,1.0
0.03566753175168232,1.0
0.03566835094166284,1.0
0.035669170169273526,1.0
0.035671628077912534,1.0
0.03567244745606983,1.0
0.035673266871870266,1.0
0.03567408632531643,1.0
0.03567490581641092,1.0
0.035675725345156326,1.0
0.03567654491155525,1.0
0.03567736451561028,1.0
0.03567900383669906,1.0
0.03567982355373799,1.0
0.03568146310081794,1.0
0.03568228293086414,1.0
0.03568310279858462,1.0
0.035683922703981984,1.0
0.03568474264705882,1.0
0.03568556262781773,1.0
0.03568638264626132,1.0
0.03568802279621289,1.0
0.035688842927726075,1.0
0.03569048330384023,1.0
0.03569130354844641,1.0
0.03569212383075544,1.0
0.035693764508492494,1.0
0.03569622580793454,1.0
0.035697046316515345,1.0
0.035697866862817215,1.0
0.03569868744684274,1.0
0.035699508068594545,1.0
0.035700328728075215,1.0
0.035701149425287355,1.0
0.03570197016023357,1.0
0.03570279093291646,1.0
0.03570361174333862,1.0
0.03570443259150267,1.0
0.0357052534774112,1.0
0.035706074401066816,1.0
0.035706895362472124,1.0
0.03570771636162973,1.0
0.035708537398542226,1.0
0.035712643149519385,1.0
0.03571346441301598,1.0
0.03571510705333119,1.0
0.03571592843015501,1.0
0.03571674984475978,1.0
0.035717571297148115,1.0
0.03571839278732262,1.0
0.035719214315285894,1.0
0.03572003588104055,1.0
0.03572332252202517,1.0
0.03572496606933358,1.0
0.03572578789970094,1.0
0.03572660976788056,1.0
0.035727431673875036,1.0
0.03572825361768698,1.0
0.03572907559931901,1.0
0.03572989761877372,1.0
0.03573071967605375,1.0
0.035731541771161675,1.0
0.03573236390410013,1.0
0.03573318607487173,1.0
0.035734008283479064,1.0
0.03573483052992476,1.0
0.03573565281421142,1.0
0.03573647513634167,1.0
0.03573729749631811,1.0
0.03573811989414337,1.0
0.03573894232982004,1.0
0.03573976480335075,1.0
0.0357405873147381,1.0
0.03574140986398472,1.0
0.03574223245109321,1.0
0.035744700439616084,1.0
0.03574634595465531,1.0
0.035747168768989965,1.0
0.035747991621204796,1.0
0.03574881451130243,1.0
0.03574963743928547,1.0
0.03575046040515654,1.0
0.035751283408918255,1.0
0.03575210645057323,1.0
0.035752929530124086,1.0
0.03575375264757344,1.0
0.03575457580292391,1.0
0.035755398996178106,1.0
0.03575622222733866,1.0
0.03575704549640818,1.0
0.035757868803389284,1.0
0.035758692148284595,1.0
0.035759515531096735,1.0
0.03576033895182831,1.0
0.03576692768309535,1.0
0.035767751445219834,1.0
0.03576857524528997,1.0
0.03576939908330838,1.0
0.03577022295927768,1.0
0.03577187082507947,1.0
0.03577269481491719,1.0
0.0357735188427163,1.0
0.03577434290847942,1.0
0.03577516701220917,1.0
0.035776815333579064,1.0
0.03578505921931886,1.0
0.0357858838168537,1.0
0.03578670845239192,1.0
0.03578753312593617,1.0
0.03578835783748906,1.0
0.035789182587053214,1.0
0.03579000737463127,1.0
0.03579248196547512,1.0
0.03579330690513506,1.0
0.035794131882822044,1.0
0.035798257341754645,1.0
0.035799082547659115,1.0
0.035799907791609034,1.0
0.035800733073607045,1.0
0.03580155839365577,1.0
0.035802383751757844,1.0
0.0358032091479159,1.0
0.03581559465879477,1.0
0.03581642066420664,1.0
0.035817246707719276,1.0
0.035818072789335305,1.0
0.03581972506688809,1.0
0.035820551262830125,1.0
0.0358213774968861,1.0
0.03582220376905866,1.0
0.03582385642776407,1.0
0.03582550923896745,1.0
0.03582633570176248,1.0
0.03582716220268992,1.0
0.03582881531895259,1.0
0.0358296419342931,1.0
0.035830468587776575,1.0
0.03583129527940566,1.0
0.03583212200918299,1.0
0.03583294877711121,1.0
0.035833775583192964,1.0
0.03583460242743089,1.0
0.03583708318910811,1.0
0.03583791018599714,1.0
0.035838737221055544,1.0
0.035839564294285975,1.0
0.03584121855527348,1.0
0.035842045743035844,1.0
0.035842872968980796,1.0
0.035843700233110995,1.0
0.03584452753542907,1.0
0.03584535487593768,1.0
0.03584618225463946,1.0
0.03584866461993029,1.0
0.03584949215143121,1.0
0.03585031972113853,1.0
0.03585197497518296,1.0
0.03585280265952535,1.0
0.03585363038208473,1.0
0.03585528594186503,1.0
0.035856113779091245,1.0
0.03585694165454503,1.0
0.035857769568229045,1.0
0.035858597520145925,1.0
0.03585942551029833,1.0
0.035860253538688894,1.0
0.035863566034685816,1.0
0.03586439425430696,1.0
0.035866050808314086,1.0
0.03586687914270537,1.0
0.03586770751535868,1.0
0.035868535926276646,1.0
0.03586936437546193,1.0
0.0358701928629172,1.0
0.03587102138864508,1.0
0.035871849952648235,1.0
0.035872678554929316,1.0
0.035875164591466654,1.0
0.03587599334688597,1.0
0.03587682214059648,1.0
0.035877650972600844,1.0
0.0358784798429017,1.0
0.03587930875150171,1.0
0.03588013769840353,1.0
0.035880966683609815,1.0
0.035881795707123215,1.0
0.03588594139938996,1.0
0.035888429274605414,1.0
0.0358892586430024,1.0
0.03589008804973308,1.0
0.03589174697820611,1.0
0.035892576499953775,1.0
0.03589340606004576,1.0
0.03589423565848472,1.0
0.035895065295273317,1.0
0.03589672468391004,1.0
0.035897554435763486,1.0
0.03589838422597721,1.0
0.03589921405455386,1.0
0.03590004392149611,1.0
0.0359008738268066,1.0
0.035901703770488014,1.0
0.035902533752543,1.0
0.035904193831784344,1.0
0.03590502392897602,1.0
0.03590585406455193,1.0
0.035907514450867054,1.0
0.03590917499075102,1.0
0.035910005318287974,1.0
0.03591083568422513,1.0
0.03591166608856515,1.0
0.0359124965313107,1.0
0.03591332701246445,1.0
0.03591415753202905,1.0
0.03591997224470915,1.0
0.035920803071656564,1.0
0.03592163393703884,1.0
0.03592246484085862,1.0
0.0359232957831186,1.0
0.03592412676382142,1.0
0.035924957782969766,1.0
0.0359257888405663,1.0
0.03592661993661369,1.0
0.035927451071114606,1.0
0.03592828224407172,1.0
0.035929113455487695,1.0
0.0359299447053652,1.0
0.03593077599370691,1.0
0.03593327008954395,1.0
0.03593410153176917,1.0
0.03593493301247194,1.0
0.035935764531654944,1.0
0.03593659608932084,1.0
0.0359374276854723,1.0
0.035938259320112007,1.0
0.03593909099324262,1.0
0.03593992270486682,1.0
0.03594075445498727,1.0
0.03594158624360665,1.0
0.03594241807072764,1.0
0.035945745764281084,1.0
0.03594657778395019,1.0
0.03594824193884401,1.0
0.03594907407407407,1.0
0.03594990624782981,1.0
0.035950738460113894,1.0
0.035951570710929,1.0
0.035952403000277806,1.0
0.03595656502512098,1.0
0.03595739754572818,1.0
0.03595823010488782,1.0
0.03596072801370814,1.0
0.03596156072710432,1.0
0.035962393479066324,1.0
0.03596655781745756,1.0
0.03596905688345377,1.0
0.03596988998262884,1.0
0.035970723120396536,1.0
0.03597155629675955,1.0
0.03597238951172056,1.0
0.03597738961219478,1.0
0.03597989018372217,1.0
0.035980723784810716,1.0
0.03598155742452677,1.0
0.03598239110287303,1.0
0.03598322481985217,1.0
0.03598405857546689,1.0
0.03598489236971986,1.0
0.035985726202613776,1.0
0.03598656007415132,1.0
0.03598739398433517,1.0
0.03598822793316803,1.0
0.03598906192065258,1.0
0.0359898959467915,1.0
0.035990730011587486,1.0
0.03599156411504322,1.0
0.0359923982571614,1.0
0.0359932324379447,1.0
0.035994066657395817,1.0
0.03599490091551744,1.0
0.03599573521231226,1.0
0.03599656954778296,1.0
0.03599740392193222,1.0
0.035998238334762754,1.0
0.036000741805368816,1.0
0.036001576372951295,1.0
0.03600241097922849,1.0
0.03600324562420308,1.0
0.03600408030787778,1.0
0.036004915030255255,1.0
0.03600574979133822,1.0
0.03600658459112935,1.0
0.03600741942963135,1.0
0.0360082543068469,1.0
0.036009089222778706,1.0
0.03600992417742945,1.0
0.036010759170801834,1.0
0.036012429273722286,1.0
0.03601326438327575,1.0
0.036014099531561615,1.0
0.036014934718582595,1.0
0.03601660520884065,1.0
0.036017440512083124,1.0
0.03601827585407148,1.0
0.03601911123480842,1.0
0.03601994665429665,1.0
0.036021617609537725,1.0
0.03602245314529597,1.0
0.03602328871981629,1.0
0.03602412433310137,1.0
0.03602495998515391,1.0
0.036025795675976614,1.0
0.03602663140557218,1.0
0.036027467173943305,1.0
0.03602830298109268,1.0
0.036029138827023015,1.0
0.036029974711737,1.0
0.036030810635237345,1.0
0.03603331863848349,1.0
0.03603415471715625,1.0
0.03603499083462886,1.0
0.036035826990904025,1.0
0.03603833569257188,1.0
0.03603917200408428,1.0
0.036040008354412754,1.0
0.03604168117152869,1.0
0.03604251763832157,1.0
0.03604335414394133,1.0
0.03604419068839066,1.0
0.036045027271672275,1.0
0.03604586389378888,1.0
0.03604670055474317,1.0
0.03604753725453786,1.0
0.036049210770659236,1.0
0.03605088444217466,1.0
0.0360517213362119,1.0
0.03605339524085897,1.0
0.03605423225147421,1.0
0.03605590638930163,1.0
0.03605674351651923,1.0
0.036057580682609704,1.0
0.03605841788757575,1.0
0.03605925513142008,1.0
0.0360600924141454,1.0
0.03606092973575442,1.0
0.03606176709624986,1.0
0.03606260449563441,1.0
0.036063441933910784,1.0
0.036064279411081694,1.0
0.03606511692714986,1.0
0.036065954482117975,1.0
0.03606679207598876,1.0
0.03606762970876492,1.0
0.03606846738044917,1.0
0.03607014284055278,1.0
0.03607098062897756,1.0
0.03607181845632128,1.0
0.03607265632258664,1.0
0.03607349422777636,1.0
0.036074332171893146,1.0
0.03607517015493972,1.0
0.03607684623783307,1.0
0.03607768433768527,1.0
0.0360785224764781,1.0
0.03607936065421429,1.0
0.03608019887089654,1.0
0.036081037126527576,1.0
0.036081875421110104,1.0
0.03608271375464684,1.0
0.0360835521271405,1.0
0.03608774457405772,1.0
0.03608942182561815,1.0
0.03609026050986498,1.0
0.03609109923309319,1.0
0.03609193799530549,1.0
0.03609361563669324,1.0
0.03609445451587412,1.0
0.03609529343404997,1.0
0.0360961323912235,1.0
0.03609697138739744,1.0
0.036098649496757396,1.0
0.03609948860994886,1.0
0.03610032776215161,1.0
0.036102006183601834,1.0
0.03610368476112984,1.0
0.03610452410842981,1.0
0.036105363494757396,1.0
0.03610956101190476,1.0
0.03611040063245518,1.0
0.036111240292052274,1.0
0.03611207999069876,1.0
0.03611291972839736,1.0
0.036113759505150805,1.0
0.03611459932096182,1.0
0.03611543917583312,1.0
0.03611627906976744,1.0
0.036117119002767505,1.0
0.036123839873461884,1.0
0.03612468015817632,1.0
0.03613056324593444,1.0
0.036131403843469356,1.0
0.03613224448011912,1.0
0.03613308515588646,1.0
0.036133925870774096,1.0
0.03613476662478477,1.0
0.03613560741792121,1.0
0.03613813003211244,1.0
0.036138970981779255,1.0
0.036139811970585495,1.0
0.0361406529985339,1.0
0.03614149406562718,1.0
0.036142335171868094,1.0
0.03614317631725936,1.0
0.03614485872550389,1.0
0.03614569998836262,1.0
0.03615495646505564,1.0
0.03615579819803041,1.0
0.03615663997019929,1.0
0.03615748178156504,1.0
0.03615832363213038,1.0
0.036159165521898066,1.0
0.03616000745087082,1.0
0.036160849419051386,1.0
0.03616169142644251,1.0
0.03616253347304692,1.0
0.036164217683906576,1.0
0.03616505984816729,1.0
0.036165902051652266,1.0
0.03616674429436423,1.0
0.03616758657630592,1.0
0.036168428897480086,1.0
0.03616927125788946,1.0
0.0361701136575368,1.0
0.036171798574556296,1.0
0.036172641091933945,1.0
0.03617348364856052,1.0
0.03618359739049394,1.0
0.03619034302759135,1.0
0.03619118640907926,1.0
0.03619624752359865,1.0
0.036197091180309525,1.0
0.036197934876348974,1.0
0.03619877861171973,1.0
0.03619962238642456,1.0
0.0362004662004662,1.0
0.036201310053847406,1.0
0.036202153946570934,1.0
0.03620299787863953,1.0
0.03620384185005595,1.0
0.03620468586082294,1.0
0.03620552991094326,1.0
0.03620637400041965,1.0
0.03620806229745168,1.0
0.03620890650501282,1.0
0.03620975075194106,1.0
0.03621059503823913,1.0
0.03621143936390981,1.0
0.03621228372895584,1.0
0.03621312813337997,1.0
0.036215661582948554,1.0
0.03621650614491267,1.0
0.03621735074626865,1.0
0.036218195387019286,1.0
0.036219040067167314,1.0
0.036219884786715485,1.0
0.036220729545666575,1.0
0.03622157434402332,1.0
0.03622326405896485,1.0
0.03622410897555514,1.0
0.03622495393156213,1.0
0.03622579892698857,1.0
0.03622917930294406,1.0
0.036230024495509154,1.0
0.036230869727510266,1.0
0.03623171499895014,1.0
0.03623256030983155,1.0
0.03623340566015725,1.0
0.03623425104993001,1.0
0.036241861333457796,1.0
0.036242707117852976,1.0
0.03624355294172559,1.0
0.03624439880507842,1.0
0.03624524470791421,1.0
0.03624609065023573,1.0
0.03624693663204575,1.0
0.03624778265334703,1.0
0.036248628714142334,1.0
0.03625116713352008,1.0
0.036252013352319146,1.0
0.03625285961062608,1.0
0.03625370590844364,1.0
0.036254552245774584,1.0
0.036255398622621685,1.0
0.03625624503898772,1.0
0.036257091494875444,1.0
0.036257937990287634,1.0
0.03625878452522706,1.0
0.036259631099696474,1.0
0.03626047771369866,1.0
0.036261324367236385,1.0
0.03626217106031242,1.0
0.03626301779292953,1.0
0.03626386456509048,1.0
0.036264711376798056,1.0
0.036266405118864135,1.0
0.036267252049228184,1.0
0.03626809901914993,1.0
0.03626894602863215,1.0
0.03626979307767761,1.0
0.03627064016628909,1.0
0.03627148729446936,1.0
0.03627233446222118,1.0
0.03627318166954734,1.0
0.03627402891645061,1.0
0.03627487620293376,1.0
0.036275723528999555,1.0
0.036276570894650785,1.0
0.03627741829989021,1.0
0.036278265744720616,1.0
0.03627911322914477,1.0
0.03627996075316545,1.0
0.03628080831678542,1.0
0.036281655920007476,1.0
0.03629267836694632,1.0
0.03629352652488899,1.0
0.0362943747224754,1.0
0.036296919553124855,1.0
0.036298616305160805,1.0
0.036299464740668023,1.0
0.03630031321583844,1.0
0.03630285887935669,1.0
0.036304556186735865,1.0
0.0363054048999439,1.0
0.0363062536528346,1.0
0.036307102445410765,1.0
0.0363088001496306,1.0
0.03630964906127984,1.0
0.036310498012625675,1.0
0.036311347003670884,1.0
0.03631219603441826,1.0
0.03631304510487058,1.0
0.03631389421503063,1.0
0.0363147433649012,1.0
0.036315592554485084,1.0
0.03631644178378505,1.0
0.036317291052803895,1.0
0.0363181403615444,1.0
0.03631898971000935,1.0
0.03631983909820155,1.0
0.036320688526123766,1.0
0.036321537993778796,1.0
0.03632238750116942,1.0
0.03632323704829844,1.0
0.03632408663516864,1.0
0.0363249362617828,1.0
0.036325785928143714,1.0
0.03634108672251603,1.0
0.036341937144595514,1.0
0.03634363810816503,1.0
0.03634448864966066,1.0
0.03634533923096726,1.0
0.03634704051302455,1.0
0.036347891213780834,1.0
0.036348741954359276,1.0
0.03634959273476266,1.0
0.0363504435549938,1.0
0.036351294415055475,1.0
0.03635214531495049,1.0
0.03635299625468165,1.0
0.03635384723425174,1.0
0.036368319985012415,1.0
0.03636917168216201,1.0
0.03638109963220652,1.0
0.03638195192803261,1.0
0.0363828042637929,1.0
0.036383656639490204,1.0
0.036384509055127336,1.0
0.03638536151070709,1.0
0.03638621400623228,1.0
0.03638706654170572,1.0
0.036387919117130206,1.0
0.036388771732508554,1.0
0.036391329818394845,1.0
0.03639218259361672,1.0
0.03639303540880651,1.0
0.03639388826396701,1.0
0.03639474115910103,1.0
0.03639559409421139,1.0
0.0363964470693009,1.0
0.036397300084372364,1.0
0.03639900623447241,1.0
0.03640156575955746,1.0
0.03640241901457972,1.0
0.03640327230960362,1.0
0.036404125644631975,1.0
0.0364049790196676,1.0
0.0364066858897719,1.0
0.03640924649505322,1.0
0.036410100110191544,1.0
0.03641095376535684,1.0
0.03641180746055192,1.0
0.0364135149710427,1.0
0.0364152226416864,1.0
0.03641607653707264,1.0
0.03641693047250557,1.0
0.03641863846352274,1.0
0.03641949251911261,1.0
0.03642034661476044,1.0
0.03642205492624123,1.0
0.036425472030022284,1.0
0.03642632640615471,1.0
0.03642718082236765,1.0
0.036428889775046325,1.0
0.03642974431151771,1.0
0.03643059888808088,1.0
0.03643145350473867,1.0
0.036493949007167195,1.0
0.03654031669843062,1.0
0.03654117647058824,1.0
0.036542036283206666,1.0
0.03654289613628876,1.0
0.03654547593834569,1.0
0.036546335953311054,1.0
0.03654719600875438,1.0
0.036548056104678525,1.0
0.036548916241086346,1.0
0.036549776417980705,1.0
0.036550636635364446,1.0
0.03655149689324044,1.0
0.036552357191611554,1.0
0.03655321753048063,1.0
0.03655665929099383,1.0
0.036557519832395656,1.0
0.03655924103674757,1.0
0.036560101699703376,1.0
0.0365609624031829,1.0
0.03656268393172454,1.0
0.03656354475679239,1.0
0.03656440562239541,1.0
0.03656526652853645,1.0
0.03656698846244408,1.0
0.036567849490216395,1.0
0.03656871055853819,1.0
0.03656957166741234,1.0
0.036570432816841705,1.0
0.03657129400682915,1.0
0.03657215523737754,1.0
0.03657301650848974,1.0
0.03657387782016862,1.0
0.03657473917241704,1.0
0.03657560056523787,1.0
0.03657646199863398,1.0
0.036577323472608225,1.0
0.03657818498716348,1.0
0.036579046542302616,1.0
0.0365799081380285,1.0
0.036580769774344,1.0
0.03658163145125197,1.0
0.0365824931687553,1.0
0.03658335492685685,1.0
0.036585940444779495,1.0
0.03658680236530261,1.0
0.0365876643264383,1.0
0.036589388370558855,1.0
0.03659025045354947,1.0
0.03659111257716413,1.0
0.036591974741405714,1.0
0.03659369919178115,1.0
0.03659456147792073,1.0
0.03659628617211801,1.0
0.036597148580181454,1.0
0.03659801102889192,1.0
0.036598873518252306,1.0
0.03659973604826546,1.0
0.03660059861893427,1.0
0.03660146123026161,1.0
0.03660232388225035,1.0
0.036603186574903364,1.0
0.03660404930822354,1.0
0.03660491208221374,1.0
0.036605774896876844,1.0
0.036606637752215725,1.0
0.03660750064823327,1.0
0.036608363584932344,1.0
0.036609226562315834,1.0
0.03661008958038661,1.0
0.03661095263914755,1.0
0.03661181573860154,1.0
0.036614405281150536,1.0
0.03661699519004055,1.0
0.03661785857442645,1.0
0.03661872199952841,1.0
0.036620448971892094,1.0
0.03662131251915957,1.0
0.036622176107154646,1.0
0.036623903405339116,1.0
0.036626494658144854,1.0
0.03662735849056604,1.0
0.036628222363734995,1.0
0.036629086277654606,1.0
0.036629950232327756,1.0
0.03663081422775734,1.0
0.03663167826394622,1.0
0.036632542340897294,1.0
0.03663340645861345,1.0
0.03663513481635253,1.0
0.03663599905638122,1.0
0.036636863337186534,1.0
0.036642049878489014,1.0
0.03664291444481148,1.0
0.036643779051933646,1.0
0.036644643699858426,1.0
0.03664550838858869,1.0
0.03664637311812733,1.0
0.03664723788847724,1.0
0.036648102699641305,1.0
0.03664896755162242,1.0
0.03664983244442347,1.0
0.03665069737804734,1.0
0.03665242736777513,1.0
0.03665329242388483,1.0
0.03665415752082891,1.0
0.03665588783723181,1.0
0.036656753056696405,1.0
0.036657618317006965,1.0
0.03665848361816637,1.0
0.036659348960177515,1.0
0.03666021434304329,1.0
0.0366610797667666,1.0
0.03666194523135033,1.0
0.03666281073679738,1.0
0.03666367628311063,1.0
0.036664541870292985,1.0
0.03666627316727659,1.0
0.03666713887708363,1.0
0.03666800462777135,1.0
0.03666887041934265,1.0
0.03666973625180043,1.0
0.036670602125147576,1.0
0.03667406602748784,1.0
0.036674932105325304,1.0
0.03667579822406952,1.0
0.036676664383723405,1.0
0.03667753058428983,1.0
0.03667926310817194,1.0
0.03668012943149342,1.0
0.03668359513404984,1.0
0.03668446166202107,1.0
0.03668532823093095,1.0
0.036686194840782387,1.0
0.03668706149157828,1.0
0.03668792818332152,1.0
0.036688794916015025,1.0
0.03668966168966169,1.0
0.036690528504264415,1.0
0.036691395359826115,1.0
0.036692262256349674,1.0
0.03669312919383801,1.0
0.036693996172294026,1.0
0.03669486319172062,1.0
0.036695730252120695,1.0
0.036696597353497167,1.0
0.03669746449585293,1.0
0.036700066168825034,1.0
0.036700933475127026,1.0
0.03670180082242284,1.0
0.03670266821071538,1.0
0.03670353564000756,1.0
0.036704403110302285,1.0
0.036705270621602455,1.0
0.03670613817391099,1.0
0.03670700576723079,1.0
0.036707873401564756,1.0
0.0367087410769158,1.0
0.036709608793286844,1.0
0.036710476550680785,1.0
0.03671134434910054,1.0
0.036712212188549004,1.0
0.036714815953095815,1.0
0.03671568395668826,1.0
0.03671655200132397,1.0
0.03671742008700586,1.0
0.03671828821373685,1.0
0.03671915638151984,1.0
0.036720024590357746,1.0
0.036720892840253476,1.0
0.03672262946323008,1.0
0.036723497836316774,1.0
0.03672436625047295,1.0
0.036725234705701514,1.0
0.036726103202005395,1.0
0.03672784031785072,1.0
0.036728708937398005,1.0
0.03672957759803226,1.0
0.03673044629975639,1.0
0.03673131504257332,1.0
0.036732183826485965,1.0
0.03673392151761005,1.0
0.03673479042482732,1.0
0.03673652836258693,1.0
0.0367373973931351,1.0
0.03673826646479939,1.0
0.03673913557758274,1.0
0.03674000473148805,1.0
0.03674087392651825,1.0
0.03674522051864471,1.0
0.0367513074756845,1.0
0.03675217720560394,1.0
0.03675304697668915,1.0
0.036754786642368587,1.0
0.03675565653696866,1.0
0.03675652647274621,1.0
0.03676174695230205,1.0
0.03676261717640375,1.0
0.036763487441706315,1.0
0.03676435774821268,1.0
0.03677219236142353,1.0
0.036773063080128815,1.0
0.03677393384007009,1.0
0.0367748046412503,1.0
0.03677567548367236,1.0
0.03677828825841899,1.0
0.036779159265837774,1.0
0.036780030314513074,1.0
0.03678090140444781,1.0
0.03678177253564492,1.0
0.03678351492183799,1.0
0.036785257473115736,1.0
0.036786128810668686,1.0
0.03678700018950161,1.0
0.03678787160961743,1.0
0.03678874307101909,1.0
0.03678961457370952,1.0
0.03679048611769165,1.0
0.03679135770296842,1.0
0.036792229329542764,1.0
0.03679310099741761,1.0
0.03679397270659591,1.0
0.03679833187214179,1.0
0.03679920382920241,1.0
0.03680007582758702,1.0
0.03680094786729858,1.0
0.03680269207071425,1.0
0.03680443643947293,1.0
0.03680530868586326,1.0
0.03681403342420292,1.0
0.03681490612554523,1.0
0.03681577886826447,1.0
0.036816651652363565,1.0
0.036817524477845476,1.0
0.036818397344713136,1.0
0.03682101619366005,1.0
0.03682188922610015,1.0
0.03682276229994072,1.0
0.03682625500936663,1.0
0.03682712829025374,1.0
0.03682800161255899,1.0
0.036828874976285335,1.0
0.03682974838143572,1.0
0.03683062182801309,1.0
0.03683498968240791,1.0
0.03683848471191024,1.0
0.03683935857291963,1.0
0.036840232475388444,1.0
0.03684110641931964,1.0
0.03684198040471615,1.0
0.036842854431580946,1.0
0.03684372849991697,1.0
0.03684460260972716,1.0
0.036845476761014496,1.0
0.036846350953781914,1.0
0.0368480994637688,1.0
0.036848973780994186,1.0
0.03684984813971146,1.0
0.036850722539923594,1.0
0.03685509516351037,1.0
0.03685596981275364,1.0
0.03685684450351243,1.0
0.036857719235789725,1.0
0.036858594009588456,1.0
0.03686034368176208,1.0
0.036861218580142886,1.0
0.03686209352005697,1.0
0.036862968501507276,1.0
0.03686559369510516,1.0
0.03686646884272997,1.0
0.0368673440319058,1.0
0.036868219262635615,1.0
0.03686996984876902,1.0
0.036870845204178535,1.0
0.03687172060115387,1.0
0.03687259603969799,1.0
0.03687347151981385,1.0
0.03687434704150442,1.0
0.03687522260477265,1.0
0.036876098209621504,1.0
0.03687697385605395,1.0
0.03687784954407295,1.0
0.03687872527368146,1.0
0.03687960104488245,1.0
0.03688047685767888,1.0
0.03688135271207372,1.0
0.03688222860806992,1.0
0.03688310454567045,1.0
0.03688398052487828,1.0
0.03688485654569637,1.0
0.036885732608127685,1.0
0.036886608712175195,1.0
0.036888361045130644,1.0
0.036889237274044515,1.0
0.03689011354458644,1.0
0.03689098985675939,1.0
0.036891866210566324,1.0
0.03689361904309403,1.0
0.03689449552182073,1.0
0.03689537204219329,1.0
0.03689624860421468,1.0
0.03689712520788786,1.0
0.0368980018532158,1.0
0.036898878540201484,1.0
0.03689975526884786,1.0
0.036900632039157916,1.0
0.03690150885113461,1.0
0.03690238570478092,1.0
0.0369032626000998,1.0
0.03690413953709425,1.0
0.03690501651576721,1.0
0.03690589353612167,1.0
0.0369067705981606,1.0
0.036907647701886974,1.0
0.03690852484730375,1.0
0.03690940203441392,1.0
0.03691027926322044,1.0
0.03691115653372629,1.0
0.036912033845934444,1.0
0.03691291119984788,1.0
0.036914666032802475,1.0
0.03691905384523951,1.0
0.036919931532902246,1.0
0.03692080926229703,1.0
0.036921687033426846,1.0
0.036922564846294664,1.0
0.03692344270090347,1.0
0.036924320597256234,1.0
0.03692519853535594,1.0
0.036926076515205554,1.0
0.03692695453680807,1.0
0.03692783260016645,1.0
0.03692871070528368,1.0
0.03692958885216275,1.0
0.036930467040806624,1.0
0.03693134527121828,1.0
0.03693222354340071,1.0
0.03693310185735689,1.0
0.0369339802130898,1.0
0.036934858610602424,1.0
0.03693573704989773,1.0
0.03693661553097871,1.0
0.03693749405384835,1.0
0.03693837261850962,1.0
0.03693925122496551,1.0
0.036940129873219,1.0
0.03694100856327307,1.0
0.03694188729513071,1.0
0.0369427660687949,1.0
0.03694364488426862,1.0
0.03694452374155486,1.0
0.03694540264065659,1.0
0.03694628158157682,1.0
0.03694716056431851,1.0
0.03694803958888466,1.0
0.036948918655278246,1.0
0.03694979776350226,1.0
0.03695067691355969,1.0
0.03695155610545351,1.0
0.03695243533918671,1.0
0.03695331461476229,1.0
0.03695419393218322,1.0
0.03695595269257312,1.0
0.03695683213554805,1.0
0.036957711620380286,1.0
0.036958591147072825,1.0
0.03695947071562864,1.0
0.03696035032605074,1.0
0.0369612299783421,1.0
0.03696210967250571,1.0
0.03696298940854457,1.0
0.036963869186461655,1.0
0.03696474900625997,1.0
0.036965628867942496,1.0
0.03696738871697215,1.0
0.03696826870432526,1.0
0.036969148733574556,1.0
0.03697002880472302,1.0
0.03697090891777365,1.0
0.03697178907272944,1.0
0.036972669269593375,1.0
0.03697354950836845,1.0
0.03697442978905766,1.0
0.03697531011166401,1.0
0.036976190476190475,1.0
0.036977070882640066,1.0
0.03697883182132057,1.0
0.03698059292772949,1.0
0.0369814735438396,1.0
0.036983234901886076,1.0
0.03698411564382844,1.0
0.036984996427720886,1.0
0.03698587725356641,1.0
0.03698675812136801,1.0
0.036987639031128686,1.0
0.036993806574559314,1.0
0.03699468782010053,1.0
0.03699556910762781,1.0
0.03699645043714415,1.0
0.03699733180865256,1.0
0.036998213222156046,1.0
0.036999976175160224,1.0
0.03700085771466692,1.0
0.03700262091970455,1.0
0.03700350258524149,1.0
0.03700438429279451,1.0
0.03700526604236662,1.0
0.03700614783396083,1.0
0.03700702966758013,1.0
0.03700791154322753,1.0
0.03701055742236839,1.0
0.037011439466158244,1.0
0.03701320367987035,1.0
0.0370140858497986,1.0
0.037015850315814565,1.0
0.03701673261190828,1.0
0.037017614950063164,1.0
0.03701849733028223,1.0
0.03701937975256847,1.0
0.037020262216924914,1.0
0.03702114472335455,1.0
0.0370220272718604,1.0
0.03702290986244547,1.0
0.03702379249511276,1.0
0.0370246751698653,1.0
0.03702644064563813,1.0
0.03702732344666444,1.0
0.037028206289788035,1.0
0.03702908917501192,1.0
0.03703085507177262,1.0
0.037031738083315446,1.0
0.037032621136970624,1.0
0.03703350423274115,1.0
0.037034387370630036,1.0
0.037035270550640306,1.0
0.03703615377277497,1.0
0.037037037037037035,1.0
0.037038803691955446,1.0
0.03704057051541966,1.0
0.03704145399036397,1.0
0.03704233750745379,1.0
0.03704322106669211,1.0
0.03704410466808196,1.0
0.0370485233074097,1.0
0.037049407161772074,1.0
0.03705029105830709,1.0
0.03705117499701777,1.0
0.037053827066234016,1.0
0.037054711173677556,1.0
0.03705559532331186,1.0
0.03705647951513995,1.0
0.03705736374916484,1.0
0.037058248025389554,1.0
0.037059132343817115,1.0
0.037067093109291835,1.0
0.0370724021866272,1.0
0.03707328718071139,1.0
0.03707682757962088,1.0
0.037077712785006565,1.0
0.037078598032661635,1.0
0.03708125402927342,1.0
0.03708213944603629,1.0
0.037083024905083695,1.0
0.037083910406418646,1.0
0.03708479595004418,1.0
0.03708568153596332,1.0
0.0370865671641791,1.0
0.037087452834694556,1.0
0.03709011010006926,1.0
0.03709099593981371,1.0
0.037092767746250116,1.0
0.03709365371294814,1.0
0.0370945397219701,1.0
0.03710074297044841,1.0
0.03710428861545813,1.0
0.03710606169211287,1.0
0.03710694829398834,1.0
0.037107834938233254,1.0
0.037108721624850655,1.0
0.03710960835384358,1.0
0.03711049512521506,1.0
0.03712113968830672,1.0
0.03712202701087606,1.0
0.03712291437586652,1.0
0.03712380178328114,1.0
0.03712468923312297,1.0
0.03712557672539504,1.0
0.037126464260100404,1.0
0.03713001482331564,1.0
0.03713090257023311,1.0
0.037131790359602145,1.0
0.03713267819142577,1.0
0.037133566065707044,1.0
0.03713445398244901,1.0
0.03713534194165471,1.0
0.037136229943327194,1.0
0.03713711798746951,1.0
0.03714244714436047,1.0
0.03714333548587692,1.0
0.03714511229639551,1.0
0.03714688927691535,1.0
0.03714866642746083,1.0
0.03714955506650081,1.0
0.03715044374805636,1.0
0.03715222123872634,1.0
0.03715311004784689,1.0
0.0371539988994952,1.0
0.03715488779367434,1.0
0.03715577673038735,1.0
0.037157554731427206,1.0
0.03715844379576016,1.0
0.037159332902639196,1.0
0.03716022205206738,1.0
0.037161111244047765,1.0
0.037162000478583396,1.0
0.03716288975567733,1.0
0.03716377907533263,1.0
0.037164668437552346,1.0
0.03716555784233954,1.0
0.03716644728969726,1.0
0.037167336779628565,1.0
0.03716822631213652,1.0
0.0371833548819614,1.0
0.037184245181371964,1.0
0.0371851355234173,1.0
0.037186025908100474,1.0
0.03718691633542455,1.0
0.03718780680539259,1.0
0.03718869731800766,1.0
0.037189587873272825,1.0
0.03719047847119115,1.0
0.03719136911176569,1.0
0.037194932100687375,1.0
0.037195822954589,1.0
0.03719671385116524,1.0
0.03720116897427298,1.0
0.03720206012696131,1.0
0.037202951322345724,1.0
0.037203842560429294,1.0
0.03720473384121508,1.0
0.03721543254253535,1.0
0.037219892150988615,1.0
0.03722078420093951,1.0
0.03722167629365098,1.0
0.03722256842912612,1.0
0.03722346060736799,1.0
0.03722435282837967,1.0
0.03722524509216424,1.0
0.03722613739872477,1.0
0.03722702974806434,1.0
0.03722881457509289,1.0
0.037249352393744606,1.0
0.037264547090581884,1.0
0.03726544128233431,1.0
0.03726633551700142,1.0
0.03726722979458629,1.0
0.03726812411509203,1.0
0.037269018478521716,1.0
0.037269912884878444,1.0
0.03727080733416531,1.0
0.03727259636154179,1.0
0.03727349093963758,1.0
0.03727438556067588,1.0
0.03727528022465977,1.0
0.03727796447431589,1.0
0.03727885931011306,1.0
0.037279754188871285,1.0
0.03728064911059366,1.0
0.03728154407528327,1.0
0.03728243908294322,1.0
0.03728333413357661,1.0
0.037284229227186515,1.0
0.03728512436377605,1.0
0.0372860195433483,1.0
0.037286914765906364,1.0
0.03728781003145334,1.0
0.03728870533999232,1.0
0.0372896006915264,1.0
0.03729049608605869,1.0
0.03729139152359227,1.0
0.037292287004130245,1.0
0.03729318252767572,1.0
0.03729407809423178,1.0
0.03729497370380154,1.0
0.03729586935638809,1.0
0.03729676505199452,1.0
0.03729766079062395,1.0
0.037298556572279463,1.0
0.03729945239696417,1.0
0.037300348264681156,1.0
0.03730124417543354,1.0
0.03730214012922441,1.0
0.03730303612605688,1.0
0.03730393216593404,1.0
0.037304828248858994,1.0
0.03730572437483485,1.0
0.03730662054386471,1.0
0.037309309309309306,1.0
0.0373102056505862,1.0
0.03731110203493261,1.0
0.03731199846235164,1.0
0.0373128949328464,1.0
0.03731379144641999,1.0
0.03731468800307552,1.0
0.03731558460281609,1.0
0.03731648124564481,1.0
0.03731827466057912,1.0
0.03731917143269092,1.0
0.0373200682479033,1.0
0.03732096510621936,1.0
0.03732186200764221,1.0
0.037322758952174954,1.0
0.03732365593982071,1.0
0.037324552970582583,1.0
0.03732545004446367,1.0
0.0373263471614671,1.0
0.03732724432159596,1.0
0.03732814152485338,1.0
0.03732903877124246,1.0
0.03732993606076631,1.0
0.03733083339342804,1.0
0.03733173076923077,1.0
0.0373326281881776,1.0
0.03733352565027165,1.0
0.03733442315551602,1.0
0.037335320703913835,1.0
0.0373362182954682,1.0
0.03733711593018224,1.0
0.03733801360805905,1.0
0.03733891132910175,1.0
0.037339809093313456,1.0
0.03734070690069728,1.0
0.03734160475125634,1.0
0.0373451965853072,1.0
0.03734609465178915,1.0
0.03734699276146502,1.0
0.03734789091433793,1.0
0.03734968734968735,1.0
0.03735148395786233,1.0
0.0373523823267672,1.0
0.03735328073888782,1.0
0.03735687481959011,1.0
0.03735777344783623,1.0
0.037358672119316816,1.0
0.037359570834034975,1.0
0.03736136839319652,1.0
0.03736226723764615,1.0
0.03736316612534584,1.0
0.03736406505629872,1.0
0.0373649640305079,1.0
0.03736586304797652,1.0
0.037374855602618405,1.0
0.037384752413278446,1.0
0.037385652383245066,1.0
0.03738655239654301,1.0
0.03738835255314539,1.0
0.037389252696456085,1.0
0.03739015288311063,1.0
0.03739105311311215,1.0
0.03739285370316864,1.0
0.037393754063229874,1.0
0.03739645540358313,1.0
0.037398256513991236,1.0
0.03739915713425647,1.0
0.03740005779790001,1.0
0.03740095850492498,1.0
0.03740185925533452,1.0
0.03740276004913176,1.0
0.03746140486298726,1.0
0.03750754739765729,1.0
0.037508453289537246,1.0
0.03750935922517692,1.0
0.037510265204579486,1.0
0.03751117122774812,1.0
0.03751207729468599,1.0
0.037512983405396265,1.0
0.03751388955988212,1.0
0.03751479575814672,1.0
0.03751570200019325,1.0
0.037516608286024884,1.0
0.03751751461564478,1.0
0.03751842098905612,1.0
0.03752023386726583,1.0
0.03752114037207055,1.0
0.037522046920679404,1.0
0.037522953513095585,1.0
0.03752386014932225,1.0
0.03752476682936259,1.0
0.037525673553219764,1.0
0.037526580320896966,1.0
0.03752748713239736,1.0
0.03752839398772413,1.0
0.03752930088688045,1.0
0.0375302078298695,1.0
0.03753111481669446,1.0
0.0375320218473585,1.0
0.03753292892186481,1.0
0.03753383604021655,1.0
0.03753565040846909,1.0
0.037536557658376234,1.0
0.037537464952141546,1.0
0.037538372289768196,1.0
0.03755743651753325,1.0
0.03756924788930014,1.0
0.03757015676407974,1.0
0.03757197464557023,1.0
0.03757288365228752,1.0
0.03757379270299042,1.0
0.037574701797682124,1.0
0.03757652011904474,1.0
0.03757742934572203,1.0
0.03758470474346563,1.0
0.037585614366272176,1.0
0.03758652403310905,1.0
0.03758743374397948,1.0
0.03758834349888663,1.0
0.03758925329783372,1.0
0.03759016314082393,1.0
0.03759107302786048,1.0
0.03759198295894655,1.0
0.037592892934085353,1.0
0.037593802953280075,1.0
0.03759471301653393,1.0
0.0375956231238501,1.0
0.037596533275231804,1.0
0.037597443470682224,1.0
0.03759835371020458,1.0
0.037599263993802055,1.0
0.03760017432147786,1.0
0.03773722450368138,1.0
0.037738141524105755,1.0
0.03785865776065917,1.0
0.0378595806923452,1.0
0.037860503669031424,1.0
0.037861426690721144,1.0
0.03786234975741765,1.0
0.03786327286912424,1.0
0.037864196025844205,1.0
0.037865119227580825,1.0
0.037866042474337405,1.0
0.03786881248475982,1.0
0.037869735911629156,1.0
0.037875277418725456,1.0
0.037877124948172,1.0
0.037878048780487804,1.0
0.03787897265786971,1.0
0.03787989658032099,1.0
0.03788174456044492,1.0
0.037882668618124164,1.0
0.037883592720885984,1.0
0.03788451686873369,1.0
0.03788544106167057,1.0
0.03788728958282508,1.0
0.03788821391104931,1.0
0.03789006270280821,1.0
0.037890987166349484,1.0
0.0378928362287722,1.0
0.03789468547167049,1.0
0.03789653489507076,1.0
0.03789745967446741,1.0
0.03789838449899946,1.0
0.03789930936867023,1.0
0.03790208424854786,1.0
0.037904859534792903,1.0
0.03790578472052721,1.0
0.03790670995142669,1.0
0.03790763522749463,1.0
0.03790856054873435,1.0
0.037911336783517234,1.0
0.03791226228547714,1.0
0.03791318783262536,1.0
0.03791411342496521,1.0
0.0379150390625,1.0
0.03791596474523304,1.0
0.03791689047316763,1.0
0.0379178162463071,1.0
0.03791874206465475,1.0
0.03792059383698784,1.0
0.037922445790193396,1.0
0.03792337183463163,1.0
0.037924297924297926,1.0
0.037925224059195586,1.0
0.03792615023932793,1.0
0.03792800273530992,1.0
0.037928929051166196,1.0
0.03792985541227042,1.0
0.03793078181862589,1.0
0.037931708270235946,1.0
0.03793263476710388,1.0
0.037933561309233026,1.0
0.037934487896626685,1.0
0.03793541452928819,1.0
0.03793634120722085,1.0
0.03793726793042799,1.0
0.03793819469891291,1.0
0.03793912151267895,1.0
0.03794004837172941,1.0
0.03794097527606762,1.0
0.037941902225696905,1.0
0.03794375626084195,1.0
0.037946537653325514,1.0
0.03794746487477092,1.0
0.03794839214153064,1.0
0.037949319453607994,1.0
0.03795581190732232,1.0
0.03795673958206037,1.0
0.03795766730214596,1.0
0.03795952287837309,1.0
0.03796045073452128,1.0
0.03796230658290352,1.0
0.037964162612755765,1.0
0.03796509069574146,1.0
0.037966018824104636,1.0
0.037966946997848625,1.0
0.0379734454849989,1.0
0.03797437402190924,1.0
0.03797623123196557,1.0
0.037978088623691675,1.0
0.037979017387689225,1.0
0.03798087505196997,1.0
0.037981803952259835,1.0
0.037982732897987134,1.0
0.03798366188915521,1.0
0.0379845909257674,1.0
0.037985520007827026,1.0
0.03798644913533743,1.0
0.03798737830830194,1.0
0.037988307526723906,1.0
0.03798923679060665,1.0
0.03799016609995352,1.0
0.037991095454767844,1.0
0.037992024855052965,1.0
0.03799295430081221,1.0
0.03799388379204893,1.0
0.037994813328766454,1.0
0.03799574291096812,1.0
0.037996672538657274,1.0
0.03799760221183724,1.0
0.03799853193051138,1.0
0.03799946169468301,1.0
0.03800039150435549,1.0
0.038004111198120596,1.0
0.03800504123534738,1.0
0.03800597131809505,1.0
0.03800690144636695,1.0
0.038007831620166424,1.0
0.03801248317219435,1.0
0.03801341361922945,1.0
0.038014344111815535,1.0
0.038017135862913096,1.0
0.0380199280240899,1.0
0.038020858835626496,1.0
0.03802178969274085,1.0
0.03802272059543629,1.0
0.03802365154371618,1.0
0.03802458253758386,1.0
0.038025513577042674,1.0
0.03802644466209598,1.0
0.03802737579274713,1.0
0.03802830696899946,1.0
0.03802923819085633,1.0
0.03803016945832109,1.0
0.03803203213008767,1.0
0.0380329635343962,1.0
0.03803389498432602,1.0
0.03803482647988048,1.0
0.038035758021062946,1.0
0.038036689607876754,1.0
0.03803762124032527,1.0
0.038038552918411836,1.0
0.03803948464213981,1.0
0.038040416411512554,1.0
0.03804134822653341,1.0
0.0380432119935329,1.0
0.038044143945518236,1.0
0.03804507594316511,1.0
0.038046007986476886,1.0
0.03804973661644003,1.0
0.038050668888126624,1.0
0.03805160120549825,1.0
0.03805346597731004,1.0
0.038054398431756925,1.0
0.038055330931902276,1.0
0.03805719606930184,1.0
0.03805812870656276,1.0
0.038067457593881755,1.0
0.038068390734158596,1.0
0.03806932392018434,1.0
0.03807025715196235,1.0
0.03807119042949598,1.0
0.03807212375278861,1.0
0.03807305712184359,1.0
0.0380739905366643,1.0
0.03807585750361635,1.0
0.03807679105575443,1.0
0.03807772465367169,1.0
0.03807865829737152,1.0
0.03807959198685727,1.0
0.038080525722132316,1.0
0.03808145950320002,1.0
0.03808239333006376,1.0
0.03808332720272689,1.0
0.0380842611211928,1.0
0.03809079983321478,1.0
0.03809173411822418,1.0
0.038094537248264525,1.0
0.0380954717166266,1.0
0.038096406230835274,1.0
0.03809734079089393,1.0
0.03809827539680593,1.0
0.03809921004857465,1.0
0.038100144746203476,1.0
0.03810107948969578,1.0
0.038102014279054935,1.0
0.038102949114284315,1.0
0.0381038839953873,1.0
0.03810481892236726,1.0
0.038106688913971634,1.0
0.0381076239786028,1.0
0.03810855908912446,1.0
0.038109494245539985,1.0
0.03811042944785276,1.0
0.03811136469606616,1.0
0.03811229999018357,1.0
0.038113235330208356,1.0
0.03811417071614392,1.0
0.03811604162576085,1.0
0.038116977149448984,1.0
0.03811884833460151,1.0
0.03812165545682164,1.0
0.038122591256106245,1.0
0.03812352710133543,1.0
0.038124462992512584,1.0
0.038125398929641084,1.0
0.038126334912724325,1.0
0.03813288808132397,1.0
0.03813476082899519,1.0
0.0381385068762279,1.0
0.038140380175843605,1.0
0.038141316894663164,1.0
0.038142253659495036,1.0
0.038143190470342626,1.0
0.038144127327209315,1.0
0.038145064230098495,1.0
0.03814600117901356,1.0
0.038146938173957895,1.0
0.03814787521493491,1.0
0.03814881230194797,1.0
0.03814974943500049,1.0
0.038150686614095854,1.0
0.03815162383923746,1.0
0.038152561110428695,1.0
0.038153498427672954,1.0
0.03816006093815269,1.0
0.03816662570656181,1.0
0.03816756371500897,1.0
0.03816850176956351,1.0
0.03816943987022882,1.0
0.03817037801700831,1.0
0.03817131620990537,1.0
0.03817225444892341,1.0
0.038173192734065824,1.0
0.038175069442737394,1.0
0.03817600786627335,1.0
0.038176946335947294,1.0
0.03817788485176262,1.0
0.038178823413722744,1.0
0.03817976202183106,1.0
0.038180700676090966,1.0
0.03818163937650588,1.0
0.03818633357102461,1.0
0.03818727254844104,1.0
0.03818821157203629,1.0
0.038192907382814424,1.0
0.038193846683554265,1.0
0.03819666486300359,1.0
0.0381994834583692,1.0
0.0382004230825995,1.0
0.038201362753056356,1.0
0.03822016587502769,1.0
0.03823051548422037,1.0
0.038231456635730285,1.0
0.03823333907777149,1.0
0.038234280368309614,1.0
0.03823522170519733,1.0
0.03823616308843805,1.0
0.038237104518035206,1.0
0.03823804599399222,1.0
0.03823898751631251,1.0
0.038239929084999506,1.0
0.038240870700056634,1.0
0.03824181236148732,1.0
0.03824275406929498,1.0
0.03824369582348306,1.0
0.038244637624054965,1.0
0.038246521364363996,1.0
0.03824746330410797,1.0
0.03824840529024949,1.0
0.038249347322791984,1.0
0.03825028940173887,1.0
0.038251231527093595,1.0
0.038252173698859575,1.0
0.03825311591704025,1.0
0.03825405818163904,1.0
0.03825971274420438,1.0
0.03826065533382607,1.0
0.03826159796989332,1.0
0.03826254065240958,1.0
0.03826348338137828,1.0
0.03826442615680284,1.0
0.03826536897868671,1.0
0.038266311847033316,1.0
0.03826819772312848,1.0
0.03826914073088391,1.0
0.03827008378511582,1.0
0.03827102688582765,1.0
0.03827197003302282,1.0
0.038272913226704786,1.0
0.03827385646687697,1.0
0.038274799753542824,1.0
0.038275743086705775,1.0
0.03827668646636926,1.0
0.038277629892536726,1.0
0.03827857336521161,1.0
0.03827951688439734,1.0
0.038280460450097364,1.0
0.03828140406231512,1.0
0.03828234772105406,1.0
0.03828423517810921,1.0
0.038285178976432306,1.0
0.03828706671268675,1.0
0.03828801065062498,1.0
0.03828989866614069,1.0
0.03829273103856396,1.0
0.03829367525582542,1.0
0.03829461951965281,1.0
0.03829556383004956,1.0
0.038296508187019136,1.0
0.03829745259056497,1.0
0.038298397040690504,1.0
0.038299341537399195,1.0
0.03830123067057982,1.0
0.03830217530705865,1.0
0.03830784410458806,1.0
0.03830878906731789,1.0
0.0383097340766688,1.0
0.03831067913264425,1.0
0.03831162423524768,1.0
0.038313514580352294,1.0
0.03831635044780538,1.0
0.0383172958302492,1.0
0.03831824125934516,1.0
0.038319186735096725,1.0
0.03832013225750734,1.0
0.038321077826580466,1.0
0.03832202344231955,1.0
0.038322969104728065,1.0
0.038326752221125374,1.0
0.0383276981169328,1.0
0.03832864405943038,1.0
0.03833053608450982,1.0
0.03833242829639137,1.0
0.03833337447239158,1.0
0.03833432069510269,1.0
0.03833526696452815,1.0
0.03833621328067144,1.0
0.038337159643536005,1.0
0.038338106053125307,1.0
0.03833905250944281,1.0
0.03833999901249198,1.0
0.03834094556227626,1.0
0.03834189215879913,1.0
0.038342838802064044,1.0
0.03834378549207446,1.0
0.038344732228833854,1.0
0.03834567901234568,1.0
0.0383466258426134,1.0
0.038347572719640476,1.0
0.038348519643430376,1.0
0.03834946661398657,1.0
0.03835041363131251,1.0
0.038352307806287504,1.0
0.0383532549639435,1.0
0.03835514941960978,1.0
0.03835609671762701,1.0
0.038357044062438256,1.0
0.038357991454046975,1.0
0.03835893889245665,1.0
0.03836083390969272,1.0
0.03836178148852605,1.0
0.03836652008498444,1.0
0.03836746794475875,1.0
0.038369363804817785,1.0
0.038370311805109455,1.0
0.03837125985224718,1.0
0.038372207946234436,1.0
0.03837505250932813,1.0
0.03837789749419265,1.0
0.0383788459162239,1.0
0.03837979438513246,1.0
0.03838074290092183,1.0
0.03838169146359547,1.0
0.038382640073156865,1.0
0.038383588729609494,1.0
0.03838453743295682,1.0
0.03838548618320233,1.0
0.03838643498034951,1.0
0.03838738382440182,1.0
0.038388332715362745,1.0
0.038390230638024374,1.0
0.03839117966973203,1.0
0.03839212874836222,1.0
0.038393077873918414,1.0
0.038394027046404114,1.0
0.038394976265822785,1.0
0.03839592553217791,1.0
0.038396874845472974,1.0
0.03839782420571146,1.0
0.03839972306703261,1.0
0.03840067256812225,1.0
0.03840257171117705,1.0
0.038403521353149186,1.0
0.038404471042089126,1.0
0.03840542077800035,1.0
0.03840637056088634,1.0
0.038407320390750586,1.0
0.03840827026759658,1.0
0.03841017016224772,1.0
0.038411120180059856,1.0
0.038412070244867674,1.0
0.03841302035667466,1.0
0.03841397051548432,1.0
0.03841492072130012,1.0
0.03841587097412556,1.0
0.03841682127396413,1.0
0.038417771620819316,1.0
0.0384187220146946,1.0
0.03841967245559349,1.0
0.03842632685883954,1.0
0.038427277676052855,1.0
0.038428228540321185,1.0
0.03843013041003687,1.0
0.03843108141549122,1.0
0.03843393471428218,1.0
0.03843488590803346,1.0
0.03843583714886772,1.0
0.03843678843678844,1.0
0.03843773977179912,1.0
0.03843869115390327,1.0
0.03843964258310438,1.0
0.03844059405940594,1.0
0.03844154558281145,1.0
0.03844344877094834,1.0
0.0384444004356867,1.0
0.038448207565854625,1.0
0.03844915946621772,1.0
0.0384520154501337,1.0
0.0384529675390596,1.0
0.03845391967513495,1.0
0.03845582408874802,1.0
0.038456776366292744,1.0
0.03846249102211655,1.0
0.038463443629879135,1.0
0.03846439628482972,1.0
0.03847678509489123,1.0
0.03847773841084215,1.0
0.038478691774033694,1.0
0.038479645184469384,1.0
0.03848059864215273,1.0
0.03848155214708725,1.0
0.03848250569927644,1.0
0.03848345929872383,1.0
0.03848441294543292,1.0
0.03848536663940723,1.0
0.03848632038065028,1.0
0.03848727416916557,1.0
0.03848822800495663,1.0
0.03848918188802696,1.0
0.038490135818380095,1.0
0.03849108979601953,1.0
0.03849395201269086,1.0
0.03849586039363442,1.0
0.03849776896380763,1.0
0.03849967772323863,1.0
0.038505405137359915,1.0
0.038506359872058714,1.0
0.03850731465410365,1.0
0.038508269483498225,1.0
0.03850922436024598,1.0
0.03851017928435044,1.0
0.03851113425581511,1.0
0.03851208927464352,1.0
0.0385130443408392,1.0
0.03851399945440567,1.0
0.03851495461534646,1.0
0.03851590982366509,1.0
0.03851686507936508,1.0
0.03851782038244996,1.0
0.03852355319623943,1.0
0.038524508831117285,1.0
0.03852546451340825,1.0
0.03852642024311585,1.0
0.03852737602024362,1.0
0.03852833184479508,1.0
0.03852928771677376,1.0
0.038530243636183195,1.0
0.03853119960302692,1.0
0.03853215561730845,1.0
0.038535980148883375,1.0
0.03853693640040696,1.0
0.038538849045834676,1.0
0.038547458300238285,1.0
0.03854841512150321,1.0
0.038549371990269574,1.0
0.03855032890654089,1.0
0.03855128587032072,1.0
0.03855319994042004,1.0
0.038554157046746605,1.0
0.038555114200595826,1.0
0.03855607140197125,1.0
0.03855702865087641,1.0
0.03855798594731485,1.0
0.0385589432912901,1.0
0.03855990068280571,1.0
0.03856085812186522,1.0
0.03856277314263012,1.0
0.038563730724342576,1.0
0.03856564603044525,1.0
0.038566603754842554,1.0
0.038567561526808555,1.0
0.038568519346346794,1.0
0.03856947721346082,1.0
0.03857043512815418,1.0
0.03857139309043042,1.0
0.03857235110029308,1.0
0.03857330915774571,1.0
0.03857426726279185,1.0
0.03857522541543506,1.0
0.03857714186352684,1.0
0.03857810015898251,1.0
0.038579058502049436,1.0
0.038580016892731155,1.0
0.03858097533103123,1.0
0.03858193381695319,1.0
0.03858289235050061,1.0
0.038583850931677016,1.0
0.038584809560485975,1.0
0.03858576823693103,1.0
0.03858672696101573,1.0
0.038587685732743626,1.0
0.03858864455211827,1.0
0.03858960341914323,1.0
0.038590562333822034,1.0
0.03859152129615824,1.0
0.03859248030615541,1.0
0.038593439363817095,1.0
0.03859439846914685,1.0
0.03859535762214822,1.0
0.038599194710941,1.0
0.03860015410235379,1.0
0.038601113541459536,1.0
0.03860207302826179,1.0
0.03860303256276411,1.0
0.03860399214497005,1.0
0.03860495177488316,1.0
0.03860783095090118,1.0
0.0386087907716786,1.0
0.03860975064018099,1.0
0.038612630532073595,1.0
0.038613590591511475,1.0
0.03861455069869213,1.0
0.03861551085361912,1.0
0.038616471056296,1.0
0.038617431306726346,1.0
0.03861839160491371,1.0
0.03862127278605357,1.0
0.03862319381233057,1.0
0.038624154397134895,1.0
0.03862511502972119,1.0
0.03862607571009302,1.0
0.03862703643825395,1.0
0.038627997214207545,1.0
0.038628958037957364,1.0
0.03862991890950699,1.0
0.03863087982885998,1.0
0.0386318407960199,1.0
0.038632801810990325,1.0
0.03863376287377481,1.0
0.038634723984376944,1.0
0.03863664634904839,1.0
0.038637607603124846,1.0
0.03863856890503321,1.0
0.03863953025477707,1.0
0.038640491652359985,1.0
0.03864337613217876,1.0
0.03864433772115361,1.0
0.038654918359219435,1.0
0.03865588052271313,1.0
0.03865684273410663,1.0
0.03865780499340353,1.0
0.03865876730060739,1.0
0.038659729655721786,1.0
0.038660692058750314,1.0
0.03866261700856403,1.0
0.038666467483318395,1.0
0.03866839300831632,1.0
0.038669355842733,1.0
0.0386703187250996,1.0
0.038671281655419706,1.0
0.038672244633696895,1.0
0.038673207659934754,1.0
0.03867609702644818,1.0
0.03867706024456454,1.0
0.03867802351065949,1.0
0.03867898682473662,1.0
0.038679950186799504,1.0
0.038680913596851725,1.0
0.03868187705489688,1.0
0.03868284056093855,1.0
0.03868380411498032,1.0
0.03868476771702578,1.0
0.038685731367078514,1.0
0.03869151427574867,1.0
0.03869247826195281,1.0
0.03869729891358517,1.0
0.03869826318805911,1.0
0.03869922751059058,1.0
0.038700191881183184,1.0
0.03870115629984051,1.0
0.03870212076656615,1.0
0.0387030852813637,1.0
0.03870404984423676,1.0
0.038705979114223764,1.0
0.038706943821344895,1.0
0.03870790857655592,1.0
0.03870887337986042,1.0
0.038709838231262,1.0
0.03871080313076425,1.0
0.03871176807837077,1.0
0.038712733074085154,1.0
0.038713698117911005,1.0
0.038714663209851924,1.0
0.0387156283499115,1.0
0.03871659353809334,1.0
0.038717558774401035,1.0
0.038718524058838195,1.0
0.03872238567795342,1.0
0.038724316776381405,1.0
0.03872624806742806,1.0
0.03872721378519239,1.0
0.0387281795511222,1.0
0.038729145365221075,1.0
0.03873011122749264,1.0
0.038731077137940495,1.0
0.03873204309656823,1.0
0.03873300910337947,1.0
0.038733975158377815,1.0
0.03873494126156686,1.0
0.038735907412950216,1.0
0.03873687361253149,1.0
0.038737839860314295,1.0
0.03873880615630223,1.0
0.038739772500498905,1.0
0.038740738892907925,1.0
0.038741705333532904,1.0
0.03874267182237745,1.0
0.038743638359445165,1.0
0.03874460494473966,1.0
0.03874557157826456,1.0
0.03874653826002345,1.0
0.03874750499001996,1.0
0.03874847176825769,1.0
0.03875040546947127,1.0
0.03875137239245434,1.0
0.03875233936369307,1.0
0.0387533063831911,1.0
0.03875524056697944,1.0
0.038756207731276984,1.0
0.0387581422046969,1.0
0.038759109513826495,1.0
0.038760076871240674,1.0
0.038761044276943046,1.0
0.038762011730937226,1.0
0.03876297923322684,1.0
0.03876394678381549,1.0
0.0387649143827068,1.0
0.03876588202990439,1.0
0.038767817469232885,1.0
0.038768785261371015,1.0
0.038769753101829896,1.0
0.03877072099061314,1.0
0.03877168892772438,1.0
0.0387736249469453,1.0
0.03877459302906222,1.0
0.03877556115952161,1.0
0.03877652933832709,1.0
0.03877749756548229,1.0
0.03877846584099081,1.0
0.0387794341648563,1.0
0.038780402537082356,1.0
0.03878137095767262,1.0
0.03878233942663071,1.0
0.03878330794396024,1.0
0.03878427650966485,1.0
0.03878524512374816,1.0
0.03878621378621379,1.0
0.038787182497065364,1.0
0.03878815125630651,1.0
0.038789120063940856,1.0
0.03879008891997202,1.0
0.038791057824403646,1.0
0.03879202677723935,1.0
0.038792995778482754,1.0
0.03879687226760599,1.0
0.038797841510942344,1.0
0.03879978014290711,1.0
0.038800749531542784,1.0
0.03880171896861883,1.0
0.03880268845413887,1.0
0.03880365798810654,1.0
0.038804627570525475,1.0
0.0388055972013993,1.0
0.038808506384786466,1.0
0.03880947620951619,1.0
0.03881044608271898,1.0
0.03881141600439846,1.0
0.038812385974558265,1.0
0.03881335599320204,1.0
0.03881432606033341,1.0
0.03881529617595601,1.0
0.038816266340073485,1.0
0.03881723655268946,1.0
0.038818206813807585,1.0
0.0388201474815648,1.0
0.03882111788821118,1.0
0.03882208834337425,1.0
0.03882402939926502,1.0
0.038825,1.0
0.03882597064926623,1.0
0.03882694134706735,1.0
0.038827912093407004,1.0
0.038828882888288827,1.0
0.03882985373171646,1.0
0.038830824623693555,1.0
0.03883179556422374,1.0
0.03883276655331066,1.0
0.03883373759095796,1.0
0.038834708677169295,1.0
0.038835679811948284,1.0
0.03883665099529859,1.0
0.038837622227223846,1.0
0.038838593507727705,1.0
0.038839564836813806,1.0
0.03884053621448579,1.0
0.03884150764074732,1.0
0.03884247911560202,1.0
0.03884345063905355,1.0
0.03884442221110555,1.0
0.03884539383176167,1.0
0.03884636550102556,1.0
0.03885025266423175,1.0
0.0388521965375763,1.0
0.03885608486789432,1.0
0.038858029324926185,1.0
0.03885900162642312,1.0
0.03885997397657892,1.0
0.03886094637539724,1.0
0.03886191882288174,1.0
0.03886289131903606,1.0
0.03886386386386386,1.0
0.03886678179042471,1.0
0.03886775452998298,1.0
0.038871645975170205,1.0
0.038876511377575286,1.0
0.03887748460421569,1.0
0.03887845787958443,1.0
0.03887943120368516,1.0
0.038880404576521546,1.0
0.03888137799809724,1.0
0.03888235146841591,1.0
0.03888332498748122,1.0
0.03888429855529683,1.0
0.038885272171866395,1.0
0.03888624583719358,1.0
0.03888721955128205,1.0
0.03888819331413547,1.0
0.0388891671257575,1.0
0.03889111489532205,1.0
0.03889306286000501,1.0
0.03889403691552506,1.0
0.0388950110198357,1.0
0.038895985172940614,1.0
0.03889890792505761,1.0
0.03889988227337625,1.0
0.0389057293884811,1.0
0.03890767881748716,1.0
0.03890865360525129,1.0
0.03890962844186105,1.0
0.038910603327320104,1.0
0.038911578261632135,1.0
0.0389125532448008,1.0
0.038914503357722764,1.0
0.038922305764411025,1.0
0.03892328128524524,1.0
0.0389242568549802,1.0
0.03892523247361957,1.0
0.03892620814116703,1.0
0.038927183857626266,1.0
0.03892815962300095,1.0
0.038929135437294766,1.0
0.03893011130051138,1.0
0.03893108721265448,1.0
0.03893206317372775,1.0
0.038934015242679504,1.0
0.03893499135056535,1.0
0.03893596750739608,1.0
0.03893694371317538,1.0
0.03893791996790693,1.0
0.038938896271594414,1.0
0.03893987262424151,1.0
0.03894084902585191,1.0
0.03894182547642929,1.0
0.03894280197597733,1.0
0.03894377852449973,1.0
0.03894475512200015,1.0
0.038945731768482296,1.0
0.03894670846394984,1.0
0.03894866200185589,1.0
0.03894963884430177,1.0
0.03895159267619764,1.0
0.03895452379160709,1.0
0.038957455348183824,1.0
0.03895843263176379,1.0
0.0389594099643771,1.0
0.03896429736307298,1.0
0.03896527498996387,1.0
0.038966252665913935,1.0
0.03896723039092688,1.0
0.0389682081650064,1.0
0.03896918598815618,1.0
0.038970163860379915,1.0
0.038971141781681304,1.0
0.03897211975206404,1.0
0.03897309777153182,1.0
0.038974075840088336,1.0
0.03897505395773729,1.0
0.03897603212448237,1.0
0.03897701034032728,1.0
0.03897798860527571,1.0
0.03897896691933136,1.0
0.03898190215617862,1.0
0.03898288066670014,1.0
0.03898385922634737,1.0
0.038984837835124006,1.0
0.038985816493033766,1.0
0.03898679520008033,1.0
0.03899071051970876,1.0
0.038991689472494914,1.0
0.03899266847444009,1.0
0.03899364752554799,1.0
0.03899462662582233,1.0
0.03899560577526679,1.0
0.03899658497388509,1.0
0.038997564221680936,1.0
0.03899854351865803,1.0
0.03899952286482007,1.0
0.03900148170471383,1.0
0.03900246119845296,1.0
0.039003440741391865,1.0
0.03900442033353426,1.0
0.039005399974883836,1.0
0.03900637966544432,1.0
0.0390073594052194,1.0
0.0390083391942128,1.0
0.03901029891986938,1.0
0.03901225884244373,1.0
0.03901421896196553,1.0
0.03901519909559101,1.0
0.03901617927846448,1.0
0.03901715951058966,1.0
0.039018139791970254,1.0
0.03901912012260998,1.0
0.039021080931681704,1.0
0.039022061410121114,1.0
0.03902304193783451,1.0
0.03903284992585518,1.0
0.039033830995827676,1.0
0.039034812115118764,1.0
0.039035793283732155,1.0
0.03903677450167157,1.0
0.039037755768940724,1.0
0.03903873708554335,1.0
0.03903971845148316,1.0
0.03904069986676387,1.0
0.03904168133138921,1.0
0.0390426628453629,1.0
0.039043644408688655,1.0
0.03904462602137021,1.0
0.039045607683411275,1.0
0.039048552965728796,1.0
0.03905149869241601,1.0
0.03905444486357349,1.0
0.03905542701941454,1.0
0.039057391479301845,1.0
0.03905837378335555,1.0
0.039059356136820926,1.0
0.0390603385397017,1.0
0.03906132099200161,1.0
0.039062303493724373,1.0
0.039064268645453405,1.0
0.039065251295467125,1.0
0.039066233994918625,1.0
0.039069182389937104,1.0
0.0390711482338734,1.0
0.03907213123002994,1.0
0.03907311427565038,1.0
0.039074097370738456,1.0
0.03907606370933246,1.0
0.039077046952845855,1.0
0.039078030245841826,1.0
0.03907901358832411,1.0
0.03907999698029643,1.0
0.03908589837163064,1.0
0.03908688211013792,1.0
0.03908786589816516,1.0
0.03908884973571608,1.0
0.03908983362279443,1.0
0.03909081755940395,1.0
0.039092785581231436,1.0
0.03909376966645689,1.0
0.039094753801228475,1.0
0.03909770650285743,1.0
0.039098690835850956,1.0
0.039099675218409326,1.0
0.03910065965053628,1.0
0.03910164413223557,1.0
0.03910262866351093,1.0
0.039103613244366106,1.0
0.03910558255483091,1.0
0.03910656728444802,1.0
0.03910755206365994,1.0
0.039113461780632165,1.0
0.03911641730895169,1.0
0.03911740258431778,1.0
0.0391183879093199,1.0
0.03912035870824727,1.0
0.039121344182180016,1.0
0.039122329705763806,1.0
0.039123315279002396,1.0
0.03912430090189953,1.0
0.03912725806857978,1.0
0.03913021568232211,1.0
0.0391321876732349,1.0
0.03913317374322792,1.0
0.03913514603230603,1.0
0.03913613225139862,1.0
0.039137118520198584,1.0
0.03913810483870968,1.0
0.03913909120693566,1.0
0.03914007762488029,1.0
0.03914106409254732,1.0
0.03914205060994052,1.0
0.03914303717706364,1.0
0.03914402379392045,1.0
0.03914501046051471,1.0
0.03914599717685017,1.0
0.039146983942930605,1.0
0.03914797075875977,1.0
0.039148957624341424,1.0
0.03914994453967934,1.0
0.03915093150477727,1.0
0.039151918519638985,1.0
0.03915290558426825,1.0
0.03915389269866882,1.0
0.039154879862844466,1.0
0.03915586707679895,1.0
0.03915685434053604,1.0
0.03915784165405951,1.0
0.03915882901737311,1.0
0.03915981643048061,1.0
0.03916080389338578,1.0
0.0391617914060924,1.0
0.039163766580925,1.0
0.039164754243058535,1.0
0.039165741955008576,1.0
0.039167717528373266,1.0
0.03916969330104923,1.0
0.03917068126213837,1.0
0.03917166927306664,1.0
0.03917265733383781,1.0
0.03917364544445565,1.0
0.039174633604923945,1.0
0.039175621815246454,1.0
0.03917661007542696,1.0
0.03917759838546922,1.0
0.039178586745377025,1.0
0.03917957515515415,1.0
0.03918056361480435,1.0
0.039181552124331415,1.0
0.03918254068373912,1.0
0.03918352929303123,1.0
0.03918451795221154,1.0
0.039185506661283814,1.0
0.03918649542025182,1.0
0.03918748422911936,1.0
0.03918847308789018,1.0
0.03918946199656808,1.0
0.03919045095515684,1.0
0.03919143996366022,1.0
0.03919242902208202,1.0
0.039193418130426004,1.0
0.03919440728869596,1.0
0.039195396496895664,1.0
0.0391963857550289,1.0
0.03919737506309944,1.0
0.0391993538290676,1.0
0.039201332794830374,1.0
0.0392023223526442,1.0
0.039203311960418034,1.0
0.039204301618155656,1.0
0.03920529132586085,1.0
0.0392062810835374,1.0
0.03920727089118909,1.0
0.03920826074881971,1.0
0.03920925065643304,1.0
0.039210240614032874,1.0
0.03921123062162299,1.0
0.03921222067920717,1.0
0.039213210786789215,1.0
0.03921816207479987,1.0
0.03921915248244861,1.0
0.03922014294012172,1.0
0.03922113344782301,1.0
0.039222124005556254,1.0
0.03922311461332525,1.0
0.039224105271133784,1.0
0.03922509597898565,1.0
0.03922707754483455,1.0
0.03922806840283917,1.0
0.039229059310902294,1.0
0.03923203233548061,1.0
0.039233023443815684,1.0
0.03923401460222823,1.0
0.03923500581072205,1.0
0.03923599706930093,1.0
0.03923698837796867,1.0
0.03923797973672907,1.0
0.03924392894144998,1.0
0.039244920650965326,1.0
0.039245912410603725,1.0
0.039246904220368965,1.0
0.039247896080264855,1.0
0.03924888799029519,1.0
0.03924987995046377,1.0
0.039250871960774404,1.0
0.03925186402123088,1.0
0.03925285613183702,1.0
0.03925384829259662,1.0
0.03925484050351347,1.0
0.039256825075834174,1.0
0.039257817437245636,1.0
0.03925880984882957,1.0
0.03925980231058978,1.0
0.03926079482253009,1.0
0.039262779996966174,1.0
0.03926377265946957,1.0
0.03926476537216828,1.0
0.039265758135066116,1.0
0.039266750948166874,1.0
0.039267743811474375,1.0
0.03926873672499241,1.0
0.03926972968872481,1.0
0.03927072270267536,1.0
0.039271715766847896,1.0
0.039272708881246204,1.0
0.03927370204587411,1.0
0.03927469526073542,1.0
0.03927568852583394,1.0
0.03927668184117349,1.0
0.03927767520675789,1.0
0.039278668622590926,1.0
0.039280655605018214,1.0
0.03928164917162008,1.0
0.03928264278848586,1.0
0.03928463017302439,1.0
0.03928562394070476,1.0
0.03928661775866431,1.0
0.039287611626906825,1.0
0.039288605545436145,1.0
0.03928959951425608,1.0
0.03929059353337044,1.0
0.03929158760278305,1.0
0.039299541969279046,1.0
0.03930053649154773,1.0
0.03930153106415285,1.0
0.039302525687098244,1.0
0.03930352036038772,1.0
0.039304515084025105,1.0
0.03930749955706295,1.0
0.0393084944821302,1.0
0.039311479559549424,1.0
0.03931247468610773,1.0
0.03931346986304838,1.0
0.03931546036809195,1.0
0.03931645569620253,1.0
0.03931844650362044,1.0
0.03931944198293541,1.0
0.03932043751265951,1.0
0.03932143309279656,1.0
0.03932242872335038,1.0
0.03932442013572369,1.0
0.039325415917550836,1.0
0.03932641174981008,1.0
0.03932939954921873,1.0
0.03933039558324469,1.0
0.03933238780265424,1.0
0.039333383988045485,1.0
0.0393343802238995,1.0
0.03933537651022011,1.0
0.03933637284701114,1.0
0.03933736923427645,1.0
0.03933836567201986,1.0
0.03933936216024521,1.0
0.03934035869895633,1.0
0.03934135528815706,1.0
0.039342351927851245,1.0
0.039343348618042714,1.0
0.03934534214993286,1.0
0.03934633899163922,1.0
0.03934733588385822,1.0
0.03935132395793741,1.0
0.03935232110277721,1.0
0.0393533182981527,1.0
0.03935431554406771,1.0
0.03935531284052609,1.0
0.039358305033199856,1.0
0.03935930253187014,1.0
0.039360300081103,1.0
0.039361297680902296,1.0
0.03936229533127186,1.0
0.03936329303221555,1.0
0.039364290783737196,1.0
0.039365288585840666,1.0
0.03936628643852978,1.0
0.03936828229568039,1.0
0.039369280300149564,1.0
0.03937027835521979,1.0
0.039371276460894916,1.0
0.039372274617178786,1.0
0.039373272824075246,1.0
0.039374271081588155,1.0
0.0393762677484787,1.0
0.03937726615786404,1.0
0.03937826461788123,1.0
0.03937926312853412,1.0
0.03938026168982656,1.0
0.039381260301762394,1.0
0.03938225896434549,1.0
0.03938325767757969,1.0
0.03938425644146886,1.0
0.03938525525601684,1.0
0.03938625412122749,1.0
0.03938725303710467,1.0
0.03938825200365223,1.0
0.03938925102087402,1.0
0.03939025008877391,1.0
0.039392248376623376,1.0
0.03939324759658067,1.0
0.039394246867231496,1.0
0.03939524618857969,1.0
0.03939624556062912,1.0
0.03939724498338365,1.0
0.03939824445684713,1.0
0.039399243981023416,1.0
0.03940224285786776,1.0
0.039403242584933905,1.0
0.03940424236273216,1.0
0.0394052421912664,1.0
0.03940724200055825,1.0
0.03940824198132359,1.0
0.03940924201284036,1.0
0.039410242095112416,1.0
0.039411242228143635,1.0
0.03941224241193787,1.0
0.03941424293183087,1.0
0.03941524326793736,1.0
0.03941624365482233,1.0
0.03941724409248966,1.0
0.039418244580943194,1.0
0.03941924512018682,1.0
0.039420245710224386,1.0
0.03942124635105978,1.0
0.03942224704269686,1.0
0.03942324778513949,1.0
0.03942424857839155,1.0
0.039425249422456905,1.0
0.03942625031733943,1.0
0.03942725126304298,1.0
0.03942925330692868,1.0
0.03943025440511857,1.0
0.03943125555414498,1.0
0.03943225675401178,1.0
0.03943325800472285,1.0
0.039434259306282055,1.0
0.03943526065869328,1.0
0.03943626206196039,1.0
0.039437263516087256,1.0
0.03943826502107776,1.0
0.03943926657693578,1.0
0.03944126984126984,1.0
0.039442271549753646,1.0
0.039443273309120466,1.0
0.03944427511937417,1.0
0.03944728085549544,1.0
0.03945028704973835,1.0
0.03945229143379738,1.0
0.039453293702207654,1.0
0.03945429602154362,1.0
0.03945630081300813,1.0
0.03945730328514444,1.0
0.03945930838224458,1.0
0.039460311007216184,1.0
0.039461313683140646,1.0
0.039462316410021854,1.0
0.03946432201667006,1.0
0.039473349769971786,1.0
0.039475356498309654,1.0
0.03947937056715052,1.0
0.039480374211917836,1.0
0.039481377907715776,1.0
0.039482381654548225,1.0
0.03948338545241909,1.0
0.0394853932012916,1.0
0.03948840520748576,1.0
0.039489409311668826,1.0
0.03949041346691756,1.0
0.03949141767323586,1.0
0.03949242193062761,1.0
0.03949342623909671,1.0
0.039494430598647066,1.0
0.03949543500928257,1.0
0.03949744398382461,1.0
0.03949844854773895,1.0
0.03949945316275402,1.0
0.039502467314442694,1.0
0.039504477004477005,1.0
0.03950548192617842,1.0
0.03950648689900789,1.0
0.0395074919229693,1.0
0.03950849699806655,1.0
0.03950950212430356,1.0
0.03951050730168422,1.0
0.03951151253021244,1.0
0.03951251780989212,1.0
0.03951352314072717,1.0
0.03951452852272149,1.0
0.039515533955878986,1.0
0.039516539440203564,1.0
0.03951754497569913,1.0
0.03951855056236959,1.0
0.039519556200218846,1.0
0.0395215676294694,1.0
0.039522573420878504,1.0
0.039523579263482045,1.0
0.03952458515728392,1.0
0.03952559110228806,1.0
0.03953162784777905,1.0
0.03953263415130842,1.0
0.039533640506071326,1.0
0.03954068642427946,1.0
0.03954471379099613,1.0
0.0395467277820219,1.0
0.039547734854465354,1.0
0.03954874197820108,1.0
0.03955075637956502,1.0
0.03955176365720107,1.0
0.03955277098614507,1.0
0.039553778366400935,1.0
0.03955478579797259,1.0
0.03955579328086396,1.0
0.03955680081507896,1.0
0.039557808400621515,1.0
0.03956183925614572,1.0
0.039562847098384875,1.0
0.039563854991975136,1.0
0.03956587093322463,1.0
0.039568895230330206,1.0
0.03958503262642741,1.0
0.039586041650735385,1.0
0.039587050726484836,1.0
0.03958805985367968,1.0
0.03959108754397594,1.0
0.039592096876991716,1.0
0.03959310626147257,1.0
0.03959411569742243,1.0
0.03959512518484524,1.0
0.03959613472374493,1.0
0.03959714431412545,1.0
0.03959815395599072,1.0
0.03959916364934469,1.0
0.03960017339419129,1.0
0.039601183190534475,1.0
0.03960421288858287,1.0
0.03960623294483691,1.0
0.03960724305024228,1.0
0.039608253207171824,1.0
0.03960926341562946,1.0
0.03961027367561915,1.0
0.03961128398714482,1.0
0.03961431523097722,1.0
0.03962138993774875,1.0
0.03962240081643067,1.0
0.039623411746695925,1.0
0.039624422728548464,1.0
0.03962543376199224,1.0
0.039626444847031206,1.0
0.039627455983669305,1.0
0.03965173875300005,1.0
0.039652751180901315,1.0
0.03965376366050454,1.0
0.0396547761918137,1.0
0.039655788774832744,1.0
0.03965781409601634,1.0
0.039661865359076516,1.0
0.03966287830417571,1.0
0.039663891301016496,1.0
0.03966490434960284,1.0
0.0396659174499387,1.0
0.03966693060202805,1.0
0.03967098372799959,1.0
0.03967199713891585,1.0
0.0396730106016094,1.0
0.0396740241160842,1.0
0.03967706497023581,1.0
0.03967807869187532,1.0
0.039679092465315924,1.0
0.0396801062905616,1.0
0.039681120167616324,1.0
0.03968213409648406,1.0
0.03968314807716877,1.0
0.03968416210967445,1.0
0.03968517619400506,1.0
0.03968619033016457,1.0
0.0396882187579862,1.0
0.03969836400817996,1.0
0.03969937881847695,1.0
0.03970039368065852,1.0
0.039701408594728635,1.0
0.03970242356069128,1.0
0.03970343857855043,1.0
0.039704453648310066,1.0
0.03970749916903173,1.0
0.03970851444643314,1.0
0.03970952977575494,1.0
0.03971054515700113,1.0
0.03971156059017567,1.0
0.039712576075282564,1.0
0.03971359161232579,1.0
0.03971460720130933,1.0
0.03971562284223717,1.0
0.03971663853511329,1.0
0.03971765427994169,1.0
0.039718670076726345,1.0
0.03971968592547124,1.0
0.039720701826180364,1.0
0.03972374984013301,1.0
0.03972476594873894,1.0
0.03972578210932903,1.0
0.03972679832190729,1.0
0.03972781458647771,1.0
0.03972883090304426,1.0
0.03972984727161094,1.0
0.03973086369218174,1.0
0.03973188016476066,1.0
0.039732896689351684,1.0
0.039733913265958806,1.0
0.03973492989458602,1.0
0.03973594657523732,1.0
0.039736963307916685,1.0
0.03973798009262813,1.0
0.03974001381816321,1.0
0.03974306479680623,1.0
0.039744081893793984,1.0
0.039746116243953626,1.0
0.0397471334971335,1.0
0.039748150802385404,1.0
0.039749168159713334,1.0
0.0397501855691213,1.0
0.03975120303061329,1.0
0.039752220544193306,1.0
0.039753238109865356,1.0
0.03976138051103487,1.0
0.039762398545715234,1.0
0.03976341663252765,1.0
0.03976443477147612,1.0
0.03976545296256465,1.0
0.03976647120579725,1.0
0.039767489501177915,1.0
0.03976850784871066,1.0
0.03976952624839949,1.0
0.039770544700248406,1.0
0.03977156320426142,1.0
0.03977869419328398,1.0
0.039779713114754096,1.0
0.0397807320884244,1.0
0.03978175111429889,1.0
0.039784808505187653,1.0
0.039785827739919045,1.0
0.0397868470268747,1.0
0.03978786636605862,1.0
0.03978990520112734,1.0
0.03979092469702016,1.0
0.03979704276964867,1.0
0.039798062631336166,1.0
0.03981642908419649,1.0
0.039824597394604574,1.0
0.039825618669060134,1.0
0.039826639995896806,1.0
0.03982766137511861,1.0
0.03982868280672958,1.0
0.03982970429073376,1.0
0.03983072582713516,1.0
0.039831747415937827,1.0
0.039832769057145785,1.0
0.03983379075076308,1.0
0.03983481249679372,1.0
0.03983583429524176,1.0
0.039836856146111224,1.0
0.03983787804940615,1.0
0.03983890000513057,1.0
0.03983992201328852,1.0
0.03984094407388404,1.0
0.039841966186921166,1.0
0.03984298835240392,1.0
0.039844010570336354,1.0
0.039845032840722494,1.0
0.03984605516356639,1.0
0.03984707753887207,1.0
0.039848099966643576,1.0
0.039849122446884946,1.0
0.039851167564793434,1.0
0.03985219020246863,1.0
0.03985321289262985,1.0
0.039854235635281135,1.0
0.039855258430426525,1.0
0.03985628127807006,1.0
0.039857304178215786,1.0
0.039858327130867746,1.0
0.03985935013602998,1.0
0.03986037319370653,1.0
0.03986139630390144,1.0
0.039862419466618754,1.0
0.03986344268186252,1.0
0.03986446594963678,1.0
0.03986548926994558,1.0
0.039866512642792964,1.0
0.03986753606818298,1.0
0.03986855954611968,1.0
0.03986958307660711,1.0
0.0398706066596493,1.0
0.03987163029525032,1.0
0.03987367772414501,1.0
0.039874701517446785,1.0
0.03987572536332357,1.0
0.039876749261779434,1.0
0.03987879721644455,1.0
0.03987982127266191,1.0
0.03988084538147454,1.0
0.03988186954288649,1.0
0.03988289375690182,1.0
0.039883918023524575,1.0
0.039884942342758814,1.0
0.03988596671460859,1.0
0.03988699113907795,1.0
0.03988801561617095,1.0
0.03988904014589166,1.0
0.03989006472824412,1.0
0.03989211405086052,1.0
0.03989313879113258,1.0
0.03989416358405261,1.0
0.03989518842962468,1.0
0.03989621332785285,1.0
0.03989723827874117,1.0
0.0398982632822937,1.0
0.039899288338514506,1.0
0.03990031344740764,1.0
0.03990133860897716,1.0
0.039902363823227135,1.0
0.03990338909016162,1.0
0.03990441440978468,1.0
0.039905439782100365,1.0
0.03990646520711275,1.0
0.0399074906848259,1.0
0.039934171616652525,1.0
0.03994958069660956,1.0
0.0399506083914285,1.0
0.039951636139123274,1.0
0.03995266393969798,1.0
0.03995369179315668,1.0
0.03995574765874241,1.0
0.03995677567087761,1.0
0.039957803735913136,1.0
0.039959860024701525,1.0
0.03996088824846255,1.0
0.03996191652514024,1.0
0.03996294485473868,1.0
0.03996397323726197,1.0
0.03997220220323278,1.0
0.03997323106226352,1.0
0.039974259974259976,1.0
0.039975288939226236,1.0
0.039981463841618825,1.0
0.039986611051032496,1.0
0.03998764065195561,1.0
0.03998867030590174,1.0
0.03998970001287498,1.0
0.03999278945199835,1.0
0.03999381937112101,1.0
0.039995879368513225,1.0
0.039996909446790976,1.0
0.039997939578128625,1.0
0.03999896976253026,1.0
0.04,1.0
0.04000103029054193,1.0
0.04000206063416016,1.0
0.04000309103085879,1.0
0.04000412148064192,1.0
0.040005151983513655,1.0
0.04000618253947809,1.0
0.04000721314853934,1.0
0.0400082438107015,1.0
0.040009274525968676,1.0
0.04001030529434497,1.0
0.04001133611583449,1.0
0.04001236699044135,1.0
0.04001339791816964,1.0
0.04001442889902347,1.0
0.04001545993300696,1.0
0.040016491020124195,1.0
0.0400175221603793,1.0
0.04001855335377638,1.0
0.04001958460031954,1.0
0.040020615900012886,1.0
0.04002164725286053,1.0
0.040023710118035155,1.0
0.04002474163037035,1.0
0.04002577319587629,1.0
0.040026804814557074,1.0
0.04002783648641683,1.0
0.04002886821145965,1.0
0.04003196370572769,1.0
0.040032995643543935,1.0
0.040034027634563825,1.0
0.04003505967879147,1.0
0.040036091776230985,1.0
0.040037123926886485,1.0
0.040038156130762094,1.0
0.04003918838786191,1.0
0.04004022069819007,1.0
0.04004125306175068,1.0
0.04004228547854786,1.0
0.04004331794858572,1.0
0.04004435047186839,1.0
0.04004744836122644,1.0
0.04004848109752953,1.0
0.04005054672993604,1.0
0.04005157962604771,1.0
0.04005261257543715,1.0
0.04005364557810848,1.0
0.04005674490585504,1.0
0.040058811390837806,1.0
0.040062945000515944,1.0
0.040063978536233,1.0
0.040065012125277334,1.0
0.040066045767653054,1.0
0.04006707946336429,1.0
0.04006811321241518,1.0
0.04006914701480985,1.0
0.04007018087055242,1.0
0.04007121477964702,1.0
0.04007224874209779,1.0
0.04007431682708436,1.0
0.040075350949628406,1.0
0.04007638512554515,1.0
0.04007741935483871,1.0
0.040080522363021655,1.0
0.04008155680586383,1.0
0.040082591302103496,1.0
0.040083625851744784,1.0
0.04008569511124877,1.0
0.04008776458440888,1.0
0.04008879940112032,1.0
0.040089834271258194,1.0
0.04009086919482665,1.0
0.040091904171829826,1.0
0.040095009423489016,1.0
0.040096044614272436,1.0
0.04009811515620966,1.0
0.040099150507371735,1.0
0.040101221370103544,1.0
0.04010225688168156,1.0
0.04010432806528251,1.0
0.04010536373731374,1.0
0.040106399462837665,1.0
0.040107435241858426,1.0
0.04010847107438017,1.0
0.040109506960407035,1.0
0.04011054289994318,1.0
0.040111578892992744,1.0
0.04011261493955987,1.0
0.04011468719326342,1.0
0.04011572340040813,1.0
0.040116759661087,1.0
0.040117795975304175,1.0
0.04011883234306381,1.0
0.04011986876437004,1.0
0.04012090523922703,1.0
0.040121941767638926,1.0
0.04012297834960988,1.0
0.04012816206299579,1.0
0.04013023592340887,1.0
0.04013127293400176,1.0
0.04013645879099579,1.0
0.04013749612322961,1.0
0.0401385335090848,1.0
0.040139570948565524,1.0
0.040140608441675926,1.0
0.04014372124282686,1.0
0.04014475895049761,1.0
0.04014579671181884,1.0
0.04014683452679472,1.0
0.0401478723954294,1.0
0.04014891031772705,1.0
0.04014994829369183,1.0
0.040150986323327906,1.0
0.04015202440663943,1.0
0.04015306254363058,1.0
0.04015513897866839,1.0
0.04015617727672338,1.0
0.04015721562847464,1.0
0.04015825403392635,1.0
0.04015929249308267,1.0
0.040160331005947764,1.0
0.04016136957252579,1.0
0.040162408192820936,1.0
0.04016344686683736,1.0
0.04016448559457922,1.0
0.040168641042884486,1.0
0.04017071908949819,1.0
0.04018631129512227,1.0
0.04018735120587931,1.0
0.04019983433423069,1.0
0.04020087494499237,1.0
0.040201915609629824,1.0
0.040203997100548824,1.0
0.04020503792683874,1.0
0.04020607880702118,1.0
0.040207119741100326,1.0
0.040209201770965486,1.0
0.04021024286675988,1.0
0.04021128401646772,1.0
0.040212325220093215,1.0
0.04021336647764054,1.0
0.040214407789113886,1.0
0.04021544915451744,1.0
0.040216490573855394,1.0
0.040217532047131944,1.0
0.04021857357435127,1.0
0.04021961515551757,1.0
0.04022065679063504,1.0
0.04022169847970786,1.0
0.04022274022274022,1.0
0.04022378201973633,1.0
0.04022586577563654,1.0
0.04022690773454903,1.0
0.04022794974744204,1.0
0.04022899181431976,1.0
0.040230033935186385,1.0
0.04023211833890314,1.0
0.04023524534949997,1.0
0.04023628779438816,1.0
0.04023733029329464,1.0
0.040238372846223606,1.0
0.04023941545317925,1.0
0.04024045811416578,1.0
0.0402415008291874,1.0
0.0402425435982483,1.0
0.04024358642135268,1.0
0.04024462929850475,1.0
0.04024567222970872,1.0
0.040246715214968774,1.0
0.04024775825428912,1.0
0.04024880134767397,1.0
0.040249844495127515,1.0
0.04025193095225753,1.0
0.04025297426194241,1.0
0.040254017625712804,1.0
0.04025506104357293,1.0
0.04025610451552698,1.0
0.04025714804157918,1.0
0.04025819162173372,1.0
0.04025923525599481,1.0
0.04026027894436667,1.0
0.0402623664834595,1.0
0.0402634103341889,1.0
0.04026445423904589,1.0
0.04026549819803469,1.0
0.04026654221115951,1.0
0.04026758627842456,1.0
0.04026863039983405,1.0
0.0402696745753922,1.0
0.0402707188051032,1.0
0.04027176308897129,1.0
0.04027280742700067,1.0
0.04027385181919556,1.0
0.04027489626556017,1.0
0.04027594076609871,1.0
0.040276985320815396,1.0
0.04027802992971445,1.0
0.040279074592800085,1.0
0.040280119310076516,1.0
0.04028116408154796,1.0
0.04028220890721863,1.0
0.04028325378709276,1.0
0.04028429872117455,1.0
0.04028534370946822,1.0
0.040286388751978,1.0
0.0402874338487081,1.0
0.04028847899966275,1.0
0.04028952420484616,1.0
0.04029056946426255,1.0
0.040291614777916145,1.0
0.04029266014581117,1.0
0.040293705567951844,1.0
0.040295796574987025,1.0
0.04029684215988998,1.0
0.04029788779905548,1.0
0.04029893349248774,1.0
0.04029997924019099,1.0
0.04030207089842736,1.0
0.04030311680896893,1.0
0.0403041627737984,1.0
0.04030520879291999,1.0
0.04030625486633792,1.0
0.040307300994056425,1.0
0.040308347176079735,1.0
0.040309393412412076,1.0
0.04031043970305768,1.0
0.040316718587746624,1.0
0.040317765258703495,1.0
0.040318811984007476,1.0
0.0403198587636628,1.0
0.0403219524860444,1.0
0.04032299942877914,1.0
0.04032404642588217,1.0
0.04032509347735771,1.0
0.04032614058320999,1.0
0.04032718774344326,1.0
0.04032823495806175,1.0
0.04033032955047134,1.0
0.040332424360472664,1.0
0.040333471847080825,1.0
0.04033451938809963,1.0
0.04033556698353332,1.0
0.04034185369908562,1.0
0.040342901675542275,1.0
0.04035128744770962,1.0
0.04035233591435847,1.0
0.04035338443549435,1.0
0.0403544330111215,1.0
0.04035548164124419,1.0
0.04035653032586664,1.0
0.04035757906499311,1.0
0.04035862785862786,1.0
0.04035967670677512,1.0
0.04036072560943916,1.0
0.040361774566624216,1.0
0.040362823578334546,1.0
0.040363872644574396,1.0
0.040364921765348026,1.0
0.04036597094065968,1.0
0.04036702017051362,1.0
0.04036806945491409,1.0
0.04036911879386535,1.0
0.040371217635437245,1.0
0.040372267138066395,1.0
0.040373316695263346,1.0
0.0403754159733777,1.0
0.040376465694303615,1.0
0.040377515469814364,1.0
0.040378565299914196,1.0
0.040379615184607386,1.0
0.04038066512389818,1.0
0.04038171511779084,1.0
0.04038276516628962,1.0
0.04038381526939879,1.0
0.040384865427122614,1.0
0.040386965906431226,1.0
0.04038801622802455,1.0
0.04038906660424956,1.0
0.040390117035110536,1.0
0.04039116752061172,1.0
0.040393268655551796,1.0
0.04039431930499922,1.0
0.04039537000910391,1.0
0.04039642076787015,1.0
0.040397471581302184,1.0
0.0403985224494043,1.0
0.040399573372180746,1.0
0.040400624349635796,1.0
0.04040167538177372,1.0
0.040402726468598785,1.0
0.04040377761011525,1.0
0.040404828806327404,1.0
0.040405880057239496,1.0
0.04040693136285581,1.0
0.0404079827231806,1.0
0.04040903413821815,1.0
0.04041008560797273,1.0
0.04041113713244861,1.0
0.040414292034246756,1.0
0.04041534377765055,1.0
0.040417447428690405,1.0
0.040418499336335005,1.0
0.0404195512987351,1.0
0.040420603315894955,1.0
0.04042165538781885,1.0
0.04042375969597584,1.0
0.04042481193221751,1.0
0.040425864223240314,1.0
0.04042796896964648,1.0
0.040429021425038396,1.0
0.04043112650022129,1.0
0.040432179120020825,1.0
0.040433231794631465,1.0
0.040434284524057486,1.0
0.040436390147372804,1.0
0.040438495990001044,1.0
0.04044165516523007,1.0
0.040442708333333334,1.0
0.04044481483410594,1.0
0.04044586816678386,1.0
0.04044692155432857,1.0
0.040447974996744365,1.0
0.040449028494035526,1.0
0.04045008204620634,1.0
0.04045851243975511,1.0
0.040459566486035846,1.0
0.040461674743369286,1.0
0.04046272895443058,1.0
0.040463783220427305,1.0
0.04046589191724426,1.0
0.04046694634807307,1.0
0.04046800083385449,1.0
0.04046905537459283,1.0
0.040470109970292385,1.0
0.04047116462095744,1.0
0.040472219326592306,1.0
0.04047327408720127,1.0
0.04047432890278864,1.0
0.0404753837733587,1.0
0.04047749367946412,1.0
0.04047854871500808,1.0
0.0404827694072259,1.0
0.04048382471781236,1.0
0.04048488008342023,1.0
0.0404869909797174,1.0
0.04048804651041531,1.0
0.04048910209615184,1.0
0.0404901577369313,1.0
0.040491213432757994,1.0
0.04049226918363622,1.0
0.0404933249895703,1.0
0.040494380850564525,1.0
0.040495436766623205,1.0
0.04049649273775066,1.0
0.04049754876395118,1.0
0.040498604845229096,1.0
0.04049966098158869,1.0
0.040500717173034294,1.0
0.04050177341957021,1.0
0.04050282972120074,1.0
0.04050388607793021,1.0
0.04050494248976292,1.0
0.04050599895670318,1.0
0.04050705547875531,1.0
0.040508112055923626,1.0
0.04050916868821243,1.0
0.04051233891584494,1.0
0.04051445267661484,1.0
0.0405155096397172,1.0
0.04051656665797026,1.0
0.04051762373137833,1.0
0.040518680859945734,1.0
0.040519738043676784,1.0
0.04052713987473904,1.0
0.040528197499934755,1.0
0.040529255180333006,1.0
0.040530312915938095,1.0
0.04053137070675436,1.0
0.04053348645403769,1.0
0.04053877678874416,1.0
0.04053983502140545,1.0
0.04054089330931684,1.0
0.040545127013549856,1.0
0.04054618557777662,1.0
0.040547244197279446,1.0
0.0405493616021306,1.0
0.040550420387487594,1.0
0.040551479228137975,1.0
0.040553597075336206,1.0
0.04055465608189272,1.0
0.040555715143759954,1.0
0.04055677426094223,1.0
0.04055783343344389,1.0
0.04055995194442268,1.0
0.04056101128290848,1.0
0.040562070676731,1.0
0.04056313012589458,1.0
0.04056418963040355,1.0
0.04056524919026225,1.0
0.040576908003030855,1.0
0.04057796822742475,1.0
0.04057902850722479,1.0
0.04058008884243533,1.0
0.0405811492330607,1.0
0.04058327018057334,1.0
0.040584330737469296,1.0
0.04058539134979747,1.0
0.0405864520175622,1.0
0.04058751274076784,1.0
0.04058857351941875,1.0
0.04058963435351925,1.0
0.0405906952430737,1.0
0.04059175618808646,1.0
0.04059281718856187,1.0
0.04059387824450427,1.0
0.04059493935591803,1.0
0.04059600052280748,1.0
0.04059706174517697,1.0
0.0406023686893775,1.0
0.04060343024471868,1.0
0.04060449185557037,1.0
0.040605553521936934,1.0
0.040606615243822725,1.0
0.04060767702123209,1.0
0.04060873885416939,1.0
0.04061298674128508,1.0
0.0406140488519274,1.0
0.0406151110181238,1.0
0.04061617323987865,1.0
0.040621485182182,1.0
0.04062254773737902,1.0
0.04062361034816501,1.0
0.04062467301454431,1.0
0.040625735736521305,1.0
0.04062679851410035,1.0
0.040627861347285806,1.0
0.04062892423608204,1.0
0.04063211323617907,1.0
0.04063636601512416,1.0
0.040637429348963784,1.0
0.04063955618359764,1.0
0.040640619684400595,1.0
0.04064274685300044,1.0
0.04064700185829822,1.0
0.04064806574883526,1.0
0.040649129695066094,1.0
0.04065019369699508,1.0
0.0406512577546266,1.0
0.04065232186796503,1.0
0.04065338603701474,1.0
0.040654450261780106,1.0
0.04065551454226551,1.0
0.04065657887847531,1.0
0.04065764327041391,1.0
0.04065870771808566,1.0
0.04066083678064617,1.0
0.04066190139554369,1.0
0.04066296606619187,1.0
0.04066403079259511,1.0
0.04066509557475779,1.0
0.040667225306378965,1.0
0.04066935526109045,1.0
0.0406714854389273,1.0
0.04067255061152869,1.0
0.04067361583992457,1.0
0.04067468112411932,1.0
0.04067574646411734,1.0
0.040676811859922994,1.0
0.040677877311540676,1.0
0.04067894281897477,1.0
0.040680008382229675,1.0
0.040681074001309755,1.0
0.04068320540696304,1.0
0.040685337035969715,1.0
0.04068746888836491,1.0
0.04068853489834416,1.0
0.040695998532533216,1.0
0.04069706498951782,1.0
0.040698131502397865,1.0
0.040699198071177736,1.0
0.04070026469586183,1.0
0.040701331376454555,1.0
0.040702398112960295,1.0
0.040703464905383444,1.0
0.04070453175372841,1.0
0.04070559865799958,1.0
0.04070666561820136,1.0
0.04070773263433814,1.0
0.04070879970641432,1.0
0.04070986683443431,1.0
0.0407109340184025,1.0
0.04072160893620368,1.0
0.040722676735892596,1.0
0.040728016574440744,1.0
0.040733357813565546,1.0
0.04073656322954647,1.0
0.04073763181365091,1.0
0.040738700453818104,1.0
0.040739769150052466,1.0
0.040740837902358405,1.0
0.040742975575202664,1.0
0.040744044495749816,1.0
0.0407451134723862,1.0
0.04074938993991236,1.0
0.04075045919706114,1.0
0.040751528510325645,1.0
0.0407525978797103,1.0
0.04075366730521952,1.0
0.04075473678685771,1.0
0.040755806324629315,1.0
0.040760085037138134,1.0
0.04076329466113707,1.0
0.04076436464813502,1.0
0.040765434691306175,1.0
0.04076650479065494,1.0
0.04076757494618575,1.0
0.0407697154258112,1.0
0.040770785749914676,1.0
0.040777208874885125,1.0
0.04077827959247978,1.0
0.04077935036630517,1.0
0.04078042119636574,1.0
0.0407814920826659,1.0
0.040782563025210085,1.0
0.04078363402400273,1.0
0.04078577619035113,1.0
0.04078898986184798,1.0
0.04079006119822446,1.0
0.040791132590880436,1.0
0.04079220403982033,1.0
0.04079327554504859,1.0
0.04079434710656965,1.0
0.04079649039850789,1.0
0.040797562128933956,1.0
0.04080077765809316,1.0
0.04080184961378803,1.0
0.0408029216258112,1.0
0.04080506581886019,1.0
0.040806137999894895,1.0
0.04080721023727567,1.0
0.040808282531006934,1.0
0.040809354881093156,1.0
0.04081042728753876,1.0
0.0408114997503482,1.0
0.040812572269525914,1.0
0.040813644845076345,1.0
0.040814717477003944,1.0
0.04081579016531315,1.0
0.04082330056253614,1.0
0.040824373702058304,1.0
0.040825446898002105,1.0
0.040826520150371984,1.0
0.040827593459172404,1.0
0.04082866682440781,1.0
0.04082974024608266,1.0
0.040830813724201394,1.0
0.04083188725876847,1.0
0.04083296084978834,1.0
0.04083510820120428,1.0
0.04083618196160926,1.0
0.04083832965183549,1.0
0.040839403581665656,1.0
0.04084155161078238,1.0
0.040842625710077844,1.0
0.04084369986587066,1.0
0.04084477407816527,1.0
0.04084584834696615,1.0
0.04084799705410452,1.0
0.04084907149245094,1.0
0.04085122053872054,1.0
0.04085229514665264,1.0
0.04085336981112222,1.0
0.040854444532133743,1.0
0.04085766903446462,1.0
0.040858743981688546,1.0
0.04085981898547674,1.0
0.040860894045833665,1.0
0.04086196916276377,1.0
0.040863044336271546,1.0
0.040864119566361434,1.0
0.04086519485303792,1.0
0.040866270196305454,1.0
0.040867345596168524,1.0
0.04086842105263158,1.0
0.0408694965656991,1.0
0.040870572135375545,1.0
0.040871647761665394,1.0
0.040872723444573114,1.0
0.04087379918410317,1.0
0.04087487498026004,1.0
0.040875950833048194,1.0
0.0408770267424721,1.0
0.04087810270853623,1.0
0.04088025481060307,1.0
0.04088133094661472,1.0
0.04088240713928449,1.0
0.04088348338861686,1.0
0.04088563605728728,1.0
0.040886712476634286,1.0
0.040887788952661784,1.0
0.040888865485374265,1.0
0.0408899420747762,1.0
0.04089101872087206,1.0
0.040892095423666334,1.0
0.0408931721831635,1.0
0.04089424899936802,1.0
0.0408953258722844,1.0
0.04090825277243632,1.0
0.04090933038301459,1.0
0.04091040805036748,1.0
0.040911485774499476,1.0
0.04091256355541505,1.0
0.04091364139311871,1.0
0.04091579723890821,1.0
0.04091687524700303,1.0
0.040917953311903885,1.0
0.04091903143361526,1.0
0.04092118784748755,1.0
0.040922266139657444,1.0
0.040923344488655825,1.0
0.04092765845302412,1.0
0.04092873708623234,1.0
0.04092981577629602,1.0
0.04093197332700772,1.0
0.04095140152414102,1.0
0.040963283393120914,1.0
0.04096436390493524,1.0
0.04096544447375363,1.0
0.04096652509958058,1.0
0.0409676057824206,1.0
0.040979497057814604,1.0
0.0409805784251636,1.0
0.04098165984958438,1.0
0.040982741331081436,1.0
0.040983822869659306,1.0
0.04101304600433106,1.0
0.04101412914300805,1.0
0.04101521233889711,1.0
0.04101629559200275,1.0
0.041018462269881935,1.0
0.04101954569466455,1.0
0.041022796312438915,1.0
0.04102387996618766,1.0
0.041024963677189275,1.0
0.0410260474454483,1.0
0.041028215153756736,1.0
0.041029299093815225,1.0
0.04103038309114927,1.0
0.04103146714576343,1.0
0.041032551257662225,1.0
0.041033635426850214,1.0
0.04103471965333193,1.0
0.041035803937111905,1.0
0.0410368882781947,1.0
0.041037972676584836,1.0
0.04104122621564482,1.0
0.04104231084330981,1.0
0.041043395528304875,1.0
0.041044480270634565,1.0
0.041045565070303415,1.0
0.04104664992731598,1.0
0.041048819813390425,1.0
0.04104990484246141,1.0
0.04105207507269363,1.0
0.041054245532409855,1.0
0.04105533084833585,1.0
0.04108574300907431,1.0
0.04108682999100482,1.0
0.04108791703045215,1.0
0.04108900412742089,1.0
0.0410900912819156,1.0
0.04109117849394084,1.0
0.041092265763501175,1.0
0.041093353090601185,1.0
0.04109444047524543,1.0
0.04109552791743848,1.0
0.041096615417184894,1.0
0.04109770297448925,1.0
0.04109987826179008,1.0
0.04110205377937751,1.0
0.04110314162454014,1.0
0.04110531748762605,1.0
0.041106405505558496,1.0
0.041107493581090025,1.0
0.04110858171422521,1.0
0.041115111722969395,1.0
0.041116200259458315,1.0
0.04111837750536154,1.0
0.041119466214785,1.0
0.04112055498186247,1.0
0.04112164380659853,1.0
0.041123821629064715,1.0
0.04112491062680401,1.0
0.04112708879531792,1.0
0.041128177966101694,1.0
0.04112926719457613,1.0
0.041130356480745804,1.0
0.0411314458246153,1.0
0.04113253522618922,1.0
0.041134714202468614,1.0
0.04113580377718327,1.0
0.041136893409620685,1.0
0.04113798309978543,1.0
0.04113907284768212,1.0
0.04115978903289073,1.0
0.04116087993639014,1.0
0.041161970897717934,1.0
0.041164152993877066,1.0
0.041165244128717596,1.0
0.0411663353214049,1.0
0.04116742657194359,1.0
0.041168517880338255,1.0
0.04117179215270413,1.0
0.04117288369256873,1.0
0.04117397529031232,1.0
0.04117725043086305,1.0
0.041178342260168636,1.0
0.04117943414737624,1.0
0.041180526092490455,1.0
0.04118271015645717,1.0
0.04118380227531889,1.0
0.04118489445210565,1.0
0.04118598668682207,1.0
0.04118817133006233,1.0
0.041189263738595376,1.0
0.041190356205076516,1.0
0.04119144872951037,1.0
0.04119254131190154,1.0
0.041193633952254644,1.0
0.04119691222113166,1.0
0.041198005093378606,1.0
0.04119909802361056,1.0
0.04120019101183212,1.0
0.04120128405804791,1.0
0.04120237716226255,1.0
0.04120347032448064,1.0
0.041205656822945684,1.0
0.04120675015920187,1.0
0.04122644013804088,1.0
0.04122753457750405,1.0
0.04122862907507699,1.0
0.04122972363076433,1.0
0.0412308182445707,1.0
0.04123191291650073,1.0
0.04123300764655905,1.0
0.041234102434750286,1.0
0.04123519728107907,1.0
0.04123848216893704,1.0
0.04123957724786234,1.0
0.04124067238494835,1.0
0.0412417675801997,1.0
0.04124286283362103,1.0
0.041243958145216975,1.0
0.041245053514992164,1.0
0.041246148942951234,1.0
0.04124724442909883,1.0
0.041248339973439574,1.0
0.04124943557597811,1.0
0.04125053123671908,1.0
0.04125162695566712,1.0
0.04125272273282686,1.0
0.04125381856820295,1.0
0.04125601041362272,1.0
0.04125710642367568,1.0
0.04125820249196355,1.0
0.04125929861849097,1.0
0.04126039480326257,1.0
0.04126368370708896,1.0
0.04126478012488375,1.0
0.04126697313528021,1.0
0.041268069727891155,1.0
0.04126916637878345,1.0
0.04127026308796173,1.0
0.04127135985543065,1.0
0.041272456681194856,1.0
0.04127355356525899,1.0
0.04127465050762771,1.0
0.04127574750830565,1.0
0.04127684456729747,1.0
0.04127794168460782,1.0
0.04127903886024135,1.0
0.0412801360942027,1.0
0.041281233386496544,1.0
0.04128233073712752,1.0
0.04128342814610027,1.0
0.041284525613419464,1.0
0.04128562313908975,1.0
0.04128672072311578,1.0
0.04128781836550221,1.0
0.04128891606625369,1.0
0.04129330745300327,1.0
0.041294405445649864,1.0
0.041295503496689444,1.0
0.04129660160612668,1.0
0.041297699773966225,1.0
0.041299896284870886,1.0
0.04130429000771297,1.0
0.04130538858449918,1.0
0.04130648721972498,1.0
0.04130758591339504,1.0
0.04130978347608661,1.0
0.04131088234511744,1.0
0.041311981272611195,1.0
0.04131308025857253,1.0
0.04131417930300612,1.0
0.041315278405916624,1.0
0.041316377567308715,1.0
0.04131747678718706,1.0
0.04131857606555633,1.0
0.04131967540242118,1.0
0.04132077479778629,1.0
0.041321874251656336,1.0
0.04132297376403597,1.0
0.041324073334929885,1.0
0.04132517296434274,1.0
0.0413262726522792,1.0
0.04132737239874395,1.0
0.041328472203741654,1.0
0.041329572067276985,1.0
0.041330671989354625,1.0
0.04133177196997924,1.0
0.04133287200915551,1.0
0.041333972106888106,1.0
0.04134497630584101,1.0
0.04135048060281705,1.0
0.04135158163808712,1.0
0.04135268273199308,1.0
0.0413537838845396,1.0
0.0413570876940694,1.0
0.04135818908122503,1.0
0.041359290527044665,1.0
0.04136039203153297,1.0
0.04136149359469465,1.0
0.04136259521653438,1.0
0.041364798636266784,1.0
0.04136590043416882,1.0
0.041367002290767674,1.0
0.04136810420606803,1.0
0.041369206180074586,1.0
0.04137030821279203,1.0
0.04137141030422505,1.0
0.04137251245437835,1.0
0.041373614663256605,1.0
0.04137471693086452,1.0
0.0413758192572068,1.0
0.04137692164228812,1.0
0.041378024086113185,1.0
0.041379126588686685,1.0
0.041380229150013326,1.0
0.04138133177009779,1.0
0.04138243444894479,1.0
0.04138353718655901,1.0
0.041385742838107926,1.0
0.04138684575205202,1.0
0.041390154846619225,1.0
0.041391257995735606,1.0
0.041393464470387546,1.0
0.04139456779593251,1.0
0.041395671180296405,1.0
0.04139677462348394,1.0
0.04139787812549981,1.0
0.04139898168634873,1.0
0.04140229272194081,1.0
0.0414045003732537,1.0
0.04140560428719972,1.0
0.04141222900722647,1.0
0.04141333333333334,1.0
0.04141443771833916,1.0
0.04141554216224865,1.0
0.04141664666506654,1.0
0.04141775122679753,1.0
0.041418855847446326,1.0
0.04142106526551623,1.0
0.04142437983462256,1.0
0.04142548480887727,1.0
0.0414265898420828,1.0
0.04142769493424387,1.0
0.0414288000853652,1.0
0.04142990529545151,1.0
0.04143101056450752,1.0
0.04143211589253795,1.0
0.041433221279547516,1.0
0.04143432672554094,1.0
0.04143543223052294,1.0
0.04143874909944766,1.0
0.04143985484043121,1.0
0.04144096064042695,1.0
0.041442066499439614,1.0
0.04144317241747392,1.0
0.04144427839453459,1.0
0.04144538443062635,1.0
0.041446490525753936,1.0
0.041447596679922066,1.0
0.04144870289313547,1.0
0.041449809165398886,1.0
0.041450915496717027,1.0
0.04145202188709462,1.0
0.04145312833653641,1.0
0.041454234845047115,1.0
0.04145534141263146,1.0
0.0414564480392942,1.0
0.04145755472504004,1.0
0.04145866146987373,1.0
0.04145976827379999,1.0
0.04146087513682356,1.0
0.041461982058949166,1.0
0.041463089040181554,1.0
0.04146419608052544,1.0
0.041465303179985584,1.0
0.0414664103385667,1.0
0.04146751755627353,1.0
0.04146862483311081,1.0
0.041470839564195686,1.0
0.04147194701845275,1.0
0.041474162104419815,1.0
0.041475269736139304,1.0
0.04147859298629844,1.0
0.04147970085470085,1.0
0.041480808782285855,1.0
0.04148191676905818,1.0
0.04148302481502257,1.0
0.04148524108454655,1.0
0.041486349308115615,1.0
0.041487457590895734,1.0
0.041488565932891644,1.0
0.04148967433410809,1.0
0.041490782794549826,1.0
0.041491891314221596,1.0
0.04149299989312814,1.0
0.041494108531274214,1.0
0.041497434801197094,1.0
0.04149854367634877,1.0
0.04149965261076372,1.0
0.0415007616044467,1.0
0.041501870657402455,1.0
0.04150519817195392,1.0
0.04150630746204832,1.0
0.04150741681143926,1.0
0.0415085262201315,1.0
0.04150963568812979,1.0
0.04151185480206356,1.0
0.04151296444800855,1.0
0.041514074153278624,1.0
0.041517403625086886,1.0
0.041518513567704855,1.0
0.04151962356967169,1.0
0.041520733630992165,1.0
0.041522953931713055,1.0
0.041524064171123,1.0
0.04152517446990561,1.0
0.041529616258858135,1.0
0.0415307268545756,1.0
0.04153183750969433,1.0
0.04153294822421908,1.0
0.041534058998154634,1.0
0.04153516983150575,1.0
0.0415485044678688,1.0
0.041550727739726026,1.0
0.041551839464882945,1.0
0.041554063093677256,1.0
0.0415551749973242,1.0
0.041556286960477376,1.0
0.04155739898314156,1.0
0.041558511065321525,1.0
0.04155962320702205,1.0
0.04156184766900391,1.0
0.041562959989294795,1.0
0.04156518480850039,1.0
0.041568522483940044,1.0
0.041569635161540726,1.0
0.04157074789870978,1.0
0.04157297355177214,1.0
0.04157408646767501,1.0
0.04157965194109772,1.0
0.04158076521459744,1.0
0.0415818785477134,1.0
0.04158299194045037,1.0
0.04158410539281315,1.0
0.041585218904806535,1.0
0.041586332476435305,1.0
0.041587446107704255,1.0
0.041588559798618176,1.0
0.04158967354918187,1.0
0.041590787359400104,1.0
0.0415919012292777,1.0
0.041593015158819434,1.0
0.0415941291480301,1.0
0.04159524319691451,1.0
0.041596357305477435,1.0
0.04159969998928533,1.0
0.04160081433661032,1.0
0.04160192874363783,1.0
0.041603043210372635,1.0
0.04160638696886888,1.0
0.04160861643982424,1.0
0.04160973126490368,1.0
0.041610846149724025,1.0
0.04161196109429008,1.0
0.04161307609860664,1.0
0.041614191162678525,1.0
0.04161530628651053,1.0
0.04161642147010746,1.0
0.04161753671347411,1.0
0.041618652016615305,1.0
0.04161976737953583,1.0
0.04162088280224051,1.0
0.04162199828473413,1.0
0.041623113827021524,1.0
0.04162422942910748,1.0
0.04162534509099681,1.0
0.041626460812694326,1.0
0.04162869243553316,1.0
0.0416342725396102,1.0
0.04163538873994638,1.0
0.04163650500013405,1.0
0.04163762132017802,1.0
0.04163873770008312,1.0
0.04163985413985414,1.0
0.041640970639495914,1.0
0.041642087199013245,1.0
0.04164320381841096,1.0
0.04164432049769388,1.0
0.041647670894901984,1.0
0.04164878781377387,1.0
0.041649904792555044,1.0
0.041651021831250336,1.0
0.04165213892986456,1.0
0.041653256088402535,1.0
0.04165437330686908,1.0
0.04165549058526903,1.0
0.041656607923607196,1.0
0.04165772532188841,1.0
0.04165884278011749,1.0
0.04166107787643855,1.0
0.041663313212608986,1.0
0.041664430970649785,1.0
0.04166890260262946,1.0
0.041670020660602644,1.0
0.0416711387785768,1.0
0.04167337519454731,1.0
0.04167449349255333,1.0
0.04167561185057965,1.0
0.041676730268631085,1.0
0.041678967284828644,1.0
0.04168120454118468,1.0
0.041687917751590475,1.0
0.0416890368302373,1.0
0.041690155968967274,1.0
0.04169127516778524,1.0
0.04169239442669602,1.0
0.041694633124815424,1.0
0.041695752564033725,1.0
0.04169687206336421,1.0
0.04169799162281173,1.0
0.04169911124238112,1.0
0.041700230922077225,1.0
0.04170135066190489,1.0
0.04170247046186896,1.0
0.04170359032197427,1.0
0.04170807036390493,1.0
0.04170919052478917,1.0
0.04171031074584374,1.0
0.04171143102707348,1.0
0.04171255136848325,1.0
0.04171367177007789,1.0
0.04171703333601955,1.0
0.041718153978402193,1.0
0.041719274680993956,1.0
0.04172151626682428,1.0
0.04172263715007254,1.0
0.04172375809354934,1.0
0.041726000161207984,1.0
0.041727121285399536,1.0
0.041728242469839055,1.0
0.041729363714531384,1.0
0.04173048501948139,1.0
0.041731606384693934,1.0
0.04173272781017386,1.0
0.041733849295926044,1.0
0.041734970841955335,1.0
0.04173609244826659,1.0
0.04173721411486468,1.0
0.04173833584175446,1.0
0.04173945762894079,1.0
0.041740579476428535,1.0
0.04174170138422255,1.0
0.04174282335232771,1.0
0.04174394538074887,1.0
0.04174506746949089,1.0
0.04174731182795699,1.0
0.041749556427764935,1.0
0.04175067881818426,1.0
0.04175180126895365,1.0
0.041752923780077965,1.0
0.04175404635156208,1.0
0.041755168983410855,1.0
0.04175741442822188,1.0
0.04175853724119387,1.0
0.04175966011455,1.0
0.04176190604243418,1.0
0.04176302909697198,1.0
0.04176415221191341,1.0
0.04176527538726334,1.0
0.041766398623026654,1.0
0.04176752191920822,1.0
0.041768645275812914,1.0
0.04176976869284561,1.0
0.0417708921703112,1.0
0.04177201570821454,1.0
0.04177313930656051,1.0
0.04177426296535399,1.0
0.0417776343044683,1.0
0.041778758205100616,1.0
0.04177988216620484,1.0
0.04178100618778585,1.0
0.04178213026984853,1.0
0.04178325441239776,1.0
0.041784378615438426,1.0
0.04178550287897541,1.0
0.041786627203013585,1.0
0.041787751587557855,1.0
0.041790000538184165,1.0
0.04179224973089343,1.0
0.04179337441804139,1.0
0.041794499165724745,1.0
0.04179674884271719,1.0
0.041798998761909886,1.0
0.041800123812343555,1.0
0.041801248923341944,1.0
0.041802374094909965,1.0
0.04180349932705249,1.0
0.041804624619774425,1.0
0.04180574997308065,1.0
0.04180912639655404,1.0
0.041810251992246396,1.0
0.041811377648547504,1.0
0.04181362914299561,1.0
0.0418147549811524,1.0
0.04181588087993753,1.0
0.041817006839355915,1.0
0.041818132859412445,1.0
0.04181925894011202,1.0
0.04182038508145954,1.0
0.0418215112834599,1.0
0.04182263754611801,1.0
0.04182376386943876,1.0
0.041824890253427054,1.0
0.041826016698087796,1.0
0.04182714320342589,1.0
0.04182826976944624,1.0
0.04182939639615374,1.0
0.041830523083553305,1.0
0.04183164983164983,1.0
0.041832776640448224,1.0
0.0418339035099534,1.0
0.04183503044017025,1.0
0.041836157431103686,1.0
0.04183728448275862,1.0
0.0418395387682526,1.0
0.04184066600210146,1.0
0.04184179329669145,1.0
0.04184292065202748,1.0
0.04184517554495729,1.0
0.0418463030825609,1.0
0.041847430680930185,1.0
0.04184855834007006,1.0
0.041850813840681254,1.0
0.041853069584433786,1.0
0.04185419754750034,1.0
0.041855325571366966,1.0
0.04185645365603859,1.0
0.04185758180152013,1.0
0.04186322344124862,1.0
0.041864351951692906,1.0
0.04186548052298154,1.0
0.0418699954166779,1.0
0.041871124292262064,1.0
0.041872253228720104,1.0
0.041873382226056945,1.0
0.04187451128427751,1.0
0.04187676958338951,1.0
0.0418778988242908,1.0
0.041879028126095515,1.0
0.041880157488808585,1.0
0.04188128691243494,1.0
0.041882416396979504,1.0
0.041883545942447205,1.0
0.04188467554884298,1.0
0.04188580521617175,1.0
0.04188693494443845,1.0
0.04188806473364801,1.0
0.04188919458380536,1.0
0.041890324494915435,1.0
0.041892584500013486,1.0
0.04189371459401133,1.0
0.04189484474898163,1.0
0.04189597496492932,1.0
0.041897105241859335,1.0
0.041898235579776615,1.0
0.04189936597868609,1.0
0.041900496438592706,1.0
0.041902757541417084,1.0
0.04190388818434473,1.0
0.041905018888289264,1.0
0.04190614965325562,1.0
0.04190728047924874,1.0
0.041911804393587736,1.0
0.041912935524788815,1.0
0.04191406671704631,1.0
0.04191519797036517,1.0
0.04191632928475034,1.0
0.041917460660206754,1.0
0.041918592096739364,1.0
0.04191972359435312,1.0
0.04192085515305296,1.0
0.04192198677284384,1.0
0.0419231184537307,1.0
0.041933306331848254,1.0
0.04193443862396717,1.0
0.04193557097723652,1.0
0.041936703391661265,1.0
0.04193783586724636,1.0
0.04193896840399676,1.0
0.04194010100191742,1.0
0.04194123366101329,1.0
0.04194236638128933,1.0
0.0419434991627505,1.0
0.041945764909248055,1.0
0.04194803090054562,1.0
0.04195029713668287,1.0
0.041951430346578784,1.0
0.0419525636176995,1.0
0.041953696950049975,1.0
0.04195483034363518,1.0
0.04195709731452964,1.0
0.04195823089184881,1.0
0.04196049823025587,1.0
0.041961631991353686,1.0
0.041962765813720986,1.0
0.04196389969736273,1.0
0.04196957003486204,1.0
0.041970704286254795,1.0
0.041971838598956784,1.0
0.04197297297297297,1.0
0.041974107408308335,1.0
0.04197524190496783,1.0
0.041976376462956454,1.0
0.041978645762940935,1.0
0.041979780504946745,1.0
0.04198091530830157,1.0
0.041982050173010384,1.0
0.041983185099078155,1.0
0.04198432008650987,1.0
0.041991131300021634,1.0
0.04199453773559395,1.0
0.041995673336938884,1.0
0.04199680899970253,1.0
0.04199794472388988,1.0
0.04199908050950591,1.0
0.042000216356555604,1.0
0.04200135226504395,1.0
0.04200248823497593,1.0
0.04200362426635653,1.0
0.042008169006464875,1.0
0.04200930534516339,1.0
0.04201044174534044,1.0
0.042014987960933906,1.0
0.04201612466857854,1.0
0.042017261437731664,1.0
0.04201839826839827,1.0
0.04201953516058335,1.0
0.0420206721142919,1.0
0.04202180912952891,1.0
0.042022946206299386,1.0
0.042024083344608304,1.0
0.04202522054446068,1.0
0.04202749512881576,1.0
0.04202863251332846,1.0
0.042030907467049176,1.0
0.042055948222168064,1.0
0.04206050429271728,1.0
0.04206278269819344,1.0
0.04206392199349946,1.0
0.04206506135052412,1.0
0.04206620076927244,1.0
0.04206734024974944,1.0
0.04206847979196013,1.0
0.04206961939590952,1.0
0.042070759061602646,1.0
0.042073038578240136,1.0
0.04207417842919455,1.0
0.04207531834191276,1.0
0.04207645831639979,1.0
0.04207759835266067,1.0
0.042087861459660154,1.0
0.04209470631285068,1.0
0.0420958473381763,1.0
0.0420969884253612,1.0
0.042098129574410406,1.0
0.042103836247797205,1.0
0.042104977768137944,1.0
0.042107260994523076,1.0
0.04210840270057754,1.0
0.04210954446854664,1.0
0.042110686298435424,1.0
0.04211182819024893,1.0
0.04211297014399219,1.0
0.04212210800401421,1.0
0.04212439308867008,1.0
0.042132392837764515,1.0
0.04213353590710545,1.0
0.04213467903847198,1.0
0.04213582223186912,1.0
0.04213696548730193,1.0
0.04213810880477547,1.0
0.04214039562586492,1.0
0.04214153912949094,1.0
0.04214268269517788,1.0
0.0421438263229308,1.0
0.04214497001275475,1.0
0.0421461137646548,1.0
0.04214725757863598,1.0
0.04214840145470336,1.0
0.04214954539286199,1.0
0.042150689393116926,1.0
0.04215183345547322,1.0
0.04215297757993594,1.0
0.042154121766510136,1.0
0.04215526601520087,1.0
0.042156410326013194,1.0
0.04215755469895217,1.0
0.04216098819057961,1.0
0.0421621328120758,1.0
0.04216327749572394,1.0
0.042165567049496346,1.0
0.04216785685193733,1.0
0.0421690018464212,1.0
0.04217014690308741,1.0
0.04217129202194102,1.0
0.0421724372029871,1.0
0.04217358244623072,1.0
0.04217472775167694,1.0
0.042183892435148716,1.0
0.042185038300646495,1.0
0.04218618422839758,1.0
0.042187330218407045,1.0
0.042189622385221406,1.0
0.04219420746617399,1.0
0.04219650038039344,1.0
0.04219764693095671,1.0
0.04219879354382914,1.0
0.04219994021901579,1.0
0.04220108695652174,1.0
0.04220223375635208,1.0
0.04220338061851187,1.0
0.04220452754300622,1.0
0.0422056745298402,1.0
0.04220682157901889,1.0
0.042207968690547375,1.0
0.042209115864430734,1.0
0.04221026310067406,1.0
0.04221255776026094,1.0
0.04221370518361467,1.0
0.0422148526693487,1.0
0.042242411054292245,1.0
0.042247007616974974,1.0
0.04225045569551378,1.0
0.04225160518010665,1.0
0.042252754727247994,1.0
0.04225390433694292,1.0
0.042255054009196526,1.0
0.04225620374401393,1.0
0.042257353541400235,1.0
0.042258503401360545,1.0
0.04225965332389997,1.0
0.04226080330902362,1.0
0.042261953356736603,1.0
0.04226310346704403,1.0
0.04226425363995101,1.0
0.04226540387546266,1.0
0.04226655417358408,1.0
0.04226885495767671,1.0
0.04227115599226979,1.0
0.04227345727740425,1.0
0.04227460801393728,1.0
0.042275758813121005,1.0
0.042276909674960526,1.0
0.04228957329194238,1.0
0.04229072490605087,1.0
0.04229187658288173,1.0
0.042293028322440085,1.0
0.042294180124731066,1.0
0.04229533198975979,1.0
0.04229763590805099,1.0
0.04229878796132371,1.0
0.042301092256149045,1.0
0.0423183824731593,1.0
0.042328763389571804,1.0
0.04232991713911906,1.0
0.04233107095156322,1.0
0.042332224826909445,1.0
0.042333378765162875,1.0
0.04233453276632865,1.0
0.04233568683041191,1.0
0.04233799514735149,1.0
0.04234376704111681,1.0
0.04234607623929759,1.0
0.042347230932838875,1.0
0.042349540508848954,1.0
0.04235069539132806,1.0
0.04235185033679675,1.0
0.042353005345260174,1.0
0.042354160416723484,1.0
0.04235531555119184,1.0
0.0423564707486704,1.0
0.04235878133267872,1.0
0.04235993671921881,1.0
0.04236109216878972,1.0
0.04236224768139662,1.0
0.04236340325704466,1.0
0.042364558895738993,1.0
0.04236571459748479,1.0
0.0423703380350858,1.0
0.04237149405216632,1.0
0.04237265013232927,1.0
0.04237380627557981,1.0
0.04238074446021177,1.0
0.0423819010452201,1.0
0.04238305769335735,1.0
0.0423853711790393,1.0
0.04238768491729898,1.0
0.04238884188115839,1.0
0.042389998908177746,1.0
0.04239115599836222,1.0
0.04239231315171699,1.0
0.042393470368247206,1.0
0.042394627647958066,1.0
0.04239578499085474,1.0
0.042396942396942396,1.0
0.04239809986622622,1.0
0.042399257398711365,1.0
0.042401572653306394,1.0
0.04240273037542662,1.0
0.0424062039211403,1.0
0.04240736189617979,1.0
0.04240851993446204,1.0
0.04240967803599224,1.0
0.04241083620077558,1.0
0.04241199442881722,1.0
0.04241315272012235,1.0
0.042415469492543836,1.0
0.04241662797367055,1.0
0.0424177865180815,1.0
0.04241894512578187,1.0
0.04242010379677684,1.0
0.04242242132867133,1.0
0.04242358018958123,1.0
0.04242473911380648,1.0
0.0424270571522238,1.0
0.04242821626642625,1.0
0.04242937544396481,1.0
0.04243053468484467,1.0
0.04243169398907104,1.0
0.04243285335664909,1.0
0.04243401278758402,1.0
0.042435172281881026,1.0
0.0424363318395453,1.0
0.042437491460582046,1.0
0.042438651144996446,1.0
0.04244213057855757,1.0
0.04244445051791522,1.0
0.04244909115757824,1.0
0.042450251476055106,1.0
0.04245141185796682,1.0
0.04245257230331857,1.0
0.04245373281211558,1.0
0.04245605402006616,1.0
0.04245721471923014,1.0
0.04245837548186018,1.0
0.0424595363079615,1.0
0.0424606971975393,1.0
0.042465341390719426,1.0
0.04246650259775772,1.0
0.04246766386830376,1.0
0.04246882520236272,1.0
0.04247230958566935,1.0
0.042473471173832184,1.0
0.04247463282553401,1.0
0.04247579454078004,1.0
0.0424769563195755,1.0
0.0424781181619256,1.0
0.04248160407035588,1.0
0.042482766166976695,1.0
0.042483928327178226,1.0
0.04248509055096569,1.0
0.04248625283834432,1.0
0.042487415189319325,1.0
0.042488577603895926,1.0
0.04249322789832271,1.0
0.042494390630985604,1.0
0.04249555342728143,1.0
0.042496716287215415,1.0
0.04249787921079277,1.0
0.04250136836343733,1.0
0.04250253154164044,1.0
0.042503694783513055,1.0
0.042504858089060404,1.0
0.04250718489120022,1.0
0.042508348387803145,1.0
0.042509511948101715,1.0
0.04251067557210117,1.0
0.04251183925980674,1.0
0.042513003011223655,1.0
0.04251416682635714,1.0
0.04251533070521244,1.0
0.042516494647794785,1.0
0.0425176586541094,1.0
0.04251998685795641,1.0
0.04252115105549927,1.0
0.042523479641849896,1.0
0.04252464403066813,1.0
0.042525808483255295,1.0
0.04252697299961663,1.0
0.042528137579757375,1.0
0.04252930222368277,1.0
0.04253046693139806,1.0
0.042531631702908475,1.0
0.042532796538219265,1.0
0.04253396143733567,1.0
0.04254911093454615,1.0
0.04255027672749192,1.0
0.042551442584322,1.0
0.042552608505041646,1.0
0.04255377448965612,1.0
0.04255494053817066,1.0
0.04255727282692097,1.0
0.04255843906716725,1.0
0.04255960537133461,1.0
0.04256077173942832,1.0
0.04256193817145363,1.0
0.042563104667415794,1.0
0.042564271227320066,1.0
0.04257360600910138,1.0
0.04257477314472133,1.0
0.042575940344336004,1.0
0.04257710760795065,1.0
0.042578274935570544,1.0
0.04258060978284712,1.0
0.04258177730251433,1.0
0.04258294488620784,1.0
0.042585280245694856,1.0
0.04258644802149889,1.0
0.0425876158613503,1.0
0.04259579253407938,1.0
0.04259696088649954,1.0
0.04259812930301451,1.0
0.04259929778362958,1.0
0.04260046632835002,1.0
0.0426016349371811,1.0
0.04260280361012811,1.0
0.04260397234719631,1.0
0.04260514114839099,1.0
0.042606310013717424,1.0
0.042608647936786655,1.0
0.0426156632457055,1.0
0.04261800219538968,1.0
0.0426191717665139,1.0
0.04262268086507849,1.0
0.042623850693014956,1.0
0.0426250205851677,1.0
0.04262619054154201,1.0
0.04264608963093146,1.0
0.04264726074419882,1.0
0.04264843192178832,1.0
0.042651945840542695,1.0
0.04266014723656741,1.0
0.04266131912205038,1.0
0.04266249107191913,1.0
0.04266366308617895,1.0
0.042664835164835165,1.0
0.04266600730789307,1.0
0.042667179515357985,1.0
0.04266952412353006,1.0
0.04267186898939385,1.0
0.04267304151897343,1.0
0.04267421411299187,1.0
0.042676559494366585,1.0
0.042677732281733494,1.0
0.04267890513356051,1.0
0.04268007804985297,1.0
0.04268125103061617,1.0
0.04268242407585544,1.0
0.04268359718557608,1.0
0.042684770359783415,1.0
0.04268594359848277,1.0
0.04268711690167945,1.0
0.04268829026937878,1.0
0.04268946370158608,1.0
0.042690637198306666,1.0
0.04269181075954587,1.0
0.042692984385308996,1.0
0.042694158075601375,1.0
0.042695331830428326,1.0
0.04269650564979518,1.0
0.04269767953370725,1.0
0.04269885348216986,1.0
0.04270002749518834,1.0
0.042701201572768015,1.0
0.04270237571491421,1.0
0.04270354992163225,1.0
0.04270472419292746,1.0
0.04270707292927071,1.0
0.0427082473943294,1.0
0.04270942192398658,1.0
0.04271059651824757,1.0
0.04271177117711771,1.0
0.04271529554143631,1.0
0.04271647045879635,1.0
0.042717645440792186,1.0
0.04272117077464789,1.0
0.042723521320495186,1.0
0.042724696690417896,1.0
0.042725872125013754,1.0
0.04272704762428811,1.0
0.042734101978481605,1.0
0.04273527793065492,1.0
0.04273645394754946,1.0
0.04273763002917057,1.0
0.04273880617552357,1.0
0.04273998238661383,1.0
0.042743511408361544,1.0
0.04274468787845426,1.0
0.04274586441331095,1.0
0.04274821767733766,1.0
0.04275174805924131,1.0
0.04275292498279422,1.0
0.04275410197114855,1.0
0.04275645614228291,1.0
0.04275763332507365,1.0
0.042759987885129,1.0
0.04276234270451854,1.0
0.04276352021147704,1.0
0.04276469778328514,1.0
0.04276823088786076,1.0
0.042769408719120924,1.0
0.042770586615257504,1.0
0.04277176457627586,1.0
0.042776477069274205,1.0
0.04277765535478184,1.0
0.042778833705203426,1.0
0.042780012120544324,1.0
0.04278119060080989,1.0
0.042783547756136533,1.0
0.04278472643120833,1.0
0.042787083976195725,1.0
0.042788262846122055,1.0
0.042789441781010636,1.0
0.04279062078086683,1.0
0.04279179984569602,1.0
0.04279297897550357,1.0
0.042794158170294846,1.0
0.04279533743007523,1.0
0.042796516754850085,1.0
0.042797696144624794,1.0
0.04279887559940473,1.0
0.04280005511919526,1.0
0.042802414353829615,1.0
0.0428035940686842,1.0
0.04280477384857088,1.0
0.04280595369349504,1.0
0.042807133603462055,1.0
0.042808313578477315,1.0
0.042809493618546184,1.0
0.042820116907466635,1.0
0.04282129759836766,1.0
0.042822478354381514,1.0
0.04282365917551358,1.0
0.042824840061769245,1.0
0.0428260210131539,1.0
0.04282838311133173,1.0
0.04282956425813569,1.0
0.042830745470090185,1.0
0.04283428949691086,1.0
0.042837834110280526,1.0
0.04283901577843981,1.0
0.042841379310344825,1.0
0.04284374310306775,1.0
0.04284492509724943,1.0
0.04284610715665177,1.0
0.042847289281280176,1.0
0.04284847147114005,1.0
0.042850836046575795,1.0
0.04285201843216247,1.0
0.04285320088300221,1.0
0.042854383399100415,1.0
0.0428555659804625,1.0
0.04285793133899989,1.0
0.04285911411618601,1.0
0.04286266283947891,1.0
0.04286384587783942,1.0
0.04286502898150704,1.0
0.04286621215048718,1.0
0.04286739538478525,1.0
0.04286857868440666,1.0
0.042869762049356816,1.0
0.04287804743366741,1.0
0.042879231321442376,1.0
0.0428804152745948,1.0
0.04288159929313011,1.0
0.04288278337705371,1.0
0.04288396752637102,1.0
0.04288633602120844,1.0
0.04288752036673939,1.0
0.04288870477768572,1.0
0.04288988925405286,1.0
0.04289225840307123,1.0
0.042893443075733305,1.0
0.04289462781383787,1.0
0.042895812617390346,1.0
0.04289699748639615,1.0
0.04289818242086073,1.0
0.04290055248618785,1.0
0.042901737617061245,1.0
0.04290292281341511,1.0
0.042904108075254854,1.0
0.04290529340258592,1.0
0.04290766425374371,1.0
0.0429088497775813,1.0
0.04291003536693192,1.0
0.042911221021801,1.0
0.04291240674219397,1.0
0.04291359252811628,1.0
0.04292782707244935,1.0
0.042929013710747456,1.0
0.04293138718416542,1.0
0.04293257401929616,1.0
0.04293376092004866,1.0
0.042934947886428355,1.0
0.0429361349184407,1.0
0.04293850917938509,1.0
0.04293969640832803,1.0
0.0429408837029254,1.0
0.04294207106318264,1.0
0.042945633537968035,1.0
0.04294919660388838,1.0
0.042951572309649584,1.0
0.04295276026109083,1.0
0.04295394827824644,1.0
0.042955136361121866,1.0
0.04295632450972257,1.0
0.042957512724053994,1.0
0.04295988934993084,1.0
0.04296107776148718,1.0
0.04296226623879606,1.0
0.04296345478186295,1.0
0.0429646433906933,1.0
0.04296583206529257,1.0
0.04296702080566622,1.0
0.04296820961181971,1.0
0.04296939848375851,1.0
0.04297058742148806,1.0
0.04297177642501383,1.0
0.04297296549434129,1.0
0.042974154629475896,1.0
0.04297534383042311,1.0
0.042977722429777224,1.0
0.04297891182819505,1.0
0.042980101292447344,1.0
0.042981290822539577,1.0
0.04298248041847721,1.0
0.042983670080265705,1.0
0.042984859807910544,1.0
0.042987239460791096,1.0
0.04298842938603776,1.0
0.04298961937716263,1.0
0.04299080943417119,1.0
0.0429919995570689,1.0
0.04299318974586125,1.0
0.042994380000553695,1.0
0.04299557032115171,1.0
0.042996760707660786,1.0
0.04299795116008638,1.0
0.04299914167843398,1.0
0.043006286173188225,1.0
0.04301224173267601,1.0
0.043013433042514884,1.0
0.043014624418347,1.0
0.043015815860177824,1.0
0.04301700736801285,1.0
0.043018198941857565,1.0
0.04301939058171745,1.0
0.043020582287597996,1.0
0.043021774059504685,1.0
0.04302415780141844,1.0
0.04302654180750263,1.0
0.04302773390962236,1.0
0.04302892607780118,1.0
0.043037273105168354,1.0
0.04303846580201751,1.0
0.04303965856497519,1.0
0.04304085139404689,1.0
0.0430420442892381,1.0
0.043043237250554325,1.0
0.043044430278001054,1.0
0.04304562337158379,1.0
0.043046816531308034,1.0
0.04304800975717929,1.0
0.04304920304920305,1.0
0.0430527833222444,1.0
0.04305397687893321,1.0
0.043056364190856414,1.0
0.043057557946101804,1.0
0.04305994565518771,1.0
0.043061139609039234,1.0
0.04306233362910382,1.0
0.04306352771538696,1.0
0.04306591608663099,1.0
0.043069499140274005,1.0
0.043071888173951633,1.0
0.04307786191783862,1.0
0.043079056865464635,1.0
0.04308144695960941,1.0
0.043082642106139206,1.0
0.0430838373189813,1.0
0.04308503259814121,1.0
0.04308622794362446,1.0
0.04308742335543656,1.0
0.043088618833583045,1.0
0.04308981437806942,1.0
0.04309100998890122,1.0
0.04309220566608397,1.0
0.04309340140962317,1.0
0.043094597219524376,1.0
0.043095793095793096,1.0
0.043096989038434855,1.0
0.04309818504745518,1.0
0.043099381122859604,1.0
0.04310057726465364,1.0
0.04310177347284283,1.0
0.0431029697474327,1.0
0.043104166088428764,1.0
0.04311014878969576,1.0
0.043111345529245206,1.0
0.043112542335239576,1.0
0.04311613315194758,1.0
0.043119724566859176,1.0
0.043120921838123,1.0
0.04312211917587605,1.0
0.04312690919189114,1.0
0.043128106862173346,1.0
0.043130502402310665,1.0
0.04313529428103214,1.0
0.04313649241708794,1.0
0.04313769061970501,1.0
0.043138888888888886,1.0
0.04314008722464513,1.0
0.043141285626979275,1.0
0.043144881233504656,1.0
0.043146079902205925,1.0
0.04314727863751285,1.0
0.04314847743943098,1.0
0.04314967630796588,1.0
0.04315087524312309,1.0
0.04315207424490817,1.0
0.04315447244838414,1.0
0.043155671650086144,1.0
0.043156870918438235,1.0
0.043159269655114914,1.0
0.043164067928513856,1.0
0.043167667333778074,1.0
0.043171267339393436,1.0
0.04317246747470255,1.0
0.043173667676739594,1.0
0.043180870290560266,1.0
0.043183271695909686,1.0
0.04318567336837129,1.0
0.043186874304783095,1.0
0.043188075307989654,1.0
0.04318927637799655,1.0
0.04319167871843364,1.0
0.043192879988874985,1.0
0.04319408132613896,1.0
0.0431964842011571,1.0
0.04319768573892242,1.0
0.04320249255848889,1.0
0.04320369443053469,1.0
0.04320489636945333,1.0
0.043207300447931446,1.0
0.043208502587502085,1.0
0.04321090706733444,1.0
0.043212109407607335,1.0
0.04321331181479214,1.0
0.04321451428889445,1.0
0.043215716829919856,1.0
0.04321691943787394,1.0
0.04321812211276228,1.0
0.043219324854590485,1.0
0.04322052766336413,1.0
0.04322173053908881,1.0
0.04322293348177011,1.0
0.04322413649141362,1.0
0.04322533956802494,1.0
0.043227745922173356,1.0
0.043228949199721645,1.0
0.0432301525442601,1.0
0.04323135595579434,1.0
0.0432337629798725,1.0
0.043234966592427614,1.0
0.04323737401859792,1.0
0.0432385778322243,1.0
0.043239781712885623,1.0
0.0432409856605875,1.0
0.043242189675335524,1.0
0.0432433937571353,1.0
0.04324580212191251,1.0
0.043248210754963934,1.0
0.043249415172106495,1.0
0.04325182420765332,1.0
0.043253028826068796,1.0
0.04325423351158645,1.0
0.04325784797080861,1.0
0.04325905292479108,1.0
0.04326146303415232,1.0
0.0432626681895423,1.0
0.04326387341207934,1.0
0.04326507870176905,1.0
0.04326990053216684,1.0
0.043271106157704096,1.0
0.04327351761034329,1.0
0.04327472343745646,1.0
0.043275929331772836,1.0
0.04327713529329803,1.0
0.04328075358118277,1.0
0.043281959811599456,1.0
0.04328316610925306,1.0
0.04328437247414922,1.0
0.04328557890629355,1.0
0.04328678540569167,1.0
0.043287991972349206,1.0
0.04328919860627178,1.0
0.043290405307465016,1.0
0.043291612075934544,1.0
0.043292818911685994,1.0
0.04329402581472499,1.0
0.043295232785057154,1.0
0.04329643982268812,1.0
0.04329764692762351,1.0
0.04329885409986896,1.0
0.0433000613394301,1.0
0.04330126864631256,1.0
0.04330247602052197,1.0
0.043303683462063966,1.0
0.043306098547168236,1.0
0.04330730619074177,1.0
0.04330851390167043,1.0
0.04331092952561564,1.0
0.04331696976458775,1.0
0.04331817801456026,1.0
0.04331938633193863,1.0
0.0433205947167285,1.0
0.0433242202756235,1.0
0.043325428930115775,1.0
0.043326637652047764,1.0
0.0433278464414251,1.0
0.04332905529825345,1.0
0.04333026422253843,1.0
0.043331473214285716,1.0
0.04333630985601072,1.0
0.04333872858179383,1.0
0.04333993804593531,1.0
0.04334114757758428,1.0
0.04334235717674639,1.0
0.04334356684342729,1.0
0.043344776577632645,1.0
0.04334598637936809,1.0
0.043347196248639294,1.0
0.04334840618545191,1.0
0.043349616189811584,1.0
0.043350826261723985,1.0
0.04335203640119476,1.0
0.04335324660822958,1.0
0.04335445688283409,1.0
0.04335566722501396,1.0
0.04335687763477484,1.0
0.0433580881121224,1.0
0.04335929865706229,1.0
0.04336050926960018,1.0
0.04336171994974173,1.0
0.04337019660411082,1.0
0.043371407825285556,1.0
0.043372619114114955,1.0
0.04337504189476036,1.0
0.04337625338658772,1.0
0.043377464946092396,1.0
0.043378676573280074,1.0
0.043381100030727114,1.0
0.04338231186099782,1.0
0.04338352375897422,1.0
0.04338473572466197,1.0
0.04338594775806677,1.0
0.04338715985919428,1.0
0.043388372028050175,1.0
0.043389584264640145,1.0
0.04339079656896985,1.0
0.04339200894104499,1.0
0.04339322138087122,1.0
0.0433956464637997,1.0
0.04339685910691332,1.0
0.043398071817800754,1.0
0.0433992845964677,1.0
0.04340049744291982,1.0
0.04340292333920237,1.0
0.04340534950669387,1.0
0.043410202655485675,1.0
0.0434114161122603,1.0
0.04341748441387794,1.0
0.043418698277790206,1.0
0.043422340276806935,1.0
0.043423554412258134,1.0
0.04342476861560831,1.0
0.043427197226028356,1.0
0.04342962610811264,1.0
0.04343084065104312,1.0
0.04343326994070925,1.0
0.0434344846874563,1.0
0.043435699502153605,1.0
0.04343691438480687,1.0
0.04343812933542179,1.0
0.04343934435400408,1.0
0.04344055944055944,1.0
0.04344177459509357,1.0
0.043442989817612174,1.0
0.04344420510812096,1.0
0.04344542046662564,1.0
0.043446635893131906,1.0
0.04345392988052268,1.0
0.04346122631740968,1.0
0.043462442628456284,1.0
0.04346365900758445,1.0
0.04346730855351545,1.0
0.04346852520502701,1.0
0.04346974192464872,1.0
0.043470958712386286,1.0
0.04348191286818233,1.0
0.04348556548035729,1.0
0.043488000896082436,1.0
0.043489218706244746,1.0
0.043490436584614524,1.0
0.04349165453119749,1.0
0.043492872545999386,1.0
0.043494090629025935,1.0
0.043495308780282876,1.0
0.043496526999775936,1.0
0.04349774528751085,1.0
0.043498963643493364,1.0
0.043500182067729196,1.0
0.04350140056022409,1.0
0.04350261912098378,1.0
0.043503837750014006,1.0
0.0435050564473205,1.0
0.04350627521290901,1.0
0.043507494046785264,1.0
0.04350871294895501,1.0
0.043509931919423976,1.0
0.043511150958197915,1.0
0.043512370065282566,1.0
0.043513589240683666,1.0
0.04351480848440696,1.0
0.04351602779645819,1.0
0.04351724717684311,1.0
0.04351846662556745,1.0
0.04351968614263696,1.0
0.04352090572805739,1.0
0.043523345103973994,1.0
0.04352456489448166,1.0
0.04352578475336323,1.0
0.043527004680624454,1.0
0.04352822467627109,1.0
0.04353188507358094,1.0
0.04353310534282671,1.0
0.043534325680486645,1.0
0.04353554608656649,1.0
0.04353676656107202,1.0
0.04353798710400897,1.0
0.0435392077153831,1.0
0.04354042839520018,1.0
0.04354164914346595,1.0
0.04354286996018617,1.0
0.043544090845366604,1.0
0.04354531179901301,1.0
0.043547753911726765,1.0
0.04354897507080564,1.0
0.04355019629837353,1.0
0.04355141759443619,1.0
0.043552638958999385,1.0
0.04355386039206888,1.0
0.04355508189365044,1.0
0.04355630346374983,1.0
0.043557525102372804,1.0
0.043558746809525144,1.0
0.04355996858521261,1.0
0.04356119042944097,1.0
0.043562412342215986,1.0
0.04356363432354344,1.0
0.043564856373429085,1.0
0.0435660784918787,1.0
0.04356730067889805,1.0
0.04356852293449292,1.0
0.04357219011278828,1.0
0.04357585790847106,1.0
0.04357708064425613,1.0
0.04357952632169716,1.0
0.043581972273671214,1.0
0.04358319535262257,1.0
0.043584418500224514,1.0
0.04358564171648284,1.0
0.04358686500140331,1.0
0.04358808835499172,1.0
0.04358931177725384,1.0
0.04359053526819547,1.0
0.04359298245614035,1.0
0.04359420615315518,1.0
0.04359665375329853,1.0
0.04359787765643862,1.0
0.043599101628298706,1.0
0.04360399820305481,1.0
0.0436113451277731,1.0
0.0436125698559353,1.0
0.04361379465288699,1.0
0.043615019518633974,1.0
0.043616244453182046,1.0
0.043617469456537,1.0
0.04361869452870464,1.0
0.043619919669690754,1.0
0.04362114487950115,1.0
0.043622370158141625,1.0
0.04362359550561798,1.0
0.04362482092193601,1.0
0.04362604640710152,1.0
0.043629723275740974,1.0
0.04363094903635444,1.0
0.043632174865844406,1.0
0.04363340076421668,1.0
0.04363462673147706,1.0
0.04363585276763136,1.0
0.04363707887268538,1.0
0.04363830504664493,1.0
0.04363953128951584,1.0
0.043640757601303884,1.0
0.043641983982014895,1.0
0.04364443695022904,1.0
0.0436456635377438,1.0
0.04364689019420477,1.0
0.043650570577323064,1.0
0.04365425158116655,1.0
0.043656705928653755,1.0
0.043659160552135166,1.0
0.04366038796738825,1.0
0.04366284300494827,1.0
0.04366407062726685,1.0
0.04366529831861891,1.0
0.04366652607901026,1.0
0.043667753908446745,1.0
0.04367020977447838,1.0
0.043686179639371006,1.0
0.043687408574322045,1.0
0.04368863757841731,1.0
0.043689866651662634,1.0
0.04369109579406386,1.0
0.04369232500562683,1.0
0.04369355428635737,1.0
0.04369478363626132,1.0
0.04369601305534453,1.0
0.04369724254361283,1.0
0.04369847210107206,1.0
0.043699701727728066,1.0
0.043700931423586685,1.0
0.04370216118865376,1.0
0.04370462092643665,1.0
0.043707080941123494,1.0
0.04370831105232051,1.0
0.043709541232761044,1.0
0.04371077148245096,1.0
0.04371200180139608,1.0
0.043713232189602276,1.0
0.04371446264707538,1.0
0.043715693173821256,1.0
0.04371692376984574,1.0
0.043718154435154685,1.0
0.04372061597364939,1.0
0.043721846846846844,1.0
0.04372307778935218,1.0
0.04372430880117124,1.0
0.04372553988230988,1.0
0.04373785450756189,1.0
0.04373908635160255,1.0
0.04374031826503309,1.0
0.0437415502478594,1.0
0.04374278230008732,1.0
0.04374401442172272,1.0
0.043745246612771474,1.0
0.04374647887323944,1.0
0.043747711203132485,1.0
0.04374894360245648,1.0
0.043750176071217284,1.0
0.04375140860942078,1.0
0.04375264121707283,1.0
0.0437538738941793,1.0
0.04375510664074606,1.0
0.043771138669673054,1.0
0.043772372389300714,1.0
0.0437736061784768,1.0
0.043774840037207205,1.0
0.0437760739654978,1.0
0.043777307963354474,1.0
0.04377854203078311,1.0
0.04378101037437979,1.0
0.04378471341171163,1.0
0.04378594789669561,1.0
0.043787182451292754,1.0
0.043788417075508936,1.0
0.04378965176935006,1.0
0.04379088653282202,1.0
0.043792121365930685,1.0
0.04379335626868197,1.0
0.043798296576231036,1.0
0.04379953182728375,1.0
0.04380076714801444,1.0
0.043802002538428995,1.0
0.04380323799853331,1.0
0.0438118881710723,1.0
0.04381436027648469,1.0
0.04381559643381108,1.0
0.04381806895773376,1.0
0.04381930532434186,1.0
0.04382054176072235,1.0
0.04382177826688112,1.0
0.04382301484282409,1.0
0.043824251488557155,1.0
0.043827961844556076,1.0
0.04382919876950865,1.0
0.04383538444168454,1.0
0.043836621785643716,1.0
0.043837859199458026,1.0
0.0438403342366757,1.0
0.043842809553384904,1.0
0.04384404731656362,1.0
0.04384528514963298,1.0
0.04384652305259889,1.0
0.04384776102546727,1.0
0.04384899906824406,1.0
0.04385023718093517,1.0
0.04385147536354652,1.0
0.043855190330961254,1.0
0.043856428793312814,1.0
0.04385766732561423,1.0
0.04385890592787144,1.0
0.04386014460009038,1.0
0.043861383342276954,1.0
0.0438626221544371,1.0
0.04386386103657675,1.0
0.043866339010818295,1.0
0.043867578102932035,1.0
0.04386881726504901,1.0
0.04387005649717514,1.0
0.04387129579931637,1.0
0.04387253517147861,1.0
0.04387377461366782,1.0
0.043875014125889934,1.0
0.04387625370815087,1.0
0.04387749336045658,1.0
0.04388245267024583,1.0
0.04388493274556347,1.0
0.043886172888348826,1.0
0.043956977073308805,1.0
0.04395822129129044,1.0
0.043961954367887676,1.0
0.04396319886765747,1.0
0.04396444343788925,1.0
0.043970667346187604,1.0
0.04397191233931706,1.0
0.04397315740295042,1.0
0.0439756477417528,1.0
0.04397689301693379,1.0
0.04400430692508217,1.0
0.0440068007934259,1.0
0.044008047833602536,1.0
0.04400929494445704,1.0
0.04401054212599541,1.0
0.044011789378223656,1.0
0.0440130367011478,1.0
0.044014284094773835,1.0
0.044015531559107784,1.0
0.04401677909415566,1.0
0.04401802669992347,1.0
0.044019274376417235,1.0
0.04402176994160667,1.0
0.04402301783031437,1.0
0.04402426578977208,1.0
0.044025513819985825,1.0
0.04402801009270547,1.0
0.044029258335223406,1.0
0.044033003487481924,1.0
0.0440342520131564,1.0
0.04403550060963507,1.0
0.04403674927692395,1.0
0.04403799801502906,1.0
0.04403924682395644,1.0
0.04404049570371211,1.0
0.04404174465430208,1.0
0.044042993675732396,1.0
0.04404424276800908,1.0
0.04404549193113815,1.0
0.04404674116512564,1.0
0.044047990469977594,1.0
0.04405423805741518,1.0
0.04405548778758049,1.0
0.04405798746063718,1.0
0.044059237403540626,1.0
0.04406048741736886,1.0
0.0440617375021279,1.0
0.04406548818205033,1.0
0.044066738550593045,1.0
0.044067988990096764,1.0
0.044069239500567535,1.0
0.04407049008201141,1.0
0.044071740734434414,1.0
0.044074242252242025,1.0
0.04407549311763871,1.0
0.04407799506144808,1.0
0.044079246139872845,1.0
0.044080497289319065,1.0
0.04408174850979279,1.0
0.044082999801300066,1.0
0.04409050904238708,1.0
0.044094264622373654,1.0
0.04412057160714793,1.0
0.044121825103699074,1.0
0.04413436398772309,1.0
0.04413687261979196,1.0
0.04413812704277391,1.0
0.0441393815370623,1.0
0.044140636102663215,1.0
0.04414189073958274,1.0
0.04414314544782695,1.0
0.044145655078313764,1.0
0.04414816499417233,1.0
0.04414942005913122,1.0
0.044150675195451315,1.0
0.04415193040313868,1.0
0.04415318568219941,1.0
0.0441544410326396,1.0
0.04415569645446533,1.0
0.04415695194768268,1.0
0.044158207512297765,1.0
0.044159463148316654,1.0
0.04416071885574544,1.0
0.04416197463459023,1.0
0.044163230484857104,1.0
0.044164486406552156,1.0
0.04416574239968148,1.0
0.04416699846425118,1.0
0.04416825460026734,1.0
0.04416951080773606,1.0
0.04417076708666344,1.0
0.04417202343705558,1.0
0.044173279858918564,1.0
0.04417453635225851,1.0
0.0441757929170815,1.0
0.04417704955339364,1.0
0.044178306261201034,1.0
0.04417956304050979,1.0
0.044180819891325995,1.0
0.04418207681365576,1.0
0.04418333380750519,1.0
0.04418459087288039,1.0
0.04418584800978746,1.0
0.04418710521823251,1.0
0.04418836249822165,1.0
0.04418961984976098,1.0
0.044190877272856616,1.0
0.04419213476751466,1.0
0.04419339233374121,1.0
0.044194649971542405,1.0
0.04419716546189311,1.0
0.04419842331445485,1.0
0.044199681238615667,1.0
0.04420093923438167,1.0
0.04420219730175898,1.0
0.04420345544075371,1.0
0.04420471365137197,1.0
0.04420597193361988,1.0
0.044207230287503556,1.0
0.04420848871302912,1.0
0.04420974721020269,1.0
0.04421100577903037,1.0
0.0442122644195183,1.0
0.0442135231316726,1.0
0.04421478191549937,1.0
0.044217299698194865,1.0
0.04421981776765376,1.0
0.04422233612392505,1.0
0.04422359540963066,1.0
0.04422485476705775,1.0
0.044226114196212446,1.0
0.04422737369710087,1.0
0.04422863326972916,1.0
0.04423115263022984,1.0
0.0442324124181145,1.0
0.044233672277763536,1.0
0.044236192212379295,1.0
0.044237452287358286,1.0
0.044239972652689155,1.0
0.0442412329430533,1.0
0.04424249330522478,1.0
0.044245014245014244,1.0
0.04424627482264452,1.0
0.04424753547210667,1.0
0.044248796193406846,1.0
0.04425005698655118,1.0
0.044252578788396876,1.0
0.044253839797110534,1.0
0.044255100877692924,1.0
0.04425636203015018,1.0
0.04425762325448846,1.0
0.044258884550713896,1.0
0.04426014591883265,1.0
0.044261407358850854,1.0
0.044262668870774666,1.0
0.04426393045461023,1.0
0.0442651921103637,1.0
0.04426645383804122,1.0
0.04427276355550488,1.0
0.04427402571485589,1.0
0.04427781262473627,1.0
0.0443245711676228,1.0
0.04436002170870348,1.0
0.04436128884826326,1.0
0.04436255606021653,1.0
0.04436509070132838,1.0
0.04437016085254707,1.0
0.04437142857142857,1.0
0.04437269636275322,1.0
0.04437396422652723,1.0
0.04437523216275681,1.0
0.04437650017144817,1.0
0.044380304632355046,1.0
0.04438157293095565,1.0
0.0443828413020491,1.0
0.04438410974564161,1.0
0.044385378261739404,1.0
0.04438664685034869,1.0
0.044391721930025156,1.0
0.0443929908812852,1.0
0.04439425990509405,1.0
0.044395529001457934,1.0
0.04439933672594202,1.0
0.044400606112588274,1.0
0.04440568438509707,1.0
0.04440695413473636,1.0
0.04440822395699294,1.0
0.04440949385187303,1.0
0.04441076381938288,1.0
0.04441203385952871,1.0
0.044413303972316756,1.0
0.044414574157753246,1.0
0.04441584441584442,1.0
0.044418385150015734,1.0
0.04441965562610835,1.0
0.04442092617488058,1.0
0.04442219679633867,1.0
0.04442346749048886,1.0
0.04442473825733738,1.0
0.04442600909689046,1.0
0.044427280009154364,1.0
0.04442855099413532,1.0
0.04442982205183956,1.0
0.044432364385442895,1.0
0.04443363566135447,1.0
0.044434907010014305,1.0
0.04443744992560376,1.0
0.04443872149254585,1.0
0.044441264844756044,1.0
0.04444253663003663,1.0
0.04444508041898002,1.0
0.044446352422655336,1.0
0.044447624499141386,1.0
0.04444889664844443,1.0
0.044450168870570725,1.0
0.04445144116552652,1.0
0.04445398597395162,1.0
0.044455258487433445,1.0
0.04445653107376979,1.0
0.044457803732966907,1.0
0.044465441218576415,1.0
0.0444679876302829,1.0
0.04446926094550869,1.0
0.044470534333657864,1.0
0.04447180779473669,1.0
0.04447308132875143,1.0
0.04447435493570835,1.0
0.04447690236847381,1.0
0.044479450093083205,1.0
0.044480724064845045,1.0
0.04448199810958669,1.0
0.044483272227314394,1.0
0.04448454641803443,1.0
0.04448582068175308,1.0
0.04449219309554505,1.0
0.044493467797387116,1.0
0.04449474257227173,1.0
0.04449601742020515,1.0
0.04449856733524355,1.0
0.0444998424023611,1.0
0.04450111754255258,1.0
0.04450239275582428,1.0
0.04450366804218248,1.0
0.044504943401633475,1.0
0.04450621883418353,1.0
0.044507494339838936,1.0
0.044508769918605987,1.0
0.04451004557049096,1.0
0.044511321295500145,1.0
0.044512597093639826,1.0
0.0445138729649163,1.0
0.044515148909335854,1.0
0.044516424926904774,1.0
0.044517701017629356,1.0
0.04451897718151588,1.0
0.04452025341857065,1.0
0.044521529728799955,1.0
0.04452280611221009,1.0
0.04452408256880734,1.0
0.04452535909859801,1.0
0.04452663570158839,1.0
0.044527912377784785,1.0
0.04452918912719349,1.0
0.044531742845672996,1.0
0.04453429685707731,1.0
0.04453812842352806,1.0
0.0445419606493432,1.0
0.044544515832950896,1.0
0.04454579353469294,1.0
0.04454834915808496,1.0
0.044549627079747564,1.0
0.044552183143037466,1.0
0.044553461284677395,1.0
0.04455473949965573,1.0
0.04455601778797877,1.0
0.044557296149652835,1.0
0.04455857458468424,1.0
0.044559853093079305,1.0
0.04456113167484434,1.0
0.044562410329985654,1.0
0.04456368905850957,1.0
0.044564967860422404,1.0
0.04456624673573048,1.0
0.044567525684440105,1.0
0.044568804706557615,1.0
0.044570083802089315,1.0
0.04457136297104153,1.0
0.04457264221342058,1.0
0.0445739215292328,1.0
0.04457648038118201,1.0
0.04457775991733165,1.0
0.04457903952693975,1.0
0.04458031921001263,1.0
0.044581598966556626,1.0
0.04458287879657805,1.0
0.044584158700083254,1.0
0.04458543867707855,1.0
0.044586718727570265,1.0
0.04458927904906831,1.0
0.044593120082696835,1.0
0.04459568113944406,1.0
0.04459696177813514,1.0
0.04459824249037964,1.0
0.04459952327618391,1.0
0.04460080413555428,1.0
0.04460208506849708,1.0
0.04460336607501867,1.0
0.04460849083701959,1.0
0.04461105365965759,1.0
0.044612335181408176,1.0
0.04461361677678828,1.0
0.04461489844580425,1.0
0.044617462004769154,1.0
0.044621307895644176,1.0
0.04462259000660863,1.0
0.044623872191253376,1.0
0.04462515444958478,1.0
0.044631566846764,1.0
0.04463284954734876,1.0
0.04463413232166465,1.0
0.04463541516971805,1.0
0.04463669809151529,1.0
0.044637981087062746,1.0
0.04464054729943373,1.0
0.04464183051626998,1.0
0.04464311380688188,1.0
0.0446443971712758,1.0
0.0446456806094581,1.0
0.044646964121435144,1.0
0.0446482477072133,1.0
0.04464953136679892,1.0
0.04465081510019838,1.0
0.04465209890741806,1.0
0.044653382788464306,1.0
0.044654666743343494,1.0
0.044655950772062,1.0
0.04465723487462618,1.0
0.04465980330131707,1.0
0.04466108762545653,1.0
0.04466237202346716,1.0
0.04466365649535532,1.0
0.04466494104112741,1.0
0.04466622566078978,1.0
0.04466751035434883,1.0
0.04466879512181091,1.0
0.04467007996318242,1.0
0.044671364878469726,1.0
0.04467264986767921,1.0
0.04467522006789022,1.0
0.04467650527890452,1.0
0.04467779056386651,1.0
0.04467907592278259,1.0
0.04468036135565913,1.0
0.04468164686250252,1.0
0.04468293244331914,1.0
0.04468421809811538,1.0
0.04468550382689762,1.0
0.044686789629672256,1.0
0.04468807550644567,1.0
0.04469836518535574,1.0
0.044699651728405725,1.0
0.044700938345518394,1.0
0.04470865960386918,1.0
0.044711233949444346,1.0
0.04471252123340915,1.0
0.044713808591500634,1.0
0.044715096023725205,1.0
0.04471638353008926,1.0
0.04471895876526146,1.0
0.04472153429706848,1.0
0.04472282217422606,1.0
0.04472411012556157,1.0
0.04472539815108142,1.0
0.04472926267281106,1.0
0.044731839391670025,1.0
0.04473570502664554,1.0
0.04473699372011292,1.0
0.04473828248782877,1.0
0.044752463834937466,1.0
0.044753753494135615,1.0
0.04475504322766571,1.0
0.04475633303553417,1.0
0.044757622917747424,1.0
0.04476020290523403,1.0
0.04476149301052025,1.0
0.04476278319017698,1.0
0.04476536377262769,1.0
0.04476665417543455,1.0
0.04476794465263765,1.0
0.04476923520424342,1.0
0.044770525830258305,1.0
0.04477310730554114,1.0
0.044775689078537656,1.0
0.04477698007669464,1.0
0.044778271149299345,1.0
0.04477956229635824,1.0
0.044780853517877736,1.0
0.0447821448138643,1.0
0.04478343618432436,1.0
0.04478601914869074,1.0
0.04478731074260995,1.0
0.04478860241102844,1.0
0.044789894153952646,1.0
0.044791185971389015,1.0
0.044792477863344005,1.0
0.044800230780325974,1.0
0.044801523194091857,1.0
0.04480281568242795,1.0
0.04480410824534072,1.0
0.04480540088283662,1.0
0.044826093231346516,1.0
0.04482738713774391,1.0
0.044829975174643495,1.0
0.04483126930515863,1.0
0.04483256351039261,1.0
0.044833857790351914,1.0
0.044835152145043015,1.0
0.04483644657447239,1.0
0.04483903565757182,1.0
0.04484033031125484,1.0
0.044841625039702016,1.0
0.04484291984291984,1.0
0.044844214720914786,1.0
0.04485069023277306,1.0
0.044851985559566786,1.0
0.044853280961183,1.0
0.04485457643762816,1.0
0.04485587198890879,1.0
0.04485716761503134,1.0
0.04485846331600231,1.0
0.04485975909182819,1.0
0.04486105494251545,1.0
0.044862350868070604,1.0
0.04486364686850011,1.0
0.044864942943810486,1.0
0.044866239094008206,1.0
0.04486753531909976,1.0
0.044868831619091644,1.0
0.04487012799399035,1.0
0.04487142444380237,1.0
0.04487401756819233,1.0
0.04487531424278325,1.0
0.04487661099231347,1.0
0.04487790781678948,1.0
0.04487920471621778,1.0
0.04488050169060486,1.0
0.04488179873995723,1.0
0.04488309586428138,1.0
0.04488439306358381,1.0
0.044885690337871036,1.0
0.04488698768714955,1.0
0.04488828511142585,1.0
0.04489088018499783,1.0
0.044892177834306525,1.0
0.04489347555863903,1.0
0.04489477335800185,1.0
0.04489607123240149,1.0
0.04489736918184446,1.0
0.044899965305886434,1.0
0.04490126348049845,1.0
0.04490256173017984,1.0
0.044903860054937114,1.0
0.04490515845477677,1.0
0.044906456929705345,1.0
0.04490775547972934,1.0
0.04490905410485527,1.0
0.04491035280508965,1.0
0.04491165158043899,1.0
0.04491295043090983,1.0
0.04491424935650866,1.0
0.04491554835724202,1.0
0.04492074511165105,1.0
0.04492204448815481,1.0
0.04492464346668981,1.0
0.04492594306873409,1.0
0.04492984232605236,1.0
0.04493114222890869,1.0
0.04494284474026913,1.0
0.044953252091353806,1.0
0.04495455334915764,1.0
0.04495585468229845,1.0
0.04495715609078277,1.0
0.044958457574617146,1.0
0.04495975913380812,1.0
0.04496106076836224,1.0
0.04496236247828605,1.0
0.04496366426358609,1.0
0.044964966124268924,1.0
0.04496626806034108,1.0
0.044967570071809126,1.0
0.0449688721586796,1.0
0.04497017432095905,1.0
0.04497147655865404,1.0
0.04497277887177111,1.0
0.04497668626372035,1.0
0.044977988878591287,1.0
0.044988412514484356,1.0
0.04498971580868507,1.0
0.04499101917839968,1.0
0.04499232262363473,1.0
0.0449936261443968,1.0
0.044994929740692455,1.0
0.04499623341252825,1.0
0.044997537159910755,1.0
0.044998840982846545,1.0
0.04500014488134218,1.0
0.04500144885540423,1.0
0.045002752905039266,1.0
0.045004057030253855,1.0
0.04500666550744798,1.0
0.04500796985944066,1.0
0.045009274287039186,1.0
0.045010578790250125,1.0
0.045011883369080054,1.0
0.04501318802353555,1.0
0.04501449275362319,1.0
0.04501579755934955,1.0
0.0450171024407212,1.0
0.04501840739774473,1.0
0.04501971243042672,1.0
0.04502101753877374,1.0
0.04502232272279237,1.0
0.0450236279824892,1.0
0.04502493331787081,1.0
0.045026238728943783,1.0
0.0450275442157147,1.0
0.04502884977819015,1.0
0.04503799083579839,1.0
0.04503929700414721,1.0
0.04504060324825986,1.0
0.04504190956814293,1.0
0.04504321596380301,1.0
0.045045828982480565,1.0
0.0450523628557338,1.0
0.0450536698578474,1.0
0.04505497693579738,1.0
0.045056284089590344,1.0
0.04505759131923289,1.0
0.04505889862473162,1.0
0.04506020600609314,1.0
0.04506151346332405,1.0
0.045062820996430955,1.0
0.045064128605420466,1.0
0.04506543629029918,1.0
0.04506674405107371,1.0
0.04506805188775066,1.0
0.04506935980033664,1.0
0.04507459220990306,1.0
0.045078517314446606,1.0
0.045079825834542814,1.0
0.045081134430607565,1.0
0.04508244310264747,1.0
0.045083751850669145,1.0
0.045085060674679205,1.0
0.04508636957468428,1.0
0.04508767855069098,1.0
0.04508898760270592,1.0
0.04509029673073573,1.0
0.045091605934787025,1.0
0.045092915214866434,1.0
0.04509422457098058,1.0
0.04509553400313607,1.0
0.045096843511339545,1.0
0.04509815309559763,1.0
0.04509946275591695,1.0
0.04510077249230412,1.0
0.04510208230476578,1.0
0.04510470215793907,1.0
0.045106012198663954,1.0
0.04510732231548985,1.0
0.045108632508423376,1.0
0.04510994277747117,1.0
0.04511125312263987,1.0
0.04511256354393609,1.0
0.04511387404136649,1.0
0.04511518461493769,1.0
0.045116495264656324,1.0
0.04511780599052904,1.0
0.04511911679256246,1.0
0.04512042767076324,1.0
0.04512173862513801,1.0
0.04512304965569341,1.0
0.045124360762436075,1.0
0.045125671945372654,1.0
0.045126983204509794,1.0
0.045128294539854126,1.0
0.0451296059514123,1.0
0.045130917439190954,1.0
0.045132229003196744,1.0
0.04513354064343631,1.0
0.0451348523599163,1.0
0.045136164152643356,1.0
0.045137476021624136,1.0
0.04513878796686528,1.0
0.04514009998837344,1.0
0.045141412086155276,1.0
0.04514403651056655,1.0
0.045145348837209304,1.0
0.04514666124015233,1.0
0.04514797371940229,1.0
0.04514928627496584,1.0
0.04515059890684963,1.0
0.04515191161506033,1.0
0.045153224399604584,1.0
0.045154537260489055,1.0
0.0451558501977204,1.0
0.04515847630125036,1.0
0.0451597894675623,1.0
0.04516110271024776,1.0
0.045168983770577625,1.0
0.045170297548064335,1.0
0.045171611401977896,1.0
0.04517292533232497,1.0
0.04517555342234634,1.0
0.04517686758203398,1.0
0.04517818181818182,1.0
0.04517949613079653,1.0
0.0451808105198848,1.0
0.04518475414605761,1.0
0.04518606884110681,1.0
0.04518738361266294,1.0
0.04518869846073268,1.0
0.045190013385322705,1.0
0.04519132838643969,1.0
0.045192643464090326,1.0
0.045193958618281294,1.0
0.045195273849019266,1.0
0.04519658915631093,1.0
0.04519790454016298,1.0
0.04519922000058209,1.0
0.04520053553757494,1.0
0.04520185115114824,1.0
0.04520316684130865,1.0
0.045204482608062875,1.0
0.045205798451417596,1.0
0.0452071143713795,1.0
0.045208430367955285,1.0
0.04520974644115164,1.0
0.04521106259097526,1.0
0.04521237881743282,1.0
0.045213695120531035,1.0
0.04521501150027659,1.0
0.04522422830518346,1.0
0.04522554529834882,1.0
0.04522686236822179,1.0
0.04522949673811743,1.0
0.04523081403815349,1.0
0.04523213141492398,1.0
0.04523344886843562,1.0
0.04523608400570912,1.0
0.04524267319233234,1.0
0.04524399126001457,1.0
0.04524530940449831,1.0
0.045246627625790285,1.0
0.045247945923897206,1.0
0.045249264298825795,1.0
0.04525321988460866,1.0
0.045254538566891045,1.0
0.04525585732602867,1.0
0.04525717616202827,1.0
0.04525849507489654,1.0
0.04526113313126603,1.0
0.045262452274780686,1.0
0.0452637714951909,1.0
0.04527168843283582,1.0
0.04527300819170335,1.0
0.04527432802752026,1.0
0.04527564794029328,1.0
0.04527696793002915,1.0
0.045282248658735716,1.0
0.04528356903338679,1.0
0.04528621001370542,1.0
0.045287530619386444,1.0
0.04528885130209093,1.0
0.045290172061825604,1.0
0.04529149289859722,1.0
0.04529281381241251,1.0
0.04529413480327821,1.0
0.045295455871201075,1.0
0.04529677701618784,1.0
0.045298098238245245,1.0
0.045299419537380044,1.0
0.04530074091359897,1.0
0.045302062366908785,1.0
0.04530338389731622,1.0
0.04530602718945096,1.0
0.04530734895119176,1.0
0.04530999270605397,1.0
0.04531263676946868,1.0
0.04531395891690009,1.0
0.04531528114148989,1.0
0.04531660344324482,1.0
0.045317925822171645,1.0
0.04531924827827711,1.0
0.045323216109732965,1.0
0.045324538874620596,1.0
0.045325861716720664,1.0
0.04532718463603993,1.0
0.045328507632585155,1.0
0.04532983070636311,1.0
0.04533115385738054,1.0
0.04533247708564423,1.0
0.04533380039116093,1.0
0.045385469635864165,1.0
0.04541599649071502,1.0
0.0454213097013834,1.0
0.0454226381983036,1.0
0.04542529542529543,1.0
0.0454266241553807,1.0
0.04542795296320131,1.0
0.045429281848764075,1.0
0.045430610812075826,1.0
0.04543193985314337,1.0
0.045433268971973556,1.0
0.04543459816857318,1.0
0.045435927442949095,1.0
0.0454452345418898,1.0
0.04544656443872176,1.0
0.04544789441339147,1.0
0.045450554596271474,1.0
0.04545321509058448,1.0
0.045454545454545456,1.0
0.04545587589638519,1.0
0.04545720641611053,1.0
0.0454585370137283,1.0
0.04545986768924536,1.0
0.04546386018326063,1.0
0.04546519117044323,1.0
0.04546652223555933,1.0
0.045467853378615766,1.0
0.045469184599619385,1.0
0.045470515898577035,1.0
0.04547317873038182,1.0
0.04547451026324266,1.0
0.04547584187408492,1.0
0.045478505329741126,1.0
0.04547983717456878,1.0
0.04548116909740526,1.0
0.04548250109825743,1.0
0.045483833177132144,1.0
0.04548516533403626,1.0
0.04548649756897663,1.0
0.04548782988196011,1.0
0.04548916227299356,1.0
0.04549315991446232,1.0
0.04549449261776424,1.0
0.04549715825862776,1.0
0.04549849119620309,1.0
0.045499824211883276,1.0
0.045501157305675194,1.0
0.0455024904775857,1.0
0.04550382372762167,1.0
0.045507823946551014,1.0
0.04550915750915751,1.0
0.04551049114992381,1.0
0.045511824868856784,1.0
0.04551315866596331,1.0
0.04551449254125026,1.0
0.045517160526392916,1.0
0.04551849463626238,1.0
0.04552249743514583,1.0
0.045523831857888254,1.0
0.0455265009380863,1.0
0.045527835595555684,1.0
0.04552917033128115,1.0
0.04553050514526958,1.0
0.04553184003752785,1.0
0.04553317500806286,1.0
0.045534510056881486,1.0
0.045537180389397136,1.0
0.04553851567310794,1.0
0.045539851035129905,1.0
0.04568184492293211,1.0
0.04568318870422121,1.0
0.04568453256457022,1.0
0.04577340249941052,1.0
0.04577475167270905,1.0
0.04577745025792189,1.0
0.045784198113207546,1.0
0.04578689781237101,1.0
0.04578824778134859,1.0
0.04578959782993278,1.0
0.04579094795813062,1.0
0.045792298165949166,1.0
0.04579364845339545,1.0
0.04579499882047653,1.0
0.045796349267199436,1.0
0.04579769979357122,1.0
0.045799050399598924,1.0
0.045800401085289606,1.0
0.04580175185065031,1.0
0.04580445362040997,1.0
0.04580580462482303,1.0
0.04580715570893431,1.0
0.04580850687275087,1.0
0.04580985811627976,1.0
0.04581256084250273,1.0
0.045813912325210926,1.0
0.04581526388765968,1.0
0.04581661552985603,1.0
0.04581796725180705,1.0
0.0458193190535198,1.0
0.04582067093500133,1.0
0.0458220228962587,1.0
0.04582337493729899,1.0
0.04582472705812924,1.0
0.04582743153918791,1.0
0.04582878389943046,1.0
0.04583148885937731,1.0
0.04583284145909574,1.0
0.045834194138653604,1.0
0.045835546898057966,1.0
0.0458368997373159,1.0
0.04584366513165663,1.0
0.0458450184501845,1.0
0.04584637184861546,1.0
0.045849078885214924,1.0
0.0458504325233976,1.0
0.04585178624151166,1.0
0.04585314003956421,1.0
0.0458544939175623,1.0
0.045855847875513035,1.0
0.045858556031300755,1.0
0.0458599102291519,1.0
0.04586126450698402,1.0
0.04586261886480421,1.0
0.045863973302619536,1.0
0.04586532782043709,1.0
0.0458748116858181,1.0
0.04587616684390878,1.0
0.045877522082065525,1.0
0.04587887740029542,1.0
0.04588023279860557,1.0
0.045881588277003074,1.0
0.04588429947408852,1.0
0.04588565519279066,1.0
0.04588701099160856,1.0
0.0458883668705493,1.0
0.04588972282962,1.0
0.045891078868827755,1.0
0.045892434988179666,1.0
0.04589379118768285,1.0
0.04589650382717144,1.0
0.04589921678735038,1.0
0.0459005733877165,1.0
0.04590193006827654,1.0
0.04592228990478443,1.0
0.04592364786941479,1.0
0.045925005914360065,1.0
0.04592636403962738,1.0
0.04592772224522387,1.0
0.04592908053115666,1.0
0.04593043889743286,1.0
0.04593315587104407,1.0
0.04593451447839333,1.0
0.04593587316611453,1.0
0.045938590782701294,1.0
0.04593994971158113,1.0
0.04594674556213018,1.0
0.04594810497351993,1.0
0.04594946446535298,1.0
0.04595082403763648,1.0
0.04595354342358337,1.0
0.04595490323726105,1.0
0.04595626313141775,1.0
0.04595762310606061,1.0
0.045958983161196766,1.0
0.04596306380963656,1.0
0.04596442418681741,1.0
0.045965784644527316,1.0
0.04596714518277342,1.0
0.04596850580156287,1.0
0.045969866500902824,1.0
0.04597258814126284,1.0
0.04597394908229722,1.0
0.04597531010391071,1.0
0.045976671206110487,1.0
0.04597803238890369,1.0
0.04597939365229749,1.0
0.045980754996299035,1.0
0.0459821164209155,1.0
0.04599164865104984,1.0
0.04601345145329027,1.0
0.04601617825713354,1.0
0.046018905384182296,1.0
0.046020269068926686,1.0
0.046021632834494,1.0
0.04602436060812613,1.0
0.04602572461620532,1.0
0.046027088705136186,1.0
0.04602845287492591,1.0
0.04602981712558167,1.0
0.04603118145711067,1.0
0.04603254586952011,1.0
0.04603391036281717,1.0
0.04603527493700904,1.0
0.04603663959210292,1.0
0.04603800432810601,1.0
0.046039369145025495,1.0
0.04604073404286858,1.0
0.046042099021642455,1.0
0.046043464081354325,1.0
0.046044829222011384,1.0
0.04604619444362084,1.0
0.04604755974618988,1.0
0.04604892512972572,1.0
0.04605029059423556,1.0
0.046051656139726595,1.0
0.046053021766206036,1.0
0.04605438747368109,1.0
0.04605575326215896,1.0
0.04605985111368153,1.0
0.046061217226242734,1.0
0.0460625834198428,1.0
0.046140590647097274,1.0
0.04614607476080109,1.0
0.046147445992927826,1.0
0.046148817306549385,1.0
0.04615156017830609,1.0
0.046152931736455766,1.0
0.04615430337612934,1.0
0.046169396795195765,1.0
0.04617076941372339,1.0
0.04617214211386948,1.0
0.04617351489564132,1.0
0.04617488775904618,1.0
0.04618175330082074,1.0
0.046183126654176704,1.0
0.04618450008921668,1.0
0.04618724720437783,1.0
0.04618862088451358,1.0
0.0461899946463625,1.0
0.04619136848993189,1.0
0.046192742415229034,1.0
0.04619411642226122,1.0
0.046195490511035754,1.0
0.046196864681559924,1.0
0.04619823893384103,1.0
0.04619961326788636,1.0
0.04620098768370322,1.0
0.0462023621812989,1.0
0.04620373676068071,1.0
0.046224365270708695,1.0
0.04622574115966187,1.0
0.04622711713052537,1.0
0.046228493183306546,1.0
0.046233998213754096,1.0
0.04623537467623329,1.0
0.04623675122067405,1.0
0.04623812784708369,1.0
0.04623950455546954,1.0
0.04624225821819914,1.0
0.04624363517255754,1.0
0.046245012208921445,1.0
0.046246389327298174,1.0
0.04624776652769506,1.0
0.046254653760238275,1.0
0.04626016502338328,1.0
0.046261543044384866,1.0
0.046262921147487264,1.0
0.04626429933269781,1.0
0.046265677600023834,1.0
0.04626705594947268,1.0
0.04626843438105169,1.0
0.046269812894768204,1.0
0.046272570168643105,1.0
0.04627532777115614,1.0
0.046276706695670314,1.0
0.046282223215616154,1.0
0.04628360255111164,1.0
0.04628498196882544,1.0
0.0462863614687649,1.0
0.04628774105093738,1.0
0.04629050046201079,1.0
0.04629326020210451,1.0
0.04629464019555238,1.0
0.04629602027127739,1.0
0.046301541397096094,1.0
0.046302921884317234,1.0
0.046307063839937976,1.0
0.04630844465648855,1.0
0.04631120653664937,1.0
0.04631258760027435,1.0
0.046313968746272215,1.0
0.046315349974650324,1.0
0.046316731285416045,1.0
0.04631811267857675,1.0
0.04631949415413982,1.0
0.04632087571211262,1.0
0.04632225735250253,1.0
0.046323639075316926,1.0
0.04632502088056318,1.0
0.04632640276824866,1.0
0.04632916679096686,1.0
0.04633054892601432,1.0
0.046331931143530534,1.0
0.046333313443522886,1.0
0.046334695825998744,1.0
0.04633607829096551,1.0
0.04633746083843055,1.0
0.04633884346840127,1.0
0.04634022618088503,1.0
0.04634160897588924,1.0
0.04634437481348851,1.0
0.046362360808430605,1.0
0.046363744924767136,1.0
0.046365129123749814,1.0
0.04636651340538604,1.0
0.04636789776968322,1.0
0.04636928221664875,1.0
0.04637205135861451,1.0
0.04637482083134257,1.0
0.04637620569176098,1.0
0.04637759063489219,1.0
0.046378975660743615,1.0
0.04638867315849214,1.0
0.04639005884637214,1.0
0.04639144461703907,1.0
0.046409467172698206,1.0
0.04641085410316179,1.0
0.046412241116523714,1.0
0.046413628212791394,1.0
0.04643999880386352,1.0
0.046442776398815756,1.0
0.046494221902880065,1.0
0.04649561390377534,1.0
0.046497005988023955,1.0
0.046498398155633405,1.0
0.046499790406611174,1.0
0.04650118274096476,1.0
0.04650257515870164,1.0
0.046503967659829316,1.0
0.046505360244355275,1.0
0.04650675291228701,1.0
0.046508145663632004,1.0
0.04650953849839777,1.0
0.046510931416591794,1.0
0.04651232441822157,1.0
0.046519290678169185,1.0
0.04652068418057095,1.0
0.046522077766460966,1.0
0.04652347143584674,1.0
0.04652486518873577,1.0
0.04652625902513557,1.0
0.04652765294505363,1.0
0.046529046948497466,1.0
0.046530441035474594,1.0
0.04653183520599251,1.0
0.04653322946005873,1.0
0.04653741272362231,1.0
0.04653880731195685,1.0
0.046540201983877254,1.0
0.04654159673939103,1.0
0.04654299157850571,1.0
0.046544386501228795,1.0
0.04661423940449033,1.0
0.04661563860123068,1.0
0.046621236228272946,1.0
0.04662263584509156,1.0
0.04662543533085145,1.0
0.04662683519980785,1.0
0.04662823515282532,1.0
0.04662963518991142,1.0
0.046631035311073744,1.0
0.046638037178293644,1.0
0.04664083851398024,1.0
0.04664223930802499,1.0
0.04664364018621415,1.0
0.0466450411485553,1.0
0.0466478433257239,1.0
0.04664924454056652,1.0
0.04665064583959147,1.0
0.04665204722280633,1.0
0.04665485024183615,1.0
0.04665625187766628,1.0
0.04666746799687481,1.0
0.046670272869335255,1.0
0.046673078078980586,1.0
0.04667448081026658,1.0
0.046675883625871606,1.0
0.046677286525803253,1.0
0.04667868951006913,1.0
0.04668009257867685,1.0
0.046681495731634,1.0
0.04668289896894821,1.0
0.04668570569667819,1.0
0.04668710918710919,1.0
0.04668851276192767,1.0
0.046689916421141245,1.0
0.04669132016475752,1.0
0.04669412790522866,1.0
0.04669553190209874,1.0
0.046696935983401994,1.0
0.04669834014914602,1.0
0.04670255315309897,1.0
0.0467039576566823,1.0
0.04670676691729323,1.0
0.04670817167433607,1.0
0.04670957651588065,1.0
0.04671098144193461,1.0
0.04671238645250556,1.0
0.04671379154760114,1.0
0.04671660199139668,1.0
0.04671800734011191,1.0
0.0467208182912154,1.0
0.04672222389361894,1.0
0.046723629580600515,1.0
0.046725035352167765,1.0
0.04672644120832832,1.0
0.04672784714908981,1.0
0.04672925317445989,1.0
0.04673065928444618,1.0
0.04673347175829797,1.0
0.04673909772173233,1.0
0.04674050442424607,1.0
0.04674191121143717,1.0
0.046743318083313265,1.0
0.04674472503988201,1.0
0.04674613208115105,1.0
0.04674894641782059,1.0
0.0467503537132364,1.0
0.0467517610933831,1.0
0.04675316855826836,1.0
0.046754576107899806,1.0
0.04675598374228511,1.0
0.04675879926534791,1.0
0.04676020715404071,1.0
0.04676161512751799,1.0
0.046763023185787414,1.0
0.046765839556733316,1.0
0.04676724786942512,1.0
0.04676865626693971,1.0
0.046770064749284745,1.0
0.046771473316467894,1.0
0.046775699527122676,1.0
0.04677710843373494,1.0
0.046778517425223654,1.0
0.04677992650159648,1.0
0.0467813356628611,1.0
0.04678274490902518,1.0
0.04678697315699093,1.0
0.0467897924136061,1.0
0.04679120216932811,1.0
0.046792612010003315,1.0
0.04679402193563939,1.0
0.04679543194624401,1.0
0.04679684204182487,1.0
0.04679825222238963,1.0
0.046799662487945995,1.0
0.04680107283850164,1.0
0.04680530440024111,1.0
0.04680671509087073,1.0
0.04680812586653807,1.0
0.04680953672725081,1.0
0.04681235870384325,1.0
0.04681376981973835,1.0
0.04681518102070961,1.0
0.04681659230676474,1.0
0.04681941513415737,1.0
0.04682082667551027,1.0
0.04682223830197781,1.0
0.046825061810287644,1.0
0.046826473692145335,1.0
0.04682788565914847,1.0
0.046829297711304764,1.0
0.046832122071107624,1.0
0.0468335343787696,1.0
0.04685897049061614,1.0
0.04686038441809239,1.0
0.046861798430899215,1.0
0.04686462671253546,1.0
0.04686604098138033,1.0
0.04686886977516221,1.0
0.046871698910451814,1.0
0.04687452838731098,1.0
0.04687594325384847,1.0
0.046880188365985447,1.0
0.04688160357423172,1.0
0.04688301886792453,1.0
0.04688443424707161,1.0
0.046887265261759556,1.0
0.046888680897315904,1.0
0.04689009661835749,1.0
0.046891512424892055,1.0
0.04689292831692735,1.0
0.04689434429447112,1.0
0.046895760357531104,1.0
0.04689717650611505,1.0
0.04689859274023072,1.0
0.04691134269747772,1.0
0.04691417696281304,1.0
0.04691559422391396,1.0
0.04691842900302115,1.0
0.04691984652104293,1.0
0.04692126412472053,1.0
0.04693118974947871,1.0
0.046932608038682384,1.0
0.046934026413611774,1.0
0.046936863420678814,1.0
0.046938282052832014,1.0
0.04693970077074203,1.0
0.046941119574416636,1.0
0.04694253846386361,1.0
0.046943957439090744,1.0
0.0469453765001058,1.0
0.04694679564691657,1.0
0.04694821487953082,1.0
0.04694963419795634,1.0
0.04695105360220093,1.0
0.0469595718303045,1.0
0.04701643910266114,1.0
0.0470178625491977,1.0
0.04702070970085988,1.0
0.04702213340600115,1.0
0.04702355719735966,1.0
0.047024981074943226,1.0
0.047027829088816885,1.0
0.04702925322512264,1.0
0.047030677447684806,1.0
0.04703210175651121,1.0
0.04703352615160968,1.0
0.047064884686486654,1.0
0.047069164090440686,1.0
0.04707059073136726,1.0
0.047072017458777884,1.0
0.047073444272680426,1.0
0.04707915239336708,1.0
0.04708057963984721,1.0
0.04723810682564789,1.0
0.04723954372623574,1.0
0.04724098071424226,1.0
0.04724241778967542,1.0
0.04724672954061454,1.0
0.04724816696583407,1.0
0.04724960447852014,1.0
0.04725104207868074,1.0
0.04725247976632386,1.0
0.047253917541457476,1.0
0.04725535540408958,1.0
0.0472582313918812,1.0
0.04725966951705669,1.0
0.04726110772976263,1.0
0.047262546030007,1.0
0.0472639844177978,1.0
0.04726542289314301,1.0
0.04726830010652869,1.0
0.04726973884458514,1.0
0.04727117767022799,1.0
0.04727261658346524,1.0
0.04727405558430489,1.0
0.04727549467275494,1.0
0.0472769338488234,1.0
0.047278373112518264,1.0
0.047279812463847534,1.0
0.04728125190281922,1.0
0.04728269142944132,1.0
0.04728413104372184,1.0
0.04728557074566879,1.0
0.04730285400992964,1.0
0.047305735782387524,1.0
0.047307176800292436,1.0
0.04730861790599202,1.0
0.04731582475169094,1.0
0.04731726638432711,1.0
0.04731870810481414,1.0
0.04732303379346071,1.0
0.047324475865431495,1.0
0.04732591802529331,1.0
0.04732880260872215,1.0
0.047330245032305256,1.0
0.04733168754381153,1.0
0.04733457283062574,1.0
0.04733601560594977,1.0
0.047340344459686025,1.0
0.04734900454282143,1.0
0.047350448198060856,1.0
0.0473518919413361,1.0
0.0473533357726552,1.0
0.04735477969202622,1.0
0.04735622369945722,1.0
0.04736922373036449,1.0
0.04737066861883846,1.0
0.04737211359546106,1.0
0.04737355866024037,1.0
0.047376449054301405,1.0
0.04737789438359925,1.0
0.04738078530676999,1.0
0.04738223090065902,1.0
0.047405372405372403,1.0
0.047408266682947675,1.0
0.047409713954269316,1.0
0.04741116131395775,1.0
0.047412608762021066,1.0
0.047414056298467365,1.0
0.047415503923304736,1.0
0.04741695163654128,1.0
0.04741839943818509,1.0
0.04741984732824427,1.0
0.047421295306726924,1.0
0.047422743373641135,1.0
0.047424191528995026,1.0
0.04742563977279668,1.0
0.04742708810505421,1.0
0.047428536525775715,1.0
0.047429985034969306,1.0
0.047431433632643086,1.0
0.047432882318805165,1.0
0.04743433109346365,1.0
0.04743577995662665,1.0
0.04743722890830228,1.0
0.04743867794849864,1.0
0.04744012707722385,1.0
0.047441576294486025,1.0
0.04744302560029327,1.0
0.04744737404906663,1.0
0.04744882370913535,1.0
0.04745172329503789,1.0
0.047453173220887955,1.0
0.047784615384615384,1.0
0.04778608572571464,1.0
0.047787556157301986,1.0
0.04778902667938579,1.0
0.047791967995076165,1.0
0.047793438788699454,1.0
0.04779490967285262,1.0
0.04779638064754401,1.0
0.047797851712782,1.0
0.047800794114931204,1.0
0.04780226545185915,1.0
0.047803736879367134,1.0
0.04780520839746352,1.0
0.04780668000615669,1.0
0.04780815170545499,1.0
0.047809623495366806,1.0
0.04781551156131654,1.0
0.04781698380442145,1.0
0.0478243463800696,1.0
0.04782581916728258,1.0
0.04782729204520957,1.0
0.047828765013858944,1.0
0.04783023807323909,1.0
0.047831711223358386,1.0
0.04783465779584797,1.0
0.047836131218235024,1.0
0.047839078335335614,1.0
0.04784055203006592,1.0
0.047843499691928526,1.0
0.047844973659077604,1.0
0.047846447717049725,1.0
0.04784792186585328,1.0
0.04784939610549667,1.0
0.04785087043598829,1.0
0.04785381936954981,1.0
0.047855293972636506,1.0
0.047856768666605036,1.0
0.04785824345146379,1.0
0.047859718327221176,1.0
0.0478611932938856,1.0
0.047862668351465465,1.0
0.04786414349996918,1.0
0.04786561873940515,1.0
0.047867094069781776,1.0
0.04786856949110748,1.0
0.047871520606639746,1.0
0.047872996300863134,1.0
0.047874472086069236,1.0
0.04787594796226648,1.0
0.047877423929463266,1.0
0.047878899987668026,1.0
0.04788037613688916,1.0
0.04788332870841427,1.0
0.047886281644105945,1.0
0.047887758248535306,1.0
0.04788923494403158,1.0
0.047890711730603185,1.0
0.04789218860825855,1.0
0.047893665577006105,1.0
0.04789514263685428,1.0
0.0478966197878115,1.0
0.04789809702988619,1.0
0.04789957436308679,1.0
0.04790400690952836,1.0
0.047905484607316924,1.0
0.04790696239627356,1.0
0.047908440276406714,1.0
0.047909918247724816,1.0
0.04791287446394965,1.0
0.0479320987654321,1.0
0.04793357819685793,1.0
0.047935057719612324,1.0
0.04793653733370374,1.0
0.047938017039140635,1.0
0.04793949683593147,1.0
0.047963186015627414,1.0
0.047964667366730496,1.0
0.04796614880933996,1.0
0.047967630343464296,1.0
0.047969111969111966,1.0
0.04797059368629147,1.0
0.04798245071989125,1.0
0.047983933261238995,1.0
0.04798541589420344,1.0
0.047986898618793065,1.0
0.04798838143501638,1.0
0.04798986434288186,1.0
0.04799134734239802,1.0
0.04799283043357335,1.0
0.047994313616416345,1.0
0.0479957968909355,1.0
0.04799728025713933,1.0
0.047998763715036315,1.0
0.048022511518599834,1.0
0.04802399653658235,1.0
0.04802548164641123,1.0
0.048026966848095,1.0
0.04802845214164218,1.0
0.0480299375270613,1.0
0.04803142300436087,1.0
0.04803290857354942,1.0
0.048034394234635486,1.0
0.04803587998762759,1.0
0.048037365832534255,1.0
0.04803885176936402,1.0
0.04804033779812541,1.0
0.04804182391882695,1.0
0.04804479643608464,1.0
0.04804628283265786,1.0
0.04804776932120537,1.0
0.04804925590173571,1.0
0.04805074257425743,1.0
0.04805222933877905,1.0
0.04805371619530911,1.0
0.048055203143856175,1.0
0.04805669018442876,1.0
0.04805817731703543,1.0
0.04806115185838517,1.0
0.04806263926714533,1.0
0.04806412676797375,1.0
0.048065614360878986,1.0
0.04806710204586957,1.0
0.048076030090084515,1.0
0.04807751841991208,1.0
0.04807900684189344,1.0
0.04808049535603715,1.0
0.048081983962351776,1.0
0.04808347266084587,1.0
0.048084961451528005,1.0
0.04808793930949063,1.0
0.04808942837678826,1.0
0.048090917536308175,1.0
0.04809240678805896,1.0
0.04809389613204918,1.0
0.048095385568287394,1.0
0.048096875096782184,1.0
0.04809836471754212,1.0
0.048099854430575774,1.0
0.04810134423589172,1.0
0.04810581420561905,1.0
0.04810730438014993,1.0
0.04810879464700598,1.0
0.048111775457727934,1.0
0.048113266001611005,1.0
0.04811475663785358,1.0
0.04811624736646425,1.0
0.04811773818745159,1.0
0.048119229100824196,1.0
0.04812072010659065,1.0
0.04812221120475954,1.0
0.04812370239533947,1.0
0.048125193678339014,1.0
0.04812668505376677,1.0
0.048132651479931815,1.0
0.04813414331762956,1.0
0.04813563524780708,1.0
0.048137127270473,1.0
0.048138619385635906,1.0
0.048140111593304405,1.0
0.04814160389348709,1.0
0.04814309628619257,1.0
0.04814458877142946,1.0
0.04815802530389481,1.0
0.04815951871491922,1.0
0.04816101221856974,1.0
0.04816250581485502,1.0
0.04816399950378365,1.0
0.04816698715960548,1.0
0.04816848112651593,1.0
0.04817146933837898,1.0
0.04817296358334884,1.0
0.04817595235140836,1.0
0.04817744687451528,1.0
0.048178941490351804,1.0
0.04818043619892656,1.0
0.04818342589432534,1.0
0.04818492088116662,1.0
0.04818641596078067,1.0
0.048189406398361626,1.0
0.04819239720713732,1.0
0.04819389275074479,1.0
0.04819538838717686,1.0
0.048196884116442185,1.0
0.04819837993854939,1.0
0.048199875853507136,1.0
0.04820137186132406,1.0
0.048202867962008816,1.0
0.04820735682135651,1.0
0.04820885329359906,1.0
0.04821034985875268,1.0
0.04821184651682603,1.0
0.04821334326782776,1.0
0.048214840111766535,1.0
0.048216337048651,1.0
0.04821933120129165,1.0
0.04822082841706515,1.0
0.04822232572581897,1.0
0.04822382312756179,1.0
0.04822532062230227,1.0
0.048226818210049066,1.0
0.04822831589081084,1.0
0.04822981366459627,1.0
0.048231311531414016,1.0
0.04823280949127275,1.0
0.048234307544181135,1.0
0.04823580569014784,1.0
0.04823730392918155,1.0
0.048238802261290924,1.0
0.04824030068648464,1.0
0.04824179920477137,1.0
0.04824479652065859,1.0
0.04824629531827643,1.0
0.048247794209022,1.0
0.04824929319290397,1.0
0.04825079226993102,1.0
0.04825229144011185,1.0
0.04825379070345513,1.0
0.04825529005996955,1.0
0.048256789509663785,1.0
0.048276290839006496,1.0
0.048277791594130814,1.0
0.04827929244256536,1.0
0.048285296769579954,1.0
0.04828679808469623,1.0
0.048301816372231896,1.0
0.04830331871481447,1.0
0.04830482115085537,1.0
0.048306323680363306,1.0
0.048319850653391415,1.0
0.04832135411804972,1.0
0.04832285767627108,1.0
0.048324361328064225,1.0
0.04832736891240081,1.0
0.04832887284496172,1.0
0.0483378984063745,1.0
0.04833940299436611,1.0
0.04834090767602565,1.0
0.048342412451361866,1.0
0.04834391732038351,1.0
0.048345422283099335,1.0
0.048346927339518085,1.0
0.04834843248964852,1.0
0.048349937733499375,1.0
0.04835144307107942,1.0
0.04835445402746209,1.0
0.04835746535886657,1.0
0.04835897116522389,1.0
0.048360477065362936,1.0
0.04836198305929248,1.0
0.04836348914702127,1.0
0.048364995328558084,1.0
0.04836650160391168,1.0
0.04836800797309082,1.0
0.04836951443610427,1.0
0.04837102099296082,1.0
0.048372527643669214,1.0
0.04837403438823822,1.0
0.04838910699819281,1.0
0.048390614775807805,1.0
0.048392122647388756,1.0
0.04839363061294444,1.0
0.04839513867248364,1.0
0.04839664682601515,1.0
0.04839815507354774,1.0
0.04839966341509022,1.0
0.048401171850651376,1.0
0.04840268038023999,1.0
0.04840418900386485,1.0
0.04840569772153477,1.0
0.04840720653325852,1.0
0.04841324272086788,1.0
0.0484147520029928,1.0
0.04841626137922434,1.0
0.048417770849571315,1.0
0.048419280414042525,1.0
0.048420790072646776,1.0
0.04842229982539287,1.0
0.048423809672289604,1.0
0.048425319613345806,1.0
0.04842682964857027,1.0
0.04842833977797181,1.0
0.048429850001559235,1.0
0.04843136031934136,1.0
0.048432870731326995,1.0
0.0484374025325931,1.0
0.048438913321480925,1.0
0.048478226939285156,1.0
0.04847974027595679,1.0
0.048481253707114536,1.0
0.04848276723276723,1.0
0.04848428085292373,1.0
0.04856463818875477,1.0
0.04856615692529005,1.0
0.04856767575681761,1.0
0.04857071370488522,1.0
0.048572232821443094,1.0
0.0485737520330289,1.0
0.04857527133965156,1.0
0.048576790741319986,1.0
0.04857982982982983,1.0
0.04858134951668908,1.0
0.048582869298629795,1.0
0.04858590914779126,1.0
0.04858742921502988,1.0
0.04858894937738564,1.0
0.048590469634867496,1.0
0.04859198998748435,1.0
0.04859351043524516,1.0
0.048595030978158836,1.0
0.048596551616234315,1.0
0.048598072349480534,1.0
0.04859959317790643,1.0
0.04860111410152094,1.0
0.04860263512033299,1.0
0.04860415623435153,1.0
0.04860719874804382,1.0
0.04861024164266934,1.0
0.04861176323285442,1.0
0.048614806699013934,1.0
0.04861632857500626,1.0
0.04861785054628557,1.0
0.04861937261286081,1.0
0.04862089477474093,1.0
0.04862241703193488,1.0
0.048623939384451614,1.0
0.048625461832300085,1.0
0.048665078967159686,1.0
0.048692544052172826,1.0
0.04871087133805909,1.0
0.04871239923465387,1.0
0.04871392722710163,1.0
0.048715455315411396,1.0
0.04871851177965304,1.0
0.04872004015560296,1.0
0.04872156862745098,1.0
0.04872309719520612,1.0
0.04872462585887742,1.0
0.0487261546184739,1.0
0.04872768347400458,1.0
0.0487307414729047,1.0
0.048732270616292206,1.0
0.048733799855650045,1.0
0.04873532919098726,1.0
0.04873685862231288,1.0
0.04873838814963595,1.0
0.04873991777296551,1.0
0.04874144749231059,1.0
0.048742977307680235,1.0
0.04874909752958533,1.0
0.048758280744717594,1.0
0.048759811616954474,1.0
0.0487613425853245,1.0
0.048762873649836724,1.0
0.048764404810500206,1.0
0.04876746742031716,1.0
0.04876899886948876,1.0
0.04877053041484785,1.0
0.04877206205640349,1.0
0.04877359379416476,1.0
0.0487751256281407,1.0
0.04877818958477291,1.0
0.04877972170744731,1.0
0.04878125392637266,1.0
0.04878278624155803,1.0
0.048784318653012505,1.0
0.04878738376476502,1.0
0.0487904492617028,1.0
0.04879198215463885,1.0
0.048795048229490684,1.0
0.04879811468970935,1.0
0.04879964806435395,1.0
0.048802715102759096,1.0
0.04880424876653782,1.0
0.04880578252671276,1.0
0.04881191853155645,1.0
0.04881652154779493,1.0
0.04881805607946687,1.0
0.04882573018517936,1.0
0.048827265295856126,1.0
0.048830335806816755,1.0
0.04883954965721114,1.0
0.048847230522442046,1.0
0.04885184020132117,1.0
0.048853376954292364,1.0
0.048854913803951176,1.0
0.04885645075030673,1.0
0.04885798779336815,1.0
0.04885952493314456,1.0
0.04886106216964511,1.0
0.0488625995028789,1.0
0.04886721208307111,1.0
0.04886874980332924,1.0
0.04887028762036629,1.0
0.04887182553419139,1.0
0.0488733635448137,1.0
0.04887490165224233,1.0
0.04887643985648644,1.0
0.04887797815755516,1.0
0.048879516555457636,1.0
0.04888259364180044,1.0
0.04888413233025906,1.0
0.04888567111558801,1.0
0.048888748976893534,1.0
0.0488902880528884,1.0
0.048891827225790205,1.0
0.0488933664956081,1.0
0.048894905862351234,1.0
0.04889644532602878,1.0
0.048901064298759366,1.0
0.04890568414422926,1.0
0.048907224286704035,1.0
0.048908764526186504,1.0
0.04891030486268581,1.0
0.04891184529621114,1.0
0.048913385826771655,1.0
0.04891492645437651,1.0
0.0489164671790349,1.0
0.04891800800075598,1.0
0.04898281028228986,1.0
0.04903384693104319,1.0
0.04903539515645228,1.0
0.04903694347963372,1.0
0.049038491900596795,1.0
0.04904468656245065,1.0
0.04904623547246084,1.0
0.04904778448030825,1.0
0.04904933358600215,1.0
0.04905088278955182,1.0
0.04905243209096652,1.0
0.049053981490255534,1.0
0.04905553098742814,1.0
0.049057080582493605,1.0
0.04905863027546121,1.0
0.04906172995513995,1.0
0.049063279941869646,1.0
0.04906948086827388,1.0
0.04907103134479272,1.0
0.049072581919297246,1.0
0.04907413259179675,1.0
0.049075683362300525,1.0
0.04907723423081785,1.0
0.049078785197358026,1.0
0.04908033626193035,1.0
0.049081887424544106,1.0
0.0490834386852086,1.0
0.04908499004393312,1.0
0.04908654150072697,1.0
0.049088093055599455,1.0
0.049089644708559865,1.0
0.049091196459617514,1.0
0.04909274830878169,1.0
0.04909430025606171,1.0
0.04909740444500648,1.0
0.04909895668668985,1.0
0.0491020614645251,1.0
0.04910361400069561,1.0
0.04910516663504711,1.0
0.04910671936758893,1.0
0.04910827219833038,1.0
0.04910982512728078,1.0
0.04911137815444944,1.0
0.04911293127984567,1.0
0.04913468535451008,1.0
0.04913623995443903,1.0
0.04913779465274482,1.0
0.04913934944943678,1.0
0.04916735262458051,1.0
0.04918603914613289,1.0
0.04918759699743452,1.0
0.049189154947421765,1.0
0.049190712996104016,1.0
0.04919227114349065,1.0
0.049193829389591055,1.0
0.049196946177970664,1.0
0.04919850472026864,1.0
0.049200063361317915,1.0
0.04920162210112787,1.0
0.04920318093970789,1.0
0.04920473987706736,1.0
0.04920629891321568,1.0
0.04920785804816223,1.0
0.04921097661448761,1.0
0.04921253604588522,1.0
0.04921565520519727,1.0
0.04921877475992774,1.0
0.049220334685598374,1.0
0.049221894710151815,1.0
0.04922345483359746,1.0
0.04922501505594472,1.0
0.04922657537720299,1.0
0.04922813579738169,1.0
0.04939881671862078,1.0
0.04940038807774279,1.0
0.04940195953683675,1.0
0.0494035310959122,1.0
0.04940510275497868,1.0
0.04940667451404575,1.0
0.04940981833221978,1.0
0.04941139039134585,1.0
0.049412962550510676,1.0
0.04941453480972381,1.0
0.04941610716899481,1.0
0.0494239704665521,1.0
0.0494255434263709,1.0
0.04942868964639231,1.0
0.04943026290661404,1.0
0.04943183626698921,1.0
0.049433409727527376,1.0
0.0494349832882381,1.0
0.04943655694913096,1.0
0.04944127853299799,1.0
0.04944285259471506,1.0
0.0494444267566621,1.0
0.049446001018848704,1.0
0.04944757538128443,1.0
0.04944914984397886,1.0
0.04945072440694157,1.0
0.04945387383371015,1.0
0.04945544869753519,1.0
0.04945702366166683,1.0
0.04945859872611465,1.0
0.04946017389088825,1.0
0.0494617491559972,1.0
0.049463324521451094,1.0
0.049464899987259524,1.0
0.049466475553432074,1.0
0.04946805121997834,1.0
0.04946962698690791,1.0
0.04947120285423038,1.0
0.04947435489009239,1.0
0.04947593105865112,1.0
0.04947750732764113,1.0
0.04947908369707204,1.0
0.04948066016695342,1.0
0.049482236737294884,1.0
0.049483813408106044,1.0
0.04948539017939649,1.0
0.049486967051175834,1.0
0.04948854402345368,1.0
0.049491698269543326,1.0
0.04949327554337434,1.0
0.04950589735416003,1.0
0.04950747553316969,1.0
0.04950905381280286,1.0
0.049512210673978194,1.0
0.04951378925553961,1.0
0.0495169467206581,1.0
0.049520104588501646,1.0
0.04952168367346939,1.0
0.04952326285914729,1.0
0.049524842145545,1.0
0.049529580609153245,1.0
0.04953116029852651,1.0
0.049535899971292784,1.0
0.04953748006379585,1.0
0.04953906025710549,1.0
0.049542220946183047,1.0
0.049543801441970264,1.0
0.04954538203860265,1.0
0.04954696273608984,1.0
0.049548543534441505,1.0
0.049550124433667284,1.0
0.04955170543377684,1.0
0.049553286534779833,1.0
0.049554867736685916,1.0
0.049556449039504756,1.0
0.049558030443246005,1.0
0.04955961194791932,1.0
0.04956119355353439,1.0
0.04956593897612664,1.0
0.04956752098560531,1.0
0.04956910309607405,1.0
0.04957068530754253,1.0
0.04957226762002043,1.0
0.049573850033517414,1.0
0.04957543254804316,1.0
0.049577015163607345,1.0
0.04957859788021964,1.0
0.04958018069788973,1.0
0.04958176361662729,1.0
0.049583346636442004,1.0
0.050061246857069176,1.0
0.05006286064279037,1.0
0.050066088526387054,1.0
0.05006770262428267,1.0
0.050072545542479446,1.0
0.050074160056748564,1.0
0.050075774675136235,1.0
0.05007738939765252,1.0
0.050079004224307506,1.0
0.050085464572515885,1.0
0.05008707992001548,1.0
0.05008869537171424,1.0
0.05009031092762224,1.0
0.05009192658774957,1.0
0.050093542352106314,1.0
0.05009515822070256,1.0
0.05009677419354839,1.0
0.050098390270653895,1.0
0.05010000645202917,1.0
0.050101622737684294,1.0
0.05010323912762937,1.0
0.05010485562187449,1.0
0.05010808892330526,1.0
0.0501097057305111,1.0
0.05011132264205737,1.0
0.05011293965795418,1.0
0.050114556778211625,1.0
0.05011617400283981,1.0
0.05011779133184884,1.0
0.05011940876524882,1.0
0.05012102630304986,1.0
0.05012587954296043,1.0
0.05013073372284451,1.0
0.050132351991736074,1.0
0.050133970365109595,1.0
0.050135588842975205,1.0
0.05013720742534302,1.0
0.050140444903625736,1.0
0.050143682800038746,1.0
0.050145301905069425,1.0
0.05014692111466305,1.0
0.05014854042882976,1.0
0.05015015984757968,1.0
0.050151779370922946,1.0
0.05015339899886969,1.0
0.05015501873143005,1.0
0.050158258510432145,1.0
0.050159878556894154,1.0
0.05016149870801034,1.0
0.05016311896379082,1.0
0.05016635978938527,1.0
0.050169601033758685,1.0
0.05017122181301286,1.0
0.050172842696992216,1.0
0.0501744636857069,1.0
0.050176084779167074,1.0
0.05017770597738288,1.0
0.05017932728036447,1.0
0.050184191818005555,1.0
0.050185813540151884,1.0
0.050192301477004625,1.0
0.05019392372333549,1.0
0.05020365940389216,1.0
0.05020528238450846,1.0
0.050206905470063366,1.0
0.05020852866056707,1.0
0.05021015195602974,1.0
0.050211775356461576,1.0
0.05022151796397503,1.0
0.0502231420994761,1.0
0.050229639692088754,1.0
0.05023126435294498,1.0
0.0502361389661642,1.0
0.050237764047488115,1.0
0.05023938923395445,1.0
0.05024101452557342,1.0
0.05024426542431007,1.0
0.05024589103144817,1.0
0.050247516743779724,1.0
0.050249142561314956,1.0
0.05025239451203728,1.0
0.0502540206452448,1.0
0.050255646883696846,1.0
0.05025727322740364,1.0
0.0502588996763754,1.0
0.05026052623062235,1.0
0.05026540652511652,1.0
0.05026703350056644,1.0
0.050268660581342654,1.0
0.05027028776745541,1.0
0.05027191505891493,1.0
0.050275169957915186,1.0
0.0502800530967721,1.0
0.0502816810205271,1.0
0.0502833090497005,1.0
0.050284937184302554,1.0
0.05028656542434349,1.0
0.05028819376983356,1.0
0.05029307943910101,1.0
0.050294708206490055,1.0
0.050301224331152423,1.0
0.050302853626145824,1.0
0.05030611253279777,1.0
0.050307742144476836,1.0
0.05030937186173831,1.0
0.05031263161304954,1.0
0.05031426164711981,1.0
0.05031589178681354,1.0
0.05031752203214101,1.0
0.050319152383112464,1.0
0.05032078283973819,1.0
0.05032241340202845,1.0
0.050324044069993516,1.0
0.05032567484364367,1.0
0.05032730572298918,1.0
0.0503321989953006,1.0
0.05033872483874104,1.0
0.05034035656401945,1.0
0.05034525237462314,1.0
0.05034688452311483,1.0
0.050355046853214874,1.0
0.050368112087698244,1.0
0.05036974571873378,1.0
0.0503713794557426,1.0
0.0503746472477213,1.0
0.05037791546371687,1.0
0.05037954973074677,1.0
0.050381184103811844,1.0
0.0503828185829224,1.0
0.05038445316808877,1.0
0.05039753366866786,1.0
0.05039916920880119,1.0
0.05040080485509363,1.0
0.0504024406075555,1.0
0.050405712431028885,1.0
0.050407348502061085,1.0
0.050408984679304075,1.0
0.0504106209627682,1.0
0.0504122573524638,1.0
0.05041389384840123,1.0
0.050415530450590836,1.0
0.05041880397376794,1.0
0.050420440894776146,1.0
0.050422077922077924,1.0
0.050423715055683625,1.0
0.05042535229560361,1.0
0.05042862709442785,1.0
0.05043026465335282,1.0
0.0504319023186335,1.0
0.05043354009028026,1.0
0.05043681595271345,1.0
0.050438454043520625,1.0
0.050440092240735326,1.0
0.05044173054436794,1.0
0.050443368954428816,1.0
0.050445007470928345,1.0
0.05044664609387689,1.0
0.05046631787606018,1.0
0.05046795788379046,1.0
0.05046959799811511,1.0
0.05047123821904453,1.0
0.0504728785465891,1.0
0.050474518980759234,1.0
0.05047615952156531,1.0
0.05047944092312693,1.0
0.050481081783903266,1.0
0.05048272275135715,1.0
0.05048436382549899,1.0
0.050486005006339194,1.0
0.05048764629388817,1.0
0.05066718867247398,1.0
0.05066884176182708,1.0
0.0506704949590525,1.0
0.050683724421526716,1.0
0.05068537859007833,1.0
0.05068703286660792,1.0
0.05069365105271748,1.0
0.05069696079391506,1.0
0.05069861582658658,1.0
0.05070027096732069,1.0
0.05070192621612798,1.0
0.05070358157301903,1.0
0.05070523703800444,1.0
0.05070689261109478,1.0
0.05070854829230066,1.0
0.050710204081632654,1.0
0.05071185997910136,1.0
0.05072014108886639,1.0
0.05072345429010027,1.0
0.05072676792422015,1.0
0.05072842490363886,1.0
0.050730081991310884,1.0
0.050731739187246834,1.0
0.05073339649145732,1.0
0.050735053903952956,1.0
0.05073836905384213,1.0
0.0507400267912569,1.0
0.05074168463699928,1.0
0.05074334259107989,1.0
0.05074500065350934,1.0
0.05074665882429827,1.0
0.05074831710345729,1.0
0.050749975490997024,1.0
0.050751633986928106,1.0
0.05075329259126115,1.0
0.0507549513040068,1.0
0.05075661012517567,1.0
0.050758269054778406,1.0
0.050759928092825625,1.0
0.05076158723932797,1.0
0.05076324649429608,1.0
0.050764905857740586,1.0
0.05076656532967212,1.0
0.05076822491010134,1.0
0.05076988459903887,1.0
0.050773204302481445,1.0
0.05077652444008501,1.0
0.05077818467172378,1.0
0.050779845011934735,1.0
0.050781505460728536,1.0
0.050783166018115826,1.0
0.05078482668410726,1.0
0.050786487458713496,1.0
0.05078814834194519,1.0
0.050789809333812996,1.0
0.05079147043432758,1.0
0.05079313164349959,1.0
0.0507947929613397,1.0
0.05079645438785857,1.0
0.05079811592306686,1.0
0.050799777566975235,1.0
0.050801439319594376,1.0
0.05080310118093494,1.0
0.05080642522982301,1.0
0.05080808741739187,1.0
0.05080974971372485,1.0
0.05081141211883261,1.0
0.050813074632725844,1.0
0.05081473725541522,1.0
0.05081806282722513,1.0
0.05081972577636703,1.0
0.050821388834347794,1.0
0.0508247152768687,1.0
0.05082637866143021,1.0
0.05082804215487334,1.0
0.050829705757208785,1.0
0.05083136946844724,1.0
0.05083469721767594,1.0
0.050836361255687586,1.0
0.050838025402645017,1.0
0.050839689658558944,1.0
0.05084135402344006,1.0
0.05084301849729907,1.0
0.050844683080146676,1.0
0.05084634777199358,1.0
0.0508480125728505,1.0
0.0508513425016372,1.0
0.05085467286659244,1.0
0.05085633821266005,1.0
0.05085800366780194,1.0
0.050859669232028816,1.0
0.05086133490535141,1.0
0.050863000687780435,1.0
0.05086466657932661,1.0
0.05086633258000065,1.0
0.0508679986898133,1.0
0.050869664908775265,1.0
0.05087133123689727,1.0
0.05087299767419006,1.0
0.050874664220664355,1.0
0.05087633087633087,1.0
0.05088133149859118,1.0
0.050884665792922674,1.0
0.05088633310396802,1.0
0.05088800052428075,1.0
0.050889668053871615,1.0
0.050891335692751345,1.0
0.050894671298420395,1.0
0.050899675526859166,1.0
0.05090301222590055,1.0
0.05090468073947817,1.0
0.05090801809480102,1.0
0.05090968693656778,1.0
0.050911355887752426,1.0
0.050914694118418466,1.0
0.05091636339792138,1.0
0.050918032786885246,1.0
0.050919702285320834,1.0
0.05092304161065023,1.0
0.050924711437565585,1.0
0.05092638137399574,1.0
0.050928051419951464,1.0
0.050929721575443544,1.0
0.05093139184048275,1.0
0.050941415731811324,1.0
0.050943086763982286,1.0
0.05094475790578664,1.0
0.05094642915723518,1.0
0.050948100518338695,1.0
0.05094977198910797,1.0
0.05095478705951834,1.0
0.050956458969058635,1.0
0.050958130988318674,1.0
0.050961475356041216,1.0
0.05096314770452532,1.0
0.05096649273079321,1.0
0.05096816540859862,1.0
0.050971511093606404,1.0
0.050973184100830404,1.0
0.05098992021538563,1.0
0.05099326875718273,1.0
0.05099494319301241,1.0
0.050996617738810625,1.0
0.0509982923945882,1.0
0.05099996716035598,1.0
0.0510016420361248,1.0
0.051003317021905484,1.0
0.05100499211770888,1.0
0.05101169360136645,1.0
0.051013369247446046,1.0
0.05101504500361343,1.0
0.05101672086987944,1.0
0.05101839684625493,1.0
0.05102174912937775,1.0
0.051023425436146796,1.0
0.05102510185306874,1.0
0.05102677838015443,1.0
0.05103180862250263,1.0
0.05103516266841932,1.0
0.051036839856715636,1.0
0.05104019456403852,1.0
0.05104187208308683,1.0
0.05104354971240756,1.0
0.05105361780466156,1.0
0.0510552962061937,1.0
0.05105865334034718,1.0
0.0510603320729903,1.0
0.05106201091602552,1.0
0.05106368986946372,1.0
0.0510653689333158,1.0
0.05106704810759265,1.0
0.05106872739230516,1.0
0.05107040678746424,1.0
0.05107208629308077,1.0
0.05107376590916565,1.0
0.05107544563572979,1.0
0.051077125472784084,1.0
0.05108720681601368,1.0
0.0510888874268044,1.0
0.05109056814817252,1.0
0.051092248980128964,1.0
0.051093929922684654,1.0
0.0510956109758505,1.0
0.05110569961827037,1.0
0.051107381446013095,1.0
0.051110745433602105,1.0
0.05111242759347025,1.0
0.051114109864068724,1.0
0.051115792245408465,1.0
0.05111747473750041,1.0
0.05112252287839884,1.0
0.05112420581360898,1.0
0.05112925528412458,1.0
0.05124228726036889,1.0
0.05125243391307217,1.0
0.051254125412541256,1.0
0.051257508746451914,1.0
0.051259200580915605,1.0
0.05126089252706628,1.0
0.051262584584915005,1.0
0.051264276754472836,1.0
0.051265969035750834,1.0
0.05126766142876007,1.0
0.051269353933511605,1.0
0.051272739278285843,1.0
0.051274432118330694,1.0
0.05127612507016212,1.0
0.05127781813379119,1.0
0.05127951130922899,1.0
0.05128120459648659,1.0
0.051282897995575075,1.0
0.051284591506505516,1.0
0.05128628512928899,1.0
0.051287978863936594,1.0
0.051289672710459394,1.0
0.051291366668868486,1.0
0.05129306073917495,1.0
0.05129644921552436,1.0
0.051298143621589486,1.0
0.05130153276955603,1.0
0.051303227511479636,1.0
0.051304922365378265,1.0
0.05130661733126301,1.0
0.05130831240914497,1.0
0.05131000759903525,1.0
0.05131170290094495,1.0
0.051313398314885184,1.0
0.051315093840867035,1.0
0.05131678947890163,1.0
0.051318485229000066,1.0
0.05132018109117346,1.0
0.05132187706543292,1.0
0.05132357315178955,1.0
0.05132526935025448,1.0
0.051326965660838816,1.0
0.051328662083553675,1.0
0.05133035861841018,1.0
0.05133205526541945,1.0
0.0513337520245926,1.0
0.051335448895940765,1.0
0.051337145879475056,1.0
0.05133884297520661,1.0
0.05134054018314655,1.0
0.05134223750330601,1.0
0.051343934935696105,1.0
0.051347330137212766,1.0
0.05135242378149593,1.0
0.05135412188750372,1.0
0.05135921687942324,1.0
0.051360915434732285,1.0
0.0513626141023945,1.0
0.051364312882421034,1.0
0.05136601177482305,1.0
0.051367710779611685,1.0
0.05136940989679809,1.0
0.05138470701121663,1.0
0.05138640725299451,1.0
0.0513898080741231,1.0
0.05139150865349614,1.0
0.051393209345423255,1.0
0.05139491014991561,1.0
0.05139661106698438,1.0
0.05141362643183473,1.0
0.051415328587982125,1.0
0.05141703085684016,1.0
0.05141873323842003,1.0
0.05142043573273293,1.0
0.05142213833979007,1.0
0.05142384105960265,1.0
0.05142554389218186,1.0
0.05143235635038914,1.0
0.051434059746969595,1.0
0.05143576325638393,1.0
0.05143746687864335,1.0
0.05144257842260426,1.0
0.051444282496356165,1.0
0.051445986683009245,1.0
0.05145621417448063,1.0
0.05145791915175613,1.0
0.051466445733222864,1.0
0.05147156303857881,1.0
0.05147326903317755,1.0
0.05147497514086841,1.0
0.051476681361662634,1.0
0.05147838769557147,1.0
0.05148009414260616,1.0
0.05148180070277796,1.0
0.05148350737609813,1.0
0.05148521416257791,1.0
0.05148692106222856,1.0
0.051488628075061334,1.0
0.0514903352010875,1.0
0.051492042440318304,1.0
0.05178738161931439,1.0
0.05178910861373262,1.0
0.05179083572333756,1.0
0.05179256294814074,1.0
0.05179429028815368,1.0
0.05179601774338792,1.0
0.051799472999566394,1.0
0.05180120080053369,1.0
0.05180292871676841,1.0
0.05180465674828207,1.0
0.05180638489508623,1.0
0.05180811315719242,1.0
0.051809841534612176,1.0
0.05181157002735704,1.0
0.051813298635438564,1.0
0.051815027358868275,1.0
0.051816756197657736,1.0
0.051818485151818486,1.0
0.05182021422136207,1.0
0.05182194340630005,1.0
0.051823672706643974,1.0
0.05182540212240539,1.0
0.05182713165359586,1.0
0.05182886130022694,1.0
0.05183405093287941,1.0
0.05183751126539604,1.0
0.051839241604913544,1.0
0.0518478950355557,1.0
0.05185135721678742,1.0
0.051853088480801335,1.0
0.05186521056674348,1.0
0.051866942755994926,1.0
0.051870407481629924,1.0
0.05187214001803667,1.0
0.05187387267018505,1.0
0.05187560543808665,1.0
0.05187733832175307,1.0
0.05187907132119592,1.0
0.05188080443642681,1.0
0.05188253766745732,1.0
0.05188600447696368,1.0
0.051898141959631064,1.0
0.05189987634929653,1.0
0.05190161085488938,1.0
0.05190334547642124,1.0
0.05190508021390374,1.0
0.05190681506734851,1.0
0.05190855003676716,1.0
0.05191028512217134,1.0
0.05191202032357267,1.0
0.05191375564098279,1.0
0.05191549107441332,1.0
0.051917226623875906,1.0
0.05191896228938219,1.0
0.0519206980709438,1.0
0.051922433968572386,1.0
0.05192416998227958,1.0
0.051925906112077036,1.0
0.051927642357976395,1.0
0.0519311151981274,1.0
0.051932851792402354,1.0
0.051934588502825806,1.0
0.0519363253294094,1.0
0.05193979933110368,1.0
0.05194327379757843,1.0
0.05194501120513764,1.0
0.05195022412524252,1.0
0.051951961997792125,1.0
0.051953699986618494,1.0
0.051955438091733294,1.0
0.05195717631314821,1.0
0.051958914650874904,1.0
0.05196065310492505,1.0
0.05196413036204243,1.0
0.05196586916513301,1.0
0.05196760808459376,1.0
0.05196934712043637,1.0
0.051972825541313876,1.0
0.05198848419925013,1.0
0.051991965182457314,1.0
0.05199370584887342,1.0
0.05200066968022769,1.0
0.05200241092954728,1.0
0.052004152295482706,1.0
0.052005893778045674,1.0
0.05200763537724792,1.0
0.05200937709310114,1.0
0.052011118925617064,1.0
0.05201286087480742,1.0
0.05201460294068393,1.0
0.052016345123258305,1.0
0.05201808742254229,1.0
0.05202157237128597,1.0
0.05202331502076913,1.0
0.05202505778700881,1.0
0.05202680067001675,1.0
0.05202854366980468,1.0
0.05203028678638435,1.0
0.05203203001976748,1.0
0.05203377336996583,1.0
0.052037260420855116,1.0
0.052039004121569546,1.0
0.05204074793914617,1.0
0.052042491873596726,1.0
0.05204423592493298,1.0
0.05204598009316666,1.0
0.05204772437830954,1.0
0.05205819254491821,1.0
0.05206168286959437,1.0
0.0520651736623307,1.0
0.052066919234250844,1.0
0.05206866492322135,1.0
0.05207041072925398,1.0
0.052072156652360514,1.0
0.05207390269255273,1.0
0.0520756488498424,1.0
0.0520773951242413,1.0
0.052079141515761235,1.0
0.05208088802441396,1.0
0.05208263465021128,1.0
0.05208438139316497,1.0
0.052086128253286824,1.0
0.05208787523058863,1.0
0.05208962232508218,1.0
0.05209136953677926,1.0
0.052093116865691666,1.0
0.052094864311831204,1.0
0.05209661187520966,1.0
0.052100107353730545,1.0
0.05210185526889657,1.0
0.05210360330134872,1.0
0.05210535145109881,1.0
0.052107099718158634,1.0
0.05210884810254001,1.0
0.052110596604254746,1.0
0.052114093959731544,1.0
0.052115842813517235,1.0
0.05211759178468354,1.0
0.05211934087324227,1.0
0.05212109007920526,1.0
0.052122839402584324,1.0
0.05212458884339129,1.0
0.05212633840163797,1.0
0.052128088077336196,1.0
0.052142089712597366,1.0
0.052147342265202644,1.0
0.052149093351242445,1.0
0.05215084455488767,1.0
0.052152595876150176,1.0
0.05215609887157442,1.0
0.052157850545759867,1.0
0.052159602337609995,1.0
0.052161354247136665,1.0
0.052163106274351737,1.0
0.052164858419267074,1.0
0.05216661068189452,1.0
0.05216836306224596,1.0
0.05217011556033324,1.0
0.052175373761128845,1.0
0.05217712673027819,1.0
0.05218063302197433,1.0
0.052182386344544876,1.0
0.05218413978494624,1.0
0.05218589334319029,1.0
0.05218764701928893,1.0
0.05219290875483112,1.0
0.052199926052905785,1.0
0.05220168067226891,1.0
0.0522034354095936,1.0
0.05220519026489176,1.0
0.052206945238175276,1.0
0.05220870032945606,1.0
0.05221221086605702,1.0
0.052213966311401,1.0
0.0522174775562355,1.0
0.05222977063294545,1.0
0.052231527259274206,1.0
0.052233284003766985,1.0
0.052235040866435704,1.0
0.0522367978472923,1.0
0.052238554946348686,1.0
0.05224031216361679,1.0
0.052242069499108555,1.0
0.0522438269528359,1.0
0.05224734221504508,1.0
0.052249100023550786,1.0
0.05225261599542411,1.0
0.05225437415881561,1.0
0.052256132440526265,1.0
0.05226140799569256,1.0
0.05226316675079926,1.0
0.05226492562428485,1.0
0.052266684616161276,1.0
0.052268443726440496,1.0
0.05227020295513446,1.0
0.052271962302255136,1.0
0.05227372176781447,1.0
0.05228076081467766,1.0
0.052284281049052285,1.0
0.05228604134401724,1.0
0.05228956228956229,1.0
0.052293083709340694,1.0
0.05229484459709735,1.0
0.05229660560344827,1.0
0.05229836672840545,1.0
0.05230012797198087,1.0
0.05233537777178675,1.0
0.05233714150911603,1.0
0.05233890536532758,1.0
0.05234066934043342,1.0
0.05234243343444557,1.0
0.05234419764737605,1.0
0.05234772643004011,1.0
0.05235302049622438,1.0
0.05235478542291744,1.0
0.05235655046861304,1.0
0.052358315633323216,1.0
0.052360080917060015,1.0
0.05236184631983546,1.0
0.052363611841661606,1.0
0.052374207473357616,1.0
0.052375973828875926,1.0
0.052377740303541316,1.0
0.05238304044254056,1.0
0.052384807393914865,1.0
0.0523918763916065,1.0
0.052397179392017275,1.0
0.05239894729738849,1.0
0.05240071532206364,1.0
0.05240778861404515,1.0
0.052409557235421164,1.0
0.0524113259761736,1.0
0.052413094836314546,1.0
0.05241486381585609,1.0
0.052416632914810316,1.0
0.052418402133189324,1.0
0.052420171471005195,1.0
0.052421940928270044,1.0
0.052423710504995946,1.0
0.052425480201195016,1.0
0.052430790006752194,1.0
0.05243256018096492,1.0
0.05243433047471133,1.0
0.05243610088800351,1.0
0.05243787142085359,1.0
0.05243964207327368,1.0
0.052441412845275884,1.0
0.05244318373687232,1.0
0.052444954748075104,1.0
0.05244672587889636,1.0
0.052448497129348196,1.0
0.05245026849944274,1.0
0.05245203998919211,1.0
0.05245381159860844,1.0
0.05245558332770384,1.0
0.05245735517649046,1.0
0.05245912714498041,1.0
0.05246089923318582,1.0
0.052462671441118845,1.0
0.05246444376879159,1.0
0.052466216216216215,1.0
0.05246798878340485,1.0
0.05246976147036962,1.0
0.05247153427712268,1.0
0.05247330720367617,1.0
0.05247508025004224,1.0
0.05247685341623302,1.0
0.052480400108137336,1.0
0.05248394727948631,1.0
0.05248572104498293,1.0
0.05251411760727691,1.0
0.05251944538383497,1.0
0.05252477424155308,1.0
0.052526550767773794,1.0
0.05252832741417216,1.0
0.052531881067550655,1.0
0.05253365807455517,1.0
0.052535435201786135,1.0
0.05253898981697622,1.0
0.05254076730495974,1.0
0.052542544913218525,1.0
0.052544322641764785,1.0
0.05255143475906876,1.0
0.05255321308923556,1.0
0.05255499153976311,1.0
0.05255677011066364,1.0
0.05256032761363252,1.0
0.05256210654572531,1.0
0.052563885598239976,1.0
0.05256744406458383,1.0
0.052569223478437475,1.0
0.05257100301276192,1.0
0.052572782667569394,1.0
0.05257456244287213,1.0
0.05257634233868237,1.0
0.05257812235501236,1.0
0.05258346312724318,1.0
0.052585243625774554,1.0
0.052587024244886905,1.0
0.05258880498459246,1.0
0.05259236682583223,1.0
0.05259414792739095,1.0
0.0525959291495919,1.0
0.05259771049244733,1.0
0.05260127354017071,1.0
0.052603055245063174,1.0
0.05260483707065917,1.0
0.05260661901697097,1.0
0.05261018327179105,1.0
0.05261196558032387,1.0
0.052613748009621576,1.0
0.052615530559696436,1.0
0.05261731323056073,1.0
0.05261909602222674,1.0
0.05262087893470674,1.0
0.05262266196801301,1.0
0.05262444512215784,1.0
0.05262622839715351,1.0
0.052628011793012304,1.0
0.052629795309746506,1.0
0.05265299203254789,1.0
0.05265477724282905,1.0
0.05265656257417014,1.0
0.05269408251900109,1.0
0.05269587051677921,1.0
0.05269765863590092,1.0
0.052699446876378564,1.0
0.052701235238224516,1.0
0.052703023721451116,1.0
0.05270481232607072,1.0
0.05270660105209571,1.0
0.05270838989953842,1.0
0.05271017886841123,1.0
0.05271196795872649,1.0
0.05271375717049659,1.0
0.052717335958450726,1.0
0.05271912553465952,1.0
0.052720915232372614,1.0
0.05272270505160239,1.0
0.05272449499236123,1.0
0.05273344651952462,1.0
0.052735237189717815,1.0
0.05273702798152676,1.0
0.052740609930041434,1.0
0.052742401086771945,1.0
0.0527692830445124,1.0
0.05277107614937646,1.0
0.05277286937610439,1.0
0.0527746627247086,1.0
0.05277645619520152,1.0
0.052780043501903205,1.0
0.052783631296308885,1.0
0.0527854253764318,1.0
0.052787219578518015,1.0
0.052789013902579965,1.0
0.05279080834863009,1.0
0.05279260291668083,1.0
0.05279439760674463,1.0
0.05279619241883393,1.0
0.05279798735296117,1.0
0.05279978240913882,1.0
0.0528015775873793,1.0
0.05280337288769508,1.0
0.05280696385460233,1.0
0.05280875952121872,1.0
0.05281055530996021,1.0
0.052812351220839285,1.0
0.05281414725386839,1.0
0.05281773968642656,1.0
0.05281953608598054,1.0
0.05282133260773443,1.0
0.05282312925170068,1.0
0.052824926017891766,1.0
0.05282672290632016,1.0
0.052828519916998336,1.0
0.05283031704993877,1.0
0.052832114305153936,1.0
0.052833911682656325,1.0
0.05283570918245841,1.0
0.05283750680457267,1.0
0.052839304549011604,1.0
0.05284110241578768,1.0
0.05284469851640125,1.0
0.05284649675026372,1.0
0.052850093585162496,1.0
0.0528518921862238,1.0
0.0528536909097097,1.0
0.0528554897556327,1.0
0.05285728872400531,1.0
0.05285908781484003,1.0
0.05286088702814936,1.0
0.05286268636394581,1.0
0.05286808510638298,1.0
0.052871684880672724,1.0
0.052873484951654635,1.0
0.05287528514521126,1.0
0.052877085461355125,1.0
0.052878885900098746,1.0
0.05288248714543535,1.0
0.052884287952053396,1.0
0.0528860888813213,1.0
0.0528878899332516,1.0
0.05288969110785682,1.0
0.052891492405149516,1.0
0.0528932938251422,1.0
0.05289509536784741,1.0
0.0528986988214456,1.0
0.05290230276604442,1.0
0.052904104922500424,1.0
0.05290590720174423,1.0
0.052909512128645406,1.0
0.05291131477632789,1.0
0.05291492044021943,1.0
0.05291672345645359,1.0
0.05291852659556343,1.0
0.05292032985756151,1.0
0.05292213324246039,1.0
0.05292393675027263,1.0
0.052925740381010805,1.0
0.052927544134687476,1.0
0.05292934801131523,1.0
0.05293115201090661,1.0
0.052932956133474214,1.0
0.05293656474758837,1.0
0.05293836923916008,1.0
0.05294197859139565,1.0
0.05294378345208468,1.0
0.05294558843583799,1.0
0.05294739354266817,1.0
0.052949198772587795,1.0
0.05295100412560946,1.0
0.052952809601745775,1.0
0.05295461520100931,1.0
0.05295642092341267,1.0
0.052967257844474765,1.0
0.052969064429209727,1.0
0.05297087113718535,1.0
0.052972677968414233,1.0
0.053061363946972806,1.0
0.05306317695698227,1.0
0.053064990090890454,1.0
0.053066803348710063,1.0
0.05307224386576447,1.0
0.05307949962403445,1.0
0.053081313873602896,1.0
0.05308312824719716,1.0
0.053084942744829944,1.0
0.053086757366513984,1.0
0.05309038698208669,1.0
0.053095832336148244,1.0
0.053097647702407005,1.0
0.05310309454607625,1.0
0.05310491040897278,1.0
0.053106726396060594,1.0
0.05310854250735244,1.0
0.053110358742861054,1.0
0.05311217510259918,1.0
0.05311580819481497,1.0
0.05313216326251326,1.0
0.05313398111400027,1.0
0.05313579908988264,1.0
0.05313761719017313,1.0
0.05314670955819445,1.0
0.053148528405201914,1.0
0.05315580503833516,1.0
0.05316126382090165,1.0
0.05316308366424757,1.0
0.05316490363219335,1.0
0.0531667237247518,1.0
0.0531685439419357,1.0
0.053170364283757876,1.0
0.053174005341368215,1.0
0.05317582605718199,1.0
0.05317764689768525,1.0
0.0531794678628908,1.0
0.05318128895281145,1.0
0.05318311016746002,1.0
0.05318493150684932,1.0
0.05318675297099216,1.0
0.053188574559901364,1.0
0.05319039627358975,1.0
0.053194040075355366,1.0
0.053195862163458243,1.0
0.05320315176430284,1.0
0.05320497447668642,1.0
0.053206797313964646,1.0
0.05321591337422472,1.0
0.053217736961140426,1.0
0.05321956067304068,1.0
0.05322138450993832,1.0
0.05322320847184619,1.0
0.05322685677074408,1.0
0.0532286811077598,1.0
0.0533585294622917,1.0
0.05336036283672348,1.0
0.05337136572960341,1.0
0.05337319998625288,1.0
0.05337503436898543,1.0
0.05337686887781406,1.0
0.05337870351275177,1.0
0.05338053827381157,1.0
0.05338237316100646,1.0
0.053384208174349454,1.0
0.053386043313853555,1.0
0.05338787857953178,1.0
0.05338971397139714,1.0
0.05339154948946265,1.0
0.05339338513374132,1.0
0.05339522090424618,1.0
0.05339705680099024,1.0
0.05339889282398652,1.0
0.05340991161399044,1.0
0.05341358555460017,1.0
0.0534282863728627,1.0
0.05343012454414092,1.0
0.0534393172980971,1.0
0.05344115622849278,1.0
0.05344299528545373,1.0
0.05344483446899305,1.0
0.05344667377912379,1.0
0.05344851321585903,1.0
0.05345035277921184,1.0
0.05345219246919529,1.0
0.05345587222910643,1.0
0.053457712299060274,1.0
0.053459552495697074,1.0
0.05346139281902992,1.0
0.05346323326907188,1.0
0.053465073845836056,1.0
0.053468755379583406,1.0
0.05347243742037668,1.0
0.05347427863094828,1.0
0.05347611996832065,1.0
0.053479803023520095,1.0
0.053481644741373374,1.0
0.05348348658607983,1.0
0.05348532855765257,1.0
0.053668313923350724,1.0
0.053670168648050874,1.0
0.053672023500950405,1.0
0.05367387848206263,1.0
0.05367573359140082,1.0
0.053677588828978294,1.0
0.053679444194808336,1.0
0.053681299688904255,1.0
0.05368315531127934,1.0
0.053685011061946904,1.0
0.053686866940920244,1.0
0.05368872294821268,1.0
0.05369057908383751,1.0
0.05369243534780805,1.0
0.05369429174013761,1.0
0.05372587006157891,1.0
0.05372772876664937,1.0
0.053729587600332133,1.0
0.053731446562640554,1.0
0.05373702422145329,1.0
0.05373888369839787,1.0
0.05374074330403488,1.0
0.05376120746356493,1.0
0.053763068614553766,1.0
0.05376492989440886,1.0
0.05376679130314361,1.0
0.05376865284077139,1.0
0.0537723763027596,1.0
0.05377423822714682,1.0
0.053779824774041626,1.0
0.05378354978354978,1.0
0.05378541248181755,1.0
0.05378727530911232,1.0
0.05379100135083648,1.0
0.05379286456529269,1.0
0.05379472790882954,1.0
0.05379659138146044,1.0
0.05379845498319881,1.0
0.05380031871405806,1.0
0.05380218257405162,1.0
0.0538040465631929,1.0
0.05380591068149534,1.0
0.05380777492897235,1.0
0.05380963930563736,1.0
0.05381150381150381,1.0
0.05381336844658512,1.0
0.053817098104446064,1.0
0.05412469940403583,1.0
0.054126585807890704,1.0
0.05412847234324353,1.0
0.05413224580849803,1.0
0.05413601979990937,1.0
0.054137906992958236,1.0
0.054139794317587586,1.0
0.054141681773811186,1.0
0.05414356936164279,1.0
0.05414545708109616,1.0
0.05414734493218507,1.0
0.05414923291492329,1.0
0.054151121029324595,1.0
0.05415300927540275,1.0
0.05415678616264472,1.0
0.05415867480383609,1.0
0.054164341517857144,1.0
0.05416623068605909,1.0
0.05417000941783808,1.0
0.05417189898144272,1.0
0.05417378867687585,1.0
0.05417567850415126,1.0
0.05417756846328275,1.0
0.05417945855428412,1.0
0.05418512961864554,1.0
0.05418702023726448,1.0
0.054188910987822324,1.0
0.05419080187033289,1.0
0.05419269288481,1.0
0.05419458403126745,1.0
0.05419647530971907,1.0
0.054198366720178685,1.0
0.0542002582626601,1.0
0.05420214993717716,1.0
0.05420404174374367,1.0
0.054205933682373475,1.0
0.054207825753080384,1.0
0.05420971795587825,1.0
0.054211610290780886,1.0
0.05421350275780214,1.0
0.05421539535695584,1.0
0.05421728808825583,1.0
0.054219180951715955,1.0
0.05422107394735005,1.0
0.054222967075171956,1.0
0.054226753727434615,1.0
0.054228647251903066,1.0
0.054230540908614726,1.0
0.05423243469758346,1.0
0.05423622267234756,1.0
0.05423811685817064,1.0
0.05424001117630623,1.0
0.054241905626768186,1.0
0.054243800209570384,1.0
0.054245694924726674,1.0
0.05425137986445888,1.0
0.05425327510917031,1.0
0.054255170486305196,1.0
0.05425706599587744,1.0
0.054258961637900914,1.0
0.05426085741238951,1.0
0.05426275331935709,1.0
0.05426844183527274,1.0
0.054272234841866156,1.0
0.05427413154399944,1.0
0.05427602837870898,1.0
0.05427792534600867,1.0
0.05427982244591241,1.0
0.054281719678434114,1.0
0.05428361704358768,1.0
0.054285514541387025,1.0
0.05428741217184605,1.0
0.0543044968179593,1.0
0.054306395775780676,1.0
0.054308294866414884,1.0
0.05431019408987585,1.0
0.05431209344617752,1.0
0.05431399293533382,1.0
0.0543158925573587,1.0
0.0543177923122661,1.0
0.054319692200069956,1.0
0.05432159222078422,1.0
0.05433299513696953,1.0
0.05433489608844728,1.0
0.054336797172947066,1.0
0.05433869839048285,1.0
0.05434059974106862,1.0
0.054342501224718315,1.0
0.054346304591265396,1.0
0.054348206474190724,1.0
0.05435010849023588,1.0
0.05435391292174156,1.0
0.05435581533723006,1.0
0.054363426331081315,1.0
0.05436532941258839,1.0
0.05436723262734115,1.0
0.05436913597535359,1.0
0.05437103945663971,1.0
0.0543729430712135,1.0
0.05437484681908897,1.0
0.054380558862665455,1.0
0.05438436755848158,1.0
0.054386272106461214,1.0
0.05438817678784058,1.0
0.0543900816026337,1.0
0.05439198655085458,1.0
0.05439579684763573,1.0
0.054397702196224036,1.0
0.0543996076782962,1.0
0.054401513293866256,1.0
0.05440341904294822,1.0
0.05440532492555614,1.0
0.054407230941704035,1.0
0.05441294979152798,1.0
0.054414856341976174,1.0
0.05441676302603455,1.0
0.05442057679503802,1.0
0.05442439109865078,1.0
0.05442629845097077,1.0
0.05442820593698525,1.0
0.05443011355670826,1.0
0.054432021310153865,1.0
0.05443392919733614,1.0
0.05443583721826913,1.0
0.05443774537296691,1.0
0.05443965366144354,1.0
0.054441562083713105,1.0
0.05444347063978966,1.0
0.054447288153420044,1.0
0.05444919711100203,1.0
0.05445110620244732,1.0
0.05445301542776999,1.0
0.05445492478698412,1.0
0.0544568342801038,1.0
0.05445874390714311,1.0
0.054460653668116143,1.0
0.054462563563037,1.0
0.054464473591919756,1.0
0.054466383754778525,1.0
0.05446829405162738,1.0
0.054470204482480446,1.0
0.05447402574625557,1.0
0.05447593657920584,1.0
0.05447784754621672,1.0
0.054487404392674195,1.0
0.05448931616434511,1.0
0.054495052284370835,1.0
0.05450078961221267,1.0
0.05450270232329613,1.0
0.05450461516863791,1.0
0.05450652814825214,1.0
0.054508441262152964,1.0
0.05451035451035451,1.0
0.05451226789287093,1.0
0.054516095060904976,1.0
0.054519922766368266,1.0
0.05452375100937401,1.0
0.054531409108465885,1.0
0.05453332396937987,1.0
0.05453523896477859,1.0
0.054537154094676216,1.0
0.054540984758024866,1.0
0.05454290029150423,1.0
0.054544815959539195,1.0
0.05454673176214394,1.0
0.05454864769933263,1.0
0.05455056377111946,1.0
0.05455439631854428,1.0
0.05455631279421064,1.0
0.05455822940453188,1.0
0.054560146149522204,1.0
0.0545620630291958,1.0
0.05456398004356686,1.0
0.05456589719264959,1.0
0.054567814476458185,1.0
0.05457164944830979,1.0
0.05457548495923531,1.0
0.054577402916886314,1.0
0.054579321009348425,1.0
0.05458123923663585,1.0
0.05462539570875835,1.0
0.05462731717612297,1.0
0.05462923877866892,1.0
0.054631160516410454,1.0
0.05463500439753738,1.0
0.05465038533272337,1.0
0.05465230855855856,1.0
0.05465423191976069,1.0
0.054656155416344054,1.0
0.05465807904832295,1.0
0.05466000281571167,1.0
0.05466192671852452,1.0
0.05466385075677578,1.0
0.05466577493047978,1.0
0.0546676992396508,1.0
0.05466962368430316,1.0
0.05467154826445117,1.0
0.054673472980109133,1.0
0.05467732281801218,1.0
0.0546792479402859,1.0
0.05468117319812683,1.0
0.054688875585449166,1.0
0.05469080152134104,1.0
0.054694653800098615,1.0
0.05470043323588461,1.0
0.05470235998591053,1.0
0.054704286871675646,1.0
0.05470621389319431,1.0
0.05470814105048085,1.0
0.05472549157798295,1.0
0.05472934874541866,1.0
0.05473127753303965,1.0
0.05473320645661521,1.0
0.05473706471168758,1.0
0.05473899404321314,1.0
0.05474092351075079,1.0
0.05474285311431492,1.0
0.05474478285391991,1.0
0.05474671272958015,1.0
0.05474864274131002,1.0
0.054752503173036246,1.0
0.05475443359306138,1.0
0.05475636414921373,1.0
0.05476022566995769,1.0
0.05476215663457809,1.0
0.05476408773538331,1.0
0.05476601897238777,1.0
0.05477760925540545,1.0
0.05477954144620811,1.0
0.05478147377332534,1.0
0.054783406236771554,1.0
0.05478533883656119,1.0
0.05478727157270867,1.0
0.054820148963959196,1.0
0.054822084157017795,1.0
0.05482401948670879,1.0
0.05482595495304667,1.0
0.054829826295720946,1.0
0.05483176217208629,1.0
0.05483369818515642,1.0
0.0548356343349458,1.0
0.05483757062146893,1.0
0.054839507044740284,1.0
0.054841443604774345,1.0
0.05484338030158562,1.0
0.05484531713518859,1.0
0.05484725410559774,1.0
0.054849191212827574,1.0
0.05485112845689259,1.0
0.054858878801794485,1.0
0.054860816730252934,1.0
0.05487050842666855,1.0
0.05487244717687796,1.0
0.05487438606409668,1.0
0.05487632508833922,1.0
0.054878264249620126,1.0
0.05488020354795392,1.0
0.05488214298335513,1.0
0.05488408255583828,1.0
0.054886022265417916,1.0
0.05488796211210857,1.0
0.054889902095924786,1.0
0.05489378247499205,1.0
0.05490348582337552,1.0
0.05490736812332061,1.0
0.054919018318127164,1.0
0.05492096049793118,1.0
0.05492290281510822,1.0
0.05492484526967285,1.0
0.05492678786163967,1.0
0.05492873059102324,1.0
0.05493067345783814,1.0
0.054932616462098974,1.0
0.05493455960382031,1.0
0.054936502883016734,1.0
0.05493844629970284,1.0
0.05494038985389323,1.0
0.05494233354560249,1.0
0.054950109687920176,1.0
0.05495205406744277,1.0
0.05495399858457183,1.0
0.054955943239321986,1.0
0.054957888031707834,1.0
0.05495983296174399,1.0
0.054961778029445074,1.0
0.05496372323482569,1.0
0.05496566857790047,1.0
0.054967614058684035,1.0
0.05496955967719099,1.0
0.054971505433435985,1.0
0.05497345132743363,1.0
0.054975397359198555,1.0
0.054983182864223754,1.0
0.05498512958504461,1.0
0.05498707644372057,1.0
0.05498902344026627,1.0
0.05499097057469636,1.0
0.05499681280543948,1.0
0.05501044950586235,1.0
0.05501239815798795,1.0
0.055014346948173865,1.0
0.055016295876434744,1.0
0.055018244942785274,1.0
0.05502019414724013,1.0
0.05502409297052154,1.0
0.05502604258937746,1.0
0.05502799234639643,1.0
0.05502994224159314,1.0
0.055035792756396626,1.0
0.05503774320445122,1.0
0.055041644515328725,1.0
0.05504359537818104,1.0
0.05504554637932868,1.0
0.055047497518786334,1.0
0.05506115936890622,1.0
0.05506311161537371,1.0
0.05506506400028366,1.0
0.05506701652365081,1.0
0.055068969185489876,1.0
0.055070921985815605,1.0
0.05507287492464272,1.0
0.055076781217860055,1.0
0.055078734572279756,1.0
0.05508654937570942,1.0
0.055088503423078285,1.0
0.05509045760908123,1.0
0.055092411933733015,1.0
0.055094366397048386,1.0
0.05509632099904211,1.0
0.05509827573972895,1.0
0.05510023061912365,1.0
0.05510218563724099,1.0
0.05510414079409573,1.0
0.05510609608970265,1.0
0.0551080515240765,1.0
0.05511000709723208,1.0
0.055111962809184144,1.0
0.055113918659947476,1.0
0.05511587464953686,1.0
0.055117830777967065,1.0
0.0551217434514091,1.0
0.055123699996450504,1.0
0.05512761350324802,1.0
0.05512957046503372,1.0
0.05513152756576378,1.0
0.055133484805453,1.0
0.05513544218411617,1.0
0.05513739970176809,1.0
0.055139357358423575,1.0
0.05514131515409743,1.0
0.055143273088804456,1.0
0.0551471893753773,1.0
0.05514914772727273,1.0
0.05515110621826059,1.0
0.05515306484835571,1.0
0.05515502361757289,1.0
0.055156982525926976,1.0
0.05515894157343278,1.0
0.05516090076010514,1.0
0.055162860085958866,1.0
0.05516481955100881,1.0
0.055166779155269796,1.0
0.05516873889875666,1.0
0.05517265880346739,1.0
0.05520796302879488,1.0
0.055209925699456076,1.0
0.05521188850967008,1.0
0.05521581454881604,1.0
0.055217777777777775,1.0
0.0552236683023967,1.0
0.05522563208989723,1.0
0.055227596017069704,1.0
0.05523152429049008,1.0
0.05523348863676779,1.0
0.05523545312277706,1.0
0.05523938251404994,1.0
0.05524134741934336,1.0
0.055243312464428,1.0
0.055247242974030594,1.0
0.05524920843857839,1.0
0.055259037859379447,1.0
0.05526100416325659,1.0
0.05526297060707423,1.0
0.0552649371908473,1.0
0.05526690391459075,1.0
0.05526887077831951,1.0
0.05527083778204855,1.0
0.05527280492579279,1.0
0.0552747722095672,1.0
0.05527673963338672,1.0
0.05527870719726632,1.0
0.05528264274526556,1.0
0.055284610729415117,1.0
0.055286578853684584,1.0
0.055288547118088935,1.0
0.055294452752260914,1.0
0.05529642157735446,1.0
0.05529839054265774,1.0
0.055300359648185735,1.0
0.05530429827997579,1.0
0.05530626780626781,1.0
0.055308237472844475,1.0
0.055310207279720774,1.0
0.05531217722691171,1.0
0.05531414731443225,1.0
0.05531611754229742,1.0
0.055320058419121576,1.0
0.055322029068110574,1.0
0.055323999857504184,1.0
0.05532597078731742,1.0
0.05532794185756529,1.0
0.05532991306826279,1.0
0.055331884419424944,1.0
0.05533582754320328,1.0
0.05533977122902042,1.0
0.055341743282731094,1.0
0.05534371547699654,1.0
0.05534568781183179,1.0
0.05534766028725186,1.0
0.055349632903271793,1.0
0.05535160565990662,1.0
0.05535357855717137,1.0
0.05535555159508109,1.0
0.055357524773650815,1.0
0.05536344515347046,1.0
0.05536541889483066,1.0
0.05539306605792552,1.0
0.05539504191189584,1.0
0.055397017906827425,1.0
0.0554009703196347,1.0
0.05541480820695807,1.0
0.055416785612332285,1.0
0.05541876315883382,1.0
0.055420740846477766,1.0
0.05542271867527925,1.0
0.05542469664525339,1.0
0.05542667475641529,1.0
0.05542865300878007,1.0
0.05543063140236285,1.0
0.05543260993717875,1.0
0.05543458861324291,1.0
0.055436567430570426,1.0
0.05543854638917645,1.0
0.05544052548907611,1.0
0.05544250473028453,1.0
0.05544448411281685,1.0
0.05544646363668821,1.0
0.05544844330191374,1.0
0.055456363376660475,1.0
0.05546032426255267,1.0
0.05546230491768151,1.0
0.05546626665238044,1.0
0.055468247731980856,1.0
0.05547022895310212,1.0
0.05547221031575939,1.0
0.055476173465742656,1.0
0.05547815525309899,1.0
0.05548013718205202,1.0
0.05548211925261691,1.0
0.05548410146480886,1.0
0.05549203173015079,1.0
0.055494014650705734,1.0
0.05549798091698531,1.0
0.055499964262740335,1.0
0.05550194775025911,1.0
0.05550393137955682,1.0
0.0555059151506487,1.0
0.05550789906354993,1.0
0.055509883118275725,1.0
0.05551186731484129,1.0
0.05551385165326184,1.0
0.055515836133552585,1.0
0.05551782075572874,1.0
0.05551980551980552,1.0
0.05552179042579815,1.0
0.055523775473721844,1.0
0.055525760663591835,1.0
0.055527745995423344,1.0
0.05553568874266915,1.0
0.055539660968457194,1.0
0.055541647294445835,1.0
0.055547607124973176,1.0
0.055549594019386916,1.0
0.05555555555555555,1.0
0.05555754301863843,1.0
0.05555953062392673,1.0
0.05556350626118068,1.0
0.05556549429317686,1.0
0.05556748246743953,1.0
0.055573447843979246,1.0
0.055575436587460635,1.0
0.055577425473284904,1.0
0.05557941450146733,1.0
0.05558140367202319,1.0
0.05558339298496779,1.0
0.055585382440316404,1.0
0.05558737203808433,1.0
0.05558936177828686,1.0
0.05559135166093929,1.0
0.05559533185365505,1.0
0.05559732216374897,1.0
0.055599312616354,1.0
0.055601303211485445,1.0
0.05560329394915861,1.0
0.055605284829388806,1.0
0.05560727585219135,1.0
0.05560926701758155,1.0
0.05561125832557473,1.0
0.055613249776186216,1.0
0.055623209169054444,1.0
0.05562520147569756,1.0
0.055627193925066265,1.0
0.05562918651717592,1.0
0.05563117925204184,1.0
0.05563317212967939,1.0
0.05563516515010389,1.0
0.05563715831333071,1.0
0.05563915161937518,1.0
0.05564114506825266,1.0
0.055643138659978504,1.0
0.05564513239456806,1.0
0.05564712627203669,1.0
0.05565111445567261,1.0
0.055653108761870636,1.0
0.05565709780310361,1.0
0.05565909253816931,1.0
0.05566108741622164,1.0
0.05566308243727599,1.0
0.05567305968811615,1.0
0.05567505556750556,1.0
0.05567705159000466,1.0
0.055707009111127054,1.0
0.0557090074254762,1.0
0.055711005883197016,1.0
0.05571300448430493,1.0
0.05571500322881538,1.0
0.05571900114810563,1.0
0.05572299964119125,1.0
0.05572699870819578,1.0
0.05572899845695626,1.0
0.055730998349242805,1.0
0.05573299838507088,1.0
0.05573499856445593,1.0
0.055736998887413416,1.0
0.055749003841045336,1.0
0.05576301615798923,1.0
0.055765018492585014,1.0
0.05576702097098535,1.0
0.05576902359320573,1.0
0.055771026359261656,1.0
0.05577302926916861,1.0
0.055775032322942106,1.0
0.05577703552059764,1.0
0.05577903886215071,1.0
0.05578504975035023,1.0
0.05578905772892194,1.0
0.05579106193418595,1.0
0.05579507077674786,1.0
0.055797075414076816,1.0
0.05579908019545846,1.0
0.05580108512090834,1.0
0.055805095404074884,1.0
0.055807100761822624,1.0
0.055811111909724716,1.0
0.05581311769991015,1.0
0.05581512363427257,1.0
0.05582916921307114,1.0
0.05583318353406436,1.0
0.05583519091105199,1.0
0.055837198432387734,1.0
0.05583920609808716,1.0
0.055841213908165835,1.0
0.05584322186263934,1.0
0.055845229961523246,1.0
0.055847238204833144,1.0
0.0558492465925846,1.0
0.05585125512479321,1.0
0.055853263801474554,1.0
0.055855272622644225,1.0
0.055857281588317806,1.0
0.0558592906985109,1.0
0.055861299953239095,1.0
0.05586330935251799,1.0
0.05587134839545258,1.0
0.05587335851771901,1.0
0.05587536878462978,1.0
0.055879389752446745,1.0
0.05588140045338419,1.0
0.05588542228939508,1.0
0.05588743342449978,1.0
0.05588944470435815,1.0
0.05589145612898582,1.0
0.05590554015623313,1.0
0.0559095654678331,1.0
0.05591560452221502,1.0
0.0559176178302668,1.0
0.05591963128330693,1.0
0.05592164488135105,1.0
0.05592365862441483,1.0
0.05592567251251396,1.0
0.055929700723880864,1.0
0.05593171504718,1.0
0.055933729515577166,1.0
0.05593574412908803,1.0
0.05593775888772827,1.0
0.05593977379151358,1.0
0.05594178884045964,1.0
0.055945819373896755,1.0
0.05595186626315031,1.0
0.05595388218339038,1.0
0.055955898248901056,1.0
0.05595791445969805,1.0
0.05595993081579706,1.0
0.05596396396396396,1.0
0.05596598075606328,1.0
0.05596799769352746,1.0
0.05597001477637222,1.0
0.055974049378266354,1.0
0.055976066897347174,1.0
0.05597808456187146,1.0
0.055980102371854946,1.0
0.05598212032731336,1.0
0.055984138428262435,1.0
0.05598615667471791,1.0
0.05598817506669551,1.0
0.05599019360421098,1.0
0.05599221228728007,1.0
0.055996250090142065,1.0
0.056002307886480834,1.0
0.05600432744320231,1.0
0.05600634714558765,1.0
0.05600836699365262,1.0
0.056010386987412994,1.0
0.05601240712688451,1.0
0.05601442741208296,1.0
0.05601644784302409,1.0
0.056018468419723695,1.0
0.056024531024531025,1.0
0.056026552184422235,1.0
0.05602857349015081,1.0
0.05603059494173251,1.0
0.05603261653918314,1.0
0.05603463828251849,1.0
0.05603666017175435,1.0
0.056038682206906505,1.0
0.05604070438799076,1.0
0.05605688709211666,1.0
0.05605891058730102,1.0
0.056060934228575554,1.0
0.0560629580159561,1.0
0.056064981949458484,1.0
0.05606903025489205,1.0
0.05608117867976311,1.0
0.05608320392907443,1.0
0.056087254866553506,1.0
0.056089280554752964,1.0
0.056091306389280164,1.0
0.05609333237015098,1.0
0.05609535849738125,1.0
0.05609738477098685,1.0
0.056115627822944894,1.0
0.05611765556117656,1.0
0.056119683445958156,1.0
0.05612171147730558,1.0
0.05612373965523472,1.0
0.05612576797976147,1.0
0.05612779645090173,1.0
0.05612982506867139,1.0
0.056131853833086345,1.0
0.05613388274416251,1.0
0.05613591180191578,1.0
0.05614199985539729,1.0
0.056144029500018074,1.0
0.05614605929139552,1.0
0.056148089229545534,1.0
0.05615214954622699,1.0
0.05615417992479028,1.0
0.0561582411224416,1.0
0.05616230290756546,1.0
0.05616433402046942,1.0
0.05616636528028933,1.0
0.05616839668704112,1.0
0.05617042824074074,1.0
0.05617449178904724,1.0
0.05617652378368602,1.0
0.056178555925336424,1.0
0.0561805882140144,1.0
0.056182620649735907,1.0
0.056194818352873065,1.0
0.0561968518183463,1.0
0.05619888543099081,1.0
0.05620091919082257,1.0
0.05621312484164043,1.0
0.05621719457013575,1.0
0.05622126488795569,1.0
0.0562233002679024,1.0
0.056225335795228266,1.0
0.056241625321406585,1.0
0.056243662175865565,1.0
0.05624569917786389,1.0
0.05625181106925529,1.0
0.056255886401506916,1.0
0.05625792428907807,1.0
0.056259962324300826,1.0
0.05626200050719125,1.0
0.05626403883776538,1.0
0.056266077316039276,1.0
0.05626811594202898,1.0
0.05627015471575057,1.0
0.05627219363722009,1.0
0.0562742327064536,1.0
0.056278311288276865,1.0
0.05628035080089874,1.0
0.05628239046134889,1.0
0.056284430269643373,1.0
0.05628647022579827,1.0
0.0562925909815862,1.0
0.05629463152934353,1.0
0.056296672225041686,1.0
0.05629871306869676,1.0
0.05630075406032482,1.0
0.056302795199941996,1.0
0.056304836487564354,1.0
0.05630687792320801,1.0
0.05630891950688905,1.0
0.05631096123862359,1.0
0.056315045146317584,1.0
0.05631708732230926,1.0
0.05631912964641886,1.0
0.056321172118662506,1.0
0.05634978229317852,1.0
0.05635182698936826,1.0
0.05635591682694052,1.0
0.05635796196835535,1.0
0.05636000725821085,1.0
0.05636205269652319,1.0
0.05636409828330853,1.0
0.056366144018583045,1.0
0.05636818990236289,1.0
0.056370235934664246,1.0
0.05637228211550328,1.0
0.056374328444896184,1.0
0.056376374922859115,1.0
0.05637842154940826,1.0
0.05638046832455981,1.0
0.05638251524832995,1.0
0.05638660954179072,1.0
0.05638865691151374,1.0
0.05639070442992011,1.0
0.05639275209702604,1.0
0.0563947999128477,1.0
0.05639889599070308,1.0
0.0564009442527692,1.0
0.05640299266361589,1.0
0.05640708993171582,1.0
0.05641118779513258,1.0
0.056413236950125324,1.0
0.05641528625399593,1.0
0.056417335706760635,1.0
0.05641938530843566,1.0
0.05642143505903724,1.0
0.0564234849585816,1.0
0.056425535007084984,1.0
0.05642963555103376,1.0
0.05643168604651163,1.0
0.05643373669101348,1.0
0.05644194075958568,1.0
0.056443992149451186,1.0
0.05644604368843819,1.0
0.056450147213841735,1.0
0.056452199200290806,1.0
0.05645425133592642,1.0
0.05645630362076487,1.0
0.05645835605482241,1.0
0.05646040863811532,1.0
0.05646246137065988,1.0
0.05646451425247237,1.0
0.05647067379368023,1.0
0.05647272727272727,1.0
0.05647478090112368,1.0
0.056476834678885736,1.0
0.05647888860602975,1.0
0.05648299690852882,1.0
0.05648505128391649,1.0
0.05648710580875132,1.0
0.056491215306827686,1.0
0.05649327028010186,1.0
0.05649532540288843,1.0
0.056497380675203726,1.0
0.056499436097064065,1.0
0.056501491668485775,1.0
0.056507659280282355,1.0
0.0565097154501128,1.0
0.05651177176958626,1.0
0.05651382823871907,1.0
0.056515884857527565,1.0
0.05651794162602809,1.0
0.056519998544237,1.0
0.05652205561217062,1.0
0.05652411282984531,1.0
0.056526170197277424,1.0
0.05652822771448331,1.0
0.05653028538147933,1.0
0.05653234319828183,1.0
0.05653440116490717,1.0
0.05653645928137173,1.0
0.056540575963883934,1.0
0.05654469324594939,1.0
0.05654675211185552,1.0
0.056548811127699085,1.0
0.056550870293496466,1.0
0.056552929609264044,1.0
0.05655498907501821,1.0
0.05655704869077534,1.0
0.05655910845655183,1.0
0.05656116837236406,1.0
0.05656322843822844,1.0
0.056565288654161355,1.0
0.0565694095362984,1.0
0.056571470202535334,1.0
0.056573531018906414,1.0
0.05657559198542805,1.0
0.056577653102116654,1.0
0.056579714368988634,1.0
0.056581775786060405,1.0
0.05658383735334839,1.0
0.056590022956673834,1.0
0.05659208512499089,1.0
0.05659414744360628,1.0
0.056608587883648025,1.0
0.05661065140524186,1.0
0.05662303569475335,1.0
0.056631294898442916,1.0
0.05663542540388753,1.0
0.05663749088256747,1.0
0.0566395565119078,1.0
0.056641622291925015,1.0
0.05664368822263559,1.0
0.05664575430405602,1.0
0.05666022109526068,1.0
0.056664355821505454,1.0
0.05667055904247555,1.0
0.05667469527771696,1.0
0.05667676362176563,1.0
0.05667883211678832,1.0
0.056685038507865826,1.0
0.05668710760694992,1.0
0.05669124625830474,1.0
0.05669331581060855,1.0
0.05669538551401869,1.0
0.05669745536855171,1.0
0.056699525374224166,1.0
0.05671194858311423,1.0
0.05671401964722638,1.0
0.05671816222928308,1.0
0.056720233747260776,1.0
0.056722305416560134,1.0
0.05672437723719775,1.0
0.0567264492091902,1.0
0.056728521332554065,1.0
0.05673059360730594,1.0
0.05673266603346241,1.0
0.05673473861104007,1.0
0.05673681134005553,1.0
0.0567409572524662,1.0
0.056743030435894626,1.0
0.05674510377082724,1.0
0.056747177257280665,1.0
0.056749250895271504,1.0
0.05675132468481637,1.0
0.05675339862593188,1.0
0.05675547271863465,1.0
0.056759621358868466,1.0
0.05676169590643275,1.0
0.05676377060565079,1.0
0.05676584545653922,1.0
0.05676792045911467,1.0
0.05676999561339377,1.0
0.05677207091939317,1.0
0.0567782977478795,1.0
0.056780373660926475,1.0
0.056782449725776965,1.0
0.05678452594244762,1.0
0.0567866023109551,1.0
0.056794909303686365,1.0
0.05679906371150611,1.0
0.05680114114333784,1.0
0.05680321872713972,1.0
0.056807374350720606,1.0
0.05681360892628498,1.0
0.056815687422257996,1.0
0.05681776607031793,1.0
0.05681984487048149,1.0
0.05682400292718624,1.0
0.056830241153437995,1.0
0.05683232086657396,1.0
0.05683440073193047,1.0
0.05683648074952423,1.0
0.05683856091937196,1.0
0.056840641241490374,1.0
0.056842721715896195,1.0
0.05684480234260615,1.0
0.05684688312163696,1.0
0.056848964053005345,1.0
0.05685104513672804,1.0
0.05685312637282179,1.0
0.05685520776130331,1.0
0.056857289302189355,1.0
0.05685937099549665,1.0
0.05686978174893804,1.0
0.056871864357124546,1.0
0.05687603003112983,1.0
0.056880196315423216,1.0
0.056882279686469854,1.0
0.05688436321013882,1.0
0.05688644688644689,1.0
0.05688853071541082,1.0
0.056890614697047405,1.0
0.05689269883137341,1.0
0.05689478311840563,1.0
0.05694276390569428,1.0
0.05694485186271634,1.0
0.05694693997286495,1.0
0.05694902823615695,1.0
0.05695320522223852,1.0
0.0569552939450618,1.0
0.05695738282109587,1.0
0.0569594718503576,1.0
0.05696365036863148,1.0
0.056965739857677354,1.0
0.056967829500018344,1.0
0.05697828001174053,1.0
0.05698037057420657,1.0
0.05699082568807339,1.0
0.05699291717127234,1.0
0.057059925781680565,1.0
0.057064119051993385,1.0
0.05706621591827736,1.0
0.05706831293866902,1.0
0.05707041011318536,1.0
0.05707250744184337,1.0
0.05707460492466005,1.0
0.057078800352837404,1.0
0.057082996397853414,1.0
0.05708509465171843,1.0
0.05708719305984414,1.0
0.057089291622247545,1.0
0.05709139033894567,1.0
0.057093489209955516,1.0
0.05709558823529412,1.0
0.05709768741497849,1.0
0.05709978674902566,1.0
0.057103985880276514,1.0
0.05710608567751425,1.0
0.057108185629182906,1.0
0.057110285735299526,1.0
0.05711238599588114,1.0
0.0571144864109448,1.0
0.05711658698050754,1.0
0.05711868770458641,1.0
0.05712078858319847,1.0
0.05712499080409034,1.0
0.05712709214640427,1.0
0.0571291936433196,1.0
0.057131295294853404,1.0
0.057133397101022734,1.0
0.05713549906184467,1.0
0.057137601177336274,1.0
0.05713970344751462,1.0
0.05714180587239679,1.0
0.057143908451999854,1.0
0.05715021711930522,1.0
0.057156527179713666,1.0
0.05715863084284137,1.0
0.057160734660826676,1.0
0.05716283863368669,1.0
0.05716494276143851,1.0
0.05718388688415937,1.0
0.05718599256177045,1.0
0.05718809839446163,1.0
0.057190204382250046,1.0
0.057192310525152834,1.0
0.05719441682318713,1.0
0.057196523276370065,1.0
0.05720073664825046,1.0
0.05720284356698221,1.0
0.057204950640931194,1.0
0.05720705787011456,1.0
0.05720916525454947,1.0
0.05721338048924256,1.0
0.05721759634514774,1.0
0.057219704506097785,1.0
0.05722181282240236,1.0
0.057223921294078633,1.0
0.057226029921143784,1.0
0.05722813870361499,1.0
0.057230247641509434,1.0
0.057232356734844295,1.0
0.05723446598363677,1.0
0.057236575387904026,1.0
0.05723868494766328,1.0
0.0572407946629317,1.0
0.057242904533726505,1.0
0.05724501456006487,1.0
0.05724712474196402,1.0
0.05724923507944115,1.0
0.057251345572513455,1.0
0.05725345622119816,1.0
0.05725556702551246,1.0
0.05725978910109874,1.0
0.05726823512058411,1.0
0.057280908822661555,1.0
0.05728302165172808,1.0
0.05728513463666544,1.0
0.05728724777749087,1.0
0.05728936107422163,1.0
0.057291474526874976,1.0
0.057293588135468164,1.0
0.057295701900018446,1.0
0.057297815820543094,1.0
0.057316848126960696,1.0
0.05731896360817893,1.0
0.05732107924556158,1.0
0.05732742709486895,1.0
0.05732954335708221,1.0
0.05733165977554637,1.0
0.05733377635027873,1.0
0.057335893081296614,1.0
0.057338009968617314,1.0
0.05734012701225816,1.0
0.05734224421223646,1.0
0.05734436156856953,1.0
0.057346479081274694,1.0
0.057348596750369275,1.0
0.0573507145758706,1.0
0.057352832557795996,1.0
0.05735706899098833,1.0
0.05736130605008495,1.0
0.057363424814390725,1.0
0.05736554373522459,1.0
0.057393103958017666,1.0
0.05739522507206741,1.0
0.05739734634290572,1.0
0.0575270410431175,1.0
0.05753343459415404,1.0
0.05753556609365738,1.0
0.05753769775110222,1.0
0.057539829566506114,1.0
0.05754196153988662,1.0
0.0575440936712613,1.0
0.05754835840806344,1.0
0.05755049101352603,1.0
0.05755262377705307,1.0
0.05755475669866212,1.0
0.057556889778370764,1.0
0.05756755754902324,1.0
0.057569691577698694,1.0
0.05757182576459685,1.0
0.0575739601097353,1.0
0.05757609461313165,1.0
0.0575782292748035,1.0
0.05758036409476845,1.0
0.05758249907304412,1.0
0.057584634209648114,1.0
0.05758676950459804,1.0
0.057588904957911524,1.0
0.05759104056960617,1.0
0.05760599428762195,1.0
0.05760813116700052,1.0
0.05762095577322648,1.0
0.05762309376275463,1.0
0.0576252319109462,1.0
0.057627370217818844,1.0
0.057629508683390236,1.0
0.05768087951270242,1.0
0.05768302195149129,1.0
0.05768516454943912,1.0
0.05768730730656365,1.0
0.05768945022288262,1.0
0.05769159329841376,1.0
0.057693736533174826,1.0
0.057695879927183565,1.0
0.05769802348045772,1.0
0.057700167193015045,1.0
0.0577023110648733,1.0
0.05770445509605024,1.0
0.05772375854891466,1.0
0.05773019590349801,1.0
0.05773234200743495,1.0
0.05773448827093944,1.0
0.057736634694029294,1.0
0.05773878127672231,1.0
0.05774092801903629,1.0
0.05774307492098903,1.0
0.05774951658485795,1.0
0.05775166412554386,1.0
0.05775810770603987,1.0
0.05776025588574404,1.0
0.05776240422524734,1.0
0.057764552724567604,1.0
0.05776670138372266,1.0
0.05776885020273035,1.0
0.05777099918160851,1.0
0.05777314832037499,1.0
0.05777529761904762,1.0
0.05777959669618275,1.0
0.057781746474680956,1.0
0.05778389641315672,1.0
0.05778604651162791,1.0
0.05778819677011238,1.0
0.05779249776719262,1.0
0.05780110168229864,1.0
0.05780325306137641,1.0
0.057805404600610434,1.0
0.05780755630001861,1.0
0.05781186017942896,1.0
0.057816164699750566,1.0
0.05781831720029784,1.0
0.05782046986112663,1.0
0.05782262268225482,1.0
0.05782477566370034,1.0
0.057826928805481084,1.0
0.05782908210761497,1.0
0.057831235570119904,1.0
0.05783338919301382,1.0
0.05786571279529026,1.0
0.05786786898684652,1.0
0.057870025339096735,1.0
0.05787649536019081,1.0
0.05787865235539654,1.0
0.057882966828177417,1.0
0.05788728194423736,1.0
0.05788943974354195,1.0
0.05789159770372027,1.0
0.05789375582479031,1.0
0.05790238991834756,1.0
0.05790454884414616,1.0
0.05790670793094448,1.0
0.05790886717876054,1.0
0.05791102658761234,1.0
0.0579131861575179,1.0
0.05791534588849524,1.0
0.057917505780562394,1.0
0.057919665833737366,1.0
0.057921826048038194,1.0
0.0579239864234829,1.0
0.05792614696008952,1.0
0.057928307657876085,1.0
0.057930468516860636,1.0
0.057932629537061214,1.0
0.05793479071849586,1.0
0.05793911356513953,1.0
0.05794343705693605,1.0
0.05794776119402985,1.0
0.05794992350460838,1.0
0.05795208597656541,1.0
0.05795424860991902,1.0
0.05795641140468727,1.0
0.05795857436088823,1.0
0.05796073747853997,1.0
0.057962900757660585,1.0
0.05796506419826814,1.0
0.05796722780038072,1.0
0.057969391564016426,1.0
0.057971555489193326,1.0
0.0579758838242431,1.0
0.05797804823415217,1.0
0.057980212805674815,1.0
0.05798237753882915,1.0
0.057984542433633275,1.0
0.057986707490105295,1.0
0.05798887270826332,1.0
0.05799103808812547,1.0
0.057995369333034584,1.0
0.05799753519811779,1.0
0.05799970122497759,1.0
0.05800186741363212,1.0
0.0580040337640995,1.0
0.058006200276397864,1.0
0.05800836695054534,1.0
0.058010533786560084,1.0
0.05801270078446022,1.0
0.05801486794426389,1.0
0.05801703526598924,1.0
0.05801920274965443,1.0
0.05802137039527759,1.0
0.058025706172470486,1.0
0.058030042597713175,1.0
0.058032211053398605,1.0
0.05803437967115097,1.0
0.05803871739292922,1.0
0.05804088649699144,1.0
0.0580430557631933,1.0
0.05805390452693357,1.0
0.05805607476635514,1.0
0.05806258645829439,1.0
0.058064757346892995,1.0
0.05806692839783137,1.0
0.05807995811361681,1.0
0.058084302651755994,1.0
0.05808647516457211,1.0
0.05808864783991023,1.0
0.058090820677788584,1.0
0.058092993678225416,1.0
0.058095166841238964,1.0
0.05809734016684748,1.0
0.05809951365506921,1.0
0.058101687305922405,1.0
0.058103861119425324,1.0
0.05810603509559621,1.0
0.05810820923445334,1.0
0.05811038353601497,1.0
0.05811255800029936,1.0
0.05811473262732478,1.0
0.058119082369671796,1.0
0.05812125748502994,1.0
0.05812343276320221,1.0
0.058125608204206904,1.0
0.05812778380806228,1.0
0.058129959574786644,1.0
0.05813213550439828,1.0
0.058134311596915476,1.0
0.05813648785235653,1.0
0.05813866427073974,1.0
0.058145194503725336,1.0
0.058147371574060205,1.0
0.058149548807428765,1.0
0.058153903763340196,1.0
0.05815608148591971,1.0
0.05815825937160619,1.0
0.058160437420417946,1.0
0.05816261563237332,1.0
0.05820621415988906,1.0
0.05820839580209895,1.0
0.05821057760785637,1.0
0.058212759577179696,1.0
0.05821494171008734,1.0
0.05821712400659769,1.0
0.05821930646672915,1.0
0.058221489090500116,1.0
0.058234588270586474,1.0
0.058236772040349494,1.0
0.058238955973899345,1.0
0.05824114007125445,1.0
0.05824332433243325,1.0
0.05824550875745415,1.0
0.05824769334633561,1.0
0.05825861874929662,1.0
0.05826080432172869,1.0
0.05826299005815044,1.0
0.05826517595858033,1.0
0.058267362023036805,1.0
0.05826954825153834,1.0
0.05827173464410341,1.0
0.05827392120075047,1.0
0.05827610792149799,1.0
0.058280481855368334,1.0
0.05828266906852811,1.0
0.05828485644586226,1.0
0.05828704398738928,1.0
0.05828923169312765,1.0
0.058291419563095866,1.0
0.05830236137703195,1.0
0.058304550232767684,1.0
0.058306739252862776,1.0
0.058348361887586415,1.0
0.0583505541987601,1.0
0.0583527466746825,1.0
0.05835493931537219,1.0
0.05835713212084774,1.0
0.05835932509112773,1.0
0.058361518226230744,1.0
0.05836371152617535,1.0
0.058365904990980155,1.0
0.058368098620663736,1.0
0.05837029241524468,1.0
0.05837248637474159,1.0
0.058374680499173055,1.0
0.05837687478855768,1.0
0.05837906924291407,1.0
0.058383458646616544,1.0
0.05838565359599985,1.0
0.05838784871042935,1.0
0.05839004398992367,1.0
0.058392239434501426,1.0
0.05839443504418124,1.0
0.05839663081898173,1.0
0.058398826758921524,1.0
0.058401022864019256,1.0
0.058403219134293555,1.0
0.05840541556976307,1.0
0.058407612170446425,1.0
0.058409808936362266,1.0
0.058414202963965996,1.0
0.05842299300278384,1.0
0.05842519092584929,1.0
0.05845597922234351,1.0
0.05846478183940067,1.0
0.05846918414216332,1.0
0.05847138554216867,1.0
0.05847799073690552,1.0
0.0584801928001205,1.0
0.05848239502918471,1.0
0.058484597424116894,1.0
0.05848900271166014,1.0
0.05849120560430869,1.0
0.05849340866290019,1.0
0.05849561188745339,1.0
0.058497815277987045,1.0
0.058500018834519905,1.0
0.058504426445658314,1.0
0.05850663050030139,1.0
0.058508834721018727,1.0
0.05851324366075129,1.0
0.05851544837980407,1.0
0.058533092115181665,1.0
0.05853529833025517,1.0
0.05853750471164719,1.0
0.05853971125937653,1.0
0.058541917973462004,1.0
0.058550746493741514,1.0
0.05855295403988991,1.0
0.05855516175250735,1.0
0.058561785889362346,1.0
0.058563994268044345,1.0
0.0585728294485932,1.0
0.05857503866027986,1.0
0.05857724803862402,1.0
0.05858387717379003,1.0
0.05858608721895277,1.0
0.05858829743086732,1.0
0.05859050780955256,1.0
0.05859935099237793,1.0
0.05860377358490566,1.0
0.058605985131514396,1.0
0.058610408725516094,1.0
0.058612620772946857,1.0
0.05861704536876274,1.0
0.058632536716124894,1.0
0.05863696431942609,1.0
0.05863917837184715,1.0
0.05864139259147377,1.0
0.0586436069783249,1.0
0.05864582153241947,1.0
0.05865025114241475,1.0
0.0586679762759246,1.0
0.058670192670948244,1.0
0.0586724092334429,1.0
0.05867462596342753,1.0
0.05867684286092115,1.0
0.05867905992594272,1.0
0.05868127715851124,1.0
0.05868349455864571,1.0
0.058685712126365114,1.0
0.058687929861688456,1.0
0.05869014776463474,1.0
0.058699021053029446,1.0
0.05870123979437557,1.0
0.0587034587034587,1.0
0.05870567778029787,1.0
0.05870789702491211,1.0
0.05871011643732043,1.0
0.05871233601754187,1.0
0.058716775681500244,1.0
0.058718995765275256,1.0
0.0587256570240121,1.0
0.05872787777945848,1.0
0.058730098702870326,1.0
0.0587323197942667,1.0
0.058734541053666656,1.0
0.05873676248108926,1.0
0.058874819925695654,1.0
0.05887705197710126,1.0
0.05887928419775554,1.0
0.05888151658767773,1.0
0.058883749146887085,1.0
0.05888598187540287,1.0
0.05888821477324435,1.0
0.05889044784043078,1.0
0.05889268107698142,1.0
0.05889491448291555,1.0
0.05889714805825243,1.0
0.05889938180301134,1.0
0.05890161571721156,1.0
0.05890608405401305,1.0
0.058908318476652885,1.0
0.05891278783050719,1.0
0.05891502276176024,1.0
0.058917257862589625,1.0
0.058919493133014644,1.0
0.058921728573054596,1.0
0.05892396418272879,1.0
0.05892619996205654,1.0
0.05892843591105715,1.0
0.058930672029749935,1.0
0.05893290831815422,1.0
0.058935144776289326,1.0
0.05893738140417457,1.0
0.05893961820182929,1.0
0.05894185516927281,1.0
0.05894409230652446,1.0
0.05894632961360358,1.0
0.05895304255399916,1.0
0.05895528054058158,1.0
0.058957518697088186,1.0
0.058959757023538346,1.0
0.05896423418634672,1.0
0.058966473022743666,1.0
0.0589687120291616,1.0
0.0589709512056199,1.0
0.05897319055213792,1.0
0.05897543006873505,1.0
0.05897766975543065,1.0
0.05897990961224412,1.0
0.058982149639194834,1.0
0.05898438983630218,1.0
0.059015770473114196,1.0
0.059053920450224354,1.0
0.05905616610259726,1.0
0.059069643604275225,1.0
0.05907189045264359,1.0
0.05907413747194644,1.0
0.05907638466220329,1.0
0.059078632023433636,1.0
0.059080879555657,1.0
0.05908537513316086,1.0
0.05908762317848039,1.0
0.05908987139487101,1.0
0.059094368340943684,1.0
0.05909661707066479,1.0
0.059098865971535124,1.0
0.05910111504357423,1.0
0.05910336428680164,1.0
0.05910561370123692,1.0
0.0591078632868996,1.0
0.05911011304380923,1.0
0.05911236297198538,1.0
0.0591146130714476,1.0
0.059116863342215456,1.0
0.05912136439774631,1.0
0.059123615182548446,1.0
0.05912586613873449,1.0
0.059128117266324005,1.0
0.059134871677709235,1.0
0.05913712349110849,1.0
0.05913937547600914,1.0
0.059141627632430784,1.0
0.059143879960393025,1.0
0.05914613245991545,1.0
0.05915063797371929,1.0
0.05915739753161664,1.0
0.059159651060911964,1.0
0.05916190476190476,1.0
0.05917994055331149,1.0
0.05918219580046492,1.0
0.05918445121951219,1.0
0.059200243967521826,1.0
0.05920475772940414,1.0
0.059207014868471214,1.0
0.059209272179648484,1.0
0.05922056131787675,1.0
0.05922281966212867,1.0
0.05922733686739636,1.0
0.059229595728451566,1.0
0.05923411396750324,1.0
0.05923863289594141,1.0
0.05924089261872974,1.0
0.059243152513923855,1.0
0.05924541258154351,1.0
0.05924767282160842,1.0
0.05924993323413834,1.0
0.059252193819153,1.0
0.05925445457667214,1.0
0.05926576095252633,1.0
0.059268022745487155,1.0
0.059645888543226944,1.0
0.05964817944384698,1.0
0.05965047052045323,1.0
0.05965276177306599,1.0
0.059657344806392135,1.0
0.0596596365871461,1.0
0.059661928543987705,1.0
0.05966651298601506,1.0
0.059668805471241405,1.0
0.05967339097022094,1.0
0.05967797717403835,1.0
0.05968715169683693,1.0
0.059689445768314246,1.0
0.05969174001614329,1.0
0.05969403444034441,1.0
0.05969632904093792,1.0
0.059698623817944184,1.0
0.059703213901276336,1.0
0.05970550920764292,1.0
0.05970780469050365,1.0
0.05971239618578899,1.0
0.0597238780140753,1.0
0.059726174909622336,1.0
0.05973076923076923,1.0
0.059733066656409865,1.0
0.05974685492247913,1.0
0.05974915358571868,1.0
0.059753751442862636,1.0
0.05976294928038174,1.0
0.05976524918222051,1.0
0.05977445056002463,1.0
0.05977675134719015,1.0
0.05977905231148235,1.0
0.0597813534529217,1.0
0.05978365477152866,1.0
0.059785956267323685,1.0
0.05978825794032724,1.0
0.05979055979055979,1.0
0.059808980975121315,1.0
0.059811284421336416,1.0
0.059813588044985364,1.0
0.05981589184608867,1.0
0.05981819582466682,1.0
0.059822804314329736,1.0
0.059825108825455525,1.0
0.05982741351413822,1.0
0.05982971838039835,1.0
0.059834328645733,1.0
0.059836634044848576,1.0
0.059838939621623705,1.0
0.05984124537607891,1.0
0.059845857418111756,1.0
0.059864312697556085,1.0
0.059868928296067846,1.0
0.05987354460636903,1.0
0.059878161628624305,1.0
0.05988047040678619,1.0
0.059885088497281455,1.0
0.059887397809656025,1.0
0.05988970730014269,1.0
0.05989201696876205,1.0
0.05989432681553473,1.0
0.05989663684048133,1.0
0.05989894704362248,1.0
0.05990125742497879,1.0
0.05990356798457088,1.0
0.05990587872241938,1.0
0.05990818963854492,1.0
0.059910500732968136,1.0
0.05991281200570966,1.0
0.05993824778077962,1.0
0.05994056119495156,1.0
0.05994287478771036,1.0
0.059949816637714724,1.0
0.05995444543103116,1.0
0.05995907493919154,1.0
0.059966020542126804,1.0
0.05996833610070665,1.0
0.05997065183812172,1.0
0.05997296775439274,1.0
0.059975283849540435,1.0
0.05997760012358552,1.0
0.05997991657654874,1.0
0.059982233208450815,1.0
0.05998455001931247,1.0
0.05998686700915447,1.0
0.05998918417799753,1.0
0.059991501525862405,1.0
0.05999613675874058,1.0
0.05999845464379539,1.0
0.06000077270795503,1.0
0.06000309095124024,1.0
0.06002164334853521,1.0
0.0600239632048854,1.0
0.06002628324056895,1.0
0.06003556517705273,1.0
0.06003788610971508,1.0
0.06004020722183562,1.0
0.060042528513435146,1.0
0.060044849984534486,1.0
0.06005878258179287,1.0
0.06006110530997409,1.0
0.060063428217821783,1.0
0.06007969360516848,1.0
0.0600843424768832,1.0
0.060109924136863294,1.0
0.06011225082252758,1.0
0.06011457768831772,1.0
0.060116904734254635,1.0
0.060119231960359246,1.0
0.06012155936665247,1.0
0.060123886953155244,1.0
0.06012854266687316,1.0
0.060130870794130174,1.0
0.060133199101680475,1.0
0.06013785625774473,1.0
0.060140185106300585,1.0
0.06014251413523352,1.0
0.0601448433445645,1.0
0.06014717273431448,1.0
0.060149502304504436,1.0
0.06015183205515532,1.0
0.060154161986288104,1.0
0.060156492097923765,1.0
0.060158822390083286,1.0
0.060161152862787635,1.0
0.0601634835160578,1.0
0.06016581434991477,1.0
0.0601728079352164,1.0
0.0601751394916305,1.0
0.06017747122873639,1.0
0.060191465447075695,1.0
0.060196131633009034,1.0
0.060198464997286615,1.0
0.06020313226856877,1.0
0.06020546617561543,1.0
0.06021013453262513,1.0
0.060212468982630274,1.0
0.060217138425746414,1.0
0.060238159885186764,1.0
0.060240496508921645,1.0
0.06025218234723569,1.0
0.060263872720217306,1.0
0.060266211339206024,1.0
0.060268550139708166,1.0
0.060270889121744865,1.0
0.060273228285337266,1.0
0.0602755676305065,1.0
0.060277907157273714,1.0
0.06028024686566005,1.0
0.06028258675568667,1.0
0.06028726708074534,1.0
0.060289607515819715,1.0
0.06029194813261899,1.0
0.06029662991147694,1.0
0.06029897107357795,1.0
0.060301312417488546,1.0
0.060310679611650486,1.0
0.06031302186492679,1.0
0.06031536430013982,1.0
0.060317706917310754,1.0
0.06032004971646081,1.0
0.06032239269761119,1.0
0.060324735860783095,1.0
0.060327079205997745,1.0
0.060341143101371564,1.0
0.060373984371962834,1.0
0.06037633154498095,1.0
0.06038807014815103,1.0
0.06039041841655001,1.0
0.06039276686758701,1.0
0.06039511550128335,1.0
0.060397464317660327,1.0
0.06039981331673926,1.0
0.06040216249854148,1.0
0.06040451186308829,1.0
0.060406861410401025,1.0
0.06040921114050101,1.0
0.06041156105340958,1.0
0.060413911149148056,1.0
0.060416261427737795,1.0
0.060420962533556395,1.0
0.06042331336082795,1.0
0.06042566437103614,1.0
0.06042801556420233,1.0
0.060430366940347875,1.0
0.06043271849949412,1.0
0.06043507024166245,1.0
0.06044683169858322,1.0
0.06044918453933284,1.0
0.060451537563254186,1.0
0.06045389077036864,1.0
0.0604562441606976,1.0
0.06048685491723466,1.0
0.060489210874814986,1.0
0.06049392334060455,1.0
0.060496279848856686,1.0
0.060498636540709,1.0
0.060500993416182945,1.0
0.060505707718081586,1.0
0.06051042275472433,1.0
0.06051278054862843,1.0
0.06051513852628298,1.0
0.060517496687709456,1.0
0.06052221356196415,1.0
0.06052457227483534,1.0
0.06055053025577043,1.0
0.06055289117635591,1.0
0.06055525228105747,1.0
0.06055761356989667,1.0
0.06056469854145542,1.0
0.060567060567060564,1.0
0.060569422776911075,1.0
0.060571785171028514,1.0
0.06057414774943443,1.0
0.060576510512150405,1.0
0.06058123659059879,1.0
0.06058596340654625,1.0
0.06058832709113608,1.0
0.06059069096016542,1.0
0.060593055013655875,1.0
0.06059778367410645,1.0
0.06060014828110977,1.0
0.060602513072660576,1.0
0.06060487804878049,1.0
0.0606072432094911,1.0
0.06060960855481404,1.0
0.0606119740847709,1.0
0.06061670569867291,1.0
0.06061907178266131,1.0
0.06062143805137013,1.0
0.060623804504821015,1.0
0.060626171143035604,1.0
0.060628537966035526,1.0
0.06063090497384243,1.0
0.06063327216647796,1.0
0.06063563954396377,1.0
0.0606380071063215,1.0
0.06064037485357282,1.0
0.060645110902842865,1.0
0.06064747920490491,1.0
0.0606498476919472,1.0
0.06066169290262099,1.0
0.0606640625,1.0
0.06067117240301598,1.0
0.06067354274105329,1.0
0.06067828397280613,1.0
0.06068065486656508,1.0
0.06069488412084262,1.0
0.06069725631204565,1.0
0.060699628688684774,1.0
0.06071149335418295,1.0
0.06071386684389538,1.0
0.060716240519196184,1.0
0.06071861438010713,1.0
0.06072098842664998,1.0
0.06072336265884653,1.0
0.060744739106625985,1.0
0.060747115196557795,1.0
0.06074949147238304,1.0
0.060751867934123537,1.0
0.06075424458180111,1.0
0.06075899843505477,1.0
0.06076137564067452,1.0
0.060763753032318644,1.0
0.060766130610008996,1.0
0.06076850837376741,1.0
0.06077088632361573,1.0
0.0607732644595758,1.0
0.06077564278166947,1.0
0.0607780212899186,1.0
0.060780399984345035,1.0
0.060782778864970646,1.0
0.06078515793181729,1.0
0.06078753718490684,1.0
0.06078991662426116,1.0
0.060792296249902136,1.0
0.060794676061851634,1.0
0.06079705606013154,1.0
0.06079943624476373,1.0
0.0608018166157701,1.0
0.06080419717317254,1.0
0.060806577916992954,1.0
0.06080895884725322,1.0
0.06081133996397525,1.0
0.06081372126718095,1.0
0.06081610275689223,1.0
0.060818484433130995,1.0
0.060820866295919165,1.0
0.060823248345278656,1.0
0.060825630581231395,1.0
0.0608280130037993,1.0
0.06083039561300431,1.0
0.060832778408868346,1.0
0.06083516139141335,1.0
0.06083754456066126,1.0
0.06083992791663402,1.0
0.06084231145935357,1.0
0.06084469518884188,1.0
0.06084707910512087,1.0
0.06084946320821252,1.0
0.06085184749813879,1.0
0.060859001489144915,1.0
0.06086615716245346,1.0
0.06086854276083719,1.0
0.060870928546231336,1.0
0.060873314518657885,1.0
0.06087570067813884,1.0
0.0608780870246962,1.0
0.06088286027912811,1.0
0.060885247187046694,1.0
0.0608876342821297,1.0
0.060890021564399134,1.0
0.06089479669058542,1.0
0.06089718453454631,1.0
0.06089957256578173,1.0
0.06090196078431372,1.0
0.06090434919016432,1.0
0.060906737783355556,1.0
0.06090912656390948,1.0
0.060911515531848134,1.0
0.06091390468719357,1.0
0.06091629402996784,1.0
0.060918683560193,1.0
0.06093541552224751,1.0
0.06094498077074013,1.0
0.06094737255209764,1.0
0.06094976452119309,1.0
0.06095454902268624,1.0
0.06095933427539645,1.0
0.06096172718351325,1.0
0.06096412027950067,1.0
0.060966513563380835,1.0
0.06096890703517588,1.0
0.060971300694907936,1.0
0.060973694542599134,1.0
0.06097608857827162,1.0
0.06099045674115383,1.0
0.06099285209331553,1.0
0.06099524763363576,1.0
0.060997643362136686,1.0
0.06100003927884049,1.0
0.06100243538376934,1.0
0.06100722815839095,1.0
0.06100962482812807,1.0
0.06101202168617899,1.0
0.061014418732565905,1.0
0.06102161100196463,1.0
0.06102640679031751,1.0
0.061028804967186705,1.0
0.06103120333254736,1.0
0.06103360188642169,1.0
0.061036000628831945,1.0
0.06103839955980034,1.0
0.06104559748427673,1.0
0.061047997169700066,1.0
0.06105039704379275,1.0
0.06105279710657703,1.0
0.06105519735807517,1.0
0.06105759779830942,1.0
0.06105999842730204,1.0
0.0610623992450753,1.0
0.061064800251651466,1.0
0.06106720144705281,1.0
0.06106960283130161,1.0
0.06107200440442015,1.0
0.06107440616643071,1.0
0.061076808117355566,1.0
0.06107921025721702,1.0
0.0610864178106439,1.0
0.06108882070647471,1.0
0.06109122379135361,1.0
0.06109362706530291,1.0
0.06109603052834494,1.0
0.06109843418050201,1.0
0.06110083802179644,1.0
0.06111526504269804,1.0
0.0611176702085793,1.0
0.06112007556377661,1.0
0.061127292765488464,1.0
0.061129698878173586,1.0
0.06114173228346457,1.0
0.061144139533052484,1.0
0.06114654697220254,1.0
0.06114895460093712,1.0
0.061151362419278626,1.0
0.06115377042724946,1.0
0.061156178624872014,1.0
0.06115858701216871,1.0
0.061160995589161944,1.0
0.061163404355874126,1.0
0.06116581331232769,1.0
0.061170631794548604,1.0
0.061175451036004094,1.0
0.061177860941500885,1.0
0.061180271036873624,1.0
0.061182681322144744,1.0
0.061185091797336694,1.0
0.06118750246247193,1.0
0.06118991331757289,1.0
0.061192324362662046,1.0
0.06119473559776184,1.0
0.06119714702289475,1.0
0.061199558638083226,1.0
0.061204382438716794,1.0
0.061206794624206834,1.0
0.06121403232163973,1.0
0.06121885840428887,1.0
0.06122368524796972,1.0
0.0612260989552533,1.0
0.06122851285286232,1.0
0.06123334121914675,1.0
0.0612357556878672,1.0
0.06124783088815271,1.0
0.0612502464997042,1.0
0.06125266230180642,1.0
0.061255078294481916,1.0
0.061257494477753235,1.0
0.06126474417136771,1.0
0.061267161117247906,1.0
0.06126957825383675,1.0
0.06127441309923062,1.0
0.06127683080808081,1.0
0.061279248707729946,1.0
0.061281666798200615,1.0
0.06128408507951541,1.0
0.06128650355169692,1.0
0.06129134106875049,1.0
0.06129376011366776,1.0
0.06129617934954215,1.0
0.06129859877639629,1.0
0.06131554011370815,1.0
0.06131796106921467,1.0
0.061320382215904606,1.0
0.06132764680330135,1.0
0.061330068714951426,1.0
0.06133249081789819,1.0
0.061347027454078606,1.0
0.06134945089673698,1.0
0.061351874530873464,1.0
0.06136157098265439,1.0
0.0613712704999012,1.0
0.06137369585836232,1.0
0.061378547150422895,1.0
0.06138582552670066,1.0
0.06138825203573405,1.0
0.06139067873660908,1.0
0.061393105629348514,1.0
0.0613955327139751,1.0
0.061397959990511584,1.0
0.06140767101621194,1.0
0.06141252768111357,1.0
0.06141495630165698,1.0
0.06141981411904291,1.0
0.061422243315931026,1.0
0.06142467270497963,1.0
0.06144411473788328,1.0
0.06144654585740286,1.0
0.06144897716931112,1.0
0.06145140867363089,1.0
0.061453840370385024,1.0
0.06145627225959636,1.0
0.061458704341287744,1.0
0.06146113661548203,1.0
0.06146356908220208,1.0
0.06146600174147075,1.0
0.0614684345933109,1.0
0.06147086763774541,1.0
0.06147573430448896,1.0
0.06147816792684375,1.0
0.06148303574963379,1.0
0.061485469950114814,1.0
0.0614927737081766,1.0
0.0614952086798131,1.0
0.06149764384429573,1.0
0.061502514751891016,1.0
0.061504950495049504,1.0
0.06150738643114579,1.0
0.061509822560202786,1.0
0.06151225888224344,1.0
0.06151469539729066,1.0
0.0615171321053674,1.0
0.06151956900649659,1.0
0.06152200610070119,1.0
0.06152444338800412,1.0
0.06152688086842835,1.0
0.06152931854199683,1.0
0.06153175640873252,1.0
0.06153907116817245,1.0
0.061541509807806614,1.0
0.06154394864072284,1.0
0.061546387666944084,1.0
0.061548826886493345,1.0
0.0615512662993936,1.0
0.06155370590566785,1.0
0.06155858569843031,1.0
0.06156346626496472,1.0
0.061565906838453914,1.0
0.06156834760545512,1.0
0.06157078856599136,1.0
0.06157322972008564,1.0
0.06157567106776099,1.0
0.06157811260904045,1.0
0.061580554343947026,1.0
0.06158299627250377,1.0
0.06158543839473371,1.0
0.0615878807106599,1.0
0.061590323220305374,1.0
0.061592765923693185,1.0
0.06160498234757428,1.0
0.06160742621390035,1.0
0.0616098702741302,1.0
0.061612314528286916,1.0
0.061614758976393576,1.0
0.06161720361847326,1.0
0.061619648454549064,1.0
0.061624538708781394,1.0
0.06162942973927537,1.0
0.06163187554567823,1.0
0.06163432154621582,1.0
0.06163676774091126,1.0
0.06163921412978766,1.0
0.061646554461733886,1.0
0.0616490016275654,1.0
0.06165144898769353,1.0
0.06165389654214141,1.0
0.06165634429093219,1.0
0.061658792234089016,1.0
0.061661240371635034,1.0
0.06166368870359341,1.0
0.061666137229987296,1.0
0.06166858595083985,1.0
0.06167103486617425,1.0
0.061675933280381255,1.0
0.06167838277930021,1.0
0.06168083247279371,1.0
0.06168328236088493,1.0
0.061685732443597076,1.0
0.06169063319297688,1.0
0.06169308385969094,1.0
0.06170043702820818,1.0
0.06170288847391633,1.0
0.061705340114431025,1.0
0.0617077919497755,1.0
0.06171024397997298,1.0
0.06171269620504669,1.0
0.06171514862501987,1.0
0.06171760123991575,1.0
0.06172005404975757,1.0
0.06172250705456858,1.0
0.06172496025437202,1.0
0.06172741364919115,1.0
0.06172986723904921,1.0
0.06173232102396947,1.0
0.061737229179089644,1.0
0.06173968354933609,1.0
0.061742138114737805,1.0
0.06174459287531807,1.0
0.06174704783110015,1.0
0.06175195832836296,1.0
0.06175441386989025,1.0
0.06175686960671253,1.0
0.0617593255388531,1.0
0.06176178166633525,1.0
0.06177898003023311,1.0
0.061781437721287344,1.0
0.06178389560789306,1.0
0.06178881196785231,1.0
0.06179127044125254,1.0
0.06180110629153568,1.0
0.061803565743393823,1.0
0.06180602539101365,1.0
0.061818326566356184,1.0
0.061825709622198334,1.0
0.06182817103272554,1.0
0.06183555644037428,1.0
0.06183801863502429,1.0
0.06184048102576355,1.0
0.061842943612615484,1.0
0.0618478693747511,1.0
0.06185033255008164,1.0
0.06185279592161861,1.0
0.06185525948938543,1.0
0.061857723253405564,1.0
0.06186018721370245,1.0
0.061867580272488246,1.0
0.06187004501812677,1.0
0.06187250996015936,1.0
0.06187497509860951,1.0
0.06187744043350068,1.0
0.06187990596485636,1.0
0.061882371692700035,1.0
0.06188483761705519,1.0
0.06188730373794533,1.0
0.061889770055393936,1.0
0.06189223656942452,1.0
0.06189470328006058,1.0
0.061904572089129827,1.0
0.06195643501156946,1.0
0.061958906842210254,1.0
0.061983636000798245,1.0
0.061986110002394824,1.0
0.061988584201492836,1.0
0.06199105859811592,1.0
0.06199353319228773,1.0
0.06199600798403194,1.0
0.06199848297337219,1.0
0.06201086088484268,1.0
0.06201333706025636,1.0
0.062015813433431835,1.0
0.062018290004392795,1.0
0.06202076677316294,1.0
0.06202324373976596,1.0
0.062025720904225576,1.0
0.062028198266565485,1.0
0.06204058804729946,1.0
0.0620430665974192,1.0
0.0620455453455853,1.0
0.062052982778599115,1.0
0.06205546231918804,1.0
0.06205794205794206,1.0
0.06206538246343218,1.0
0.06206786299508413,1.0
0.06207034372501998,1.0
0.06207282465326352,1.0
0.06207530577983852,1.0
0.06207778710476876,1.0
0.06208026862807803,1.0
0.062082750349790126,1.0
0.06208523226992884,1.0
0.06209019670558132,1.0
0.06209516193522591,1.0
0.06213242648529706,1.0
0.06213491237897095,1.0
0.06213739847157204,1.0
0.0621398847631242,1.0
0.06214237125365132,1.0
0.06214485794317727,1.0
0.06214734483172596,1.0
0.062149831919321274,1.0
0.062152319205987114,1.0
0.06215480669174738,1.0
0.062157294376625975,1.0
0.06215978226064681,1.0
0.06216227034383381,1.0
0.06216475862621087,1.0
0.06216724710780193,1.0
0.06216973578863091,1.0
0.06217222466872173,1.0
0.062174713748098326,1.0
0.06217969250480461,1.0
0.06218218218218218,1.0
0.0621846720589413,1.0
0.06219214288574747,1.0
0.06219463356027233,1.0
0.06219712443429853,1.0
0.06220210678095085,1.0
0.062204598253624926,1.0
0.062207089925896256,1.0
0.062209581797788814,1.0
0.0622120738693266,1.0
0.06221456614053361,1.0
0.06221705861143384,1.0
0.06221955128205128,1.0
0.06223949983969221,1.0
0.06224199430884534,1.0
0.06224448897795591,1.0
0.06224698384704798,1.0
0.06224947891614558,1.0
0.06225197418527278,1.0
0.06225446965445362,1.0
0.062256965323712166,1.0
0.062259461193072484,1.0
0.062261957262558634,1.0
0.06226445353219469,1.0
0.06226695000200473,1.0
0.06227444061271954,1.0
0.06227693788346633,1.0
0.06228193302586726,1.0
0.06228443089756958,1.0
0.06229192571497333,1.0
0.0622944243882872,1.0
0.06229692326206426,1.0
0.062299422336328625,1.0
0.06230192161110443,1.0
0.06230442108641579,1.0
0.06230942063874177,1.0
0.06231192071580468,1.0
0.06231442099349972,1.0
0.06231692147185105,1.0
0.062319422150882826,1.0
0.0623219230306192,1.0
0.06232442411108435,1.0
0.062326925392302446,1.0
0.06232942687429764,1.0
0.06233192855709412,1.0
0.062334430440716064,1.0
0.06233943481053308,1.0
0.06234443998394219,1.0
0.062349445961136986,1.0
0.06235445274231109,1.0
0.06235695643445091,1.0
0.062359460327658205,1.0
0.0623619644219572,1.0
0.06236697321392715,1.0
0.062369477911646584,1.0
0.062371982810554644,1.0
0.062374487910675555,1.0
0.06237699321203358,1.0
0.0623845103237728,1.0
0.062387016430321775,1.0
0.06238952273822915,1.0
0.06239202924751918,1.0
0.06239704287034433,1.0
0.062399549983928,1.0
0.06240205729899144,1.0
0.06240456481555895,1.0
0.06240707253365481,1.0
0.062429651069303746,1.0
0.062434670740532286,1.0
0.062437180878864636,1.0
0.06243969121904149,1.0
0.06244471250502614,1.0
0.062449734598681035,1.0
0.06245224594844573,1.0
0.062454757500201075,1.0
0.062457269253971444,1.0
0.06245978120978121,1.0
0.06246229336765475,1.0
0.062464805727616445,1.0
0.06246731828969068,1.0
0.06246983105390185,1.0
0.06247234402027435,1.0
0.06247485718883257,1.0
0.06247737055960092,1.0
0.062479884132603795,1.0
0.06248239790786562,1.0
0.0624849118854108,1.0
0.06248742606526375,1.0
0.0624899404474489,1.0
0.06249245503199066,1.0
0.06249496981891348,1.0
0.06249748480824178,1.0
0.0625,1.0
0.06250251539421259,1.0
0.06250754679009861,1.0
0.06251257899609548,1.0
0.06251509540294663,1.0
0.06251761201239886,1.0
0.06252264583920447,1.0
0.06252768047670813,1.0
0.06253019809953293,1.0
0.0625327159251057,1.0
0.06253775218459308,1.0
0.0625402706185567,1.0
0.06254278925536627,1.0
0.06254530809504631,1.0
0.06254782713762133,1.0
0.06255034638311584,1.0
0.06255286583155435,1.0
0.06255538548296141,1.0
0.06256042539477924,1.0
0.0625629456552391,1.0
0.06256546611876561,1.0
0.06257050765511685,1.0
0.06257302872799066,1.0
0.06257807148325745,1.0
0.06258059316569956,1.0
0.06258311505138021,1.0
0.06258563714032402,1.0
0.06258815943255551,1.0
0.06259320462697997,1.0
0.06259572752922209,1.0
0.06259825063485025,1.0
0.06260834509171538,1.0
0.06262096774193548,1.0
0.06262349288277753,1.0
0.0626260182272764,1.0
0.06262854377545671,1.0
0.06263612164233283,1.0
0.06263864800548542,1.0
0.06264117457244273,1.0
0.0626437013432294,1.0
0.0626462283178701,1.0
0.06264875549638953,1.0
0.06265128287881233,1.0
0.06265381046516319,1.0
0.06265633825546679,1.0
0.06265886624974783,1.0
0.06269174874858711,1.0
0.0626942796011465,1.0
0.0626968106580541,1.0
0.06269934191933466,1.0
0.06270187338501292,1.0
0.06270440505511365,1.0
0.06270693692966163,1.0
0.0627094690086816,1.0
0.06271200129219835,1.0
0.06271453378023664,1.0
0.06271706647282126,1.0
0.06271959936997698,1.0
0.06272973300480672,1.0
0.06273226692518985,1.0
0.06273480105029287,1.0
0.06273733538014058,1.0
0.06274240465416936,1.0
0.06274493959840007,1.0
0.06274747474747475,1.0
0.06277537491410323,1.0
0.06277791252324359,1.0
0.06278045033755103,1.0
0.06278298835705046,1.0
0.06278806501172475,1.0
0.06279060364694942,1.0
0.06279314248746563,1.0
0.06279568153329829,1.0
0.06280076024101258,1.0
0.06280329990294403,1.0
0.06280583977029158,1.0
0.06280837984308016,1.0
0.06281092012133468,1.0
0.06281346060508008,1.0
0.06281854218914328,1.0
0.06282362459546925,1.0
0.0628312497471376,1.0
0.06283379187570805,1.0
0.06283633420999393,1.0
0.06283887675002023,1.0
0.06284141949581191,1.0
0.06284396244739397,1.0
0.06284904896802913,1.0
0.06285159253713223,1.0
0.06285413631212562,1.0
0.06286176887269783,1.0
0.06286940328718323,1.0
0.06287194850410914,1.0
0.0628744939271255,1.0
0.06287703955625734,1.0
0.06288213143296757,1.0
0.06288467768059605,1.0
0.06288722413444017,1.0
0.06288977079452499,1.0
0.06289231766087555,1.0
0.06289486473351692,1.0
0.06289741201247417,1.0
0.06289995949777238,1.0
0.06293054542507497,1.0
0.06293309559508854,1.0
0.06293564597179446,1.0
0.06293819655521783,1.0
0.0629458495460441,1.0
0.06294840095658871,1.0
0.0629509525739765,1.0
0.0629535043982326,1.0
0.06295605642938219,1.0
0.06295860866745044,1.0
0.06296371376444354,1.0
0.06296881968941329,1.0
0.06297137296245235,1.0
0.06297392644256113,1.0
0.0629764801297648,1.0
0.06297903402408857,1.0
0.06298158812555762,1.0
0.06298414243419719,1.0
0.06298669695003245,1.0
0.06298925167308862,1.0
0.06299180660339093,1.0
0.06299947263802685,1.0
0.0630071405387861,1.0
0.06301225350969732,1.0
0.06301481030635017,1.0
0.06302248194140087,1.0
0.06302503956819934,1.0
0.06313521424506058,1.0
0.06313778103020694,1.0
0.06314034802406895,1.0
0.06314291522667209,1.0
0.06315061808718282,1.0
0.06315318612500509,1.0
0.06315575437169581,1.0
0.0631583228272805,1.0
0.06316089149178461,1.0
0.06316346036523365,1.0
0.06316602944765314,1.0
0.06316859873906853,1.0
0.06317116823950537,1.0
0.06317373794898914,1.0
0.06317630786754536,1.0
0.06318144833197721,1.0
0.0631840188779039,1.0
0.06318658963300512,1.0
0.06318916059730642,1.0
0.06319173177083333,1.0
0.0631943031536114,1.0
0.06321488175194366,1.0
0.06321745501913213,1.0
0.06322260218205504,1.0
0.06322517607784066,1.0
0.0632328990228013,1.0
0.0632354737570748,1.0
0.06323804870103429,1.0
0.0632431992181137,1.0
0.06324835057424452,1.0
0.06325092656701829,1.0
0.0632535027696318,1.0
0.06325607918211071,1.0
0.06326123263676728,1.0
0.06326380967899625,1.0
0.06326638693119323,1.0
0.06326896439338385,1.0
0.06327411994784876,1.0
0.06327669804017438,1.0
0.06329217100705058,1.0
0.06329475057059016,1.0
0.06329733034440595,1.0
0.06332830404110427,1.0
0.0633334692712369,1.0
0.06333863534401893,1.0
0.0633412186964679,1.0
0.06334380225965656,1.0
0.0633463860336107,1.0
0.06334897001835611,1.0
0.06335413862032391,1.0
0.06335672323759792,1.0
0.0633593080657664,1.0
0.06336189310485515,1.0
0.06336447835489004,1.0
0.06336706381589685,1.0
0.06337223537092956,1.0
0.06337482146500714,1.0
0.06337740777015997,1.0
0.06337999428641392,1.0
0.06338258101379479,1.0
0.06338516795232847,1.0
0.06338775510204081,1.0
0.06339034246295767,1.0
0.0633929300351049,1.0
0.06339551781850838,1.0
0.063398105813194,1.0
0.0634058710652023,1.0
0.06340845990527519,1.0
0.06341104895675963,1.0
0.06341881737994119,1.0
0.06342140727733082,1.0
0.06342399738626153,1.0
0.06342658770675924,1.0
0.06342917823884986,1.0
0.06343435993791358,1.0
0.06343695110493852,1.0
0.06343954248366013,1.0
0.06344213407410433,1.0
0.06344472587629708,1.0
0.06344731789026432,1.0
0.06344991011603203,1.0
0.06346287442278616,1.0
0.06346546791990192,1.0
0.06346806162899996,1.0
0.06347065555010627,1.0
0.06348103335513408,1.0
0.0634836283366717,1.0
0.06348622353037364,1.0
0.06348881893626589,1.0
0.06349141455437449,1.0
0.06372850753005868,1.0
0.063731122783979,1.0
0.06373896983377796,1.0
0.0637546697319266,1.0
0.06375990475017448,1.0
0.06376252258170471,1.0
0.0637677588897101,1.0
0.06377037736623825,1.0
0.06378085342313852,1.0
0.06378347297519303,1.0
0.06378871272488294,1.0
0.06379395333552415,1.0
0.06379657396376782,1.0
0.0637991948073289,1.0
0.06380181586623393,1.0
0.06380443714050944,1.0
0.06380705863018202,1.0
0.06380968033527816,1.0
0.06381230225582446,1.0
0.06381492439184747,1.0
0.06383066173448418,1.0
0.06383328537958814,1.0
0.06383590924038145,1.0
0.06385428230747091,1.0
0.06385690789473684,1.0
0.06385953369793165,1.0
0.06386215971708199,1.0
0.0638647859522145,1.0
0.06386741240335582,1.0
0.0638700390705326,1.0
0.06387266595377149,1.0
0.06387529305309916,1.0
0.06387792036854228,1.0
0.06388054790012751,1.0
0.06388317564788153,1.0
0.06388580361183101,1.0
0.06389106018842308,1.0
0.06389368880111906,1.0
0.06389894667544437,1.0
0.0639015759371271,1.0
0.06390420541519216,1.0
0.06390946502057614,1.0
0.06391209514794848,1.0
0.06391472549181003,1.0
0.06391735605218751,1.0
0.06391998682910767,1.0
0.06392261782259724,1.0
0.06392524903268297,1.0
0.0639278804593916,1.0
0.06393051210274987,1.0
0.06393314396278457,1.0
0.06398319050758075,1.0
0.06398582670676939,1.0
0.06398846312319736,1.0
0.0639910997568915,1.0
0.06399901096183962,1.0
0.0640016484648671,1.0
0.06400428618529509,1.0
0.06401220065125098,1.0
0.06401483924154988,1.0
0.06402275631776394,1.0
0.06402539577836412,1.0
0.06403067535251918,1.0
0.06403595579746,1.0
0.0641496963939031,1.0
0.06415234633179115,1.0
0.064154996488619,1.0
0.06415764686441378,1.0
0.06416029745920264,1.0
0.06416294827301272,1.0
0.06416825055780515,1.0
0.06417355371900826,1.0
0.06417620562833175,1.0
0.06419742879583316,1.0
0.06420008267879289,1.0
0.06420273678118153,1.0
0.0642053911030263,1.0
0.06421335538556956,1.0
0.06421601058551109,1.0
0.06421866600504486,1.0
0.06422132164419816,1.0
0.06422397750299823,1.0
0.06422663358147229,1.0
0.06422928987964763,1.0
0.06423194639755149,1.0
0.06423460313521115,1.0
0.06423726009265388,1.0
0.06425054817756816,1.0
0.06425586495097026,1.0
0.06425852366765972,1.0
0.06426118260437787,1.0
0.06426384176115203,1.0
0.06426650113800952,1.0
0.06426916073497765,1.0
0.06427448058935518,1.0
0.06427714084681925,1.0
0.06427980132450331,1.0
0.0642824620224347,1.0
0.06428512294064079,1.0
0.0642877840791489,1.0
0.0642931070171807,1.0
0.06429576881675914,1.0
0.06429843083674906,1.0
0.06430109307717788,1.0
0.06431174424382971,1.0
0.06431707115050112,1.0
0.0643197349347691,1.0
0.06432239893969516,1.0
0.06432772761163118,1.0
0.06433572227515638,1.0
0.06433838760460685,1.0
0.06434638491816863,1.0
0.06434905113118422,1.0
0.06436238551121058,1.0
0.06436772081070999,1.0
0.06437038879217442,1.0
0.06437305699481866,1.0
0.0643757254186702,1.0
0.06437839406375657,1.0
0.0643810629301053,1.0
0.06438373201774387,1.0
0.06438640132669983,1.0
0.06439174060867402,1.0
0.06439441058174732,1.0
0.06439708077624813,1.0
0.06439975119220402,1.0
0.06440242182964254,1.0
0.06440509268859122,1.0
0.06440776376907764,1.0
0.06441043507112935,1.0
0.06441310659477395,1.0
0.06441577834003899,1.0
0.06442379490583257,1.0
0.06442646753785522,1.0
0.06443716028380565,1.0
0.06443983402489627,1.0
0.06444250798788331,1.0
0.06444785657965722,1.0
0.06445053120849933,1.0
0.06445320605934841,1.0
0.06445588113223209,1.0
0.06445855642717802,1.0
0.06446123194421385,1.0
0.06446390768336724,1.0
0.06446658364466584,1.0
0.06446925982813732,1.0
0.06447193623380937,1.0
0.06447461286170963,1.0
0.06447728971186581,1.0
0.06448532159614666,1.0
0.06448799933560335,1.0
0.06449067729745442,1.0
0.06449335548172758,1.0
0.06449603388845052,1.0
0.06449871251765096,1.0
0.06450139136935665,1.0
0.06450407044359528,1.0
0.06450942925978234,1.0
0.06451210900178624,1.0
0.06451478896643403,1.0
0.06452551105201929,1.0
0.06453087343139699,1.0
0.06453355495532932,1.0
0.06453891867181981,1.0
0.06454428327999667,1.0
0.064546965918537,1.0
0.06454964878008229,1.0
0.0645523318646604,1.0
0.06455501517229913,1.0
0.06455769870302627,1.0
0.06456306643385716,1.0
0.06456843505737568,1.0
0.06457111970396241,1.0
0.06457380457380457,1.0
0.06457648966693001,1.0
0.0645791749833666,1.0
0.06458186052314217,1.0
0.06458454628628463,1.0
0.06459260491619183,1.0
0.06459529157308044,1.0
0.06459797845347531,1.0
0.06460066555740433,1.0
0.06460335288489538,1.0
0.06460604043597637,1.0
0.0646087282106752,1.0
0.06467060881152661,1.0
0.06467330196143756,1.0
0.0646759953356655,1.0
0.06467868893423848,1.0
0.0646813827571845,1.0
0.06470563726511395,1.0
0.06471372614384532,1.0
0.06471642288619411,1.0
0.06471911985330889,1.0
0.06472181704521775,1.0
0.06472451446194882,1.0
0.06472990996999,1.0
0.06473260806135635,1.0
0.06473800491892118,1.0
0.06474070368517593,1.0
0.06474340267644975,1.0
0.06474610189277079,1.0
0.06474880133416719,1.0
0.06475150100066711,1.0
0.0647542008922987,1.0
0.06475960135106959,1.0
0.06479202302974675,1.0
0.06479472630173565,1.0
0.06479742979930739,1.0
0.0648001335224902,1.0
0.06480824604598756,1.0
0.06483530246733187,1.0
0.0648380093520374,1.0
0.06484071646277817,1.0
0.06484342379958247,1.0
0.0648488391514949,1.0
0.06485696387554814,1.0
0.06485967256932844,1.0
0.06486238148937058,1.0
0.06486509063570295,1.0
0.06486780000835388,1.0
0.06487050960735172,1.0
0.06487321943272484,1.0
0.06487592948450163,1.0
0.06487863976271045,1.0
0.06488135026737968,1.0
0.0648840609985377,1.0
0.0648894831404337,1.0
0.06489219455122848,1.0
0.06489490618862563,1.0
0.06489761805265357,1.0
0.06490033014334072,1.0
0.06490304246071547,1.0
0.06490575500480629,1.0
0.06490846777564156,1.0
0.06491118077324974,1.0
0.06491389399765926,1.0
0.06492746352272252,1.0
0.06493289292135301,1.0
0.06493560796119753,1.0
0.06493832322809952,1.0
0.06494103872208748,1.0
0.0649437544431899,1.0
0.06494647039143527,1.0
0.06494918656685207,1.0
0.06495190296946884,1.0
0.06495461959931406,1.0
0.06495733645641626,1.0
0.06496005354080395,1.0
0.0649682061579652,1.0
0.06497092415178012,1.0
0.06497364237302318,1.0
0.06498723689166004,1.0
0.06498995647807164,1.0
0.06500355782512243,1.0
0.06500627877773127,1.0
0.06500899995813973,1.0
0.06501172136637642,1.0
0.06501444300246996,1.0
0.06501716486644897,1.0
0.06501988695834206,1.0
0.06502260927817786,1.0
0.06502533182598501,1.0
0.06502805460179215,1.0
0.0650307776056279,1.0
0.06503350083752094,1.0
0.06503622429749989,1.0
0.06504167190183022,1.0
0.0650443960462389,1.0
0.06504712041884816,1.0
0.06504984501968669,1.0
0.06505256984878315,1.0
0.06505529490616623,1.0
0.0650580201918646,1.0
0.065060745705907,1.0
0.06506619741913859,1.0
0.06507437670228368,1.0
0.06508528561250576,1.0
0.06508801341156747,1.0
0.06509074143928915,1.0
0.06509346969569955,1.0
0.06511257389627269,1.0
0.06511530398322851,1.0
0.06512076484401208,1.0
0.06512895785279933,1.0
0.06513168931387352,1.0
0.06513442100406829,1.0
0.06513715292341246,1.0
0.0651398850719349,1.0
0.06514261744966443,1.0
0.06514535005662989,1.0
0.06514808289286014,1.0
0.06515081595838403,1.0
0.06515354925323041,1.0
0.06515628277742815,1.0
0.0651617505139932,1.0
0.06517268874061018,1.0
0.06517542387107604,1.0
0.06518363064008395,1.0
0.06519183947611451,1.0
0.06519731318219983,1.0
0.06520005037994878,1.0
0.065205525465004,1.0
0.06521100146966198,1.0
0.06521373981691442,1.0
0.06521647839415445,1.0
0.06521921720141105,1.0
0.0652219562387132,1.0
0.06522469550608988,1.0
0.06522743500357008,1.0
0.06523565487692179,1.0
0.06526855509792384,1.0
0.06527129828100701,1.0
0.06527404169468728,1.0
0.06531796769851951,1.0
0.06533445519562474,1.0
0.06533720392107367,1.0
0.06533995287781892,1.0
0.06534270206588969,1.0
0.06534545148531516,1.0
0.06534820113612455,1.0
0.06535095101834708,1.0
0.06536195286195286,1.0
0.06537020667592709,1.0
0.0653812150044205,1.0
0.06538396766588077,1.0
0.06538672055913435,1.0
0.06538947368421053,1.0
0.06539222704113858,1.0
0.06539498062994778,1.0
0.06539773445066745,1.0
0.06540048850332687,1.0
0.06540599730458221,1.0
0.06541150703394828,1.0
0.06541426224674614,1.0
0.06541701769165964,1.0
0.06543355523721243,1.0
0.06543631230775714,1.0
0.06543906961065228,1.0
0.06544182714592726,1.0
0.06544458491361146,1.0
0.06545285961141316,1.0
0.06545561830902807,1.0
0.06554678597053983,1.0
0.06554955259159209,1.0
0.0655523194462032,1.0
0.0655550865344027,1.0
0.06555785385622019,1.0
0.06556062141168524,1.0
0.06556338920082745,1.0
0.06557446269475996,1.0
0.06561602163258408,1.0
0.06562156680469873,1.0
0.06562433974223537,1.0
0.06562711291413117,1.0
0.06562988632041585,1.0
0.0656326599611191,1.0
0.06563543383627066,1.0
0.06564098229003762,1.0
0.06564375686871249,1.0
0.0656465316819546,1.0
0.06564930672979372,1.0
0.06565208201225957,1.0
0.06565485752938192,1.0
0.0656604092677152,1.0
0.06566596194503171,1.0
0.06566873863588313,1.0
0.0656715155615697,1.0
0.0656742927221212,1.0
0.06567707011756746,1.0
0.0656826256132634,1.0
0.06569651846524811,1.0
0.0657020772517663,1.0
0.06570485699779996,1.0
0.06570763697905649,1.0
0.06571041719556571,1.0
0.0657131976473575,1.0
0.06571597833446174,1.0
0.0657187592569083,1.0
0.06572154041472704,1.0
0.06572432180794786,1.0
0.06572710343660064,1.0
0.06573266740032167,1.0
0.06573544973544973,1.0
0.06574101511239047,1.0
0.06574379815426297,1.0
0.06574658143177681,1.0
0.06574936494496189,1.0
0.06575214869384817,1.0
0.06575493267846558,1.0
0.06575771689884405,1.0
0.06576050135501355,1.0
0.06576328604700403,1.0
0.06576885613856774,1.0
0.06577164153820092,1.0
0.06578557207607913,1.0
0.06578835889180716,1.0
0.06579114594365601,1.0
0.06579393323165565,1.0
0.06579672075583612,1.0
0.06580229651285963,1.0
0.06580508474576272,1.0
0.06580787321496674,1.0
0.06581066192050174,1.0
0.06581345086239776,1.0
0.06581624004068486,1.0
0.06595880229348057,1.0
0.06598682812831952,1.0
0.06598963202175576,1.0
0.0659924361534866,1.0
0.06600646038762326,1.0
0.06601207175040381,1.0
0.06601768406733549,1.0
0.06602049058368406,1.0
0.06602329733866168,1.0
0.06603171903567329,1.0
0.06603452674547156,1.0
0.06603733469405111,1.0
0.06604295130767596,1.0
0.06604575997278217,1.0
0.06604856887679156,1.0
0.0660513780197346,1.0
0.06605418740164179,1.0
0.0660569970225436,1.0
0.06605980688247054,1.0
0.06606261698145312,1.0
0.06606542731952185,1.0
0.06607667106326852,1.0
0.06608229437045232,1.0
0.06608510638297872,1.0
0.06608791863483553,1.0
0.06609073112605328,1.0
0.06609354385666255,1.0
0.0660963568266939,1.0
0.0660991700361779,1.0
0.06611605432330027,1.0
0.06612168433601567,1.0
0.06612731530764318,1.0
0.06613576356358061,1.0
0.06613858012861462,1.0
0.06614139693356047,1.0
0.06614421397844883,1.0
0.06614703126331033,1.0
0.06614984878817566,1.0
0.06615266655307549,1.0
0.06615548455804048,1.0
0.06615830280310131,1.0
0.06616394001363327,1.0
0.06616675897916578,1.0
0.06617239763091738,1.0
0.06617521731719789,1.0
0.06617803724378915,1.0
0.0661808574107219,1.0
0.06618367781802685,1.0
0.06618649846573474,1.0
0.06618931935387631,1.0
0.06620060531139435,1.0
0.06620342740216557,1.0
0.06620624973355502,1.0
0.06620907230559345,1.0
0.06621189511831166,1.0
0.06621471817174043,1.0
0.06621754146591055,1.0
0.06622036500085281,1.0
0.06622318877659801,1.0
0.06622601279317697,1.0
0.06622883705062049,1.0
0.0662316615489594,1.0
0.06623448628822451,1.0
0.06623731126844665,1.0
0.06624296195188534,1.0
0.06624578765516359,1.0
0.06624861359952222,1.0
0.06625143978499211,1.0
0.0662542662116041,1.0
0.06625709287938905,1.0
0.06626274693860136,1.0
0.06626557433009046,1.0
0.06626840196287603,1.0
0.06628537282854582,1.0
0.06628820215127199,1.0
0.0662938615213865,1.0
0.06629669156883672,1.0
0.0662995218579235,1.0
0.0663023523886778,1.0
0.06630518316113056,1.0
0.06633633761906796,1.0
0.06633917129431867,1.0
0.06634200521167072,1.0
0.06634767377280301,1.0
0.0663505084166453,1.0
0.06635617843103743,1.0
0.06635901380164937,1.0
0.06636184941457995,1.0
0.06637603111510022,1.0
0.06637886818259532,1.0
0.06639305715873627,1.0
0.06639589568191535,1.0
0.0664015734564734,1.0
0.06641293191926104,1.0
0.06641577214215455,1.0
0.06641861260798905,1.0
0.06642145331679569,1.0
0.06642429426860565,1.0
0.06642713546345011,1.0
0.06642997690136025,1.0
0.06643281858236728,1.0
0.06643850267379679,1.0
0.0664470306349478,1.0
0.06644987377519147,1.0
0.06645271715875053,1.0
0.06645556078565622,1.0
0.06645840465593975,1.0
0.06646409312676539,1.0
0.06646693772737,1.0
0.06646978257147748,1.0
0.06647262765911913,1.0
0.06647547299032618,1.0
0.06647831856512992,1.0
0.06648116438356165,1.0
0.06648401044565264,1.0
0.0664868567514342,1.0
0.06648970330093762,1.0
0.0664925500941942,1.0
0.06649539713123528,1.0
0.06649824441209215,1.0
0.06650109193679613,1.0
0.06650393970537856,1.0
0.06650678771787076,1.0
0.06651248447470984,1.0
0.06651533321911941,1.0
0.06651818220756414,1.0
0.06652103144007539,1.0
0.06652388091668451,1.0
0.0665267306374229,1.0
0.06652958060232189,1.0
0.0665324308114129,1.0
0.0665352812647273,1.0
0.06653813196229649,1.0
0.06654098290415185,1.0
0.06654383409032479,1.0
0.06654953719574906,1.0
0.06655238911506321,1.0
0.0665552412788206,1.0
0.06655809368705268,1.0
0.06656094633979084,1.0
0.06656379923706657,1.0
0.06656665237891127,1.0
0.06656950576535642,1.0
0.06657235939643347,1.0
0.06658092175777064,1.0
0.06658377636768993,1.0
0.0665866312223985,1.0
0.0665894863219278,1.0
0.06659234166630934,1.0
0.06659519725557461,1.0
0.06659805308975514,1.0
0.06660090916888241,1.0
0.06660662206210327,1.0
0.06660947887625991,1.0
0.0666123359354894,1.0
0.06661519323982328,1.0
0.06661805078929307,1.0
0.06662090858393033,1.0
0.06662376662376662,1.0
0.0666266249088335,1.0
0.06662948343916252,1.0
0.06663234221478526,1.0
0.06663520123573329,1.0
0.06663806050203819,1.0
0.06664092001373155,1.0
0.06664377977084496,1.0
0.06664663977341001,1.0
0.06665236051502146,1.0
0.06665522125413108,1.0
0.06665808223881878,1.0
0.06666094346911619,1.0
0.06666380494505494,1.0
0.06666666666666667,1.0
0.066669528633983,1.0
0.06667239084703559,1.0
0.0666752533058561,1.0
0.06667811601047614,1.0
0.06669243322167827,1.0
0.06672681962705164,1.0
0.06672968676148326,1.0
0.06673255414231695,1.0
0.06673828964331757,1.0
0.06674115776354807,1.0
0.06674402613030772,1.0
0.06674689474362831,1.0
0.06674976360354165,1.0
0.06675263271007952,1.0
0.06675550206327373,1.0
0.06675837166315608,1.0
0.0667612415097584,1.0
0.06676698194325022,1.0
0.06676985253020336,1.0
0.06677846577227382,1.0
0.06678133734680713,1.0
0.06678708123682965,1.0
0.0667899535523826,1.0
0.06679282611500581,1.0
0.06679569892473118,1.0
0.0667985719815906,1.0
0.06680144528561596,1.0
0.06680431883683917,1.0
0.0668071926352921,1.0
0.06681006668100667,1.0
0.0668129409740148,1.0
0.06683306795197315,1.0
0.06683594422447926,1.0
0.06683882074456639,1.0
0.06684169751226651,1.0
0.06684457452761158,1.0
0.0668474517906336,1.0
0.06685608506608119,1.0
0.06685896332013087,1.0
0.06686184182201747,1.0
0.066864720571773,1.0
0.06686759956942949,1.0
0.06687911803970543,1.0
0.06688487876308195,1.0
0.06689640318759422,1.0
0.06689928491427587,1.0
0.0669021668892431,1.0
0.06690504911252801,1.0
0.06690793158416268,1.0
0.06691081430417924,1.0
0.06691369727260976,1.0
0.06691658048948639,1.0
0.06691946395484122,1.0
0.06692234766870638,1.0
0.06692523163111398,1.0
0.0669281158420962,1.0
0.06693100030168513,1.0
0.06693388500991294,1.0
0.06693676996681178,1.0
0.06693965517241379,1.0
0.06694254062675116,1.0
0.06694542632985602,1.0
0.06695119848249698,1.0
0.06695697163059412,1.0
0.06698296312270864,1.0
0.06698585231193926,1.0
0.06698874175042056,1.0
0.0669916314381848,1.0
0.06699452137526422,1.0
0.06699741156169112,1.0
0.06700030199749774,1.0
0.06700319268271637,1.0
0.0670060836173793,1.0
0.06700897480151881,1.0
0.06701186623516721,1.0
0.06702054203348869,1.0
0.06702343446549566,1.0
0.06702632714717306,1.0
0.06702922007855323,1.0
0.06703211325966851,1.0
0.06703500669055122,1.0
0.06703790037123371,1.0
0.06704947759260858,1.0
0.06705237252277535,1.0
0.0670552677029361,1.0
0.0670581631331232,1.0
0.06706105881336903,1.0
0.06706395474370601,1.0
0.06706685092416652,1.0
0.06706974735478298,1.0
0.0670726440355878,1.0
0.0670755409666134,1.0
0.06707843814789219,1.0
0.06708133557945661,1.0
0.0670842332613391,1.0
0.06708713119357208,1.0
0.067090029376188,1.0
0.06709582649269852,1.0
0.06709872542665803,1.0
0.06710162461113031,1.0
0.06711322385479689,1.0
0.06711612429232032,1.0
0.06712482710926694,1.0
0.0671277285498163,1.0
0.06713063024120343,1.0
0.06713353218346085,1.0
0.06713643437662113,1.0
0.06714223951578037,1.0
0.06714514246184444,1.0
0.06715094910710424,1.0
0.06715385280636513,1.0
0.06715675675675675,1.0
0.06715966095831172,1.0
0.06716256541106258,1.0
0.06716547011504195,1.0
0.06716837507028242,1.0
0.06726729328193355,1.0
0.06727020705189292,1.0
0.06727312107429066,1.0
0.06727603534915959,1.0
0.06728186465644224,1.0
0.06728477968892162,1.0
0.06728769497400347,1.0
0.06729061051172061,1.0
0.0672935263021059,1.0
0.06729644234519218,1.0
0.0672993586410123,1.0
0.06730227518959914,1.0
0.06730519199098553,1.0
0.06730810904520435,1.0
0.06731102635228849,1.0
0.06731394391227082,1.0
0.06731686172518422,1.0
0.06732269810993584,1.0
0.06732561668183985,1.0
0.06732853550680655,1.0
0.06733437391605966,1.0
0.06733729350041191,1.0
0.06734021333795855,1.0
0.0673431334287325,1.0
0.0673489743700941,1.0
0.06735189522074768,1.0
0.06735481632476038,1.0
0.06735773768216516,1.0
0.067360659292995,1.0
0.0673635811572829,1.0
0.06736650327506181,1.0
0.06736942564636474,1.0
0.06737234827122468,1.0
0.06737527114967462,1.0
0.06737819428174759,1.0
0.06738404130689461,1.0
0.06738696520003472,1.0
0.06738988934692992,1.0
0.06739281374761326,1.0
0.06739573840211778,1.0
0.06739866331047652,1.0
0.06740451388888889,1.0
0.06740743955900863,1.0
0.06741036548311485,1.0
0.06741329166124062,1.0
0.067416218093419,1.0
0.0674191447796831,1.0
0.06742207172006599,1.0
0.06742499891460078,1.0
0.06743378202344767,1.0
0.06743671023492119,1.0
0.06743963870071218,1.0
0.06744256742085378,1.0
0.06744549639537914,1.0
0.06750119528839049,1.0
0.0675070636818083,1.0
0.06751293309568317,1.0
0.06751586818537518,1.0
0.0675188035302813,1.0
0.06752173913043479,1.0
0.06752761109661709,1.0
0.06753054746271253,1.0
0.0675364209610785,1.0
0.06753935809341567,1.0
0.06754229548123342,1.0
0.06754817102344396,1.0
0.06755110917790344,1.0
0.06755404758797685,1.0
0.06755698625369758,1.0
0.0675628643522144,1.0
0.06756580378507722,1.0
0.06756874347372085,1.0
0.06757168341817865,1.0
0.06757756407467037,1.0
0.0675805047867711,1.0
0.06758344575481962,1.0
0.06758638697884933,1.0
0.06758932845889368,1.0
0.06759227019498608,1.0
0.06759521218715996,1.0
0.06759815443544877,1.0
0.06760109693988595,1.0
0.06760403970050496,1.0
0.06760698271733925,1.0
0.06760992599042229,1.0
0.06761286951978754,1.0
0.06762464620074025,1.0
0.06762759101201882,1.0
0.06763053607978052,1.0
0.06763348140405888,1.0
0.0676423189163291,1.0
0.06764526526700933,1.0
0.06764821187437382,1.0
0.06765115873845617,1.0
0.06765410585928991,1.0
0.0676570532369086,1.0
0.0676600008713458,1.0
0.06766294876263507,1.0
0.06766589691080999,1.0
0.06766884531590414,1.0
0.0676717939779511,1.0
0.06767474289698448,1.0
0.06767769207303787,1.0
0.06768654114365412,1.0
0.0676894913481236,1.0
0.06769244180978119,1.0
0.06769539252866048,1.0
0.06770129473821876,1.0
0.06771014998256017,1.0
0.06771310224547634,1.0
0.06771605476584983,1.0
0.0677190075437143,1.0
0.06772196057910343,1.0
0.06772491387205093,1.0
0.06772786742259049,1.0
0.06773082123075581,1.0
0.0677337752965806,1.0
0.06773672962009858,1.0
0.06773968420134345,1.0
0.06774263904034897,1.0
0.06774559413714884,1.0
0.06774854949177682,1.0
0.06775150510426664,1.0
0.06775446097465207,1.0
0.06775741710296684,1.0
0.06776037348924473,1.0
0.0677633301335195,1.0
0.06776628703582493,1.0
0.0677692441961948,1.0
0.06777220161466288,1.0
0.06777811722602889,1.0
0.06778107541899442,1.0
0.06778403387019336,1.0
0.06778699257965953,1.0
0.06778995154742677,1.0
0.06779291077352889,1.0
0.06779883000087314,1.0
0.06780179000218294,1.0
0.06780475026196298,1.0
0.06780771078024712,1.0
0.06781067155706925,1.0
0.06781363259246322,1.0
0.06782251725041488,1.0
0.06782844164919637,1.0
0.06783140423673291,1.0
0.06783436708307854,1.0
0.06783733018826715,1.0
0.06784622105723023,1.0
0.0678491851981301,1.0
0.06785511425700179,1.0
0.06786104435219577,1.0
0.06786400978849852,1.0
0.06786697548398374,1.0
0.06787587412587412,1.0
0.06787884085842913,1.0
0.06788180785033657,1.0
0.06788477510163046,1.0
0.06789071038251367,1.0
0.06789367841217102,1.0
0.0679174319951019,1.0
0.06792040236168817,1.0
0.06792337298810357,1.0
0.06792634387438219,1.0
0.06792931502055813,1.0
0.0679322864266655,1.0
0.06793525809273841,1.0
0.06793823001881097,1.0
0.06794120220491731,1.0
0.06794714735736787,1.0
0.06795012032378035,1.0
0.06795309355036318,1.0
0.06795606703715049,1.0
0.06797093837535013,1.0
0.06797391342408193,1.0
0.06798581622378846,1.0
0.06798879257508099,1.0
0.06799176918698831,1.0
0.06799474605954466,1.0
0.06799772319278427,1.0
0.0680007005867414,1.0
0.06800367824145027,1.0
0.06800665615694518,1.0
0.06800963433326035,1.0
0.0680155914684886,1.0
0.06801857042747021,1.0
0.06802154964740922,1.0
0.06802452912833991,1.0
0.06803048887331348,1.0
0.06803346913742497,1.0
0.06803644966266538,1.0
0.068039430449069,1.0
0.06804241149667017,1.0
0.0680573206538411,1.0
0.06806030326934875,1.0
0.06806328614629444,1.0
0.06807223634610327,1.0
0.06807522026914478,1.0
0.06807820445379625,1.0
0.06808118890009206,1.0
0.06808417360806664,1.0
0.0680871585777544,1.0
0.06809014380918976,1.0
0.06809312930240716,1.0
0.06809611505744102,1.0
0.0680991010743258,1.0
0.06810208735309595,1.0
0.06810507389378591,1.0
0.06810806069643013,1.0
0.06811702267643317,1.0
0.06812001052723923,1.0
0.06812299864017195,1.0
0.06812598701526583,1.0
0.06812897565255538,1.0
0.06813196455207511,1.0
0.06813495371385953,1.0
0.06813794313794314,1.0
0.0681409328243605,1.0
0.06814392277314611,1.0
0.06814691298433455,1.0
0.06814990345796033,1.0
0.06815588519266216,1.0
0.06816186797752809,1.0
0.06816485976385901,1.0
0.06816785181283469,1.0
0.06817383669885865,1.0
0.06817682953597612,1.0
0.06817982263587673,1.0
0.06818281599859508,1.0
0.06818580962416579,1.0
0.06819179766400281,1.0
0.06819479207833838,1.0
0.06819778675566485,1.0
0.06820078169601686,1.0
0.06820377689942907,1.0
0.06820976809557273,1.0
0.06821276408837353,1.0
0.06821875686360641,1.0
0.06822175364610789,1.0
0.06822475069191232,1.0
0.06822774800105438,1.0
0.06823074557356883,1.0
0.06823973987169347,1.0
0.06824273849804456,1.0
0.06824573738794164,1.0
0.06824873654141947,1.0
0.06825173595851279,1.0
0.06825473563925637,1.0
0.06832380114386273,1.0
0.06832680716265564,1.0
0.06832981344596972,1.0
0.06833883388338834,1.0
0.06834484883158033,1.0
0.06834785670275503,1.0
0.06835086483869549,1.0
0.06835989083546087,1.0
0.06836590949110759,1.0
0.06836891921637685,1.0
0.06837192920665669,1.0
0.06837493946198213,1.0
0.06837794998238816,1.0
0.06838096076790982,1.0
0.06838397181858212,1.0
0.0683869831344401,1.0
0.06838999471551876,1.0
0.06840204369274137,1.0
0.06840505660044928,1.0
0.06840806977358824,1.0
0.0684110832121933,1.0
0.06841711088594211,1.0
0.06842012512115606,1.0
0.06842313962197648,1.0
0.06842615438843849,1.0
0.06842916942057722,1.0
0.06843218471842778,1.0
0.0684352002820253,1.0
0.0684382161114049,1.0
0.06844424856765095,1.0
0.06844726519458769,1.0
0.06845631667107467,1.0
0.06845933436191316,1.0
0.06846235231881502,1.0
0.06846537054181545,1.0
0.06846838903094965,1.0
0.06847140778625281,1.0
0.06847442680776014,1.0
0.06847744609550685,1.0
0.06848650555653554,1.0
0.06849556741498698,1.0
0.06851369832796576,1.0
0.0685197440988308,1.0
0.06852276738439816,1.0
0.06852579093676918,1.0
0.06852881475597918,1.0
0.06853183884206346,1.0
0.06854393785585029,1.0
0.06854696327683615,1.0
0.06855906763199718,1.0
0.0685620943887687,1.0
0.06856512141280353,1.0
0.06856814870413705,1.0
0.06857117626280466,1.0
0.0685742040888418,1.0
0.06857723218228384,1.0
0.06858026054316627,1.0
0.06858328917152447,1.0
0.0685863180673939,1.0
0.06858934723081,1.0
0.06859237666180823,1.0
0.06859540636042402,1.0
0.06860146656065023,1.0
0.06860449706233158,1.0
0.0686075278317724,1.0
0.0686135901740744,1.0
0.06861662174700658,1.0
0.06861965358784022,1.0
0.06862268569661084,1.0
0.06862875071810509,1.0
0.06863178363089976,1.0
0.06863481681177354,1.0
0.06866516337268426,1.0
0.06866819950477537,1.0
0.06867123590537254,1.0
0.06867427257451136,1.0
0.06867730951222747,1.0
0.06868034671855652,1.0
0.06868642193719593,1.0
0.0686894599495776,1.0
0.06869249823071479,1.0
0.06869553678064316,1.0
0.06869857559939839,1.0
0.06870161468701615,1.0
0.06870465404353211,1.0
0.068707693668982,1.0
0.06871073356340147,1.0
0.06871377372682624,1.0
0.06871681415929204,1.0
0.06871985486083455,1.0
0.06872289583148951,1.0
0.0687289785802797,1.0
0.06873202035848638,1.0
0.06873506240594848,1.0
0.06873810472270173,1.0
0.06874419016422469,1.0
0.06874723328906596,1.0
0.06875332034708695,1.0
0.06875636428033825,1.0
0.06875940848313114,1.0
0.06876245295550144,1.0
0.06876549769748494,1.0
0.06876854270911748,1.0
0.06877158799043485,1.0
0.06877767936226749,1.0
0.06878072545285442,1.0
0.06878377181326956,1.0
0.06878681844354874,1.0
0.06878986534372786,1.0
0.06879291251384274,1.0
0.0687959599539293,1.0
0.06879900766402339,1.0
0.0688020556441609,1.0
0.06881120120519296,1.0
0.06881425026586317,1.0
0.06881729959675632,1.0
0.06882034919790836,1.0
0.0688233990693552,1.0
0.06884475574075716,1.0
0.06884780777585672,1.0
0.06885086008157475,1.0
0.06885391265794724,1.0
0.06885696550501019,1.0
0.06886001862279963,1.0
0.06886307201135154,1.0
0.06886612567070197,1.0
0.06887223380194243,1.0
0.06887528827390456,1.0
0.06887834301680933,1.0
0.0688813980306928,1.0
0.06889667716605297,1.0
0.06890584790132222,1.0
0.0689089053556374,1.0
0.06893031513537505,1.0
0.06893337476141861,1.0
0.06893643465909091,1.0
0.06893949482842811,1.0
0.0689425552694664,1.0
0.06894561598224196,1.0
0.06894867696679098,1.0
0.06895786155144087,1.0
0.06896092362344583,1.0
0.0689639859674053,1.0
0.06896704858335553,1.0
0.06897011147133277,1.0
0.06897317463137324,1.0
0.06897623806351322,1.0
0.0690130204861574,1.0
0.06901608745889254,1.0
0.06901915470423536,1.0
0.06902529001288946,1.0
0.06902835807627344,1.0
0.06903142641241054,1.0
0.06903449502133713,1.0
0.06904063305770428,1.0
0.0691112990076098,1.0
0.06911437472185136,1.0
0.06911745070986693,1.0
0.06912052697169307,1.0
0.06912975740040063,1.0
0.06916362340785606,1.0
0.06916670378123191,1.0
0.0691697844290041,1.0
0.06917594654788418,1.0
0.06917902801906543,1.0
0.06918519178509377,1.0
0.06918827408001425,1.0
0.06919135664958788,1.0
0.06919443949385136,1.0
0.06920368967514817,1.0
0.06920677361853833,1.0
0.069209857836802,1.0
0.06921294232997593,1.0
0.06921602709809689,1.0
0.06921911214120165,1.0
0.06922219745932695,1.0
0.06922836892078635,1.0
0.06923145506419401,1.0
0.06923762817654927,1.0
0.06924380238986981,1.0
0.0692499777044502,1.0
0.06925615412058508,1.0
0.06925924274182758,1.0
0.06926542081084697,1.0
0.0692685102586976,1.0
0.069271599982158,1.0
0.06927468998126506,1.0
0.06927778025605567,1.0
0.06928087080656674,1.0
0.06928396163283515,1.0
0.06928705273489782,1.0
0.06929014411279168,1.0
0.0692963276962206,1.0
0.06929941990182954,1.0
0.06930560514102106,1.0
0.06931179148442382,1.0
0.0693148850702968,1.0
0.06931797893233352,1.0
0.06932726217579573,1.0
0.06933345238626724,1.0
0.06933654790606304,1.0
0.06933964370228156,1.0
0.06934273977495982,1.0
0.0693489327498437,1.0
0.06935202965212343,1.0
0.06935512683101107,1.0
0.0693582242865437,1.0
0.06936132201875837,1.0
0.06936442002769216,1.0
0.06936751831338217,1.0
0.06937061687586546,1.0
0.06937681483136028,1.0
0.06938611384147976,1.0
0.06938921406550198,1.0
0.0693923145665773,1.0
0.06939541534474283,1.0
0.06939851640003575,1.0
0.06940161773249319,1.0
0.06940782122905027,1.0
0.06942023154977427,1.0
0.06942333482342423,1.0
0.06943264630929494,1.0
0.06943575069301619,1.0
0.06943885535434831,1.0
0.06944196029332857,1.0
0.06944506550999419,1.0
0.06944817100438243,1.0
0.06945438282647586,1.0
0.06945748915425556,1.0
0.06946370264346736,1.0
0.06946680980497405,1.0
0.06947924123120973,1.0
0.06948234978300748,1.0
0.06948856772115083,1.0
0.06949167710757115,1.0
0.0694978967152958,1.0
0.06950100693667487,1.0
0.06950722821465335,1.0
0.06951033927132755,1.0
0.06951345060650821,1.0
0.06951656222023277,1.0
0.06952589873304382,1.0
0.06953212446832326,1.0
0.0695352377540969,1.0
0.0695383513186764,1.0
0.06954146516209923,1.0
0.06954457928440284,1.0
0.06955392332497312,1.0
0.06955703856317463,1.0
0.06956326987681971,1.0
0.06957261894095511,1.0
0.0696194019814408,1.0
0.0696225230879584,1.0
0.06962564447433311,1.0
0.06962876614060258,1.0
0.06963188808680447,1.0
0.06963501031297642,1.0
0.0696381328191561,1.0
0.06964437867168931,1.0
0.06965062564470556,1.0
0.06968187732759007,1.0
0.0696881310298407,1.0
0.06969125830192066,1.0
0.0697413328543201,1.0
0.06974446490322,1.0
0.06975072984504828,1.0
0.06975386273805247,1.0
0.06975699591250056,1.0
0.06976012936843051,1.0
0.06976326310588024,1.0
0.06976639712488769,1.0
0.06976953142549082,1.0
0.06977266600772755,1.0
0.06977580087163589,1.0
0.06977893601725377,1.0
0.06983855735935603,1.0
0.06984169814714877,1.0
0.06984483921744997,1.0
0.06984798057029774,1.0
0.06985112220573023,1.0
0.06985426412378554,1.0
0.06985740632450183,1.0
0.06986054880791723,1.0
0.06988255411060613,1.0
0.06988884388641375,1.0
0.0698919891989199,1.0
0.06989828067332793,1.0
0.0699014268353063,1.0
0.06990457328051855,1.0
0.06990772000900293,1.0
0.06991716189447146,1.0
0.06992030975642699,1.0
0.06992345790184601,1.0
0.0699266063307668,1.0
0.06992975504322767,1.0
0.0699329040392669,1.0
0.06993605331892282,1.0
0.06993920288223374,1.0
0.06994235272923797,1.0
0.06994550285997388,1.0
0.06994865327447977,1.0
0.06995180397279402,1.0
0.06995495495495495,1.0
0.06995810622100095,1.0
0.06996125777097036,1.0
0.06996440960490156,1.0
0.06996756172283294,1.0
0.06997071412480288,1.0
0.06997386681084979,1.0
0.06997701978101203,1.0
0.06998017303532805,1.0
0.07058128437031314,1.0
0.0705844923188801,1.0
0.07058770055906549,1.0
0.07059090909090909,1.0
0.07059411791445065,1.0
0.07059732702972997,1.0
0.07060053643678683,1.0
0.07060374613566103,1.0
0.07060695612639237,1.0
0.07068086655743674,1.0
0.07068408356469892,1.0
0.07068730086481566,1.0
0.07069695452269313,1.0
0.07070017299462807,1.0
0.07070339175961757,1.0
0.07070983016892046,1.0
0.07071626975092209,1.0
0.07071948998178507,1.0
0.07072271050594289,1.0
0.07072593132343565,1.0
0.07072915243430342,1.0
0.07073881752755762,1.0
0.07086793830428037,1.0
0.07087117236343723,1.0
0.07087764136734974,1.0
0.07088087631218622,1.0
0.0708841115523301,1.0
0.0708873470878218,1.0
0.07090676650534197,1.0
0.0709100041094014,1.0
0.07091324200913242,1.0
0.07091648020457555,1.0
0.07091971869577131,1.0
0.0709229574827602,1.0
0.07093591558945782,1.0
0.07093915585602047,1.0
0.07094563727729557,1.0
0.07095211988304094,1.0
0.07095536163019144,1.0
0.07095860367358128,1.0
0.07096184601325109,1.0
0.07096508864924146,1.0
0.07097481833554226,1.0
0.07098779540156329,1.0
0.07099104040958128,1.0
0.07099428571428572,1.0
0.07099753131571729,1.0
0.0710007772139167,1.0
0.07100402340892466,1.0
0.07100726990078186,1.0
0.07101051668952904,1.0
0.07101701115785623,1.0
0.07102025883751772,1.0
0.07102350681423214,1.0
0.07102675508804025,1.0
0.07103000365898281,1.0
0.07103325252710058,1.0
0.07103975115502494,1.0
0.07104300091491308,1.0
0.07104625097213962,1.0
0.07104950132674535,1.0
0.0710527519787711,1.0
0.07105600292825769,1.0
0.07105925417524595,1.0
0.07106575756189082,1.0
0.07107551487414188,1.0
0.07108202123764189,1.0
0.0711080586080586,1.0
0.07111131462063282,1.0
0.07111782754041306,1.0
0.07112108444770104,1.0
0.07112434165330891,1.0
0.07112759915727764,1.0
0.0711341150604617,1.0
0.07113737345975905,1.0
0.0711406321575813,1.0
0.0711634514044815,1.0
0.07116671249198057,1.0
0.07116997387837404,1.0
0.07117323556370303,1.0
0.071218930569568,1.0
0.07122219674386608,1.0
0.07123853211009175,1.0
0.07125160579922922,1.0
0.0712548749713237,1.0
0.07125814444342479,1.0
0.0712614142155738,1.0
0.07126468428781205,1.0
0.07126795466018081,1.0
0.07127122533272143,1.0
0.07127449630547524,1.0
0.07127776757848357,1.0
0.07128103915178777,1.0
0.07128431102542918,1.0
0.07128758319944917,1.0
0.0712908556738891,1.0
0.07129412844879034,1.0
0.0712974015241943,1.0
0.07130067490014233,1.0
0.0713203214695752,1.0
0.07132687273228311,1.0
0.07133014881499174,1.0
0.07134653374374053,1.0
0.07134981163282184,1.0
0.07135964710747598,1.0
0.07136292620163588,1.0
0.07136620559716925,1.0
0.07136948529411764,1.0
0.07137276529252264,1.0
0.07137604559242577,1.0
0.07181502890173411,1.0
0.07181834998150204,1.0
0.07182167136845026,1.0
0.0718249930626214,1.0
0.07183495998889865,1.0
0.07183828291238782,1.0
0.07190813538917443,1.0
0.07192145602741629,1.0
0.07192478695813265,1.0
0.07193144974525244,1.0
0.07193478160174163,1.0
0.07193811376690754,1.0
0.07194144624079307,1.0
0.07194477902344112,1.0
0.0719481121148946,1.0
0.07195477922438956,1.0
0.07196144756962143,1.0
0.07196478220574606,1.0
0.07197145240522755,1.0
0.07198146002317497,1.0
0.0719847965143228,1.0
0.07198813331479163,1.0
0.07205827765404603,1.0
0.07206162127047469,1.0
0.07206496519721578,1.0
0.0720683094343125,1.0
0.07207165398180805,1.0
0.07207499883974568,1.0
0.07207834400816857,1.0
0.07208168948711999,1.0
0.07208503527664314,1.0
0.07208838137678132,1.0
0.07209172778757776,1.0
0.07209842154131847,1.0
0.07210176888434933,1.0
0.07210511653821153,1.0
0.07211851026284016,1.0
0.07212185947150884,1.0
0.07212520899126881,1.0
0.07212855882216339,1.0
0.07213190896423595,1.0
0.07213525941752984,1.0
0.07213861018208845,1.0
0.07214196125795512,1.0
0.07214531264517328,1.0
0.07214866434378629,1.0
0.07215201635383757,1.0
0.07216207425305515,1.0
0.07216542750929368,1.0
0.0721687810771876,1.0
0.07217213495678038,1.0
0.07217548914811545,1.0
0.07218219846618638,1.0
0.0721855535930092,1.0
0.07218890903174824,1.0
0.072192264782447,1.0
0.072195620845149,1.0
0.07219897721989772,1.0
0.07220569090570951,1.0
0.07220904821685963,1.0
0.07221240584023063,1.0
0.07221912202380952,1.0
0.07222248058410455,1.0
0.07222583945679471,1.0
0.07222919864192363,1.0
0.07223255813953489,1.0
0.07223591794967207,1.0
0.07223927807237883,1.0
0.07224263850769874,1.0
0.07224599925567547,1.0
0.07224936031635264,1.0
0.07225608337598288,1.0
0.07225944537502327,1.0
0.0723874335788198,1.0
0.0724076837001119,1.0
0.07241105982188652,1.0
0.07241443625850974,1.0
0.07241781301002564,1.0
0.07242119007647826,1.0
0.07242456745791168,1.0
0.07242794515436993,1.0
0.0724347014925373,1.0
0.07244145909133315,1.0
0.072444838363577,1.0
0.07244821795111028,1.0
0.07245159785397715,1.0
0.0724549780722217,1.0
0.07245835860588812,1.0
0.07246173945502053,1.0
0.0724651206196631,1.0
0.07246850209986001,1.0
0.07247188389565543,1.0
0.07248541423570595,1.0
0.07248879761015684,1.0
0.07249218130047146,1.0
0.07249556530669406,1.0
0.07249894962886887,1.0
0.07250233426704016,1.0
0.07250910449154917,1.0
0.07253619803829986,1.0
0.07253958615535522,1.0
0.07254297458893871,1.0
0.07254636333909469,1.0
0.07254975240586752,1.0
0.07255314178930157,1.0
0.07255653148944123,1.0
0.0725599215063309,1.0
0.07256670249053783,1.0
0.07257009345794392,1.0
0.07257348474227768,1.0
0.07257687634358351,1.0
0.07258026826190588,1.0
0.07258366049728922,1.0
0.07259383910624971,1.0
0.07259723261032161,1.0
0.07270939650732712,1.0
0.07271620545956829,1.0
0.0727230156871927,1.0
0.0727298271905587,1.0
0.07273323342075684,1.0
0.07273663997002483,1.0
0.0727434540259497,1.0
0.07274686153269627,1.0
0.07275367750398201,1.0
0.0727604947526237,1.0
0.07276731327898041,1.0
0.07277072302141419,1.0
0.07277413308341144,1.0
0.07277754346501711,1.0
0.07278095416627613,1.0
0.07278436518723344,1.0
0.07278777652793401,1.0
0.07279118818842278,1.0
0.07279460016874473,1.0
0.07279801246894482,1.0
0.07280142508906806,1.0
0.07280483802915944,1.0
0.07280825128926395,1.0
0.0728116648694266,1.0
0.07281507876969243,1.0
0.0728253223915592,1.0
0.07282873757268805,1.0
0.07283556889597599,1.0
0.07283898503822522,1.0
0.07284240150093808,1.0
0.07284923538793509,1.0
0.07285265281230942,1.0
0.07285948862303541,1.0
0.07286290700947734,1.0
0.07286632571669872,1.0
0.07286974474474474,1.0
0.07287316409366056,1.0
0.07287658376349132,1.0
0.07288000375428223,1.0
0.07288342406607846,1.0
0.07288684469892523,1.0
0.07299304380522655,1.0
0.07299647473560517,1.0
0.0729999059885306,1.0
0.07300333756404832,1.0
0.07300676946220383,1.0
0.07318567389255419,1.0
0.07318912295584146,1.0
0.07319257234423603,1.0
0.07319602205778385,1.0
0.07321327550443145,1.0
0.07324435221430929,1.0
0.07324780681067823,1.0
0.07325817255530921,1.0
0.07326162845551468,1.0
0.07326508468179459,1.0
0.07326854123419513,1.0
0.07328582888962296,1.0
0.07328928739971685,1.0
0.07329274623625466,1.0
0.07329620539928261,1.0
0.07329966488884694,1.0
0.07330312470499387,1.0
0.07330658484776965,1.0
0.07331004531722055,1.0
0.07331350611339281,1.0
0.07331696723633274,1.0
0.07334120425029515,1.0
0.07334466798904317,1.0
0.07334813205497567,1.0
0.07335506116857966,1.0
0.07335852621634388,1.0
0.0733619915914781,1.0
0.07336545729402873,1.0
0.07336892332404214,1.0
0.07337238968156477,1.0
0.07337585636664304,1.0
0.07337932337932337,1.0
0.07338279071965223,1.0
0.07338625838767603,1.0
0.07338972638344124,1.0
0.07341054124320491,1.0
0.07341401153446157,1.0
0.0734174821538316,1.0
0.07342789598108747,1.0
0.07344178568050695,1.0
0.0734487325009459,1.0
0.07345220640401079,1.0
0.0734800094629761,1.0
0.07348348632535251,1.0
0.0735252343528075,1.0
0.07352871549642535,1.0
0.07353567877266916,1.0
0.07353916090538877,1.0
0.07354264336790264,1.0
0.07354612616025763,1.0
0.0735496092825006,1.0
0.07355309273467842,1.0
0.07355657651683797,1.0
0.07356006062902615,1.0
0.07356702984367598,1.0
0.07362981225109046,1.0
0.07364028640523496,1.0
0.0736437784522003,1.0
0.07364727083036943,1.0
0.07365076353978943,1.0
0.07365425658050748,1.0
0.07365774995257067,1.0
0.07366124365602618,1.0
0.07366473769092116,1.0
0.07366823205730279,1.0
0.07367172675521821,1.0
0.07368570886316189,1.0
0.0736961989275376,1.0
0.07369969627942292,1.0
0.07370319396326705,1.0
0.07371019032702074,1.0
0.07371368900702487,1.0
0.07375219641924301,1.0
0.07378022708917288,1.0
0.07378373242113265,1.0
0.07378723808618806,1.0
0.07379425041577573,1.0
0.07379775708040297,1.0
0.07380126407831583,1.0
0.07380477140956183,1.0
0.07381178707224334,1.0
0.07381529540377395,1.0
0.07381880406882783,1.0
0.07382231306745259,1.0
0.07382582239969576,1.0
0.07382933206560495,1.0
0.07383284206522772,1.0
0.07384337406685369,1.0
0.07384688540180694,1.0
0.07385039707071188,1.0
0.07385390907361614,1.0
0.07385742141056736,1.0
0.07386093408161325,1.0
0.07386444708680143,1.0
0.0738679604261796,1.0
0.07387147409979546,1.0
0.0738749881076967,1.0
0.07387850244993102,1.0
0.07388201712654614,1.0
0.0738855321375898,1.0
0.07388904748310972,1.0
0.07389256316315364,1.0
0.07395590266203153,1.0
0.07395942470711496,1.0
0.07396646980377215,1.0
0.07396999285544177,1.0
0.07397703996570286,1.0
0.07398056402439024,1.0
0.07398408841884617,1.0
0.07398761314911863,1.0
0.07399113821525562,1.0
0.07399466361730513,1.0
0.0739981893553152,1.0
0.07411472749832967,1.0
0.07411826468763423,1.0
0.07414303446958846,1.0
0.07414657436142277,1.0
0.07415011459129106,1.0
0.07416782081283729,1.0
0.07417136307192664,1.0
0.07417490566938911,1.0
0.07418199187962742,1.0
0.07418553549250023,1.0
0.0741926237339958,1.0
0.07419971333014812,1.0
0.07421035026520763,1.0
0.07422099025043012,1.0
0.07423518164435947,1.0
0.07423873034083847,1.0
0.07424227937661344,1.0
0.07424582875173304,1.0
0.07424937846624594,1.0
0.07425647891364637,1.0
0.07426002964663128,1.0
0.07426358071920429,1.0
0.07426713213141409,1.0
0.07427068388330942,1.0
0.07427423597493903,1.0
0.07427778840635163,1.0
0.07428134117759602,1.0
0.07428844773977518,1.0
0.0742920015308075,1.0
0.07499154956782075,1.0
0.07499879267880427,1.0
0.07500241475900706,1.0
0.07500603718908476,1.0
0.0750096599690881,1.0
0.07501328309906777,1.0
0.07501690657907449,1.0
0.07502053040915897,1.0
0.0750314040003865,1.0
0.07503502923128956,1.0
0.07503865481252416,1.0
0.07505316064179393,1.0
0.07505678797544826,1.0
0.075060415659739,1.0
0.075064043694717,1.0
0.0750676720804331,1.0
0.07507130081693818,1.0
0.07507855934251874,1.0
0.075082189131696,1.0
0.07508581927186578,1.0
0.075089449763079,1.0
0.07509308060538658,1.0
0.07509671179883946,1.0
0.07510034334348856,1.0
0.07510397523938485,1.0
0.0751076074865793,1.0
0.07511124008512285,1.0
0.0751148730350665,1.0
0.07511850633646125,1.0
0.0751221399893581,1.0
0.07512577399380804,1.0
0.07512940834986212,1.0
0.07513304305757136,1.0
0.07514031352815947,1.0
0.07516940948693127,1.0
0.0751730480662181,1.0
0.07517668699777326,1.0
0.07518032628164786,1.0
0.0751839659178931,1.0
0.07518760590656015,1.0
0.0751912462477002,1.0
0.07519488694136445,1.0
0.07520216938647038,1.0
0.07520581113801453,1.0
0.07520945324228777,1.0
0.07521309569934134,1.0
0.07521673850922653,1.0
0.07522402518769677,1.0
0.07522766905638442,1.0
0.07523860278087302,1.0
0.0752422480620155,1.0
0.07526412716875061,1.0
0.07527142303218301,1.0
0.07527507149435315,1.0
0.07527872031022782,1.0
0.07528236947985845,1.0
0.07528601900329648,1.0
0.0752896688805934,1.0
0.07529331911180064,1.0
0.0752969696969697,1.0
0.07531888064406615,1.0
0.07532253370841013,1.0
0.0753261871271281,1.0
0.07532984090027163,1.0
0.07533349502789231,1.0
0.07533714951004172,1.0
0.07534080434677146,1.0
0.07534445953813312,1.0
0.07534811508417835,1.0
0.07535177098495875,1.0
0.07535542724052599,1.0
0.07535908385093168,1.0
0.0753663981364651,1.0
0.07541031368359716,1.0
0.07541397562278444,1.0
0.07541763791763792,1.0
0.0754213005682094,1.0
0.07542496357455075,1.0
0.07542862693671377,1.0
0.07543229065475034,1.0
0.07550931103223611,1.0
0.0755129825926286,1.0
0.07553134575166577,1.0
0.07553501945525291,1.0
0.07553869351622161,1.0
0.07554236793462399,1.0
0.07554604271051224,1.0
0.0755497178439385,1.0
0.075553393334955,1.0
0.07555706918361389,1.0
0.07556442195406773,1.0
0.0755680988759671,1.0
0.07557177615571777,1.0
0.07559752713819792,1.0
0.07560120728264044,1.0
0.0756343447133882,1.0
0.07563802844340542,1.0
0.07564539698002923,1.0
0.07565645247722512,1.0
0.075660138361103,1.0
0.0756638246041413,1.0
0.07568594960768069,1.0
0.07568963836631251,1.0
0.07569332748452502,1.0
0.07569701696237083,1.0
0.07570070679990251,1.0
0.07570439699717266,1.0
0.0757080875542339,1.0
0.07571177847113884,1.0
0.0757191613846904,1.0
0.07572285338144229,1.0
0.07572654573824848,1.0
0.07573762496951963,1.0
0.07576718544177197,1.0
0.07577088212334114,1.0
0.07577457916565015,1.0
0.07578197433269897,1.0
0.07578937094334098,1.0
0.07580046856696603,1.0
0.07580416849709572,1.0
0.07580786878844088,1.0
0.07581156944105442,1.0
0.0758189718302983,1.0
0.07582267356703447,1.0
0.075830078125,1.0
0.07583378094633526,1.0
0.0758374841293095,1.0
0.07584489158038679,1.0
0.07584859584859585,1.0
0.07585971082454084,1.0
0.07586341654047189,1.0
0.07586712261846605,1.0
0.07587082905857638,1.0
0.0758782430253579,1.0
0.07588195055213524,1.0
0.0758893666927287,1.0
0.07589307530665103,1.0
0.07589678428306128,1.0
0.07590049362201261,1.0
0.07590420332355816,1.0
0.07590791338775112,1.0
0.07591162381464464,1.0
0.07591533460429192,1.0
0.07591904575674618,1.0
0.07592646915028846,1.0
0.07593018139148291,1.0
0.07595246246393114,1.0
0.07595617724738335,1.0
0.07595989239422841,1.0
0.07596360790451967,1.0
0.07596732377831042,1.0
0.07597104001565405,1.0
0.07597475661660388,1.0
0.0759784735812133,1.0
0.07598219090953569,1.0
0.07598590860162442,1.0
0.07598962665753291,1.0
0.07599706386102276,1.0
0.07600078300871098,1.0
0.07600822239624119,1.0
0.0760119426361901,1.0
0.07601566324033285,1.0
0.0760193842087229,1.0
0.07602310554141374,1.0
0.0760268272384589,1.0
0.07603427172582619,1.0
0.07604171767125299,1.0
0.07604916507516772,1.0
0.07605288932419196,1.0
0.07605661393799892,1.0
0.07606033891664218,1.0
0.07606406426017534,1.0
0.07607151604212589,1.0
0.07607524248065053,1.0
0.07608269645306683,1.0
0.0760864239870658,1.0
0.07609015188633023,1.0
0.07609388015091381,1.0
0.07610506713711654,1.0
0.07610879686351385,1.0
0.07611625741312553,1.0
0.0761199882364474,1.0
0.07612371942551836,1.0
0.07612745098039216,1.0
0.0761311829011226,1.0
0.07613491518776351,1.0
0.07613864784036868,1.0
0.07614238085899196,1.0
0.07614611424368718,1.0
0.07614984799450819,1.0
0.07615358211150886,1.0
0.0761685222423856,1.0
0.0761722581910928,1.0
0.07620589822856863,1.0
0.07620963784473452,1.0
0.07621337782794327,1.0
0.07621711817824892,1.0
0.07622085889570553,1.0
0.07622459998036714,1.0
0.0762320832515217,1.0
0.07625079785928217,1.0
0.07625454188353138,1.0
0.07625828627547263,1.0
0.07626203103516009,1.0
0.07626577616264794,1.0
0.07627326752124158,1.0
0.0762770137524558,1.0
0.07628076035168721,1.0
0.07628450731899007,1.0
0.07631074640066828,1.0
0.0765062318340805,1.0
0.07652508130481916,1.0
0.07652885231360568,1.0
0.07653262369406663,1.0
0.07654771293375394,1.0
0.07655148617341155,1.0
0.07655903376879468,1.0
0.07656280812463025,1.0
0.0765665828526352,1.0
0.07657035795286461,1.0
0.07657790927021696,1.0
0.07658168548745008,1.0
0.07659301637403827,1.0
0.07659679408138101,1.0
0.07660057216138898,1.0
0.0766043506141173,1.0
0.0766119086379557,1.0
0.07662324847049536,1.0
0.07662702916070459,1.0
0.07663081022402053,1.0
0.07664593820945613,1.0
0.07665728811886076,1.0
0.07666107216901964,1.0
0.07666485659278274,1.0
0.07666864139020538,1.0
0.07667242656134288,1.0
0.07668378431759826,1.0
0.07668757098414893,1.0
0.07669135802469136,1.0
0.07669514543928095,1.0
0.07672924901185771,1.0
0.07673683170273743,1.0
0.07674062361021891,1.0
0.07674820854954287,1.0
0.07675200158149649,1.0
0.07676717745921899,1.0
0.07677097236640466,1.0
0.07680894208417825,1.0
0.07681274112177268,1.0
0.07681654053519316,1.0
0.07682034032449545,1.0
0.07682414048973535,1.0
0.07683174194825113,1.0
0.07683554324163863,1.0
0.07684694937898956,1.0
0.0768507521773555,1.0
0.07685455535210571,1.0
0.07685835890329605,1.0
0.07686216283098243,1.0
0.07686977181606693,1.0
0.07688118811881188,1.0
0.07688499430664884,1.0
0.0768888008713734,1.0
0.07691545738200188,1.0
0.07691926696384349,1.0
0.07693069797394363,1.0
0.07755693168198162,1.0
0.07756080507416471,1.0
0.07758792965627498,1.0
0.07759180614539096,1.0
0.07759568302188469,1.0
0.07761895241903238,1.0
0.07762283200879692,1.0
0.07762671198640408,1.0
0.0776538826941347,1.0
0.07765776577657765,1.0
0.07766164924738711,1.0
0.07766553310662132,1.0
0.07766941735433859,1.0
0.07767330199059717,1.0
0.07767718701545541,1.0
0.07768495823120404,1.0
0.0776888444222111,1.0
0.07770828121090818,1.0
0.07771216973578864,1.0
0.07771605864985237,1.0
0.07772383764576347,1.0
0.07773550905996596,1.0
0.07774329195034041,1.0
0.07775107639931912,1.0
0.07775886240737032,1.0
0.0777744391025641,1.0
0.0777822297906441,1.0
0.07778612572001002,1.0
0.0777900220396714,1.0
0.07779391874968693,1.0
0.07779781585011522,1.0
0.07780171334101497,1.0
0.07780561122244489,1.0
0.07780950949446365,1.0
0.07781340815712998,1.0
0.07781730721050258,1.0
0.07782120665464021,1.0
0.0778251064896016,1.0
0.07783290733223074,1.0
0.07783680834001604,1.0
0.0778407097388602,1.0
0.07784461152882205,1.0
0.0778485137099604,1.0
0.0778563192460019,1.0
0.07786022260102277,1.0
0.0778641263474555,1.0
0.07787583993581386,1.0
0.07787974524848303,1.0
0.07788365095285858,1.0
0.07788755704899945,1.0
0.07789146353696459,1.0
0.07789537041681296,1.0
0.07794619554306365,1.0
0.07795010791547458,1.0
0.07795402068065456,1.0
0.07797750552319743,1.0
0.07798142103941752,1.0
0.07798533694888019,1.0
0.07798925325164466,1.0
0.07799316994777018,1.0
0.07799708703731606,1.0
0.07800100452034153,1.0
0.07800492239690592,1.0
0.0780166783884256,1.0
0.07802059783973876,1.0
0.07802451768488745,1.0
0.07803627958394051,1.0
0.07804020100502512,1.0
0.07804412282024223,1.0
0.07804804502965122,1.0
0.07805196763331156,1.0
0.07805589063128267,1.0
0.07805981402362402,1.0
0.07806766199165535,1.0
0.07807943690296631,1.0
0.07808336266277842,1.0
0.07809514231117369,1.0
0.07809906965049032,1.0
0.07810692551425841,1.0
0.07811871227364185,1.0
0.07813050259093425,1.0
0.07813443348762326,1.0
0.07813836477987421,1.0
0.07816589490638212,1.0
0.07816982936527911,1.0
0.07817769947143216,1.0
0.0781816351188079,1.0
0.07818557116246287,1.0
0.07820131930107256,1.0
0.07820525732702185,1.0
0.0782091957496097,1.0
0.07821313456889604,1.0
0.07822101339780396,1.0
0.07823283461790338,1.0
0.0782367758186398,1.0
0.07824071741649453,1.0
0.07825254459336894,1.0
0.0782564877802973,1.0
0.07826043136464422,1.0
0.0782643753464698,1.0
0.07826831972583409,1.0
0.07827226450279724,1.0
0.07830778539733764,1.0
0.0783117341535979,1.0
0.07831568330811901,1.0
0.07831963286096122,1.0
0.0783235828121848,1.0
0.07833148391001715,1.0
0.07834333854613328,1.0
0.0783472908889113,1.0
0.0783591503103083,1.0
0.07836310424866283,1.0
0.07837892399313616,1.0
0.07838287992732045,1.0
0.07838683626085201,1.0
0.07839079299379133,1.0
0.07839475012619888,1.0
0.0783987076581352,1.0
0.07840266558966075,1.0
0.07843434343434344,1.0
0.07843830496489722,1.0
0.07844226689564603,1.0
0.07846604688763137,1.0
0.0784700116214441,1.0
0.07848587456410774,1.0
0.07848984130193065,1.0
0.07849380844073793,1.0
0.07849777598059038,1.0
0.07850174392154881,1.0
0.07850968100702695,1.0
0.07851365015166835,1.0
0.07851761969765914,1.0
0.07852158964506017,1.0
0.07852555999393235,1.0
0.07854939052147084,1.0
0.07855336368234699,1.0
0.07855733724518185,1.0
0.07856131121003643,1.0
0.07856528557697172,1.0
0.07856926034604877,1.0
0.07857323551732862,1.0
0.07858118706674087,1.0
0.07858516344499544,1.0
0.07858914022569707,1.0
0.07859311740890688,1.0
0.07859709499468596,1.0
0.07860107298309546,1.0
0.07860505137419649,1.0
0.07860903016805021,1.0
0.0786130093647178,1.0
0.0786169889642604,1.0
0.07862494937221547,1.0
0.07862893018075034,1.0
0.07863291139240507,1.0
0.07863689300724087,1.0
0.07864485744670076,1.0
0.07865680713128038,1.0
0.07866079116648939,1.0
0.07866477560530848,1.0
0.07867274569402229,1.0
0.07867673134403971,1.0
0.07868071739791266,1.0
0.07868869071747062,1.0
0.07869267798327843,1.0
0.07869666565318739,1.0
0.0787006537272589,1.0
0.07870464220555443,1.0
0.07871661006639971,1.0
0.07873656459136077,1.0
0.07874454923435757,1.0
0.07876052337965311,1.0
0.07877650400730446,1.0
0.07878050017754781,1.0
0.07878449675324675,1.0
0.07879648891369426,1.0
0.07880048711183275,1.0
0.07881248414108094,1.0
0.07882048419022483,1.0
0.07882448482387575,1.0
0.07882848586366174,1.0
0.07883248730964466,1.0
0.0788484971567831,1.0
0.07885250063467886,1.0
0.07886050881023714,1.0
0.07888053636733035,1.0
0.07888454309950729,1.0
0.07889255778511557,1.0
0.078896565738671,1.0
0.07890458286759476,1.0
0.07890859204308724,1.0
0.07892463282004371,1.0
0.07893265565438373,1.0
0.07893666768323676,1.0
0.07894068011996137,1.0
0.07894870621727416,1.0
0.07895673394681987,1.0
0.07896476330909645,1.0
0.07896877860266449,1.0
0.07897279430460208,1.0
0.07898484386125522,1.0
0.07898886119729413,1.0
0.07899287894201425,1.0
0.0789968970954779,1.0
0.07900091565774749,1.0
0.0790169939961331,1.0
0.07902503561978425,1.0
0.07902905704544298,1.0
0.07903307888040713,1.0
0.07904514684175701,1.0
0.07904917031456785,1.0
0.07905319419699669,1.0
0.07905721848910609,1.0
0.07906124319095861,1.0
0.07906929382414338,1.0
0.07907331975560082,1.0
0.07907734609705179,1.0
0.07908137284855891,1.0
0.07908540001018485,1.0
0.07908942758199226,1.0
0.07909748395640216,1.0
0.07910151275913004,1.0
0.07913375796178344,1.0
0.07914989042352581,1.0
0.0791539245667686,1.0
0.07915795912126,1.0
0.0791619940870629,1.0
0.0791660294642402,1.0
0.07917006525285482,1.0
0.07917410145296967,1.0
0.0791781380646477,1.0
0.07918217508795188,1.0
0.07918621252294514,1.0
0.07919025036969048,1.0
0.0791942886282509,1.0
0.07919832729868938,1.0
0.07920236638106895,1.0
0.07920640587545265,1.0
0.0792104457819035,1.0
0.07921448610048457,1.0
0.07922256797428964,1.0
0.07922660952963984,1.0
0.07923065149737259,1.0
0.07923873667023827,1.0
0.0792427798754975,1.0
0.07925086752398448,1.0
0.07925491196733861,1.0
0.0792589568235174,1.0
0.07926300209258409,1.0
0.07946579337870337,1.0
0.07946985978917204,1.0
0.07947392661583337,1.0
0.07947799385875128,1.0
0.07948206151798966,1.0
0.07948612959361245,1.0
0.079494266994267,1.0
0.07951868919610855,1.0
0.07952276102206975,1.0
0.07953497900235583,1.0
0.07953905249679898,1.0
0.07955942622950819,1.0
0.07956350222859777,1.0
0.07957165547983809,1.0
0.07957573273211724,1.0
0.07957981040225467,1.0
0.0795879669963614,1.0
0.07959204592045921,1.0
0.07959612526267233,1.0
0.0796002050230651,1.0
0.0796083657986467,1.0
0.07962877506024714,1.0
0.07963285816839298,1.0
0.07964102564102564,1.0
0.07965736561345917,1.0
0.07967780001026115,1.0
0.07968188814776808,1.0
0.07968597670480784,1.0
0.07969415507774413,1.0
0.07971460835643157,1.0
0.07971870027205996,1.0
0.07972279260780288,1.0
0.07973916615321422,1.0
0.07975145072664715,1.0
0.07975964254532382,1.0
0.07976373908577299,1.0
0.07976783604704915,1.0
0.0797760312323419,1.0
0.07985807579575256,1.0
0.07986218245397511,1.0
0.07986628953458473,1.0
0.07987450496322585,1.0
0.07988683127572016,1.0
0.0798909408920212,1.0
0.07992794647452393,1.0
0.07994851994851995,1.0
0.07995263591433278,1.0
0.07995675230396952,1.0
0.07996086911749563,1.0
0.07996498635497658,1.0
0.07996910401647786,1.0
0.0799855789039967,1.0
0.07998969868658254,1.0
0.07999793952506053,1.0
0.08001442629707868,1.0
0.08001854905193735,1.0
0.08002267223166898,1.0
0.08003916920063908,1.0
0.08004329450572106,1.0
0.08005154639175258,1.0
0.08005567297283366,1.0
0.08006392741145538,1.0
0.08006805526912765,1.0
0.08007631226152419,1.0
0.08008457095709572,1.0
0.08008870094373678,1.0
0.08009283135636926,1.0
0.08009696219505906,1.0
0.0801052251508743,1.0
0.08010935726813165,1.0
0.08011348981171008,1.0
0.08011762278167561,1.0
0.08012175617809421,1.0
0.08012589000103189,1.0
0.08013002425055467,1.0
0.08013415892672858,1.0
0.08014242955929404,1.0
0.08015070189925681,1.0
0.08015483870967742,1.0
0.08015897594714566,1.0
0.08016311361172766,1.0
0.08016725170348957,1.0
0.08017139022249754,1.0
0.08017552916881776,1.0
0.08017966854251639,1.0
0.08019208922854487,1.0
0.08019623031241932,1.0
0.0802003718240033,1.0
0.08020865613056502,1.0
0.08021279892567533,1.0
0.08021694214876034,1.0
0.080233519322174,1.0
0.08024181047845406,1.0
0.08024595669921976,1.0
0.08025010334849111,1.0
0.08025425042633455,1.0
0.08025839793281654,1.0
0.08027084302475836,1.0
0.08027499224645922,1.0
0.08027914189713105,1.0
0.08028329197684037,1.0
0.0802957447908588,1.0
0.08037470241175862,1.0
0.0803871836016357,1.0
0.08039134485971633,1.0
0.08039966866846138,1.0
0.08042048573351976,1.0
0.08042465044018643,1.0
0.08042881557822777,1.0
0.08052055788873334,1.0
0.08052890847809178,1.0
0.08053308442231902,1.0
0.08055814918560017,1.0
0.08056232816309591,1.0
0.08056650757418551,1.0
0.08057904840969232,1.0
0.08068789941289552,1.0
0.08069209186324432,1.0
0.08069628474928553,1.0
0.08070047807108709,1.0
0.08070467182871693,1.0
0.08072145121887832,1.0
0.08072564715666909,1.0
0.08076343023558168,1.0
0.08076763053879758,1.0
0.0807760324560491,1.0
0.08078023407022107,1.0
0.08078443612151477,1.0
0.0807970448988086,1.0
0.08080124869927159,1.0
0.08080545293719757,1.0
0.08080965761265481,1.0
0.08081386272571162,1.0
0.0808180682764363,1.0
0.08082227426489721,1.0
0.08082648069116269,1.0
0.0808306875553011,1.0
0.08083489485738081,1.0
0.0808391025974702,1.0
0.0808433107756377,1.0
0.08087699198000209,1.0
0.08102467783168989,1.0
0.08105004957987579,1.0
0.08105427974947808,1.0
0.08105851036066601,1.0
0.08106274141350872,1.0
0.08112202256581696,1.0
0.08112626025178916,1.0
0.0811304983805245,1.0
0.08113473695209236,1.0
0.08113897596656218,1.0
0.08114321542400334,1.0
0.08114745532448532,1.0
0.08115169566807755,1.0
0.0811559364548495,1.0
0.08116017768487066,1.0
0.08116441935821052,1.0
0.08116866147493859,1.0
0.0811729040351244,1.0
0.08118563437712374,1.0
0.08118987871183606,1.0
0.08121110704387387,1.0
0.08121535404246417,1.0
0.08122384937238494,1.0
0.0812280977038548,1.0
0.08123659570016216,1.0
0.08124084536513915,1.0
0.08124509547475804,1.0
0.08124934602908862,1.0
0.0812535970282007,1.0
0.08125784847216408,1.0
0.08126210036104861,1.0
0.08128336648173348,1.0
0.08128762104161215,1.0
0.08129613149767052,1.0
0.08130038739399016,1.0
0.08130464373593006,1.0
0.08132593213238375,1.0
0.08133019114951558,1.0
0.08133445061275793,1.0
0.0813387105221809,1.0
0.0813429708778546,1.0
0.08134723167984914,1.0
0.08135149292823468,1.0
0.08136001676445935,1.0
0.08136427935243883,1.0
0.08136854238709001,1.0
0.0813728058684831,1.0
0.08137706979668832,1.0
0.08138133417177593,1.0
0.08138559899381616,1.0
0.08138986426287931,1.0
0.08139412997903564,1.0
0.08139839614235547,1.0
0.08140692981076689,1.0
0.08141119731599916,1.0
0.08146671562713109,1.0
0.08147098940300074,1.0
0.08147526362730181,1.0
0.08147953830010493,1.0
0.08148808899149963,1.0
0.08149236501023246,1.0
0.08150091839412228,1.0
0.0815051957594206,1.0
0.08154371226043582,1.0
0.08154799411888258,1.0
0.08155227642703355,1.0
0.08156512605042017,1.0
0.08158655109009719,1.0
0.08159083744877588,1.0
0.08159512425786791,1.0
0.0815994115174443,1.0
0.08160369922757606,1.0
0.0816079873883342,1.0
0.08161227599978979,1.0
0.08161656506201387,1.0
0.08162085457507752,1.0
0.08162514453905183,1.0
0.08162943495400789,1.0
0.08163372582001682,1.0
0.08163801713714977,1.0
0.08164230890547787,1.0
0.08164660112507229,1.0
0.08165518691834481,1.0
0.08166377451753694,1.0
0.08166806899453093,1.0
0.08167236392321851,1.0
0.08167665930367098,1.0
0.08181004056260865,1.0
0.08181435043725635,1.0
0.08182297154899895,1.0
0.08182728278623742,1.0
0.08183159447781642,1.0
0.08183590662380777,1.0
0.0818402192242833,1.0
0.0818617890464393,1.0
0.08186610437532947,1.0
0.08187042015920713,1.0
0.08187473639814424,1.0
0.08187905309221279,1.0
0.08188337024148476,1.0
0.08189200590592702,1.0
0.08192224508097273,1.0
0.08192656678624183,1.0
0.08193088894750726,1.0
0.0819352115648412,1.0
0.08193953463831584,1.0
0.08194385816800338,1.0
0.08194818215397605,1.0
0.0819611568503272,1.0
0.08196548266216287,1.0
0.08199144712528378,1.0
0.08201309674693705,1.0
0.08201742804330604,1.0
0.08202175979719024,1.0
0.08202609200866212,1.0
0.0820390913893291,1.0
0.08204342543187701,1.0
0.08204775993237531,1.0
0.0820520948908966,1.0
0.08205643030751347,1.0
0.08206076618229854,1.0
0.08206510251532445,1.0
0.08206943930666386,1.0
0.0820737765563894,1.0
0.08207811426457376,1.0
0.08208245243128964,1.0
0.08208679105660975,1.0
0.08209113014060683,1.0
0.0820954696833536,1.0
0.08209980968492282,1.0
0.08210415014538726,1.0
0.08210849106481971,1.0
0.0821475800052896,1.0
0.0821519255184088,1.0
0.08215627149129767,1.0
0.0821606179240292,1.0
0.08216496481667637,1.0
0.08216931216931217,1.0
0.08218670618120237,1.0
0.08219105583487696,1.0
0.0821954059489785,1.0
0.08219975652358016,1.0
0.08220845905457626,1.0
0.08222586964578811,1.0
0.08223022344593879,1.0
0.082234577707175,1.0
0.08223893242957,1.0
0.08226507045237844,1.0
0.08226942840493723,1.0
0.08227378681924137,1.0
0.08227814569536424,1.0
0.08228250503337925,1.0
0.0822912250953794,1.0
0.08229558581951142,1.0
0.08229994700582936,1.0
0.0823043086544067,1.0
0.08230867076531694,1.0
0.08231303333863359,1.0
0.08235668452033727,1.0
0.08236542031291434,1.0
0.08237415795894552,1.0
0.08237852747719075,1.0
0.08238289745902073,1.0
0.08238726790450929,1.0
0.08239163881373017,1.0
0.08240038202366425,1.0
0.0824047543245251,1.0
0.08241787401156929,1.0
0.08243974944261599,1.0
0.08244412592238679,1.0
0.08244850286685071,1.0
0.0824616364891414,1.0
0.0824660152931181,1.0
0.08247039456215814,1.0
0.08247477429633564,1.0
0.08247915449572468,1.0
0.0824835351603994,1.0
0.08250544546565372,1.0
0.08250982892360004,1.0
0.08251421284735136,1.0
0.08251859723698193,1.0
0.0825317532018919,1.0
0.08253613945578231,1.0
0.08254052617592346,1.0
0.08254491336238971,1.0
0.08254930101525541,1.0
0.08255368913459495,1.0
0.0825580777204827,1.0
0.08256246677299309,1.0
0.08256685629220054,1.0
0.0825712462781795,1.0
0.08257563673100442,1.0
0.08258441903749003,1.0
0.08258881089129973,1.0
0.08260198925589064,1.0
0.08261956695217322,1.0
0.08264594752807194,1.0
0.08265034592868548,1.0
0.0826547447974879,1.0
0.08265914413455397,1.0
0.08267234495608199,1.0
0.0826767461669506,1.0
0.0826811478464569,1.0
0.08271197273114614,1.0
0.08272078406306595,1.0
0.08272519043306877,1.0
0.08272959727253357,1.0
0.08273400458153535,1.0
0.08274722932651321,1.0
0.0827516385144136,1.0
0.08275604817222637,1.0
0.08276045830002665,1.0
0.08276486889788957,1.0
0.08277369150410405,1.0
0.08278251599147121,1.0
0.08279575625099962,1.0
0.0828001706120708,1.0
0.08280458544388163,1.0
0.0828090007465074,1.0
0.08281341652002347,1.0
0.08281783276450512,1.0
0.0828310843244973,1.0
0.08283550245359506,1.0
0.08283992105403531,1.0
0.08284875966924513,1.0
0.0828531796841656,1.0
0.0828576001707304,1.0
0.08286202112901504,1.0
0.08286644255909503,1.0
0.08289298105150787,1.0
0.08289740578627094,1.0
0.08292396411789833,1.0
0.08292839216105088,1.0
0.0829328206771334,1.0
0.08293724966622162,1.0
0.08294610906371842,1.0
0.08295053947227861,1.0
0.08295497035414774,1.0
0.0829594017094017,1.0
0.08296383353811636,1.0
0.08296826584036757,1.0
0.08297269861623123,1.0
0.08300374131480491,1.0
0.08300817788230264,1.0
0.08301261492409664,1.0
0.083017052440263,1.0
0.0830259288960171,1.0
0.08303480725017377,1.0
0.08303924713934338,1.0
0.08305701144507434,1.0
0.08306589644843816,1.0
0.0830703396630115,1.0
0.08307922751832236,1.0
0.08308811727569418,1.0
0.0830970089357376,1.0
0.08310590249906352,1.0
0.0831103499946484,1.0
0.08311479796628311,1.0
0.0831192464140441,1.0
0.08312369533800781,1.0
0.08312814473825073,1.0
0.08313704496788009,1.0
0.08314149579741956,1.0
0.08315930388219545,1.0
0.08317266495287061,1.0
0.08317711959723635,1.0
0.08318157471880021,1.0
0.08318603031763887,1.0
0.08319048639382902,1.0
0.08319939997857066,1.0
0.08322615219721329,1.0
0.08323061257302106,1.0
0.08346321276938787,1.0
0.08348564670465541,1.0
0.08349013493898177,1.0
0.0836114999461613,1.0
0.08361600172293114,1.0
0.08362050398449279,1.0
0.08362500673092456,1.0
0.0836295099623048,1.0
0.08363401367871183,1.0
0.0836430225669198,1.0
0.08364752773887751,1.0
0.08365203339617559,1.0
0.08365653953889247,1.0
0.08366104616710661,1.0
0.08366555328089645,1.0
0.0836700608803405,1.0
0.0836835865933829,1.0
0.08376483279395901,1.0
0.08376935109768596,1.0
0.0837738698888769,1.0
0.08377838916761073,1.0
0.08378290893396634,1.0
0.08379194992985864,1.0
0.08379647115955323,1.0
0.08380551508283417,1.0
0.08381003777657853,1.0
0.08381456095849749,1.0
0.08381908462867012,1.0
0.08385981964468923,1.0
0.08386434820174965,1.0
0.08387340678332253,1.0
0.08387793680799352,1.0
0.08388246732202657,1.0
0.083886998325501,1.0
0.08389152981849611,1.0
0.08390059427336574,1.0
0.08390966068727036,1.0
0.08392326398270737,1.0
0.08392779939472546,1.0
0.08393233529697887,1.0
0.08393687168954708,1.0
0.08394140857250959,1.0
0.08395048380993567,1.0
0.08395502216455833,1.0
0.08395956100989349,1.0
0.08396410034602077,1.0
0.08396864017301973,1.0
0.08397318049097005,1.0
0.08398680439132551,1.0
0.08399134667387777,1.0
0.08399588944777976,1.0
0.08400043271311121,1.0
0.08400497646995186,1.0
0.08400952071838148,1.0
0.08401406545847985,1.0
0.08401861069032678,1.0
0.08405044108892136,1.0
0.08406864071888702,1.0
0.08407774348979481,1.0
0.08408229561451001,1.0
0.08408684823217283,1.0
0.08409140134286333,1.0
0.08409595494666161,1.0
0.08410050904364778,1.0
0.08410506363390198,1.0
0.08410961871750433,1.0
0.08411417429453502,1.0
0.08411873036507421,1.0
0.0841232869292021,1.0
0.08412784398699892,1.0
0.08413240153854488,1.0
0.08413695958392026,1.0
0.08414151812320529,1.0
0.08414607715648027,1.0
0.08415063668382552,1.0
0.08416431823108605,1.0
0.08416887973551569,1.0
0.08417344173441735,1.0
0.08417800422787143,1.0
0.08418256721595838,1.0
0.08419625914882081,1.0
0.08420082411624376,1.0
0.08420538957870195,1.0
0.08420995553627589,1.0
0.08421452198904615,1.0
0.08421908893709328,1.0
0.08422365638049786,1.0
0.08422822431934049,1.0
0.0842327927537018,1.0
0.0842373616836624,1.0
0.08425107144794662,1.0
0.0842556423611111,1.0
0.08426021377027834,1.0
0.08426935807694395,1.0
0.08427393097460387,1.0
0.08427850436858957,1.0
0.08428307825898187,1.0
0.0842876526458616,1.0
0.0842922275293096,1.0
0.08429680290940672,1.0
0.08430137878623385,1.0
0.08430595515987188,1.0
0.08431510939790433,1.0
0.08437924477044281,1.0
0.08439758708765828,1.0
0.08440217391304349,1.0
0.08442052620134811,1.0
0.08442511552052188,1.0
0.0844894184211958,1.0
0.08449861254692856,1.0
0.08450780867388584,1.0
0.08451240748802787,1.0
0.08451700680272109,1.0
0.08452160661804724,1.0
0.08452620693408806,1.0
0.08453080775092532,1.0
0.08454001088731627,1.0
0.08454461320703359,1.0
0.08454921602787456,1.0
0.08458605664488017,1.0
0.08459066397951959,1.0
0.08459527181610198,1.0
0.08459988015470937,1.0
0.08460448899542385,1.0
0.08460909833832743,1.0
0.08461831853103034,1.0
0.0846229293809939,1.0
0.08462754073347502,1.0
0.08463215258855586,1.0
0.0846367649463186,1.0
0.08467368191483561,1.0
0.0846782988004362,1.0
0.08468291618954142,1.0
0.08469677137870855,1.0
0.08470601069052035,1.0
0.08471063110238368,1.0
0.08471987343843762,1.0
0.08472449536279324,1.0
0.08474298810433264,1.0
0.08475223750272866,1.0
0.08477999781635549,1.0
0.08480314530661279,1.0
0.08480777632153778,1.0
0.0848124078422806,1.0
0.08481703986892408,1.0
0.08482167240155115,1.0
0.08484947822761296,1.0
0.0848541143044476,1.0
0.08486338797814208,1.0
0.08486802557516804,1.0
0.08487730228999289,1.0
0.08489122116540943,1.0
0.08489586180506205,1.0
0.08490050295211021,1.0
0.08490514460663715,1.0
0.08490978676872608,1.0
0.08491442943846028,1.0
0.08494229612208062,1.0
0.08494694234766437,1.0
0.08499343257443083,1.0
0.08499808439603744,1.0
0.08500273672687465,1.0
0.08501204291657544,1.0
0.08505860444736554,1.0
0.08506326340581695,1.0
0.08506792287467134,1.0
0.0850725828540126,1.0
0.08507724334392462,1.0
0.08508190434449131,1.0
0.08508656585579663,1.0
0.0850912278779245,1.0
0.0850958904109589,1.0
0.08510055345498384,1.0
0.08510521701008329,1.0
0.08510988107634132,1.0
0.08511454565384194,1.0
0.08511921074266922,1.0
0.08512387634290726,1.0
0.08512854245464013,1.0
0.08513320907795198,1.0
0.08513787621292693,1.0
0.08514254385964912,1.0
0.08514721201820276,1.0
0.08515654987114109,1.0
0.08516121956569424,1.0
0.08516588977241568,1.0
0.08517056049138971,1.0
0.0851752317227006,1.0
0.08517990346643264,1.0
0.08518457572267017,1.0
0.08518924849149753,1.0
0.08519392177299907,1.0
0.08519859556725916,1.0
0.08520794469439262,1.0
0.08522664910547689,1.0
0.085231326491411,1.0
0.08523600439077936,1.0
0.0852406828036665,1.0
0.08524536173015698,1.0
0.0852500411703354,1.0
0.08525472112428634,1.0
0.0852640825738443,1.0
0.0852687640696206,1.0
0.08527344607950801,1.0
0.08527812860359124,1.0
0.08530623455094755,1.0
0.08531092067677433,1.0
0.08531560731747515,1.0
0.08532029447313481,1.0
0.08532498214383825,1.0
0.08532967032967033,1.0
0.08533435903071597,1.0
0.08533904824706012,1.0
0.08534842822598374,1.0
0.08536719437115216,1.0
0.08540944838585492,1.0
0.08542354235423542,1.0
0.0854282413774135,1.0
0.0854329409175927,1.0
0.08546585218204832,1.0
0.08547996477322765,1.0
0.08548937575690851,1.0
0.08549408202587393,1.0
0.08549878881303678,1.0
0.0855082039422971,1.0
0.08551291228456583,1.0
0.08551762114537445,1.0
0.08552233052480863,1.0
0.08552704042295407,1.0
0.08554117323051501,1.0
0.0855505976973503,1.0
0.08555531070956368,1.0
0.08556002424108865,1.0
0.08556473829201101,1.0
0.08556945286241666,1.0
0.08557416795239145,1.0
0.08557888356202127,1.0
0.08559303350970017,1.0
0.08571586267799979,1.0
0.08572059391731524,1.0
0.08572532567895783,1.0
0.08584378972969985,1.0
0.08584853510226645,1.0
0.08585328099950246,1.0
0.08585802742149491,1.0
0.08586752184009731,1.0
0.0858722698368814,1.0
0.08587701835877018,1.0
0.0858817674058508,1.0
0.08588651697821037,1.0
0.08589126707593607,1.0
0.08590552052218166,1.0
0.08591027272224373,1.0
0.08591502544810799,1.0
0.08591977869986168,1.0
0.08592453247759212,1.0
0.0859292867813866,1.0
0.08594355285002767,1.0
0.08594830925895179,1.0
0.0859578236563901,1.0
0.08596258164507915,1.0
0.08596734016053141,1.0
0.08597209920283437,1.0
0.08597685877207552,1.0
0.08598161886834238,1.0
0.0859863794917225,1.0
0.08599114064230343,1.0
0.08599590232017276,1.0
0.0860006645254181,1.0
0.08601019051838724,1.0
0.08601495430628635,1.0
0.08601971862191204,1.0
0.08602448346535202,1.0
0.086029248836694,1.0
0.0860340147360257,1.0
0.0860387811634349,1.0
0.08604354811900937,1.0
0.08604831560283688,1.0
0.08605308361500526,1.0
0.08606739082243405,1.0
0.08607216094884443,1.0
0.08607693160403503,1.0
0.08608170278809378,1.0
0.08608647450110865,1.0
0.08609124674316758,1.0
0.08609601951435858,1.0
0.08610079281476964,1.0
0.0861055666444888,1.0
0.08611511589220361,1.0
0.08611989131037542,1.0
0.08612466725820764,1.0
0.08612944373578836,1.0
0.08613422074320577,1.0
0.08613899828054801,1.0
0.08614377634790327,1.0
0.08615333407300566,1.0
0.08615811373092927,1.0
0.0861676746379626,1.0
0.08617245588724892,1.0
0.08619158619158619,1.0
0.08619637009491037,1.0
0.08620115452930728,1.0
0.0862059394948654,1.0
0.08621551101981902,1.0
0.086234660447554,1.0
0.08623944913371835,1.0
0.0862442383517521,1.0
0.08624902810174387,1.0
0.08625381838378228,1.0
0.08625860919795601,1.0
0.08626340054435372,1.0
0.08629215980441185,1.0
0.08629695487886196,1.0
0.08630175048624618,1.0
0.08630654662665332,1.0
0.08631134330017229,1.0
0.08631614050689196,1.0
0.08632093824690122,1.0
0.08632573652028905,1.0
0.08633053532714437,1.0
0.08634013454161339,1.0
0.0863449349494051,1.0
0.0863497358910203,1.0
0.08635453736654804,1.0
0.0863785527559931,1.0
0.08638335743686729,1.0
0.0863929684023142,1.0
0.08639777468706537,1.0
0.08640258150662067,1.0
0.08640738886106938,1.0
0.08641219675050078,1.0
0.08641700517500417,1.0
0.08645067913604988,1.0
0.08647956342577125,1.0
0.08648437935067105,1.0
0.08648919581198485,1.0
0.08649401280980229,1.0
0.08649883034421299,1.0
0.0865084670231729,1.0
0.08651328616790151,1.0
0.08651810584958217,1.0
0.08652292606830464,1.0
0.08652774682415867,1.0
0.08653256811723407,1.0
0.08653738994762064,1.0
0.08654221231540819,1.0
0.08656633221850613,1.0
0.0865711578125871,1.0
0.08657598394469841,1.0
0.08658081061493003,1.0
0.08658563782337199,1.0
0.08659046557011431,1.0
0.08659529385524702,1.0
0.0866001226788602,1.0
0.08660495204104394,1.0
0.08660978194188836,1.0
0.08662427487728692,1.0
0.08662910693367547,1.0
0.0866339395291755,1.0
0.08663877266387726,1.0
0.08664360633787101,1.0
0.086648440551247,1.0
0.08665327530409553,1.0
0.0866581105965069,1.0
0.08668713368685459,1.0
0.08669681237090382,1.0
0.08670165252344797,1.0
0.08670649321645917,1.0
0.08671133445002792,1.0
0.0867161762242448,1.0
0.08672101853920036,1.0
0.0867258613949852,1.0
0.08673070479168994,1.0
0.0867355487294052,1.0
0.08674039320822163,1.0
0.08674523822822991,1.0
0.08675008378952072,1.0
0.08675492989218479,1.0
0.08675977653631285,1.0
0.08676462372199564,1.0
0.08676947144932394,1.0
0.08677431971838856,1.0
0.08677916852928029,1.0
0.08678401788208998,1.0
0.08678886777690846,1.0
0.08679371821382664,1.0
0.0868228322245206,1.0
0.08683739655558041,1.0
0.08684225241849801,1.0
0.08684710882451627,1.0
0.08685682326621924,1.0
0.08686168130208624,1.0
0.08687625867084359,1.0
0.08688111888111888,1.0
0.08688597963522435,1.0
0.08689084093325128,1.0
0.08689570277529096,1.0
0.08692488525691257,1.0
0.08692975090959977,1.0
0.0869346171070309,1.0
0.08694921896870277,1.0
0.08695895626854808,1.0
0.08696382573636466,1.0
0.08696869574956599,1.0
0.08697356630824372,1.0
0.08697843741248949,1.0
0.08698818125805187,1.0
0.08699305399955187,1.0
0.08699792728698673,1.0
0.08710527791799877,1.0
0.08711016378730088,1.0
0.08711505020474561,1.0
0.08711993717042522,1.0
0.08712971274685817,1.0
0.0871346013577961,1.0
0.08715416128851226,1.0
0.08715905264339432,1.0
0.08716394454734243,1.0
0.08716883700044903,1.0
0.08723248890636409,1.0
0.08723738905740928,1.0
0.08724719101123596,1.0
0.08725209281420304,1.0
0.0872569951679964,1.0
0.08727170553526271,1.0
0.08727661009328987,1.0
0.08728151520260777,1.0
0.08728642086330936,1.0
0.0872913270754876,1.0
0.08730114115464613,1.0
0.08731095744082758,1.0
0.08731586641178454,1.0
0.0873207759347765,1.0
0.08732568600989654,1.0
0.08733550781689349,1.0
0.0873453318335208,1.0
0.0873502446706789,1.0
0.08736498649864986,1.0
0.0874092418528733,1.0
0.08741908246552209,1.0
0.08742400360279216,1.0
0.08742892529415076,1.0
0.08743384753969148,1.0
0.08744861760234247,1.0
0.08745354206554792,1.0
0.08756202074875959,1.0
0.08756695799266986,1.0
0.08757189579339122,1.0
0.08758177306564403,1.0
0.08758671253736394,1.0
0.08759165256627185,1.0
0.08759659315246207,1.0
0.08765592368911215,1.0
0.08766087152856175,1.0
0.08766581992661586,1.0
0.08767076888336908,1.0
0.08767571839891605,1.0
0.0876806684733514,1.0
0.08768561910676981,1.0
0.08769057029926595,1.0
0.08770542723216807,1.0
0.08771038066192251,1.0
0.08771533465122847,1.0
0.08772028920018075,1.0
0.0877252443088742,1.0
0.08774507034295723,1.0
0.08775994575045208,1.0
0.08776490534049167,1.0
0.08776986549112693,1.0
0.08777482620245294,1.0
0.08777978747456477,1.0
0.08778474930755752,1.0
0.08778971170152629,1.0
0.08779467465656622,1.0
0.0877996381727725,1.0
0.0878095668890648,1.0
0.08781453208934124,1.0
0.0878194978511649,1.0
0.087824464174631,1.0
0.08782943105983486,1.0
0.08783439850687179,1.0
0.08784930421993438,1.0
0.08785427391525712,1.0
0.08785924417288979,1.0
0.08786421499292786,1.0
0.08788410389904364,1.0
0.08788907753254104,1.0
0.08789405172901692,1.0
0.0878990264885669,1.0
0.08790400181128658,1.0
0.08792390873577535,1.0
0.0879288868757785,1.0
0.08793386557952551,1.0
0.08793884484711212,1.0
0.08794382467863412,1.0
0.08794880507418734,1.0
0.0882637112816141,1.0
0.08826872797544617,1.0
0.08827374523958392,1.0
0.0882787630741246,1.0
0.08828378147916548,1.0
0.08830386080627736,1.0
0.0883088820652792,1.0
0.08831390389536536,1.0
0.08831892629663331,1.0
0.08832394926918045,1.0
0.08832897281310431,1.0
0.08833399692850236,1.0
0.08833902161547212,1.0
0.08834404687411115,1.0
0.08835409910678728,1.0
0.08835912608101958,1.0
0.08836918174576078,1.0
0.08837421043646503,1.0
0.08843963553530752,1.0
0.0884446722478501,1.0
0.0884497095341155,1.0
0.08845474739420174,1.0
0.088464824836229,1.0
0.08847490457471657,1.0
0.08847994530537831,1.0
0.08848498661044955,1.0
0.08849002849002849,1.0
0.08854552711100976,1.0
0.088575828437803,1.0
0.08858088067533652,1.0
0.08858593348924762,1.0
0.08859098687963492,1.0
0.08859604084659707,1.0
0.08862131933348551,1.0
0.08862637676196998,1.0
0.08863143476772058,1.0
0.08863649335083613,1.0
0.08864155251141552,1.0
0.08867698281276766,1.0
0.08868204659661946,1.0
0.08868711095882588,1.0
0.08869217589948601,1.0
0.08869724141869896,1.0
0.08870230751656386,1.0
0.08870737419317987,1.0
0.08871244144864618,1.0
0.08872257769652651,1.0
0.088727646689139,1.0
0.08873271626099874,1.0
0.08873778641220502,1.0
0.08874285714285714,1.0
0.08874792845305446,1.0
0.08875807281248214,1.0
0.08876821949128322,1.0
0.08877329370069738,1.0
0.08877836849025325,1.0
0.08879359634076615,1.0
0.08879867345188404,1.0
0.08880375114364135,1.0
0.0888088294161377,1.0
0.08881390826947272,1.0
0.08881898770374606,1.0
0.08882406771905742,1.0
0.08882914831550649,1.0
0.0888393112522167,1.0
0.08884439359267735,1.0
0.08884947651467476,1.0
0.08885456001830873,1.0
0.08885964410367912,1.0
0.08886981402002861,1.0
0.08887489985120751,1.0
0.08887998626452241,1.0
0.08888507326007326,1.0
0.08890033774114145,1.0
0.08890542706663614,1.0
0.08891051697486689,1.0
0.08891560746593381,1.0
0.08892069853993702,1.0
0.08893088243715283,1.0
0.0889359752605658,1.0
0.08894106866731573,1.0
0.08896144812969009,1.0
0.08896654445462879,1.0
0.08897164136350616,1.0
0.0889767388564226,1.0
0.08898183693347848,1.0
0.08898693559477423,1.0
0.0889920348404103,1.0
0.0889971346704871,1.0
0.08900223508510516,1.0
0.08901243766836706,1.0
0.08901753983721197,1.0
0.08902264259100029,1.0
0.0890277459298326,1.0
0.08903284985380955,1.0
0.08903795436303176,1.0
0.08904305945759991,1.0
0.08904816513761468,1.0
0.08906348569134599,1.0
0.08906859371415463,1.0
0.08907370232291367,1.0
0.08907881151772398,1.0
0.08908903166590179,1.0
0.08909414261947106,1.0
0.08909925415949513,1.0
0.08910436628607493,1.0
0.08910947899931146,1.0
0.08911459229930567,1.0
0.08911970618615861,1.0
0.08912482065997131,1.0
0.08912993572084481,1.0
0.08913505136888021,1.0
0.08914016760417863,1.0
0.089150401836969,1.0
0.0891555198346633,1.0
0.08916063842002526,1.0
0.0891657575931561,1.0
0.0891708773541571,1.0
0.08917599770312949,1.0
0.08922723355357656,1.0
0.08923236037692485,1.0
0.08923748778946158,1.0
0.08927852831273354,1.0
0.08928366103253996,1.0
0.0892887943425516,1.0
0.08929392824287029,1.0
0.08929906273359783,1.0
0.08930419781483612,1.0
0.08931446974925236,1.0
0.08931960660263415,1.0
0.08932474404693432,1.0
0.08932988208225481,1.0
0.08933502070869766,1.0
0.08934015992636483,1.0
0.08934529973535842,1.0
0.08935044013578045,1.0
0.08935558112773302,1.0
0.08936072271131826,1.0
0.08936586488663828,1.0
0.08937100765379524,1.0
0.08937615101289134,1.0
0.08938129496402877,1.0
0.08938643950730978,1.0
0.08939158464283659,1.0
0.08941731920773836,1.0
0.08943276706017853,1.0
0.08943791753052292,1.0
0.08944306859413696,1.0
0.08944822025112315,1.0
0.08948945488071915,1.0
0.08949461188267159,1.0
0.08949976947902259,1.0
0.08950492766987493,1.0
0.08951008645533141,1.0
0.08952040581046806,1.0
0.08952556638035396,1.0
0.08953072754525539,1.0
0.08957203829738147,1.0
0.08957720482205687,1.0
0.08958753965964811,1.0
0.08959270797277027,1.0
0.08959787688224774,1.0
0.08960304638818371,1.0
0.08960821649068144,1.0
0.0896133871898442,1.0
0.0896185584857753,1.0
0.08962373037857803,1.0
0.08962890286835574,1.0
0.08963407595521182,1.0
0.08963924963924964,1.0
0.08964959879928419,1.0
0.08965477427548782,1.0
0.08965995034928699,1.0
0.08966512702078522,1.0
0.08967030429008603,1.0
0.08967548215729298,1.0
0.08969101934738666,1.0
0.08969619960725425,1.0
0.08971174397781757,1.0
0.08971692663200462,1.0
0.0897221098850309,1.0
0.08972729373700022,1.0
0.08973247818801641,1.0
0.08973766323818329,1.0
0.08974284888760474,1.0
0.08974803513638466,1.0
0.08975322198462694,1.0
0.08976359747991446,1.0
0.08976878612716763,1.0
0.0897739753742991,1.0
0.08977916522141288,1.0
0.08978435566861305,1.0
0.0897895467160037,1.0
0.08979473836368893,1.0
0.08979993061177287,1.0
0.08980512346035968,1.0
0.08981031690955354,1.0
0.08981551095945868,1.0
0.0898207056101793,1.0
0.08982590086181966,1.0
0.08983109671448404,1.0
0.08983629316827674,1.0
0.0898414902233021,1.0
0.08985188613746818,1.0
0.08985708499681769,1.0
0.08986228445781738,1.0
0.08991951826761624,1.0
0.08992993224853785,1.0
0.08995597775718257,1.0
0.08996118866940857,1.0
0.08996640018537828,1.0
0.08997161230519668,1.0
0.08997682502896871,1.0
0.08998203835679935,1.0
0.0899872522887936,1.0
0.0899924668250565,1.0
0.09001854857407837,1.0
0.09002376673816011,1.0
0.09002898550724638,1.0
0.0900342048814424,1.0
0.09003942486085344,1.0
0.09006031083275343,1.0
0.09006553383981905,1.0
0.0900707574527317,1.0
0.09007598167159678,1.0
0.09008120649651973,1.0
0.09009688460869061,1.0
0.09010211185889998,1.0
0.0901073397156948,1.0
0.09011256817918069,1.0
0.09011779724946324,1.0
0.09013871960067328,1.0
0.09014395170652427,1.0
0.09014918441980611,1.0
0.09015441774062463,1.0
0.09015965166908563,1.0
0.09016488620529493,1.0
0.09019106800627213,1.0
0.09022250624527973,1.0
0.09022774808273298,1.0
0.09023823358512492,1.0
0.09024347725027602,1.0
0.09024872152487215,1.0
0.09025396640901959,1.0
0.09026445800639349,1.0
0.0902697047198326,1.0
0.09027495204324827,1.0
0.09028544852043485,1.0
0.09029069767441861,1.0
0.09029594743880458,1.0
0.09030119781369926,1.0
0.09031695260250072,1.0
0.09033271288971614,1.0
0.09033796754115525,1.0
0.09034322280395579,1.0
0.09036424997090656,1.0
0.09036950829211522,1.0
0.09037476722532588,1.0
0.09038002677064541,1.0
0.09038528692818065,1.0
0.09039054769803853,1.0
0.09039580908032596,1.0
0.09041686073591057,1.0
0.09043265591335235,1.0
0.0905011655011655,1.0
0.09050643976921732,1.0
0.09051171465205735,1.0
0.09051699014979309,1.0
0.09052226626253206,1.0
0.0905275429903818,1.0
0.09053809829184399,1.0
0.0905539358600583,1.0
0.0905592162808327,1.0
0.09056449731747143,1.0
0.09056977897008223,1.0
0.09057506123877289,1.0
0.09059091174240215,1.0
0.09059619647649049,1.0
0.09060148182719795,1.0
0.09060676779463243,1.0
0.09061205437890192,1.0
0.09061734158011436,1.0
0.09062262939837779,1.0
0.09062791783380018,1.0
0.09063320688648964,1.0
0.09064378684410203,1.0
0.09064907774924119,1.0
0.09065436927207986,1.0
0.09065966141272622,1.0
0.09067554154259357,1.0
0.09068613138686131,1.0
0.09069142723662696,1.0
0.09069672370495824,1.0
0.0907073184977513,1.0
0.09071261682242991,1.0
0.09071791576610784,1.0
0.09072321532889356,1.0
0.0907285155108956,1.0
0.09073381631222248,1.0
0.09073911773298277,1.0
0.09074441977328503,1.0
0.0907497224332379,1.0
0.09075502571294998,1.0
0.09079216603332359,1.0
0.09079747427502338,1.0
0.09080278313746126,1.0
0.09080809262074611,1.0
0.09081340272498685,1.0
0.0908187134502924,1.0
0.0909836545784756,1.0
0.09098898523552848,1.0
0.09099431651725552,1.0
0.09099964842376655,1.0
0.0910049809551714,1.0
0.09101031411157993,1.0
0.09101564789310203,1.0
0.09104766371577651,1.0
0.0910530018761726,1.0
0.0910583406625623,1.0
0.0910636800750557,1.0
0.09106902011376297,1.0
0.09107436077879427,1.0
0.09107970207025981,1.0
0.09109572970436415,1.0
0.09110107350266909,1.0
0.09110641792795963,1.0
0.09111176298034614,1.0
0.09111710865993898,1.0
0.09112245496684857,1.0
0.0911278019011853,1.0
0.09113314946305968,1.0
0.09113849765258215,1.0
0.09114384646986326,1.0
0.0911491959150135,1.0
0.09115454598814345,1.0
0.09118130577736026,1.0
0.09118665962069168,1.0
0.09120272492365515,1.0
0.0912080812826687,1.0
0.09121343827087983,1.0
0.09121879588839941,1.0
0.09122415413533834,1.0
0.09122951301180755,1.0
0.091234872517918,1.0
0.09124023265378062,1.0
0.09124559341950646,1.0
0.09125095481520654,1.0
0.09125631684099189,1.0
0.09126167949697361,1.0
0.09126704278326281,1.0
0.09127240669997061,1.0
0.09127777124720818,1.0
0.09128850223371737,1.0
0.09129386867321145,1.0
0.09130460344523487,1.0
0.09130997177798683,1.0
0.09131534074204739,1.0
0.09132071033752794,1.0
0.09132608056453984,1.0
0.09133145142319454,1.0
0.09134756779013,1.0
0.0913529411764706,1.0
0.09135831519501147,1.0
0.09136368984586422,1.0
0.09136906512914043,1.0
0.09137444104495175,1.0
0.091390572588713,1.0
0.09139595103578155,1.0
0.09140133011594373,1.0
0.09140670982931136,1.0
0.09141209017599623,1.0
0.0914174711561102,1.0
0.09142285276976511,1.0
0.09142823501707288,1.0
0.09143361789814543,1.0
0.09143900141309468,1.0
0.09144438556203262,1.0
0.0914605418138987,1.0
0.09147131582047355,1.0
0.09147670377569653,1.0
0.09148209236569274,1.0
0.09148748159057438,1.0
0.09149287145045364,1.0
0.09150365307565402,1.0
0.09150904484119969,1.0
0.0915144372421921,1.0
0.0915198302787436,1.0
0.09152522395096653,1.0
0.0915306182589733,1.0
0.09154140878278809,1.0
0.09154680499882104,1.0
0.09155220185108766,1.0
0.09155759933970051,1.0
0.09156299746477213,1.0
0.09156839622641509,1.0
0.09157379562474202,1.0
0.09157919565986555,1.0
0.09158459633189833,1.0
0.09158999764095306,1.0
0.09160080217057921,1.0
0.09161160924964606,1.0
0.09163323105971206,1.0
0.0916440457925174,1.0
0.09164945411625848,1.0
0.09165486307837582,1.0
0.09166027267898247,1.0
0.09166568291819148,1.0
0.09167109379611593,1.0
0.09168733026331326,1.0
0.09169274369723092,1.0
0.09170357248302333,1.0
0.0917089878351246,1.0
0.09171440382684698,1.0
0.0917198204583038,1.0
0.09172523772960842,1.0
0.09173065564087418,1.0
0.09173607419221454,1.0
0.0917414933837429,1.0
0.09174691321557275,1.0
0.09175775480059084,1.0
0.09176317655400615,1.0
0.09177944565924,1.0
0.09178486997635933,1.0
0.09179029493468881,1.0
0.09183914843287995,1.0
0.09184457980956887,1.0
0.09185001182872013,1.0
0.09185544449044775,1.0
0.09186087779486572,1.0
0.09186631174208813,1.0
0.09187174633222905,1.0
0.09187718156540259,1.0
0.09188261744172287,1.0
0.09188805396130406,1.0
0.09189349112426036,1.0
0.09189892893070596,1.0
0.09190436738075512,1.0
0.0919098064745221,1.0
0.09191524621212122,1.0
0.09192068659366677,1.0
0.09192612761927312,1.0
0.09193156928905463,1.0
0.09193701160312574,1.0
0.09194245456160086,1.0
0.09194789816459444,1.0
0.09195334241222097,1.0
0.09195878730459497,1.0
0.091964232841831,1.0
0.09197512585134734,1.0
0.09198057332385691,1.0
0.09198602144168691,1.0
0.09199691961376695,1.0
0.09200236966824644,1.0
0.09200782036850524,1.0
0.09201327171465813,1.0
0.09201872370681993,1.0
0.09202417634510547,1.0
0.09202962962962963,1.0
0.09204599336178283,1.0
0.09205144923241064,1.0
0.09205690574985181,1.0
0.09206236291422135,1.0
0.09206782072563434,1.0
0.09207327918420584,1.0
0.09207873829005099,1.0
0.09211150652431792,1.0
0.09211697016430394,1.0
0.09212243445248547,1.0
0.09212789938897788,1.0
0.09213336497389654,1.0
0.09213883120735687,1.0
0.0921442980894743,1.0
0.09214976562036432,1.0
0.09215523380014241,1.0
0.0921607026289241,1.0
0.09217711301044634,1.0
0.09218258443639817,1.0
0.09219900261220612,1.0
0.09220447663717865,1.0
0.0922099513121957,1.0
0.09221542663737307,1.0
0.09222637923867213,1.0
0.09223185651502554,1.0
0.09223733444200273,1.0
0.09224281301971965,1.0
0.09225377212783652,1.0
0.09225925265846849,1.0
0.09226473384030419,1.0
0.0922702156734597,1.0
0.0922756981580511,1.0
0.09228118129419455,1.0
0.09228666508200618,1.0
0.09229214952160218,1.0
0.09230860675225867,1.0
0.09231409380015455,1.0
0.09232506985315975,1.0
0.09233055885850178,1.0
0.09233604851655865,1.0
0.09234153882744678,1.0
0.09234702979128263,1.0
0.09235801367826346,1.0
0.09236350660164148,1.0
0.09236900017843336,1.0
0.09237449440875566,1.0
0.092379989292725,1.0
0.09238548483045807,1.0
0.09239098102207151,1.0
0.09239647786768206,1.0
0.09240197536740644,1.0
0.09240747352136142,1.0
0.09241847179243037,1.0
0.09242397190977801,1.0
0.09244047619047618,1.0
0.0924459789273171,1.0
0.09245148231932374,1.0
0.09245698636661309,1.0
0.09246249106930221,1.0
0.09246799642750819,1.0
0.09247900911093908,1.0
0.09248451643639828,1.0
0.09249002441784289,1.0
0.09251206290581998,1.0
0.09252308608876973,1.0
0.09252859866539562,1.0
0.09253411189894536,1.0
0.09253962578953641,1.0
0.09254514033728621,1.0
0.09255065554231227,1.0
0.09259480085857381,1.0
0.09260584376863447,1.0
0.09261136621146163,1.0
0.0926168893129771,1.0
0.09262241307329874,1.0
0.09263346257083209,1.0
0.09265004176112636,1.0
0.09267768693680253,1.0
0.09269428196251642,1.0
0.09273302681077208,1.0
0.0927385644332975,1.0
0.09274964166268514,1.0
0.09275518126978438,1.0
0.09276072153864533,1.0
0.09276626246938653,1.0
0.09277734631698428,1.0
0.09278843281352692,1.0
0.09279397705544933,1.0
0.09280506752719016,1.0
0.09281061375724615,1.0
0.09281616065025101,1.0
0.09282725642558279,1.0
0.09283280530814753,1.0
0.09283835485413677,1.0
0.09284390506366952,1.0
0.09284945593686476,1.0
0.09287722026194606,1.0
0.09288277511961722,1.0
0.0928883306417848,1.0
0.09289944368008614,1.0
0.09290500119645849,1.0
0.09291055937780436,1.0
0.09292167773589421,1.0
0.09292723791287698,1.0
0.09293279875531087,1.0
0.09293836026331538,1.0
0.09294392243701,1.0
0.09294948527651424,1.0
0.09297174329501916,1.0
0.09315019193857965,1.0
0.0931557794973307,1.0
0.09316136772645471,1.0
0.09316695662607236,1.0
0.0931725461963043,1.0
0.09317813643727126,1.0
0.09318372734909397,1.0
0.0931893189318932,1.0
0.09319491118578972,1.0
0.0932005041109044,1.0
0.09320609770735806,1.0
0.0932116919752716,1.0
0.09321728691476591,1.0
0.09322288252596195,1.0
0.09322847880898066,1.0
0.09323407576394309,1.0
0.09323967339097022,1.0
0.09324527169018312,1.0
0.0932508706617029,1.0
0.09325647030565064,1.0
0.09326207062214749,1.0
0.09326767161131463,1.0
0.09327327327327327,1.0
0.09330689738043739,1.0
0.09331250375533257,1.0
0.0933181108039899,1.0
0.09332371852653086,1.0
0.09332932692307692,1.0
0.09333493599374962,1.0
0.09334054573867051,1.0
0.09334615615796117,1.0
0.09335176725174321,1.0
0.09335737902013826,1.0
0.093362991463268,1.0
0.09336860458125414,1.0
0.09337421837421837,1.0
0.09337983284228249,1.0
0.09338544798556825,1.0
0.09339106380419748,1.0
0.09339668029829204,1.0
0.09340229746797378,1.0
0.0934079153133646,1.0
0.09341353383458646,1.0
0.0934191530317613,1.0
0.09342477290501112,1.0
0.09343039345445794,1.0
0.09346975624435751,1.0
0.09348100884849214,1.0
0.09348663616662653,1.0
0.0934922641623021,1.0
0.09349789283564118,1.0
0.0935035221867662,1.0
0.09350915221579961,1.0
0.09351478292286386,1.0
0.09352041430808142,1.0
0.09352604637157483,1.0
0.09353167911346663,1.0
0.09353731253387942,1.0
0.09354294663293579,1.0
0.09355421686746988,1.0
0.09355985300319296,1.0
0.09356548981805037,1.0
0.09357112731216485,1.0
0.0935767654856592,1.0
0.09358240433865622,1.0
0.09359368408364974,1.0
0.0936049665481285,1.0
0.09361060880048222,1.0
0.09361625173307614,1.0
0.09362189534603328,1.0
0.0936275396394767,1.0
0.09363318461352949,1.0
0.09364447660395563,1.0
0.09365012362057529,1.0
0.0936840200277493,1.0
0.09368967181467182,1.0
0.09369532428355958,1.0
0.09370097743453602,1.0
0.09370663126772462,1.0
0.09372359686179843,1.0
0.09372925342507092,1.0
0.09373491067117334,1.0
0.09374056860022938,1.0
0.09380851706433102,1.0
0.09381418388304942,1.0
0.09383118844782792,1.0
0.0938368580060423,1.0
0.09384252824944106,1.0
0.09384819917814842,1.0
0.09385954309198598,1.0
0.09387088974854932,1.0
0.09387656410566403,1.0
0.09390494618454469,1.0
0.09391062465985366,1.0
0.0939163038219642,1.0
0.09392198367100091,1.0
0.09392766420708842,1.0
0.09393334543035142,1.0
0.09394470993890267,1.0
0.09395039322444042,1.0
0.09395607719765262,1.0
0.09396176185866409,1.0
0.09396744720759968,1.0
0.09397881996974282,1.0
0.09398450738320019,1.0
0.09404141940171976,1.0
0.09404711439471931,1.0
0.09405281007751938,1.0
0.09405850645024529,1.0
0.09406420351302242,1.0
0.09406990126597613,1.0
0.09407559970923189,1.0
0.09408129884291512,1.0
0.09409269918206604,1.0
0.09409840038778478,1.0
0.09410410228443314,1.0
0.09410980487213672,1.0
0.09411550815102115,1.0
0.09412121212121212,1.0
0.09412691678283533,1.0
0.09413262213601649,1.0
0.09413832818088137,1.0
0.09414403491755577,1.0
0.09414974234616551,1.0
0.09416115927969441,1.0
0.09417257898247529,1.0
0.09418971373119844,1.0
0.0941954266998241,1.0
0.09421256976462024,1.0
0.0942182855062792,1.0
0.09422400194151195,1.0
0.09422971907044475,1.0
0.09424115540991565,1.0
0.0942468746207064,1.0
0.09425259452570249,1.0
0.09428692854107219,1.0
0.09440729483282674,1.0
0.09441303422700469,1.0
0.09441877431906615,1.0
0.09442451510913845,1.0
0.0944302565973489,1.0
0.09443599878382487,1.0
0.09444748525208295,1.0
0.09445322953411994,1.0
0.09445897451493218,1.0
0.0944647201946472,1.0
0.09447621365129578,1.0
0.0944877099050864,1.0
0.09449345908122908,1.0
0.09449920895704028,1.0
0.09450495953264772,1.0
0.09451071080817916,1.0
0.09453372291210128,1.0
0.09453947768917027,1.0
0.09454523316693048,1.0
0.09455098934550989,1.0
0.09457978075517662,1.0
0.09459130222926057,1.0
0.0945970640190047,1.0
0.09460282651072124,1.0
0.09460858970453853,1.0
0.09461435360058487,1.0
0.0946201181989886,1.0
0.09462588349987813,1.0
0.09463164950338188,1.0
0.09463741620962828,1.0
0.09464318361874581,1.0
0.09464895173086299,1.0
0.09465472054610836,1.0
0.09466049006461051,1.0
0.09466626028649802,1.0
0.0947066715453104,1.0
0.09473555786006223,1.0
0.09474133723767691,1.0
0.09474711732048074,1.0
0.09475289810860281,1.0
0.09475867960217219,1.0
0.09476446180131803,1.0
0.09477024470616953,1.0
0.09478181263350625,1.0
0.09479338338521638,1.0
0.09480495696233442,1.0
0.09481074481074481,1.0
0.09481653336589535,1.0
0.0948223226279155,1.0
0.09482811259693473,1.0
0.09483390327308255,1.0
0.09483969465648855,1.0
0.09484548674728227,1.0
0.09485127954559336,1.0
0.09485707305155143,1.0
0.09486286726528617,1.0
0.0948686621869273,1.0
0.09487445781660456,1.0
0.09489184895515092,1.0
0.0948976474182707,1.0
0.09490344659007578,1.0
0.09490924647069608,1.0
0.09491504706026158,1.0
0.09492084835890227,1.0
0.09492665036674816,1.0
0.09493245308392934,1.0
0.09493825651057587,1.0
0.09494406064681787,1.0
0.09494986549278553,1.0
0.09495567104860898,1.0
0.0949614773144185,1.0
0.09498470948012232,1.0
0.09499051929781638,1.0
0.09499632982627844,1.0
0.09500214106563895,1.0
0.09500795301602839,1.0
0.09501376567757724,1.0
0.09501957905041605,1.0
0.0950253931346754,1.0
0.09503120793048586,1.0
0.0950370234379781,1.0
0.09504283965728275,1.0
0.09508939505265736,1.0
0.09509521768415896,1.0
0.09512434154110008,1.0
0.0951301684532925,1.0
0.09513599607939231,1.0
0.09514182441953073,1.0
0.095147653473839,1.0
0.09515348324244838,1.0
0.09516514492309577,1.0
0.09517097683539649,1.0
0.09518847686178364,1.0
0.0952001471219273,1.0
0.09521765787860209,1.0
0.09522349622907597,1.0
0.09522933529556046,1.0
0.09523517507818728,1.0
0.0952410155770882,1.0
0.09525854137275348,1.0
0.09526438473806895,1.0
0.09527022882031777,1.0
0.0952760736196319,1.0
0.09528191913614333,1.0
0.09528776536998405,1.0
0.09534041377616796,1.0
0.09534626719056974,1.0
0.09535212132375515,1.0
0.09535797617585656,1.0
0.09536383174700645,1.0
0.09536968803733727,1.0
0.09537554504698151,1.0
0.09538726122474049,1.0
0.0953931203931204,1.0
0.09539898028134407,1.0
0.09540484088954417,1.0
0.09541070221785342,1.0
0.09541656426640452,1.0
0.09542242703533026,1.0
0.09542829052476343,1.0
0.09543415473483685,1.0
0.09544588531743593,1.0
0.09545175169022742,1.0
0.09545761878419079,1.0
0.09546348659945907,1.0
0.09546935513616524,1.0
0.09547522439444239,1.0
0.0954810943744236,1.0
0.095486965076242,1.0
0.09549283650003075,1.0
0.09549870864592301,1.0
0.09550458151405203,1.0
0.09551045510455104,1.0
0.09552808021160115,1.0
0.09553395669291338,1.0
0.09553983389726238,1.0
0.0955457118247816,1.0
0.09555746984986463,1.0
0.09556334994769553,1.0
0.09556923076923077,1.0
0.09561041679492704,1.0
0.09562219075180099,1.0
0.095628078817734,1.0
0.0956339676088429,1.0
0.09563985712526173,1.0
0.09564574736712447,1.0
0.09565163833456516,1.0
0.09565753002771789,1.0
0.09566342244671677,1.0
0.09566931559169593,1.0
0.09567520946278955,1.0
0.09568110406013185,1.0
0.09568699938385705,1.0
0.09569289543409945,1.0
0.09569879221099334,1.0
0.09570468971467308,1.0
0.09571058794527301,1.0
0.09571648690292758,1.0
0.0957223865877712,1.0
0.09572828699993836,1.0
0.09573418813956355,1.0
0.09574009000678134,1.0
0.09574599260172627,1.0
0.09575189592453295,1.0
0.09575779997533605,1.0
0.0957637047542702,1.0
0.09577551649707061,1.0
0.09578142346120637,1.0
0.0958050586057989,1.0
0.09581096921463385,1.0
0.09587011543922465,1.0
0.09588195344816941,1.0
0.09589379438098178,1.0
0.09589971594417686,1.0
0.09590563823874514,1.0
0.09591156126482213,1.0
0.0959174850225434,1.0
0.09592340951204448,1.0
0.09592933473346099,1.0
0.09593526068692859,1.0
0.09594118737258293,1.0
0.09594711479055974,1.0
0.09595304294099474,1.0
0.0959649014397825,1.0
0.09597083178840687,1.0
0.09597676287003276,1.0
0.09598269468479605,1.0
0.09598862723283269,1.0
0.09600049452926995,1.0
0.09600642927794263,1.0
0.09601236476043276,1.0
0.09601830097687647,1.0
0.09602423792740988,1.0
0.09603017561216919,1.0
0.0960479930731647,1.0
0.09605393369619,1.0
0.0960598750541226,1.0
0.09606581714709884,1.0
0.09607175997525517,1.0
0.09607770353872803,1.0
0.0960836478376539,1.0
0.09608959287216928,1.0
0.09609553864241074,1.0
0.09610148514851485,1.0
0.09610743239061822,1.0
0.09611338036885753,1.0
0.09613122872175797,1.0
0.09614313130687797,1.0
0.09614908370480436,1.0
0.09615503683982415,1.0
0.0961609907120743,1.0
0.09616694532169175,1.0
0.09617290066881347,1.0
0.09617885675357651,1.0
0.09618481357611793,1.0
0.09619077113657479,1.0
0.09619672943508424,1.0
0.09620864824680957,1.0
0.09622057001239158,1.0
0.09622653200322201,1.0
0.0962324947329285,1.0
0.09623845820164839,1.0
0.09624442240951908,1.0
0.09625038735667803,1.0
0.09625635304326267,1.0
0.09628619257238515,1.0
0.0962921626984127,1.0
0.09629813356482916,1.0
0.09630410517177229,1.0
0.09631605060778962,1.0
0.09632202443713948,1.0
0.09633995037220844,1.0
0.09637582226635225,1.0
0.09638180351269161,1.0
0.09638778550148958,1.0
0.09639376823288437,1.0
0.09639975170701427,1.0
0.09640573592401763,1.0
0.09641172088403278,1.0
0.09641770658719812,1.0
0.09642369303365206,1.0
0.09642968022353307,1.0
0.0964416568341303,1.0
0.09644764625512359,1.0
0.09645363642009813,1.0
0.09645962732919254,1.0
0.0964656189825455,1.0
0.09647161138029568,1.0
0.09647760452258185,1.0
0.09648359840954274,1.0
0.09648959304131718,1.0
0.096495588418044,1.0
0.09650158453986205,1.0
0.09650758140691026,1.0
0.09651357901932757,1.0
0.09651957737725295,1.0
0.09654357826681587,1.0
0.09655558318826163,1.0
0.09656158676863769,1.0
0.09656759109563487,1.0
0.09657960199004975,1.0
0.09658560855774613,1.0
0.0965976239348137,1.0
0.09660363274446379,1.0
0.09660964230171074,1.0
0.09662166365955328,1.0
0.09663368800945803,1.0
0.09663970130678283,1.0
0.09664571535254216,1.0
0.09665774568992344,1.0
0.09666376198182497,1.0
0.0966697790227202,1.0
0.096675796812749,1.0
0.09668783464076702,1.0
0.09669385467903617,1.0
0.09669987546699875,1.0
0.09670589700479482,1.0
0.09671191929256445,1.0
0.09671794233044778,1.0
0.09674204198592164,1.0
0.09674806877647645,1.0
0.09675409631798641,1.0
0.0967601246105919,1.0
0.09676615365443329,1.0
0.09677218344965105,1.0
0.09678424529477751,1.0
0.09679027734496728,1.0
0.09679631014709549,1.0
0.09680234370130275,1.0
0.0968083780077297,1.0
0.09681441306651704,1.0
0.09686272063868272,1.0
0.0968687624750499,1.0
0.0968748050651862,1.0
0.0968808484092327,1.0
0.09688689250733046,1.0
0.09689293735962067,1.0
0.09689898296624447,1.0
0.09692317293890033,1.0
0.09692922231931095,1.0
0.09693527245490294,1.0
0.09694132334581773,1.0
0.09694737499219677,1.0
0.09695948055191358,1.0
0.09696553446553446,1.0
0.09697158913518576,1.0
0.09698370074314619,1.0
0.09700187382885696,1.0
0.09700793303766632,1.0
0.09702611520679745,1.0
0.09703217744454858,1.0
0.09703824043989003,1.0
0.09704430419296382,1.0
0.09705036870391201,1.0
0.0970564339728767,1.0
0.0970928415129728,1.0
0.09709891209203451,1.0
0.09710498343025073,1.0
0.09711105552776388,1.0
0.09711712838471641,1.0
0.09712320200125078,1.0
0.09713535151363523,1.0
0.09714142740977044,1.0
0.0971475040660578,1.0
0.09715358148263997,1.0
0.09715965965965966,1.0
0.09716573859725959,1.0
0.09717181829558252,1.0
0.09717789875477129,1.0
0.0971839799749687,1.0
0.09719006195631767,1.0
0.09719614469896107,1.0
0.09722048328533868,1.0
0.09722656983659926,1.0
0.09723265715001252,1.0
0.09723874522572162,1.0
0.09724483406386976,1.0
0.09725092366460017,1.0
0.09725701402805612,1.0
0.09726310515438091,1.0
0.0972691970437179,1.0
0.09727528969621047,1.0
0.097281383112002,1.0
0.09728747729123598,1.0
0.09729357223405588,1.0
0.09729966794060523,1.0
0.09730576441102756,1.0
0.09731186164546651,1.0
0.09731795964406567,1.0
0.09732405840696873,1.0
0.09733015793431937,1.0
0.09733625822626137,1.0
0.09734235928293845,1.0
0.09734846110449445,1.0
0.09735456369107322,1.0
0.09736066704281864,1.0
0.0973667711598746,1.0
0.0973728760423851,1.0
0.09737898169049411,1.0
0.09739119528408378,1.0
0.09739730322985261,1.0
0.09740341194179629,1.0
0.09740952142005896,1.0
0.09741563166478484,1.0
0.09742174267611818,1.0
0.09742785445420327,1.0
0.09743396699918438,1.0
0.09744008031120592,1.0
0.09744619439041224,1.0
0.09748901443816697,1.0
0.097495134660054,1.0
0.09750125565042692,1.0
0.09750737740943052,1.0
0.09751349993720959,1.0
0.09752574729967345,1.0
0.09753799773897752,1.0
0.09754412411280698,1.0
0.0975502512562814,1.0
0.09755637916954582,1.0
0.09757476752953004,1.0
0.0975808985234056,1.0
0.0975870302877969,1.0
0.09759316282284924,1.0
0.0975992961287079,1.0
0.09760543020551819,1.0
0.09761156505342553,1.0
0.09761770067257527,1.0
0.0976238370631129,1.0
0.09762997422518388,1.0
0.09764225086450802,1.0
0.09764839034205232,1.0
0.09766067161363351,1.0
0.09766681340796177,1.0
0.09767295597484277,1.0
0.09767909931442229,1.0
0.09768524342684615,1.0
0.09769138831226018,1.0
0.09769753397081027,1.0
0.09770368040264234,1.0
0.09770982760790235,1.0
0.0977159755867363,1.0
0.09772212433929021,1.0
0.09772827386571015,1.0
0.09773442416614223,1.0
0.09774057524073258,1.0
0.0977467270896274,1.0
0.09775287971297288,1.0
0.09775903311091527,1.0
0.09776518728360088,1.0
0.09777134223117602,1.0
0.09778981172470247,1.0
0.09779596977329975,1.0
0.09780828819750598,1.0
0.09781444857340807,1.0
0.09782060972537163,1.0
0.09783909783909783,1.0
0.09784526209677419,1.0
0.09785142713124567,1.0
0.09785759294265911,1.0
0.09786375953116139,1.0
0.09786992689689943,1.0
0.09787609504002016,1.0
0.09788226396067061,1.0
0.0978884336589978,1.0
0.09790694742151053,1.0
0.09791929382093316,1.0
0.09792546818841037,1.0
0.09793164333459453,1.0
0.09793781925963296,1.0
0.09794399596367306,1.0
0.09795017344686219,1.0
0.0979563517093478,1.0
0.09796253075127737,1.0
0.09797489117405841,1.0
0.09798107255520505,1.0
0.09798725471638589,1.0
0.09799343765774861,1.0
0.0979996213794409,1.0
0.09801199116440518,1.0
0.09801817722797274,1.0
0.09802436407246103,1.0
0.09803055169801793,1.0
0.09803674010479137,1.0
0.09804292929292929,1.0
0.09804911926257971,1.0
0.09805531001389065,1.0
0.09806150154701017,1.0
0.09806769386208639,1.0
0.09807388695926744,1.0
0.09808008083870152,1.0
0.09808627550053685,1.0
0.09809247094492168,1.0
0.09810486418193304,1.0
0.09811106197485628,1.0
0.09811726055092242,1.0
0.0981234599102799,1.0
0.09812966005307722,1.0
0.09813586097946288,1.0
0.09814206268958545,1.0
0.0981482651835935,1.0
0.0981544684616357,1.0
0.0981606725238607,1.0
0.0981668773704172,1.0
0.09817308300145394,1.0
0.09817928941711973,1.0
0.09818549661756339,1.0
0.09819170460293374,1.0
0.09821033327009422,1.0
0.09821654439666076,1.0
0.09822275630889887,1.0
0.09824139676113361,1.0
0.0982476118175492,1.0
0.09825382766038214,1.0
0.09826004428978172,1.0
0.09826626170589724,1.0
0.09827247990887807,1.0
0.09827869889887356,1.0
0.09828491867603316,1.0
0.09829113924050632,1.0
0.09829736059244255,1.0
0.0983098056593024,1.0
0.0983160293745252,1.0
0.09832225387780943,1.0
0.0983284791693048,1.0
0.09835961745519033,1.0
0.09836584747909805,1.0
0.09837207829226578,1.0
0.09837830989484353,1.0
0.0983845422869813,1.0
0.0983907754688292,1.0
0.09839700944053728,1.0
0.09840324420225574,1.0
0.09840947975413472,1.0
0.09841571609632446,1.0
0.09842195322897522,1.0
0.09842819115223729,1.0
0.09843442986626101,1.0
0.09844066937119675,1.0
0.09844690966719492,1.0
0.09845315075440599,1.0
0.09845939263298041,1.0
0.09846563530306873,1.0
0.09847187876482151,1.0
0.09847812301838935,1.0
0.09848436806392288,1.0
0.09849061390157281,1.0
0.09849686053148982,1.0
0.09850310795382469,1.0
0.09851560517635118,1.0
0.09852185497684451,1.0
0.0985281055703591,1.0
0.09853435695704588,1.0
0.09854060913705584,1.0
0.09854686211054,1.0
0.09855311587764945,1.0
0.09855937043853526,1.0
0.09857188194224056,1.0
0.09857813888536245,1.0
0.09858439662286549,1.0
0.09859065515490097,1.0
0.09859691448162021,1.0
0.09860317460317461,1.0
0.09860943551971554,1.0
0.09861569723139446,1.0
0.09862195973836287,1.0
0.09862822304077226,1.0
0.09863448713877421,1.0
0.09864075203252033,1.0
0.09864701772216224,1.0
0.0986532842078516,1.0
0.09865955148974016,1.0
0.09866581956797967,1.0
0.0986783581141187,1.0
0.09868462858232192,1.0
0.09869089984748347,1.0
0.09869717190975533,1.0
0.09870344476928944,1.0
0.09870971842623784,1.0
0.09871599288075261,1.0
0.09872226813298582,1.0
0.09873482103121622,1.0
0.0987410986775178,1.0
0.09874737712214662,1.0
0.09875365636525499,1.0
0.09875993640699524,1.0
0.09876621724751972,1.0
0.0987787813255311,1.0
0.09878506456332295,1.0
0.09879134860050891,1.0
0.09879763343724156,1.0
0.0988039190736735,1.0
0.09881020550995737,1.0
0.09881649274624586,1.0
0.0988227807826917,1.0
0.09882906961944762,1.0
0.09883535925666645,1.0
0.09884164969450102,1.0
0.0988479409331042,1.0
0.0988542329726289,1.0
0.09886681945505475,1.0
0.09887311389826192,1.0
0.09887940914300268,1.0
0.09888570518943011,1.0
0.09889200203769741,1.0
0.09889829968795771,1.0
0.09890459814036429,1.0
0.0989171974522293,1.0
0.0989234983119944,1.0
0.09893610243995668,1.0
0.09894870978018477,1.0
0.09895501465528227,1.0
0.09896132033390684,1.0
0.09896762681621209,1.0
0.09897393410235167,1.0
0.09898024219247929,1.0
0.09899286078531362,1.0
0.09899917128832791,1.0
0.09901179470832006,1.0
0.09901810762560571,1.0
0.09902442134795639,1.0
0.09903705120846885,1.0
0.09904336734693878,1.0
0.09904968429109,1.0
0.09906232059705301,1.0
0.09906863995917325,1.0
0.0990749601275917,1.0
0.09908128110246267,1.0
0.09908760288394053,1.0
0.09909392547217968,1.0
0.09910024886733457,1.0
0.09910657306955967,1.0
0.09911289807900951,1.0
0.09911922389583865,1.0
0.09913187795225328,1.0
0.0991382061921481,1.0
0.09914453524004085,1.0
0.09916352723325458,1.0
0.0991698595146871,1.0
0.09917619260489176,1.0
0.09918886121223734,1.0
0.0991951967296883,1.0
0.09920153305653145,1.0
0.09920787019292193,1.0
0.09921420813901488,1.0
0.0992205468949655,1.0
0.0992332268370607,1.0
0.09923956802351588,1.0
0.0992459100204499,1.0
0.09925225282801815,1.0
0.09925859644637607,1.0
0.09927128611608284,1.0
0.09927763216774275,1.0
0.09928397903081447,1.0
0.09929032670545361,1.0
0.09929667519181586,1.0
0.09930302449005692,1.0
0.09930937460033253,1.0
0.09931572552279849,1.0
0.09932207725761064,1.0
0.09932842980492484,1.0
0.0993474923234391,1.0
0.09936020473448497,1.0
0.09936656216008702,1.0
0.09937292039928333,1.0
0.09937927945223012,1.0
0.09938563931908358,1.0
0.09940472380464699,1.0
0.09941108692869031,1.0
0.09941745086742206,1.0
0.09942381562099872,1.0
0.09943018118957679,1.0
0.09943654757331284,1.0
0.09944291477236344,1.0
0.09944928278688525,1.0
0.0994556516170349,1.0
0.09946202126296913,1.0
0.09947476300281835,1.0
0.09948113509704695,1.0
0.09948750800768738,1.0
0.09949388173489654,1.0
0.09950025627883137,1.0
0.09950663163964887,1.0
0.09951300781750609,1.0
0.09951938481256008,1.0
0.09952576262496796,1.0
0.09953214125488688,1.0
0.09953852070247404,1.0
0.09954490096788668,1.0
0.09955128205128205,1.0
0.09955766395281748,1.0
0.09956404667265034,1.0
0.099570430210938,1.0
0.0995768145678379,1.0
0.09958319974350753,1.0
0.0995895857381044,1.0
0.09959597255178605,1.0
0.09960874863703419,1.0
0.09961513790891598,1.0
0.09962152800051319,1.0
0.09963431064348495,1.0
0.09964070319517515,1.0
0.09964709656721206,1.0
0.09965349075975359,1.0
0.09965988577295772,1.0
0.09966628160698242,1.0
0.09967267826198575,1.0
0.0996790757381258,1.0
0.09969827309494768,1.0
0.09970467385721624,1.0
0.09971107544141251,1.0
0.09971747784769487,1.0
0.09972388107622167,1.0
0.09973028512715129,1.0
0.09973669000064223,1.0
0.09974309569685293,1.0
0.09974950221594193,1.0
0.09975590955806783,1.0
0.09976231772338923,1.0
0.09976872671206476,1.0
0.09977513652425313,1.0
0.09978154716011309,1.0
0.09978795861980339,1.0
0.09979437090348284,1.0
0.09980078401131033,1.0
0.09981361270004499,1.0
0.09982002828127008,1.0
0.0998328619182309,1.0
0.0998392799742848,1.0
0.09984569885559985,1.0
0.09985211856233524,1.0
0.0998585390946502,1.0
0.09991636106285788,1.0
0.0999227898597349,1.0
0.09993564993564993,1.0
0.0999420812150074,1.0
0.09994851332217788,1.0
0.09995494625732124,1.0
0.09996138002059732,1.0
0.09996781461216607,1.0
0.09998712335822818,1.0
0.09999356126456764,1.0
0.1,1.0
0.10000643956468543,1.0
0.10001932118245636,1.0
0.10002576323586243,1.0
0.10003220611916264,1.0
0.1000386498325174,1.0
0.10006443298969073,1.0
0.10007088085572524,1.0
0.10009022944057747,1.0
0.1000966806316468,1.0
0.10010313265437669,1.0
0.100109585508928,1.0
0.10011603919546158,1.0
0.10012249371413835,1.0
0.10018708470421263,1.0
0.10019354838709678,1.0
0.10020001290405833,1.0
0.10020647825525875,1.0
0.10021294444085953,1.0
0.1002194114610222,1.0
0.10022587931590836,1.0
0.10023234800567962,1.0
0.10024528789052414,1.0
0.10025175908592086,1.0
0.10025823111684957,1.0
0.10026470398347215,1.0
0.10027117768595041,1.0
0.1002776522244463,1.0
0.10028412759912178,1.0
0.10029060381013885,1.0
0.10029708085765952,1.0
0.10030355874184589,1.0
0.1003100374628601,1.0
0.10031651702086429,1.0
0.10032299741602067,1.0
0.10032947864849151,1.0
0.10033596071843907,1.0
0.10034244362602572,1.0
0.1003489273714138,1.0
0.10036189737624403,1.0
0.10036838363601111,1.0
0.10037487073422957,1.0
0.10038784744667098,1.0
0.10039433706121921,1.0
0.10040082751486941,1.0
0.10040731880778432,1.0
0.10041381094012673,1.0
0.10042030391205949,1.0
0.10042679772374548,1.0
0.10043329237534761,1.0
0.10043978786702884,1.0
0.1004462841989522,1.0
0.10045278137128072,1.0
0.10045927938417751,1.0
0.10046577823780567,1.0
0.1004722779323284,1.0
0.10049828512262991,1.0
0.10050478902407456,1.0
0.10051129376739369,1.0
0.1005177993527508,1.0
0.10053081305023304,1.0
0.10053732116268531,1.0
0.10054383011782986,1.0
0.10055033991583037,1.0
0.10055685055685055,1.0
0.1005633620410542,1.0
0.10056987436860511,1.0
0.10057638753966712,1.0
0.10058290155440415,1.0
0.10058941641298011,1.0
0.100595932115559,1.0
0.10060896605338171,1.0
0.10061548428895367,1.0
0.10062200336918492,1.0
0.10084415584415585,1.0
0.10094247643808905,1.0
0.10094903796151847,1.0
0.1009556003380355,1.0
0.10096216356780653,1.0
0.10096872765099799,1.0
0.10097529258777634,1.0
0.10098185837830809,1.0
0.10098842502275979,1.0
0.10099499252129804,1.0
0.10100156087408949,1.0
0.10102784283112153,1.0
0.10103441545768005,1.0
0.10104098893949252,1.0
0.10104756327672587,1.0
0.10105413846954711,1.0
0.10106729142262137,1.0
0.1010738691832086,1.0
0.10108044780005207,1.0
0.10108702727331902,1.0
0.10110018878979234,1.0
0.10110677083333333,1.0
0.10111335373396706,1.0
0.10111993749186092,1.0
0.10113969391077825,1.0
0.10114628109938778,1.0
0.10122539434232825,1.0
0.10123199269930253,1.0
0.10123859191655801,1.0
0.10125179293258574,1.0
0.1012583947316946,1.0
0.10127160091294425,1.0
0.10127820529542193,1.0
0.10128481053935955,1.0
0.10129141664492565,1.0
0.10129802361228883,1.0
0.10130463144161775,1.0
0.10131124013308108,1.0
0.1013178496868476,1.0
0.10132446010308606,1.0
0.10133107138196529,1.0
0.10133768352365416,1.0
0.10134429652832158,1.0
0.10135752512726798,1.0
0.10136414072188499,1.0
0.10137075718015666,1.0
0.10138399268834052,1.0
0.10139061173859111,1.0
0.10139723165317316,1.0
0.10140385243225596,1.0
0.10141047407600888,1.0
0.10141709658460132,1.0
0.10142371995820272,1.0
0.10143034419698256,1.0
0.10143696930111039,1.0
0.10144359527075576,1.0
0.10145022210608833,1.0
0.10145684980727772,1.0
0.10146347837449367,1.0
0.10147010780790591,1.0
0.10148336927399856,1.0
0.10149000130701868,1.0
0.10150326797385621,1.0
0.1015099026080136,1.0
0.10151653810955681,1.0
0.10152317447865594,1.0
0.10152981171548117,1.0
0.10153644982020268,1.0
0.10154308879299072,1.0
0.10154972863401557,1.0
0.10155636934344756,1.0
0.10156301092145707,1.0
0.10156965336821452,1.0
0.10157629668389039,1.0
0.10158294086865516,1.0
0.10160287863918875,1.0
0.10161617483478375,1.0
0.10162282423766522,1.0
0.10162947451083044,1.0
0.10163612565445027,1.0
0.10164277766869559,1.0
0.10165608430974668,1.0
0.10166273893689448,1.0
0.10166939443535188,1.0
0.10167605080529003,1.0
0.10168270804688012,1.0
0.10168936616029335,1.0
0.101696025145701,1.0
0.1017026850032744,1.0
0.10172933315865322,1.0
0.10174932844132871,1.0
0.10175599528240073,1.0
0.10176266299718235,1.0
0.10176933158584535,1.0
0.10178934259684079,1.0
0.10179601468274777,1.0
0.1018026876433956,1.0
0.10181603618960204,1.0
0.10182271177550485,1.0
0.10182938823683693,1.0
0.10183606557377049,1.0
0.1018427437864778,1.0
0.10184942287513117,1.0
0.10185610283990293,1.0
0.1018627836809655,1.0
0.1018694653984913,1.0
0.10187614799265285,1.0
0.10188283146362265,1.0
0.10188951581157328,1.0
0.10189620103667739,1.0
0.10190288713910761,1.0
0.10191626197663735,1.0
0.10193633081719725,1.0
0.10194302218721281,1.0
0.10194971443576446,1.0
0.10195640756302521,1.0
0.10196310156916814,1.0
0.10196979645436638,1.0
0.1019764922187931,1.0
0.10198318886262149,1.0
0.10198988638602483,1.0
0.1019965847891764,1.0
0.1020032840722496,1.0
0.10200998423541777,1.0
0.10201668527885437,1.0
0.1020233872027329,1.0
0.10203009000722686,1.0
0.10205691003482947,1.0
0.10206361724500526,1.0
0.10207032533683864,1.0
0.10207703431050348,1.0
0.10208374416617366,1.0
0.10209045490402315,1.0
0.10209716652422589,1.0
0.10210387902695595,1.0
0.10211730668069437,1.0
0.10212402183205103,1.0
0.10215089127145958,1.0
0.10215761084067886,1.0
0.10216433129399381,1.0
0.10217105263157895,1.0
0.1021777748536088,1.0
0.10218449796025793,1.0
0.10219794682811266,1.0
0.10221139923654074,1.0
0.10221812676890674,1.0
0.1022248551869405,1.0
0.10223158449081693,1.0
0.102238314680711,1.0
0.10225177771925203,1.0
0.10225851056824917,1.0
0.10226524430396418,1.0
0.10227197892657228,1.0
0.10227871443624868,1.0
0.10228545083316867,1.0
0.10229218811750758,1.0
0.10229892628944075,1.0
0.1023596098075402,1.0
0.10238660337552742,1.0
0.10240685789647214,1.0
0.10241361118438407,1.0
0.1024271204326606,1.0
0.10243387639337774,1.0
0.10244063324538259,1.0
0.10244739098885151,1.0
0.10245414962396095,1.0
0.10246766956980734,1.0
0.10247443088089739,1.0
0.10248119308433416,1.0
0.10248795618029433,1.0
0.10250148505049171,1.0
0.10250825082508251,1.0
0.10251501749290383,1.0
0.10252178505413256,1.0
0.10252855350894567,1.0
0.10253532285752014,1.0
0.10254209310003301,1.0
0.10254886423666139,1.0
0.10255563626758238,1.0
0.10256240919297319,1.0
0.10256918301301103,1.0
0.10257595772787319,1.0
0.10258273333773697,1.0
0.10258950984277976,1.0
0.10259628724317897,1.0
0.10260306553911205,1.0
0.10261662481828994,1.0
0.1026234058018899,1.0
0.10263697045800013,1.0
0.10264375413086584,1.0
0.10265053870050896,1.0
0.10265732416710735,1.0
0.1026641105308389,1.0
0.10267089779188153,1.0
0.10267768595041322,1.0
0.10268447500661201,1.0
0.10269126496065595,1.0
0.10269805581272319,1.0
0.10270484756299186,1.0
0.10271164021164021,1.0
0.102725228204789,1.0
0.1027320235496461,1.0
0.10273881979359618,1.0
0.10274561693681773,1.0
0.10275241497948921,1.0
0.10277281450598902,1.0
0.10283406171368031,1.0
0.10284087146546586,1.0
0.10285449367507782,1.0
0.10286130613326268,1.0
0.10286811949393919,1.0
0.1028749337572867,1.0
0.10290901862036976,1.0
0.10291583830351227,1.0
0.10292265889058254,1.0
0.10295677539114294,1.0
0.10296360140555592,1.0
0.10297042832515582,1.0
0.10298408488063661,1.0
0.10299091451687778,1.0
0.1029977450590264,1.0
0.10301140886176705,1.0
0.10301824212271973,1.0
0.10302507629030118,1.0
0.10312769772229231,1.0
0.10313454642050737,1.0
0.10315509797409499,1.0
0.103168803560752,1.0
0.10317565771990433,1.0
0.10319622566283473,1.0
0.10320308346624137,1.0
0.10320994218116568,1.0
0.10321680180778944,1.0
0.10323738615967559,1.0
0.10325797872340425,1.0
0.1032648447370171,1.0
0.10327171166378508,1.0
0.10330606000133041,1.0
0.10331293241085684,1.0
0.10332667997338656,1.0
0.10333355512675495,1.0
0.10334043119510247,1.0
0.10335418607746573,1.0
0.10336106489184692,1.0
0.10336794462193823,1.0
0.10337482526792252,1.0
0.1033817068299827,1.0
0.1033885893083017,1.0
0.10339547270306258,1.0
0.10340235701444836,1.0
0.10340924224264217,1.0
0.10341612838782713,1.0
0.10342301545018646,1.0
0.10342990342990344,1.0
0.10343679232716131,1.0
0.10344368214214347,1.0
0.1034505728750333,1.0
0.10345746452601426,1.0
0.10346435709526983,1.0
0.10347125058298354,1.0
0.10347814498933902,1.0
0.1034850403145199,1.0
0.10349193655870985,1.0
0.10349883372209263,1.0
0.1035126308071719,1.0
0.1035195307292361,1.0
0.10352643157122858,1.0
0.10353333333333334,1.0
0.10354023601573438,1.0
0.10354713961861582,1.0
0.10355404414216177,1.0
0.10356094958655641,1.0
0.10357476323862878,1.0
0.10358167144667511,1.0
0.10358858057630736,1.0
0.10359549062770997,1.0
0.10361622631438484,1.0
0.10362314005471408,1.0
0.10363005471773655,1.0
0.10363697030363697,1.0
0.1036438868126001,1.0
0.10365080424481078,1.0
0.10365772260045387,1.0
0.1036646418797143,1.0
0.10367156208277703,1.0
0.10367848320982709,1.0
0.10368540526104954,1.0
0.1036923282366295,1.0
0.10369925213675214,1.0
0.10370617696160267,1.0
0.10371310271136637,1.0
0.10372002938622854,1.0
0.10372695698637456,1.0
0.10373388551198985,1.0
0.1037477453403701,1.0
0.10376160887285361,1.0
0.10376854202859816,1.0
0.1037754761109255,1.0
0.10378241112002139,1.0
0.10380322170977876,1.0
0.10384486793714477,1.0
0.10385181222415407,1.0
0.1038587574399786,1.0
0.10386570358480471,1.0
0.1038726506588188,1.0
0.1038934974578539,1.0
0.10390044825048504,1.0
0.10390739997323699,1.0
0.10391435262629642,1.0
0.1039213062098501,1.0
0.10394217254534502,1.0
0.10394912985274431,1.0
0.10395608809157239,1.0
0.10397696839850026,1.0
0.10398393036491463,1.0
0.10399089326369358,1.0
0.10403269024651661,1.0
0.10403965967709519,1.0
0.10404663004153826,1.0
0.1040536013400335,1.0
0.1040605735727687,1.0
0.10406754673993165,1.0
0.10407452084171023,1.0
0.10408149587829234,1.0
0.10410242659873978,1.0
0.10410940537641616,1.0
0.10411638508983642,1.0
0.10412336573918873,1.0
0.1041303473246614,1.0
0.1041373298464427,1.0
0.10414431330472103,1.0
0.1041512976996848,1.0
0.10415828303152247,1.0
0.10416526930042257,1.0
0.10417225650657365,1.0
0.10417924465016436,1.0
0.10418623373138333,1.0
0.10420021470746109,1.0
0.10420720660269744,1.0
0.10426317556226922,1.0
0.10427017590976231,1.0
0.10427717719734103,1.0
0.10429118259351286,1.0
0.10429818670248489,1.0
0.10430519175230035,1.0
0.10431219774314884,1.0
0.10434023112066648,1.0
0.10434724181952564,1.0
0.10435425346055638,1.0
0.10436126604394866,1.0
0.10436827956989247,1.0
0.10437529403857786,1.0
0.10438230945019492,1.0
0.10438932580493379,1.0
0.10442442173211404,1.0
0.10443144374957972,1.0
0.10443846671149966,1.0
0.10444549061806443,1.0
0.10445251546946462,1.0
0.1044595412658909,1.0
0.10455800175048811,1.0
0.1045650417452195,1.0
0.10457208268803447,1.0
0.10457912457912458,1.0
0.10458616741868139,1.0
0.10460025594396175,1.0
0.1046073016300687,1.0
0.10461434826540923,1.0
0.10463549386875085,1.0
0.10465664802210392,1.0
0.10466370130745384,1.0
0.1046707555435735,1.0
0.10467781073065516,1.0
0.10468486686889114,1.0
0.10469192395847378,1.0
0.1046989819995955,1.0
0.10470604099244876,1.0
0.10471310093722608,1.0
0.10472016183412003,1.0
0.10472722368332321,1.0
0.10476254722072315,1.0
0.10476961478782973,1.0
0.10477668330859533,1.0
0.104783752783213,1.0
0.10479082321187584,1.0
0.10479789459477698,1.0
0.1048049669321096,1.0
0.10481204022406695,1.0
0.10481911447084233,1.0
0.10482618967262909,1.0
0.10484034294201039,1.0
0.10484742100999189,1.0
0.1048545000337587,1.0
0.10486158001350439,1.0
0.10486866094942265,1.0
0.10488282569055177,1.0
0.10488990949615021,1.0
0.10489699425869639,1.0
0.10490407997838422,1.0
0.10491116665540769,1.0
0.10491825428996082,1.0
0.10496789455897262,1.0
0.10497498986075436,1.0
0.10498208612181437,1.0
0.10499628152254749,1.0
0.10501758182309981,1.0
0.10502468384391696,1.0
0.10503178682537535,1.0
0.10503889076766994,1.0
0.10504599567099566,1.0
0.10505310153554759,1.0
0.10506020836152077,1.0
0.1050744248985115,1.0
0.10508153460991948,1.0
0.10512421309145062,1.0
0.10513844695687495,1.0
0.10514556533513879,1.0
0.10515268467736474,1.0
0.10515980498374865,1.0
0.10516692625448636,1.0
0.10518117168980698,1.0
0.1051882958547819,1.0
0.10519542098489466,1.0
0.10520254708034142,1.0
0.10520967414131834,1.0
0.10521680216802168,1.0
0.10522393116064774,1.0
0.10523106111939287,1.0
0.10523819204445348,1.0
0.10524532393602602,1.0
0.10525245679430702,1.0
0.10525959061949301,1.0
0.10526672541178066,1.0
0.1052738611713666,1.0
0.10528099789844757,1.0
0.10529527425588175,1.0
0.1053024138866287,1.0
0.10531669605316696,1.0
0.10538101377485241,1.0
0.10542393591745298,1.0
0.10544541010320478,1.0
0.10545257010932302,1.0
0.1054597310878718,1.0
0.10546689303904924,1.0
0.10547405596305352,1.0
0.10548121986008287,1.0
0.10548838473033555,1.0
0.10552422368689271,1.0
0.1055385660890248,1.0
0.10554573875220878,1.0
0.10555291239040304,1.0
0.10557443915703603,1.0
0.10558161669726018,1.0
0.10558879521348925,1.0
0.10561033662019721,1.0
0.10561751904243744,1.0
0.10562470244167857,1.0
0.10563188681811998,1.0
0.10563907217196108,1.0
0.10564625850340136,1.0
0.10565344581264031,1.0
0.10566063409987754,1.0
0.10566782336531265,1.0
0.10567501360914534,1.0
0.10568220483157537,1.0
0.1056893970328025,1.0
0.1057037843724476,1.0
0.1057109795112654,1.0
0.10571817562968006,1.0
0.10572537272789162,1.0
0.10576137292290928,1.0
0.10576857590410679,1.0
0.1057757798665032,1.0
0.10578298481029903,1.0
0.10579019073569482,1.0
0.1057973976428912,1.0
0.10580460553208884,1.0
0.10581902425729081,1.0
0.10582623509369676,1.0
0.10584065971512302,1.0
0.10584787350054525,1.0
0.10585508826937495,1.0
0.10586230402181322,1.0
0.10586952075806122,1.0
0.10587673847832016,1.0
0.1058839571827913,1.0
0.10589117687167598,1.0
0.10589839754517559,1.0
0.10590561920349155,1.0
0.10591284184682534,1.0
0.10593451568894953,1.0
0.1059417422743707,1.0
0.10594896984581799,1.0
0.10595619840349321,1.0
0.10596342794759825,1.0
0.10597065847833503,1.0
0.10598512250051184,1.0
0.10599235599235599,1.0
0.10599959047164016,1.0
0.10600682593856656,1.0
0.10601406239333742,1.0
0.1060212998361551,1.0
0.10602853826722196,1.0
0.10603577768674041,1.0
0.10604301809491294,1.0
0.10605025949194209,1.0
0.10605750187803045,1.0
0.10606474525338068,1.0
0.10607198961819547,1.0
0.1060792349726776,1.0
0.10608648131702986,1.0
0.10609372865145511,1.0
0.10614448773152894,1.0
0.10615174299384826,1.0
0.10618077396417339,1.0
0.10618803418803419,1.0
0.10619529540481401,1.0
0.10620255761471654,1.0
0.10620982081794555,1.0
0.10622435020519835,1.0
0.10623161638962994,1.0
0.10623888356820359,1.0
0.10624615174112335,1.0
0.10625342090859333,1.0
0.10626796222800054,1.0
0.10627523438034626,1.0
0.10628250752805914,1.0
0.10628978167134351,1.0
0.10629705681040383,1.0
0.10632616732849513,1.0
0.10634072856751575,1.0
0.10634801068273643,1.0
0.1063552937953705,1.0
0.1063625779056229,1.0
0.10637714911980273,1.0
0.10638443622414029,1.0
0.10639901342833653,1.0
0.10640630352860568,1.0
0.1064281798245614,1.0
0.10643547392228085,1.0
0.10644276901987663,1.0
0.10645006511755432,1.0
0.1064646603139782,1.0
0.10647195941313588,1.0
0.10647925951319849,1.0
0.10648656061437191,1.0
0.10650116582087506,1.0
0.10651577503429355,1.0
0.1065230811441114,1.0
0.10653038825627659,1.0
0.1065888812628689,1.0
0.10659619740544993,1.0
0.10660351455244371,1.0
0.10661083270405712,1.0
0.10661815186049704,1.0
0.10662547202197048,1.0
0.10663279318868443,1.0
0.10664011536084599,1.0
0.10664743853866226,1.0
0.10668406951981864,1.0
0.10669139873591646,1.0
0.10669872895912058,1.0
0.10670606018963859,1.0
0.10671339242767815,1.0
0.10672072567344695,1.0
0.10672805992715277,1.0
0.10673539518900343,1.0
0.10674273145920682,1.0
0.10675006873797085,1.0
0.10675740702550354,1.0
0.10676474632201292,1.0
0.10677208662770711,1.0
0.10678677026748264,1.0
0.10679411360198048,1.0
0.10680145794649612,1.0
0.10680880330123796,1.0
0.10681614966641448,1.0
0.10683084542890556,1.0
0.10683819482663731,1.0
0.10684554523563812,1.0
0.10686760253234241,1.0
0.10687495698850732,1.0
0.1068896689379861,1.0
0.10690438493839058,1.0
0.10691174445821286,1.0
0.10691910499139415,1.0
0.10692646653814376,1.0
0.10693382909867108,1.0
0.10694119267318551,1.0
0.10695592286501378,1.0
0.10696328948274675,1.0
0.10697065711530514,1.0
0.10698539542573712,1.0
0.10699276610403032,1.0
0.10700013779798814,1.0
0.1070148842337376,1.0
0.10702225897594927,1.0
0.10702963473466574,1.0
0.10703701151009717,1.0
0.10705176811194596,1.0
0.10705914793878395,1.0
0.10706652878317821,1.0
0.10707391064533922,1.0
0.10708129352547749,1.0
0.10708867742380361,1.0
0.10709606234052824,1.0
0.10710344827586207,1.0
0.10711083523001587,1.0
0.10711822320320044,1.0
0.10712561219562668,1.0
0.10713300220750552,1.0
0.10714778529046502,1.0
0.10715517836196785,1.0
0.10716257245376759,1.0
0.1071699675660755,1.0
0.10717736369910283,1.0
0.10718476085306095,1.0
0.10719215902816123,1.0
0.10719955822461517,1.0
0.10720695844263427,1.0
0.1072143596824301,1.0
0.10723656953459466,1.0
0.1072439748636144,1.0
0.10725878859037226,1.0
0.10727360641016785,1.0
0.10728101685548494,1.0
0.10728842832469776,1.0
0.10729584081801852,1.0
0.1073032543356595,1.0
0.10731066887783305,1.0
0.10731808444475158,1.0
0.10732550103662751,1.0
0.10733291865367336,1.0
0.10734033729610175,1.0
0.10734775696412525,1.0
0.10735517765795659,1.0
0.10736259937780851,1.0
0.10737002212389381,1.0
0.1073848706956161,1.0
0.107392296521679,1.0
0.1073997233748271,1.0
0.10740715125527353,1.0
0.10741458016323142,1.0
0.10742201009891401,1.0
0.10742944106253459,1.0
0.10743687305430646,1.0
0.10744430607444307,1.0
0.10745917520066427,1.0
0.10746661130717597,1.0
0.10747404844290658,1.0
0.10748148660806976,1.0
0.10748892580287929,1.0
0.10749636602754897,1.0
0.10750380728229268,1.0
0.10751124956732433,1.0
0.10751869288285794,1.0
0.10752613722910753,1.0
0.10753358260628722,1.0
0.10755592492554886,1.0
0.10756337442859122,1.0
0.1075708249636351,1.0
0.10758572913058538,1.0
0.10759318276292087,1.0
0.10760063742811612,1.0
0.1076080931263858,1.0
0.10763046642178946,1.0
0.10763792625450513,1.0
0.10764538712136966,1.0
0.10765284902259808,1.0
0.10766031195840554,1.0
0.10766777592900721,1.0
0.10767524093461832,1.0
0.10769017405173012,1.0
0.10769764216366158,1.0
0.10771258149535302,1.0
0.10772005271554415,1.0
0.10772752497225305,1.0
0.10773499826569545,1.0
0.10775742436858174,1.0
0.1077649018111165,1.0
0.10781727297972786,1.0
0.10782475873081997,1.0
0.10783224552145536,1.0
0.10783973335185057,1.0
0.10784722222222222,1.0
0.107854712132787,1.0
0.10786220308376164,1.0
0.10786969507536293,1.0
0.10789967345237268,1.0
0.10790717065036132,1.0
0.1079221681723419,1.0
0.10792966849676837,1.0
0.10793716986377537,1.0
0.10794467227358032,1.0
0.10795217572640067,1.0
0.10795968022245395,1.0
0.10796718576195773,1.0
0.10797469234512967,1.0
0.10798219997218746,1.0
0.10798970864334886,1.0
0.1079972183588317,1.0
0.10800472911885388,1.0
0.10801224092363333,1.0
0.10801975377338804,1.0
0.10804229859468485,1.0
0.10804981562652195,1.0
0.10805733370442527,1.0
0.10806485282861318,1.0
0.10807237299930411,1.0
0.10807989421671654,1.0
0.10808741648106904,1.0
0.10811751601225285,1.0
0.10812504351458609,1.0
0.10813257206517198,1.0
0.10814763231197771,1.0
0.1081551640086357,1.0
0.10816269675442262,1.0
0.10817776539426024,1.0
0.10818530128874956,1.0
0.10819283823324509,1.0
0.10820037622796629,1.0
0.10820791527313267,1.0
0.10821545536896383,1.0
0.10822299651567945,1.0
0.1082305387134992,1.0
0.10823808196264288,1.0
0.10824562626333031,1.0
0.10825317161578141,1.0
0.1082607180202161,1.0
0.10826826547685443,1.0
0.10827581398591647,1.0
0.10828336354762237,1.0
0.10829846582984658,1.0
0.1083060185508055,1.0
0.10831357232528945,1.0
0.10837404047452896,1.0
0.10838160374066579,1.0
0.1083891680625349,1.0
0.10839673344035737,1.0
0.10840429987435432,1.0
0.10841186736474695,1.0
0.1084194359117565,1.0
0.10843457617651166,1.0
0.10844972067039106,1.0
0.10845729450380613,1.0
0.10846486939516692,1.0
0.10847244534469512,1.0
0.10848002235261246,1.0
0.10850275972891776,1.0
0.10851792327580183,1.0
0.10852550663871419,1.0
0.10853309106156964,1.0
0.10854067654459044,1.0
0.10854826308799888,1.0
0.10855585069201734,1.0
0.10856343935686823,1.0
0.10857102908277405,1.0
0.10857861986995736,1.0
0.10858621171864075,1.0
0.10859380462904691,1.0
0.1086013986013986,1.0
0.1086089936359186,1.0
0.10862418689235503,1.0
0.1086317851147174,1.0
0.10863938440013991,1.0
0.10864698474884567,1.0
0.10865458616105786,1.0
0.10866979217689456,1.0
0.1086773967809657,1.0
0.10868500244943663,1.0
0.10869260918253079,1.0
0.10870021698047176,1.0
0.10870782584348312,1.0
0.10872304676561187,1.0
0.10873065882517678,1.0
0.10873827195070718,1.0
0.10876111772533091,1.0
0.10876873511696317,1.0
0.10880683808589645,1.0
0.10881446188340807,1.0
0.10882208674935183,1.0
0.10882971268395235,1.0
0.1088373396874343,1.0
0.10894423009470361,1.0
0.10895187315841168,1.0
0.10895951729460464,1.0
0.10896716250350828,1.0
0.10897480878534839,1.0
0.10898245614035088,1.0
0.10899010456874167,1.0
0.10899775407074677,1.0
0.10900540464659227,1.0
0.10901305629650428,1.0
0.10902070902070903,1.0
0.10903601769290178,1.0
0.10904367364134251,1.0
0.10905133066498139,1.0
0.10905898876404495,1.0
0.10906664793875974,1.0
0.10907430818935243,1.0
0.10908196951604973,1.0
0.10911262558842127,1.0
0.10912029229904441,1.0
0.10913562895291637,1.0
0.10914329889661958,1.0
0.10915096991847062,1.0
0.10915864201869685,1.0
0.10916631519752566,1.0
0.10917398945518453,1.0
0.10918166479190101,1.0
0.10918934120790269,1.0
0.10919701870341723,1.0
0.10920469727867238,1.0
0.10921237693389592,1.0
0.10922005766931571,1.0
0.10922773948515965,1.0
0.10923542238165576,1.0
0.10924310635903207,1.0
0.1092507914175167,1.0
0.10925847755733784,1.0
0.10926616477872371,1.0
0.10927385308190261,1.0
0.10928154246710295,1.0
0.10928923293455313,1.0
0.10935079566258274,1.0
0.1093584958805718,1.0
0.10936619718309859,1.0
0.10937389957039229,1.0
0.10938160304268207,1.0
0.10938930760019723,1.0
0.10939701324316708,1.0
0.10940471997182107,1.0
0.10941242778638861,1.0
0.10942013668709927,1.0
0.10943555774786837,1.0
0.10944326990838618,1.0
0.10945869749083732,1.0
0.10952045133991538,1.0
0.10952817547076663,1.0
0.10953590069121173,1.0
0.10954362700148128,1.0
0.10955135440180587,1.0
0.10955908289241623,1.0
0.10957454314541734,1.0
0.1096054767450067,1.0
0.10961321287408243,1.0
0.10962095009529188,1.0
0.1096286884088663,1.0
0.10963642781503706,1.0
0.10964416831403559,1.0
0.10965190990609334,1.0
0.10965965259144189,1.0
0.10966739637031284,1.0
0.10967514124293785,1.0
0.10968288720954869,1.0
0.10969063427037717,1.0
0.10971388202048746,1.0
0.10972163346050587,1.0
0.10973713962690786,1.0
0.10974489435375592,1.0
0.10975265017667844,1.0
0.1097836844337622,1.0
0.10980697164675104,1.0
0.10983803663625433,1.0
0.10984580563021644,1.0
0.10985357572327933,1.0
0.10987689259940568,1.0
0.10988466709120498,1.0
0.109892442683272,1.0
0.10991577606341567,1.0
0.10992355605889015,1.0
0.10993133715580095,1.0
0.10993911935438198,1.0
0.10994690265486726,1.0
0.1099546870574908,1.0
0.10996247256248673,1.0
0.10997025917008922,1.0
0.10998583569405099,1.0
0.10999362561087896,1.0
0.11000141663125089,1.0
0.1100092087554013,1.0
0.11001700198356475,1.0
0.1100247963159759,1.0
0.11004038829448026,1.0
0.11004818594104308,1.0
0.11005598469279286,1.0
0.11006378454996456,1.0
0.11007158551279325,1.0
0.11007938758151403,1.0
0.11008719075636209,1.0
0.11015746914455951,1.0
0.11017309875141884,1.0
0.11018091521816246,1.0
0.1101965514794579,1.0
0.11020437127448197,1.0
0.1102121921794053,1.0
0.11022001419446416,1.0
0.11022783731989495,1.0
0.11023566155593413,1.0
0.11025131336078375,1.0
0.11025914093006745,1.0
0.110266969610906,1.0
0.11027479940353618,1.0
0.11028263030819487,1.0
0.11029046232511895,1.0
0.11029829545454546,1.0
0.11030612969671141,1.0
0.11031396505185395,1.0
0.11032180152021027,1.0
0.11032963910201762,1.0
0.11033747779751332,1.0
0.11034531760693478,1.0
0.11035315853051944,1.0
0.11036100056850483,1.0
0.11036884372112857,1.0
0.11038453337124174,1.0
0.1103923798692067,1.0
0.11040022748276107,1.0
0.11040807621214276,1.0
0.11041592605758976,1.0
0.11042377701934016,1.0
0.11043162909763209,1.0
0.1104473366047934,1.0
0.11045519203413941,1.0
0.11046304858098016,1.0
0.11047090624555413,1.0
0.11047876502809988,1.0
0.110486624928856,1.0
0.11049448594806119,1.0
0.11051021134277378,1.0
0.11051807571875889,1.0
0.11052594121414847,1.0
0.1105338078291815,1.0
0.1105416755640971,1.0
0.1105495444191344,1.0
0.11055741439453264,1.0
0.11056528549053111,1.0
0.11057315770736917,1.0
0.11058103104528624,1.0
0.11058890550452183,1.0
0.11059678108531548,1.0
0.11060465778790685,1.0
0.11061253561253562,1.0
0.11062041455944155,1.0
0.1106282946288645,1.0
0.11067559863169897,1.0
0.11068348656546219,1.0
0.11069137562366357,1.0
0.11070715711434274,1.0
0.11071504954730163,1.0
0.11072294310566091,1.0
0.11073083778966132,1.0
0.11073873359954364,1.0
0.11075452859791755,1.0
0.11076242778689109,1.0
0.11077032810271041,1.0
0.11077822954561667,1.0
0.11078613211585105,1.0
0.11079403581365485,1.0
0.1108019406392694,1.0
0.11080984659293613,1.0
0.11081775367489653,1.0
0.11082566188539214,1.0
0.11083357122466457,1.0
0.11084148169295553,1.0
0.11084939329050678,1.0
0.11085730601756014,1.0
0.11096027436410404,1.0
0.11096820292961772,1.0
0.11100786275911365,1.0
0.11101579812709986,1.0
0.11102373462968258,1.0
0.11103167226710517,1.0
0.11103961103961103,1.0
0.11104755094744369,1.0
0.11105549199084669,1.0
0.11106343417006365,1.0
0.1110713774853383,1.0
0.11107932193691439,1.0
0.11108726752503577,1.0
0.11109521424994635,1.0
0.11110316211189011,1.0
0.11118270332187857,1.0
0.11120658789831722,1.0
0.1112145517043827,1.0
0.11122251665114946,1.0
0.11123048273886263,1.0
0.11123844996776736,1.0
0.11124641833810889,1.0
0.11125438785013253,1.0
0.11126235850408368,1.0
0.11127830323875036,1.0
0.11130222891134522,1.0
0.11131020642201835,1.0
0.1113421279036421,1.0
0.11135011113501112,1.0
0.11135809551125771,1.0
0.11136608103262818,1.0
0.1113740676993689,1.0
0.11138205551172631,1.0
0.11140602582496413,1.0
0.11141401822225411,1.0
0.11142201176639403,1.0
0.11143000645763076,1.0
0.1114459992823825,1.0
0.11145399741639156,1.0
0.11146199669848561,1.0
0.11146999712891185,1.0
0.1114779987079176,1.0
0.11148600143575017,1.0
0.11149400531265705,1.0
0.11151802384029873,1.0
0.11178291225797164,1.0
0.11179095882522315,1.0
0.11179900655100425,1.0
0.11180705543556516,1.0
0.11181510547915617,1.0
0.11182315668202765,1.0
0.11183926256661386,1.0
0.11184731724882967,1.0
0.11186343009436,1.0
0.11187148825817606,1.0
0.11188760806916427,1.0
0.11189566971683838,1.0
0.11190373252630062,1.0
0.11191179649780211,1.0
0.11191986163159412,1.0
0.11192792792792793,1.0
0.11193599538705493,1.0
0.11194406400922656,1.0
0.11196020474370989,1.0
0.11196827685652487,1.0
0.11225153595952295,1.0
0.11230023862896811,1.0
0.11230835984958056,1.0
0.1123164822448832,1.0
0.11232460581513092,1.0
0.11233273056057866,1.0
0.11234085648148148,1.0
0.11234898357809447,1.0
0.11236524129947181,1.0
0.11237337192474674,1.0
0.11238150372675303,1.0
0.11238963670574613,1.0
0.11241404270720232,1.0
0.112422180396699,1.0
0.11243031926446101,1.0
0.11243845931074428,1.0
0.1124466005358048,1.0
0.11245474293989863,1.0
0.1124954726548352,1.0
0.11250362213851058,1.0
0.11251177280301383,1.0
0.11251992464860165,1.0
0.11252807767553076,1.0
0.11253623188405797,1.0
0.11254438727444017,1.0
0.11255254384693433,1.0
0.11256070160179749,1.0
0.11256886053928675,1.0
0.1125770206596593,1.0
0.11259334445008337,1.0
0.11260150812064965,1.0
0.11260967297512871,1.0
0.1126178390137781,1.0
0.11262600623685547,1.0
0.11264234423732501,1.0
0.11265051501523285,1.0
0.11265868697859993,1.0
0.11270774366790043,1.0
0.11272410539304638,1.0
0.11273228803716609,1.0
0.11274047186932849,1.0
0.11274865688979237,1.0
0.11275684309881652,1.0
0.1127650304966599,1.0
0.11277321908358144,1.0
0.11278140885984023,1.0
0.1127895998256954,1.0
0.11279779198140616,1.0
0.11280598532723178,1.0
0.11281417986343165,1.0
0.11282237559026516,1.0
0.11283057250799186,1.0
0.1128469699171632,1.0
0.11285517040912724,1.0
0.11286337209302326,1.0
0.11288798429890237,1.0
0.1128961907531259,1.0
0.11290439840058161,1.0
0.11291260724152974,1.0
0.11292081727623064,1.0
0.11292902850494474,1.0
0.11293724092793252,1.0
0.11294545454545454,1.0
0.11295366935777147,1.0
0.11296188536514402,1.0
0.11297010256783298,1.0
0.11297832096609924,1.0
0.1130194309002256,1.0
0.11304411122434124,1.0
0.11305234039455485,1.0
0.11310174058699293,1.0
0.11310997815003641,1.0
0.11311821691310366,1.0
0.11313469804035842,1.0
0.1131511839708561,1.0
0.11315942873797727,1.0
0.11317592187727736,1.0
0.11318417024998179,1.0
0.11319241982507289,1.0
0.11320067060281362,1.0
0.11321717576729605,1.0
0.1132419425404696,1.0
0.11325020053963393,1.0
0.11325845974329055,1.0
0.11326672015170301,1.0
0.11327498176513494,1.0
0.11328324458385003,1.0
0.1134487544743955,1.0
0.11345704266510813,1.0
0.11346533206692481,1.0
0.11347362268011106,1.0
0.1134819145049324,1.0
0.11358151100709428,1.0
0.11358981860737273,1.0
0.11359812742301222,1.0
0.11361474870144121,1.0
0.11362306116476441,1.0
0.11363137484451599,1.0
0.11363968974096297,1.0
0.11364800585437249,1.0
0.11366464173314791,1.0
0.1136896046852123,1.0
0.11369792810601069,1.0
0.11370625274564358,1.0
0.11376455937293971,1.0
0.11377289377289378,1.0
0.11381458409673874,1.0
0.11383126878252584,1.0
0.11383961295997655,1.0
0.11384795836082398,1.0
0.11385630498533725,1.0
0.11386465283378547,1.0
0.1138730019064379,1.0
0.11388135220356384,1.0
0.1138980564723139,1.0
0.11390641044447704,1.0
0.1139231220657277,1.0
0.11393147971535471,1.0
0.11393983859134263,1.0
0.1139481986939614,1.0
0.11395656002348106,1.0
0.11396492258017171,1.0
0.11397328636430354,1.0
0.11398165137614678,1.0
0.11399001761597181,1.0
0.11399838508404904,1.0
0.11400675378064895,1.0
0.11401512370604214,1.0
0.11403186724429107,1.0
0.11404024085768835,1.0
0.11404861570096203,1.0
0.11405699177438308,1.0
0.11407374761275157,1.0
0.11408212737824139,1.0
0.11409050837496326,1.0
0.11410727406318884,1.0
0.11411565875523551,1.0
0.11412404467960023,1.0
0.11413243183655472,1.0
0.11414082022637072,1.0
0.1141492098493201,1.0
0.11424998160818069,1.0
0.1142583872866392,1.0
0.11426679420204547,1.0
0.11427520235467255,1.0
0.11428361174479358,1.0
0.11429202237268178,1.0
0.11430043423861044,1.0
0.11430884734285293,1.0
0.11431726168568274,1.0
0.11435093144834696,1.0
0.11435935198821796,1.0
0.11437619678892326,1.0
0.11438462105030567,1.0
0.11439304655274013,1.0
0.11440147329650092,1.0
0.11440990128186239,1.0
0.11441833050909894,1.0
0.11442676097848511,1.0
0.11445205984228757,1.0
0.11446049528301887,1.0
0.11447736989532656,1.0
0.11448580906745301,1.0
0.11449424948392804,1.0
0.11450269114502691,1.0
0.11451113405102492,1.0
0.11451957820219748,1.0
0.11452802359882006,1.0
0.11458717627093633,1.0
0.11459563164108619,1.0
0.11460408825916907,1.0
0.11462100524023913,1.0
0.11462946560377915,1.0
0.11463792721635786,1.0
0.11464639007825188,1.0
0.1146548541897379,1.0
0.11470566511559199,1.0
0.11471413798197666,1.0
0.1147226121001699,1.0
0.11473108747044918,1.0
0.11473956409309198,1.0
0.11474804196837594,1.0
0.11475652109657873,1.0
0.11476500147797812,1.0
0.11477348311285197,1.0
0.11481591009906846,1.0
0.11482439926062847,1.0
0.11483288967761017,1.0
0.1148413813502921,1.0
0.11484987427895282,1.0
0.11485836846387101,1.0
0.11486686390532544,1.0
0.11487536060359493,1.0
0.11488385855895843,1.0
0.1148923577716949,1.0
0.11490935997040326,1.0
0.11491786295693356,1.0
0.11492636720195368,1.0
0.11493487270574304,1.0
0.11494337946858116,1.0
0.1149518874907476,1.0
0.11496039677252202,1.0
0.11498593217829113,1.0
0.11499444650129581,1.0
0.11500296208530805,1.0
0.11501147893060801,1.0
0.11501999703747592,1.0
0.11502851640619213,1.0
0.11503703703703703,1.0
0.11504555893029113,1.0
0.115054082086235,1.0
0.1150626065051493,1.0
0.11507113218731475,1.0
0.11507965913301223,1.0
0.1150881873425226,1.0
0.11509671681612688,1.0
0.11510524755410614,1.0
0.11511377955674153,1.0
0.11513084735710578,1.0
0.115156458549607,1.0
0.11516499814608824,1.0
0.11517353900919608,1.0
0.11518208113921234,1.0
0.11519062453641893,1.0
0.11519916920109784,1.0
0.11520771513353116,1.0
0.11521626233400104,1.0
0.11522481080278973,1.0
0.11523336054017956,1.0
0.11524191154645295,1.0
0.1152504638218924,1.0
0.11530180414284653,1.0
0.11531036531036531,1.0
0.11531892774931314,1.0
0.11532749145997327,1.0
0.11533605644262904,1.0
0.11534462269756388,1.0
0.11553340276744532,1.0
0.11554199836321702,1.0
0.11555059523809524,1.0
0.1155591933923655,1.0
0.11557639354022475,1.0
0.11558499553438524,1.0
0.11559359880908075,1.0
0.11560220336459728,1.0
0.11561080920122087,1.0
0.11562802471893381,1.0
0.11563663440059568,1.0
0.11564524536450964,1.0
0.11565385761096217,1.0
0.11566247114023981,1.0
0.11567108595262923,1.0
0.11567970204841713,1.0
0.11569693809133577,1.0
0.11570555803904038,1.0
0.11571417927129125,1.0
0.11572280178837556,1.0
0.11573142559058051,1.0
0.11574005067819347,1.0
0.11574867705150182,1.0
0.11578319540744055,1.0
0.11579182821354012,1.0
0.11583501156112479,1.0
0.11584365209607639,1.0
0.11585229392017904,1.0
0.11586093703372127,1.0
0.11586958143699172,1.0
0.11587822713027907,1.0
0.1158868741138721,1.0
0.1158955223880597,1.0
0.11590417195313082,1.0
0.11591282280937454,1.0
0.11592147495707994,1.0
0.11593012839653628,1.0
0.11593878312803285,1.0
0.11594743915185904,1.0
0.11595609646830433,1.0
0.1159647550776583,1.0
0.11597341498021059,1.0
0.11598207617625093,1.0
0.11599073866606917,1.0
0.11599940244995519,1.0
0.116008067528199,1.0
0.11601673390109069,1.0
0.11602540156892044,1.0
0.11603407053197848,1.0
0.1160861115263866,1.0
0.11609478956417732,1.0
0.11610346889952153,1.0
0.11611214953271028,1.0
0.1161208314640347,1.0
0.11612951469378599,1.0
0.11613819922225546,1.0
0.1161468850497345,1.0
0.11615557217651458,1.0
0.11616426060288727,1.0
0.11620772223885065,1.0
0.11621641846890668,1.0
0.11622511600059872,1.0
0.11623381483421899,1.0
0.11624251497005988,1.0
0.11625121640841381,1.0
0.11626862319383095,1.0
0.11627732854147949,1.0
0.11628603519281168,1.0
0.11629474314812041,1.0
0.11630345240769864,1.0
0.11631216297183943,1.0
0.11632087484083589,1.0
0.11632958801498128,1.0
0.11634701827989212,1.0
0.11635573537124447,1.0
0.11636445376891953,1.0
0.11637317347321094,1.0
0.11638189448441247,1.0
0.11639061680281795,1.0
0.11639934042872133,1.0
0.11640806536241662,1.0
0.1164167916041979,1.0
0.11642551915435939,1.0
0.11643424801319538,1.0
0.11644297818100023,1.0
0.11645170965806839,1.0
0.11646044244469442,1.0
0.11646917654117295,1.0
0.11647791194779869,1.0
0.1164866486648665,1.0
0.11649538669267122,1.0
0.11651286668167155,1.0
0.11652160864345738,1.0
0.11657408797477856,1.0
0.11661785687467147,1.0
0.11662661459897868,1.0
0.11663537363875329,1.0
0.11664413399429173,1.0
0.11665289566589049,1.0
0.11666165865384616,1.0
0.11667042295845541,1.0
0.11667918858001503,1.0
0.11668795551882186,1.0
0.11669672377517283,1.0
0.11671426424169548,1.0
0.11672303645246149,1.0
0.11673180998196031,1.0
0.11674058483048937,1.0
0.11674936099834611,1.0
0.11675813848582814,1.0
0.11676691729323309,1.0
0.1167756974208587,1.0
0.11678447886900285,1.0
0.11679326163796346,1.0
0.11680204572803851,1.0
0.11683719530544688,1.0
0.11684598600556768,1.0
0.11685477802859293,1.0
0.11686357137482128,1.0
0.11687236604455148,1.0
0.11688116203808234,1.0
0.11688995935571278,1.0
0.11689875799774181,1.0
0.11690755796446853,1.0
0.11691635925619212,1.0
0.11692516187321186,1.0
0.11693396581582712,1.0
0.11694277108433734,1.0
0.116960385600241,1.0
0.11696919484823379,1.0
0.11697800542332028,1.0
0.11698681732580038,1.0
0.11700444511414149,1.0
0.11701326100060278,1.0
0.1170220782156582,1.0
0.11708383594692401,1.0
0.1170926638015532,1.0
0.11710149298748303,1.0
0.11712798853608869,1.0
0.11713682305023382,1.0
0.1171456588971864,1.0
0.11716333459072048,1.0
0.11717217443790554,1.0
0.11718985813462118,1.0
0.11722524154589371,1.0
0.11724294126528763,1.0
0.11725179312948282,1.0
0.11726064633041378,1.0
0.1172695008683833,1.0
0.11731379362441456,1.0
0.11732265619097983,1.0
0.11733152009670596,1.0
0.11734038534189649,1.0
0.11734925192685507,1.0
0.11735811985188543,1.0
0.11736698911729142,1.0
0.11737585972337691,1.0
0.11739360495880263,1.0
0.11740247958875114,1.0
0.11741135556059575,1.0
0.11742023287464086,1.0
0.11742911153119093,1.0
0.11743799153055051,1.0
0.11744687287302427,1.0
0.11745575555891696,1.0
0.1174646395885334,1.0
0.117491299742775,1.0
0.11750018915033669,1.0
0.1175090799031477,1.0
0.11752686544573937,1.0
0.11753576023613109,1.0
0.11754465637299424,1.0
0.11756245268735806,1.0
0.11757135286547052,1.0
0.11758025439127802,1.0
0.1175891572650867,1.0
0.11759806148720278,1.0
0.1176069670579326,1.0
0.11761587397758255,1.0
0.11762478224645914,1.0
0.11763369186486895,1.0
0.1176426028331187,1.0
0.11765151515151515,1.0
0.11766042882036518,1.0
0.11767826021065393,1.0
0.11768717793270687,1.0
0.11769609700644183,1.0
0.11770501743216613,1.0
0.1177407126611069,1.0
0.11774963985139131,1.0
0.11780323143442312,1.0
0.11783004552352049,1.0
0.11783898626602929,1.0
0.11784792836545759,1.0
0.1178568718221143,1.0
0.11787476280834915,1.0
0.11788371033854562,1.0
0.1179374240583232,1.0
0.11794638110427584,1.0
0.1179553395108613,1.0
0.11796429927838967,1.0
0.11797326040717107,1.0
0.11798222289751577,1.0
0.11799118674973408,1.0
0.11800015196413646,1.0
0.11800911854103344,1.0
0.11801808648073561,1.0
0.11802705578355373,1.0
0.11803602644979859,1.0
0.11805397187381224,1.0
0.11806294663220314,1.0
0.11808987909664664,1.0
0.11809885931558935,1.0
0.11810784090044871,1.0
0.11811682385153635,1.0
0.11812580816916407,1.0
0.1181347938536437,1.0
0.11815276932440658,1.0
0.11817974278974203,1.0
0.11819773194307025,1.0
0.11820672857360329,1.0
0.11822472594397077,1.0
0.11823372668443091,1.0
0.11824272879549262,1.0
0.11825173227746898,1.0
0.11826974335541847,1.0
0.11827875095201829,1.0
0.11828775992078605,1.0
0.11829677026203535,1.0
0.11830578197607984,1.0
0.11831479506323328,1.0
0.11832380952380953,1.0
0.11833282535812252,1.0
0.11834184256648632,1.0
0.11835086114921506,1.0
0.11840500152485514,1.0
0.11841402973694243,1.0
0.11842305932591124,1.0
0.1184411226357535,1.0
0.11845015635725727,1.0
0.11845919145690313,1.0
0.11848630502784771,1.0
0.11849534564321684,1.0
0.118504387638306,1.0
0.11858582773365914,1.0
0.11859488354333715,1.0
0.1186129993126098,1.0
0.11862205927283838,1.0
0.11863112061721794,1.0
0.1186401833460657,1.0
0.11865831295843521,1.0
0.11866737984259189,1.0
0.11868551776843714,1.0
0.11871273505580186,1.0
0.1187218102591545,1.0
0.1187308868501529,1.0
0.11873996482911538,1.0
0.1187490441963603,1.0
0.11875812495220617,1.0
0.11876720709697156,1.0
0.11877629063097514,1.0
0.11879446186797216,1.0
0.11880354957160343,1.0
0.11881263866574861,1.0
0.11883082102685745,1.0
0.11883991429445975,1.0
0.11884900895385322,1.0
0.11885810500535741,1.0
0.11893092357175677,1.0
0.1189400321666539,1.0
0.11894914215686274,1.0
0.11895825354270395,1.0
0.11896736632449824,1.0
0.11897648050256646,1.0
0.11898559607722954,1.0
0.11901295118399878,1.0
0.1190220723482526,1.0
0.11903119491070745,1.0
0.11907682870725349,1.0
0.11909509202453988,1.0
0.1191042257841859,1.0
0.1191133609449302,1.0
0.11913163547100337,1.0
0.11914077483697737,1.0
0.11914991560533988,1.0
0.11917734632798711,1.0
0.11918649270913277,1.0
0.1192230922769845,1.0
0.11923224568138195,1.0
0.11924140049140049,1.0
0.1192505567073639,1.0
0.11925971432959606,1.0
0.11926887335842101,1.0
0.11927803379416282,1.0
0.11928719563714571,1.0
0.11930552354613198,1.0
0.11932385708797541,1.0
0.11933302597203012,1.0
0.11934219626527319,1.0
0.11935136796802952,1.0
0.11936054108062409,1.0
0.11936971560338201,1.0
0.11937889153662849,1.0
0.11938806888068881,1.0
0.11939724763588837,1.0
0.11940642780255267,1.0
0.1194156093810073,1.0
0.11942479237157798,1.0
0.11943397677459047,1.0
0.11944316259037072,1.0
0.11945234981924467,1.0
0.11946153846153847,1.0
0.11947072851757827,1.0
0.11947991998769042,1.0
0.11948911287220128,1.0
0.11949830717143736,1.0
0.11951670001539172,1.0
0.11952589856076348,1.0
0.1195535026943803,1.0
0.1195627069058434,1.0
0.11957191253464737,1.0
0.11958111958111958,1.0
0.11959032804558756,1.0
0.1195995379283789,1.0
0.11960874922982132,1.0
0.11961796195024263,1.0
0.11962717608997073,1.0
0.11964560862865947,1.0
0.11965482702827644,1.0
0.11966404684851287,1.0
0.11967326808969715,1.0
0.11968249075215782,1.0
0.11969171483622351,1.0
0.11970094034222291,1.0
0.11971016727048485,1.0
0.11971939562133826,1.0
0.11972862539511217,1.0
0.11973785659213569,1.0
0.11974708921273806,1.0
0.11975632325724861,1.0
0.11976555872599676,1.0
0.11977479561931205,1.0
0.11989500501814251,1.0
0.119913520191491,1.0
0.11992277992277993,1.0
0.11993204108425361,1.0
0.11994130367624344,1.0
0.11995056769908087,1.0
0.11995983315309748,1.0
0.11996910003862495,1.0
0.11997836835599505,1.0
0.11998763810553967,1.0
0.11999690928759078,1.0
0.12001545595054096,1.0
0.12002473143210449,1.0
0.12003400834750348,1.0
0.12004328669707041,1.0
0.1200525664811379,1.0
0.12006184770003865,1.0
0.12007113035410547,1.0
0.12008041444367124,1.0
0.12008969996906897,1.0
0.12010827532869296,1.0
0.12013614914519997,1.0
0.12014544329258858,1.0
0.12015473887814314,1.0
0.12016403590219746,1.0
0.12017333436508551,1.0
0.1201826342671413,1.0
0.12019193560869902,1.0
0.12021054261165724,1.0
0.12021984827372659,1.0
0.12022915537663544,1.0
0.12023846392071849,1.0
0.12024777390631049,1.0
0.12025708533374632,1.0
0.12026639820336095,1.0
0.12027571251548946,1.0
0.12028502827046704,1.0
0.12029434546862897,1.0
0.12030366411031064,1.0
0.12031298419584753,1.0
0.12032230572557527,1.0
0.12033162869982954,1.0
0.12034095311894615,1.0
0.120350278983261,1.0
0.12035960629311013,1.0
0.1203875968992248,1.0
0.12039692999457323,1.0
0.12040626453713754,1.0
0.1204156005272544,1.0
0.12042493796526055,1.0
0.12043427685149283,1.0
0.1204436171862882,1.0
0.12045295896998372,1.0
0.12046230220291654,1.0
0.12047164688542394,1.0
0.12048099301784329,1.0
0.12049034060051206,1.0
0.12050904011794832,1.0
0.12054645657067453,1.0
0.12055581431454743,1.0
0.12056517351137334,1.0
0.12057453416149068,1.0
0.12058389626523798,1.0
0.12059325982295388,1.0
0.12060262483497709,1.0
0.12055305266428461,0.9993560849967804
0.12056241746290686,0.9993560849967804
0.12057178371659416,0.9993560849967804
0.12058115142568565,0.9993560849967804
0.12061863682288024,0.9993560849967804
0.12062801181408363,0.9993560849967804
0.12063738826272834,0.9993560849967804
0.12064676616915423,0.9993560849967804
0.12066552635670968,0.9993560849967804
0.12067490863851955,0.9993560849967804
0.12068429237947123,0.9993560849967804
0.12069367757990512,0.9993560849967804
0.12071245236058178,0.9993560849967804
0.12072184194150591,0.9993560849967804
0.12074062548622996,0.9993560849967804
0.12076881176562135,0.9993560849967804
0.12077821011673152,0.9993560849967804
0.12078760993073391,0.9993560849967804
0.12080641394878182,0.9993560849967804
0.12081581815351082,0.9993560849967804
0.12082522382249902,0.9993560849967804
0.12083463095608844,0.9993560849967804
0.1208440395546212,0.9993560849967804
0.1208534496184395,0.9993560849967804
0.12086286114788568,0.9993560849967804
0.12087227414330218,0.9993560849967804
0.12088168860503154,0.9993560849967804
0.12089110453341642,0.9993560849967804
0.12090052192879956,0.9993560849967804
0.12090994079152384,0.9993560849967804
0.12091936112193222,0.9993560849967804
0.12092878292036777,0.9993560849967804
0.1209382061871737,0.9993560849967804
0.12094763092269327,0.9993560849967804
0.1209570571272699,0.9993560849967804
0.12096648480124708,0.9993560849967804
0.12097591394496843,0.9993560849967804
0.12098534455877767,0.9993560849967804
0.12100421019803524,0.9993560849967804
0.12101364522417155,0.9993560849967804
0.12102308172177167,0.9993560849967804
0.1210419591327406,0.9993560849967804
0.12105140004679822,0.9993560849967804
0.12107973162739898,0.9993560849967804
0.12109862671660425,0.9993560849967804
0.12111752770407366,0.9993560849967804
0.12112698041052057,0.9993560849967804
0.12113643459256947,0.9993560849967804
0.12114589025056592,0.9993560849967804
0.12115534738485559,0.9993560849967804
0.12118372764894199,0.9993560849967804
0.12119319069186318,0.9993560849967804
0.1212026552128075,0.9993560849967804
0.12125,0.9993560849967804
0.12125947339635909,0.9993560849967804
0.12126894827316768,0.9993560849967804
0.12128790246952173,0.9993560849967804
0.12129738178976163,0.9993560849967804
0.12130686259183993,0.9993560849967804
0.12131634487610413,0.9993560849967804
0.12132582864290181,0.9993560849967804
0.12133531389258072,0.9993560849967804
0.12134480062548866,0.9993560849967804
0.12135428884197356,0.9993560849967804
0.12136377854238349,0.9993560849967804
0.12137326972706655,0.9993560849967804
0.12138276239637102,0.9993560849967804
0.12139225655064528,0.9993560849967804
0.1214017521902378,0.9993560849967804
0.12141124931549714,0.9993560849967804
0.12142074792677203,0.9993560849967804
0.12143024802441124,0.9993560849967804
0.12143974960876369,0.9993560849967804
0.12144925268017842,0.9993560849967804
0.12145875723900454,0.9993560849967804
0.1214682632855913,0.9993560849967804
0.12155388471177944,0.9993560849967804
0.12156340565520482,0.9993560849967804
0.1215729280902397,0.9993560849967804
0.12158245201723462,0.9993560849967804
0.12159197743654027,0.9993560849967804
0.1216015043485074,0.9993560849967804
0.12161103275348692,0.9993560849967804
0.1216205626518298,0.9993560849967804
0.12163009404388715,0.9993560849967804
0.1216396269300102,0.9993560849967804
0.12164916131055024,0.9993560849967804
0.12165869718585874,0.9993560849967804
0.12167777342218737,0.9993560849967804
0.12168731378391093,0.9993560849967804
0.12169685564180976,0.9993560849967804
0.12170639899623588,0.9993560849967804
0.12171594384754136,0.9993560849967804
0.12172549019607844,0.9993560849967804
0.12173503804219939,0.9993560849967804
0.12174458738625667,0.9993560849967804
0.12175413822860282,0.9993560849967804
0.12176369056959047,0.9993560849967804
0.12177324440957238,0.9993560849967804
0.12178279974890144,0.9993560849967804
0.12179235658793063,0.9993560849967804
0.12180191492701303,0.9993560849967804
0.12181147476650185,0.9993560849967804
0.1218210361067504,0.9993560849967804
0.1218305989481121,0.9993560849967804
0.1218401632909405,0.9993560849967804
0.12184972913558922,0.9993560849967804
0.12185929648241206,0.9993560849967804
0.12186886533176286,0.9993560849967804
0.1218784356839956,0.9993560849967804
0.12188800753946438,0.9993560849967804
0.1218975808985234,0.9993560849967804
0.12190715576152698,0.9993560849967804
0.12191673212882953,0.9993560849967804
0.1219263100007856,0.9993560849967804
0.12193588937774984,0.9993560849967804
0.121945470260077,0.9993560849967804
0.12195505264812195,0.9993560849967804
0.12196463654223968,0.9993560849967804
0.12197422194278529,0.9993560849967804
0.12198380885011396,0.9993560849967804
0.12199339726458104,0.9993560849967804
0.1220125786163522,0.9993560849967804
0.12202217155436748,0.9993560849967804
0.12203176600094355,0.9993560849967804
0.12204136195643626,0.9993560849967804
0.12205095942120163,0.9993560849967804
0.12206055839559575,0.9993560849967804
0.12207015887997483,0.9993560849967804
0.1220797608746952,0.9993560849967804
0.12208936438011328,0.9993560849967804
0.12209896939658564,0.9993560849967804
0.12211818396411991,0.9993560849967804
0.1221277935158955,0.9993560849967804
0.12213740458015267,0.9993560849967804
0.12214701715724854,0.9993560849967804
0.12215663124754034,0.9993560849967804
0.12216624685138538,0.9993560849967804
0.12217586396914115,0.9993560849967804
0.12218548260116517,0.9993560849967804
0.12219510274781513,0.9993560849967804
0.12220472440944882,0.9993560849967804
0.12221434758642413,0.9993560849967804
0.12222397227909908,0.9993560849967804
0.12223359848783177,0.9993560849967804
0.12225285545490351,0.9993560849967804
0.12226248621395935,0.9993560849967804
0.12227211849050658,0.9993560849967804
0.12228175228490387,0.9993560849967804
0.12229138759751004,0.9993560849967804
0.12232994403720343,0.9993560849967804
0.12233958694623995,0.9993560849967804
0.12234923137564052,0.9993560849967804
0.12235887732576474,0.9993560849967804
0.12236852479697233,0.9993560849967804
0.12237817378962308,0.9993560849967804
0.122397476340694,0.9993560849967804
0.12240712989983438,0.9993560849967804
0.12241678498185833,0.9993560849967804
0.12245542054599969,0.9993560849967804
0.12247474747474747,0.9993560849967804
0.1224844132270539,0.9993560849967804
0.12249408050513023,0.9993560849967804
0.12253276488236223,0.9993560849967804
0.12254243979470983,0.9993560849967804
0.12255211623499684,0.9993560849967804
0.12256179420358525,0.9993560849967804
0.12257147370083715,0.9993560849967804
0.12258115472711476,0.9993560849967804
0.12260052136819655,0.9993560849967804
0.12261020698372571,0.9993560849967804
0.12261989412973058,0.9993560849967804
0.12262958280657396,0.9993560849967804
0.12263927301461873,0.9993560849967804
0.12264896475422792,0.9993560849967804
0.12265865802576464,0.9993560849967804
0.12267804916607383,0.9993560849967804
0.12268774703557313,0.9993560849967804
0.12269744643845364,0.9993560849967804
0.12270714737507907,0.9993560849967804
0.12271684984581324,0.9993560849967804
0.12273625939106367,0.9993560849967804
0.12274596646630813,0.9993560849967804
0.12276538522385698,0.9993560849967804
0.12277509690689027,0.9993560849967804
0.12278481012658228,0.9993560849967804
0.12279452488329773,0.9993560849967804
0.12280424117740149,0.9993560849967804
0.12282367837923394,0.9993560849967804
0.12283339928769292,0.9993560849967804
0.1228431217350008,0.9993560849967804
0.122852845721523,0.9993560849967804
0.12286257124762508,0.9993560849967804
0.1228722983136727,0.9993560849967804
0.12288202692003167,0.9993560849967804
0.12289175706706786,0.9993560849967804
0.1229014887551473,0.9993560849967804
0.1229112219846361,0.9993560849967804
0.12292095675590052,0.9993560849967804
0.12293069306930693,0.9993560849967804
0.1229404309252218,0.9993560849967804
0.12295017032401172,0.9993560849967804
0.12295991126604341,0.9993560849967804
0.12297939778129953,0.9993560849967804
0.12298914335525794,0.9993560849967804
0.12299889047392613,0.9993560849967804
0.12300863913767139,0.9993560849967804
0.12301838934686113,0.9993560849967804
0.12302814110186286,0.9993560849967804
0.12303789440304423,0.9993560849967804
0.12304764925077301,0.9993560849967804
0.12305740564541706,0.9993560849967804
0.12310621083525025,0.9993560849967804
0.12304641015470051,0.9987121699935608
0.1230561726436052,0.9987121699935608
0.12306593668174244,0.9987121699935608
0.12307570226948103,0.9987121699935608
0.12308546940718991,0.9987121699935608
0.12312455346511074,0.9987121699935608
0.12313432835820895,0.9987121699935608
0.12314410480349346,0.9987121699935608
0.12315388280133396,0.9987121699935608
0.12318322611389088,0.9987121699935608
0.12323216272048308,0.9987121699935608
0.1232419547079857,0.9987121699935608
0.12325174825174826,0.9987121699935608
0.12326154335214178,0.9987121699935608
0.12327134000953743,0.9987121699935608
0.12328113822430649,0.9987121699935608
0.12330073932745052,0.9987121699935608
0.1233105422165686,0.9987121699935608
0.12332034666454639,0.9987121699935608
0.12333015267175572,0.9987121699935608
0.1233399602385686,0.9987121699935608
0.12334976936535709,0.9987121699935608
0.12335958005249344,0.9987121699935608
0.12336939230034999,0.9987121699935608
0.12337920610929919,0.9987121699935608
0.1233890214797136,0.9987121699935608
0.12339883841196594,0.9987121699935608
0.12343812176681257,0.9987121699935608
0.12344794651384909,0.9987121699935608
0.12345777282496219,0.9987121699935608
0.1234676007005254,0.9987121699935608
0.12347743014091235,0.9987121699935608
0.12348726114649682,0.9987121699935608
0.12349709371765268,0.9987121699935608
0.12350692785475394,0.9987121699935608
0.12351676355817472,0.9987121699935608
0.12352660082828927,0.9987121699935608
0.12353643966547193,0.9987121699935608
0.12354628007009719,0.9987121699935608
0.12355612204253963,0.9987121699935608
0.123565965583174,0.9987121699935608
0.12361520682234797,0.9987121699935608
0.12364477040816327,0.9987121699935608
0.12367434813810702,0.9987121699935608
0.12368421052631579,0.9987121699935608
0.12380268199233717,0.9987121699935608
0.12383233532934132,0.9987121699935608
0.12384222293197061,0.9987121699935608
0.12385211211371078,0.9987121699935608
0.1238620028749401,0.9987121699935608
0.12390158172231985,0.9987121699935608
0.12391148038667413,0.9987121699935608
0.12392138063279003,0.9987121699935608
0.12395109086549988,0.9987121699935608
0.12396099744245524,0.9987121699935608
0.1239709056030693,0.9987121699935608
0.12398081534772182,0.9987121699935608
0.12399072667679271,0.9987121699935608
0.12400063959066197,0.9987121699935608
0.12401055408970976,0.9987121699935608
0.12402047017431633,0.9987121699935608
0.12403038784486206,0.9987121699935608
0.12404030710172745,0.9987121699935608
0.12406015037593984,0.9987121699935608
0.12407007439404848,0.9987121699935608
0.12408,0.9987121699935608
0.12408992719417554,0.9987121699935608
0.12409985597695632,0.9987121699935608
0.12410978634872369,0.9987121699935608
0.12411971830985916,0.9987121699935608
0.1241296518607443,0.9987121699935608
0.12413958700176085,0.9987121699935608
0.12414952373329065,0.9987121699935608
0.12415946205571565,0.9987121699935608
0.12416940196941798,0.9987121699935608
0.12417934347477982,0.9987121699935608
0.12418928657218352,0.9987121699935608
0.12420917754464643,0.9987121699935608
0.12421912542047092,0.9987121699935608
0.12422907488986784,0.9987121699935608
0.12423902595322012,0.9987121699935608
0.12425893286332318,0.9987121699935608
0.12426888871084048,0.9987121699935608
0.12427884615384616,0.9987121699935608
0.12428880519272377,0.9987121699935608
0.12430872805962973,0.9987121699935608
0.12432865731462926,0.9987121699935608
0.12435856318152662,0.9987121699935608
0.12436853500120279,0.9987121699935608
0.1243785084202085,0.9987121699935608
0.12438848343892854,0.9987121699935608
0.12439846005774784,0.9987121699935608
0.12440843827705142,0.9987121699935608
0.12441841809722445,0.9987121699935608
0.12443838254172016,0.9987121699935608
0.12444836716681378,0.9987121699935608
0.12445835339431872,0.9987121699935608
0.12446834122462082,0.9987121699935608
0.12449831433616954,0.9987121699935608
0.12453830094748675,0.9987121699935608
0.1245483016140689,0.9987121699935608
0.12456830776644447,0.9987121699935608
0.12458832034701582,0.9987121699935608
0.12459832904884319,0.9987121699935608
0.12460833935888166,0.9987121699935608
0.12461835127751889,0.9987121699935608
0.12463837994214079,0.9987121699935608
0.12464839668890139,0.9987121699935608
0.1246684350132626,0.9987121699935608
0.12467845659163987,0.9987121699935608
0.12471855902219363,0.9987121699935608
0.12472858866103739,0.9987121699935608
0.12473861991314139,0.9987121699935608
0.12474865277889488,0.9987121699935608
0.12475868725868726,0.9987121699935608
0.12476872335290805,0.9987121699935608
0.12477876106194691,0.9987121699935608
0.12478880038619358,0.9987121699935608
0.12480888388187013,0.9987121699935608
0.12482897384305836,0.9987121699935608
0.1248390212491951,0.9987121699935608
0.12484907027288095,0.9987121699935608
0.12485912091450652,0.9987121699935608
0.12488928255093003,0.9987121699935608
0.12489933966822354,0.9987121699935608
0.12490939840541193,0.9987121699935608
0.1249194587628866,0.9987121699935608
0.12492952074103907,0.9987121699935608
0.12493958434026099,0.9987121699935608
0.12494964956094418,0.9987121699935608
0.1249597164034805,0.9987121699935608
0.12496978486826203,0.9987121699935608
0.125,0.9987121699935608
0.12501007495768518,0.9987121699935608
0.12502015153957763,0.9987121699935608
0.12503022974607014,0.9987121699935608
0.12505039103442717,0.9987121699935608
0.12506047411707788,0.9987121699935608
0.12507055882590112,0.9987121699935608
0.12508064516129033,0.9987121699935608
0.125090733123639,0.9987121699935608
0.12510082271334086,0.9987121699935608
0.1251109139307897,0.9987121699935608
0.12512100677637947,0.9987121699935608
0.12513110125050422,0.9987121699935608
0.12514119735355816,0.9987121699935608
0.12515129508593562,0.9987121699935608
0.12516139444803098,0.9987121699935608
0.1251714954402389,0.9987121699935608
0.125181598062954,0.9987121699935608
0.12519170231657115,0.9987121699935608
0.12527259510540345,0.9987121699935608
0.1252827140549273,0.9987121699935608
0.12532320620555915,0.9987121699935608
0.1253434620979473,0.9987121699935608
0.12536372453928224,0.9987121699935608
0.12537385821679733,0.9987121699935608
0.1253839935327405,0.9987121699935608
0.1253941304875091,0.9987121699935608
0.1254144093151128,0.9987121699935608
0.12542455118874332,0.9987121699935608
0.12543469470279014,0.9987121699935608
0.12544483985765126,0.9987121699935608
0.12545498665372481,0.9987121699935608
0.12546513509140916,0.9987121699935608
0.12547528517110265,0.9987121699935608
0.1254955902581115,0.9987121699935608
0.12551590191794124,0.9987121699935608
0.1255260602136614,0.9987121699935608
0.1255667098445596,0.9987121699935608
0.12557687636628614,0.9987121699935608
0.12558704453441297,0.9987121699935608
0.12569900316070995,0.9987121699935608
0.12571938072464942,0.9987121699935608
0.1257295719844358,0.9987121699935608
0.1257397648966356,0.9987121699935608
0.1257499594616507,0.9987121699935608
0.12576015567988325,0.9987121699935608
0.12577035355173533,0.9987121699935608
0.12578055307760927,0.9987121699935608
0.12579075425790753,0.9987121699935608
0.12580095709303268,0.9987121699935608
0.1258111615833874,0.9987121699935608
0.12582136772937455,0.9987121699935608
0.12583157553139704,0.9987121699935608
0.125841784989858,0.9987121699935608
0.12585199610516065,0.9987121699935608
0.12586220887770835,0.9987121699935608
0.12587242330790457,0.9987121699935608
0.1258826393961529,0.9987121699935608
0.12589285714285714,0.9987121699935608
0.12590307654842114,0.9987121699935608
0.1259439707673569,0.9987121699935608
0.12595419847328243,0.9987121699935608
0.12596442784049378,0.9987121699935608
0.1259746588693957,0.9987121699935608
0.12598489156039314,0.9987121699935608
0.12599512591389114,0.9987121699935608
0.1260053619302949,0.9987121699935608
0.12601559961000974,0.9987121699935608
0.12602583895344113,0.9987121699935608
0.12603607996099464,0.9987121699935608
0.126046322633076,0.9987121699935608
0.12605656697009102,0.9987121699935608
0.12606681297244574,0.9987121699935608
0.12607706064054625,0.9987121699935608
0.1260873099747988,0.9987121699935608
0.12617962902700944,0.9987121699935608
0.126189895045155,0.9987121699935608
0.12620016273393003,0.9987121699935608
0.12621043209374236,0.9987121699935608
0.126220703125,0.9987121699935608
0.12624125020348365,0.9987121699935608
0.12626180397264736,0.9987121699935608
0.12627208336725557,0.9987121699935608
0.12628236443575966,0.9987121699935608
0.12629264717856853,0.9987121699935608
0.1263029315960912,0.9987121699935608
0.12635437881873726,0.9987121699935608
0.12636467329313997,0.9987121699935608
0.12637496944512344,0.9987121699935608
0.12638526727509777,0.9987121699935608
0.12643678160919541,0.9987121699935608
0.12644708951573455,0.9987121699935608
0.12645739910313902,0.9987121699935608
0.12646771037181997,0.9987121699935608
0.1264780233221887,0.9987121699935608
0.12648833795465667,0.9987121699935608
0.12649865426963544,0.9987121699935608
0.1265089722675367,0.9987121699935608
0.12651929194877232,0.9987121699935608
0.12652961331375429,0.9987121699935608
0.12653993636289468,0.9987121699935608
0.12655026109660575,0.9987121699935608
0.1265605875152999,0.9987121699935608
0.12657091561938957,0.9987121699935608
0.12658124540928753,0.9987121699935608
0.12659157688540645,0.9987121699935608
0.12660191004815932,0.9987121699935608
0.1266225814352192,0.9987121699935608
0.1266329196603527,0.9987121699935608
0.12664325957377318,0.9987121699935608
0.12665360117589416,0.9987121699935608
0.12667428944789286,0.9987121699935608
0.12668463611859837,0.9987121699935608
0.12669498447966018,0.9987121699935608
0.12670533453149252,0.9987121699935608
0.1267156862745098,0.9987121699935608
0.12673639483575747,0.9987121699935608
0.12674675165481736,0.9987121699935608
0.12675711016672114,0.9987121699935608
0.12676747037188393,0.9987121699935608
0.1267881958636475,0.9987121699935608
0.12679856115107913,0.9987121699935608
0.12680892813343145,0.9987121699935608
0.1268192968111202,0.9987121699935608
0.12690230731467844,0.9987121699935608
0.1269126912691269,0.9987121699935608
0.12692307692307692,0.9987121699935608
0.12693346427694574,0.9987121699935608
0.12694385333115077,0.9987121699935608
0.12695424408610953,0.9987121699935608
0.1269646365422397,0.9987121699935608
0.12697503069995908,0.9987121699935608
0.12698542655968562,0.9987121699935608
0.12702702702702703,0.9987121699935608
0.1270374314030633,0.9987121699935608
0.1270478374836173,0.9987121699935608
0.1270582452691079,0.9987121699935608
0.12706865475995413,0.9987121699935608
0.12707906595657517,0.9987121699935608
0.12708947885939037,0.9987121699935608
0.12709989346881914,0.9987121699935608
0.1271103097852811,0.9987121699935608
0.12712072780919598,0.9987121699935608
0.12714156898106402,0.9987121699935608
0.12715199212985737,0.9987121699935608
0.12716241698778388,0.9987121699935608
0.12718327183271833,0.9987121699935608
0.1271937018205675,0.9987121699935608
0.12722500205069315,0.9987121699935608
0.12723543888433142,0.9987121699935608
0.12724587743047008,0.9987121699935608
0.1272563176895307,0.9987121699935608
0.12726675966193485,0.9987121699935608
0.12727720334810438,0.9987121699935608
0.1272876487484612,0.9987121699935608
0.12730854469342526,0.9987121699935608
0.12731899523887702,0.9987121699935608
0.12732944750020525,0.9987121699935608
0.1273399014778325,0.9987121699935608
0.12735035717218163,0.9987121699935608
0.12736081458367549,0.9987121699935608
0.12737127371273713,0.9987121699935608
0.12738173455978974,0.9987121699935608
0.1274131274131274,0.9987121699935608
0.12742359513637858,0.9987121699935608
0.12743406457973872,0.9987121699935608
0.12744453574363188,0.9987121699935608
0.12746548323471402,0.9987121699935608
0.1274759595627517,0.9987121699935608
0.1274969173859433,0.9987121699935608
0.12751788210145523,0.9987121699935608
0.12752836704489393,0.9987121699935608
0.12754934210526317,0.9987121699935608
0.12755983222304465,0.9987121699935608
0.1275703240664583,0.9987121699935608
0.1275808176359299,0.9987121699935608
0.12760180995475112,0.9987121699935608
0.1276123087049531,0.9987121699935608
0.1276228091829178,0.9987121699935608
0.12768584835761917,0.9987121699935608
0.12771739130434784,0.9987121699935608
0.12772790908342255,0.9987121699935608
0.12773842859495965,0.9987121699935608
0.1277489498393872,0.9987121699935608
0.12775947281713343,0.9987121699935608
0.12776999752862675,0.9987121699935608
0.1277805239742956,0.9987121699935608
0.12781211372064277,0.9987121699935608
0.1278226471073018,0.9987121699935608
0.12783318223028106,0.9987121699935608
0.12784371909000988,0.9987121699935608
0.12790697674418605,0.9987121699935608
0.12791752577319587,0.9987121699935608
0.12792807654239524,0.9987121699935608
0.1279386290522148,0.9987121699935608
0.1279914177256973,0.9987121699935608
0.1280019806882892,0.9987121699935608
0.12810770628561988,0.9987121699935608
0.12812887236679057,0.9987121699935608
0.12813945803040316,0.9987121699935608
0.12815004544327852,0.9987121699935608
0.12817122551855217,0.9987121699935608
0.12818181818181817,0.9987121699935608
0.12821360667934198,0.9987121699935608
0.12823480777180654,0.9987121699935608
0.1282454109475773,0.9987121699935608
0.1282666225603705,0.9987121699935608
0.12835153922542206,0.9987121699935608
0.12836216171480594,0.9987121699935608
0.12837278596258897,0.9987121699935608
0.12838341196920786,0.9987121699935608
0.12840466926070038,0.9987121699935608
0.1284153005464481,0.9987121699935608
0.12842593359277965,0.9987121699935608
0.12843656840013248,0.9987121699935608
0.1284472049689441,0.9987121699935608
0.12845784329965215,0.9987121699935608
0.12847912524850894,0.9987121699935608
0.12848976886753377,0.9987121699935608
0.1285004142502071,0.9987121699935608
0.12851106139696744,0.9987121699935608
0.12852171030825324,0.9987121699935608
0.12853236098450319,0.9987121699935608
0.12855366763365106,0.9987121699935608
0.12856432360742706,0.9987121699935608
0.1285856408555795,0.9987121699935608
0.12860696517412934,0.9987121699935608
0.12863896491664592,0.9987121699935608
0.12864963503649635,0.9987121699935608
0.12866030692658648,0.9987121699935608
0.12871369294605808,0.9987121699935608
0.12876712328767123,0.9987121699935608
0.12877781467950847,0.9987121699935608
0.128788507846882,0.9987121699935608
0.12879920279023419,0.9987121699935608
0.12886340977068794,0.9987121699935608
0.12888482632541134,0.9987121699935608
0.1288955372725006,0.9987121699935608
0.12890625,0.9987121699935608
0.12893839886939895,0.9987121699935608
0.1289491187229797,0.9987121699935608
0.12899201596806387,0.9987121699935608
0.12900274473924978,0.9987121699935608
0.12902420763663588,0.9987121699935608
0.12903494176372712,0.9987121699935608
0.1290456776770114,0.9987121699935608
0.1290564153769346,0.9987121699935608
0.12906715486394274,0.9987121699935608
0.12907789613848203,0.9987121699935608
0.12908863920099875,0.9987121699935608
0.1290993840519394,0.9987121699935608
0.1291101306917506,0.9987121699935608
0.12912087912087913,0.9987121699935608
0.12913162933977188,0.9987121699935608
0.12914238134887593,0.9987121699935608
0.12915313514863852,0.9987121699935608
0.129163890739507,0.9987121699935608
0.12918540729635183,0.9987121699935608
0.12919616826322367,0.9987121699935608
0.12920693102299233,0.9987121699935608
0.12921769557610596,0.9987121699935608
0.12922846192301282,0.9987121699935608
0.12927154525754292,0.9987121699935608
0.12928232058014505,0.9987121699935608
0.12929309769923308,0.9987121699935608
0.12930387661525636,0.9987121699935608
0.12931465732866435,0.9987121699935608
0.12939017268707767,0.9987121699935608
0.12941176470588237,0.9987121699935608
0.12942256341789052,0.9987121699935608
0.12951983298538622,0.9987121699935608
0.12953064974110573,0.9987121699935608
0.1295414683036833,0.9987121699935608
0.12955228867357166,0.9987121699935608
0.12957393483709273,0.9987121699935608
0.1295847606316317,0.9987121699935608
0.12959558823529413,0.9987121699935608
0.12960641764853348,0.9987121699935608
0.12961724887180345,0.9987121699935608
0.12962808190555788,0.9987121699935608
0.12963891675025074,0.9987121699935608
0.1296497534063362,0.9987121699935608
0.1296605918742685,0.9987121699935608
0.12967143215450214,0.9987121699935608
0.12969311815369178,0.9987121699935608
0.12970396387355745,0.9987121699935608
0.1297148114075437,0.9987121699935608
0.12972566075610573,0.9987121699935608
0.12973651191969887,0.9987121699935608
0.12974736489877864,0.9987121699935608
0.12975821969380072,0.9987121699935608
0.1297690763052209,0.9987121699935608
0.1297799347334951,0.9987121699935608
0.1297907949790795,0.9987121699935608
0.12980165704243032,0.9987121699935608
0.12981252092400403,0.9987121699935608
0.1298342541436464,0.9987121699935608
0.12984512348262872,0.9987121699935608
0.1298559946416611,0.9987121699935608
0.1298777424217049,0.9987121699935608
0.1298886190436312,0.9987121699935608
0.12993214375471224,0.9987121699935608
0.12994302949061662,0.9987121699935608
0.12995391705069123,0.9987121699935608
0.12996480643539468,0.9987121699935608
0.12997569764518563,0.9987121699935608
0.12998659068052296,0.9987121699935608
0.1300410832564769,0.9987121699935608
0.13005198725473754,0.9987121699935608
0.130062893081761,0.9987121699935608
0.13008471022393692,0.9987121699935608
0.13009562154001006,0.9987121699935608
0.13010653468668737,0.9987121699935608
0.13011744966442954,0.9987121699935608
0.13013928511495218,0.9987121699935608
0.13015020558865487,0.9987121699935608
0.13016112789526688,0.9987121699935608
0.13017205203524967,0.9987121699935608
0.13019390581717452,0.9987121699935608
0.1302048354600403,0.9987121699935608
0.13021576693812442,0.9987121699935608
0.13022670025188918,0.9987121699935608
0.13023763540179695,0.9987121699935608
0.13025951121189216,0.9987121699935608
0.1302704518730052,0.9987121699935608
0.13028139437211256,0.9987121699935608
0.1302923387096774,0.9987121699935608
0.13030328488616316,0.9987121699935608
0.13031423290203328,0.9987121699935608
0.13032518275775146,0.9987121699935608
0.13034708799058745,0.9987121699935608
0.13035804336863338,0.9987121699935608
0.13042381432896064,0.9987121699935608
0.13043478260869565,0.9987121699935608
0.13046769851951548,0.9987121699935608
0.13047867418187936,0.9987121699935608
0.1304896516910651,0.9987121699935608
0.13050063104753892,0.9987121699935608
0.13051161225176708,0.9987121699935608
0.13053358020535263,0.9987121699935608
0.13056654600555603,0.9987121699935608
0.13057753830611213,0.9987121699935608
0.1305995284607612,0.9987121699935608
0.13061052631578948,0.9987121699935608
0.13062152602324406,0.9987121699935608
0.13063252758359303,0.9987121699935608
0.1306545362648471,0.9987121699935608
0.13066554338668912,0.9987121699935608
0.13067655236329936,0.9987121699935608
0.13069857588269992,0.9987121699935608
0.13070959042642846,0.9987121699935608
0.1307206068268015,0.9987121699935608
0.1307316250842886,0.9987121699935608
0.13074264519935935,0.9987121699935608
0.13075366717248357,0.9987121699935608
0.13076469100413118,0.9987121699935608
0.13077571669477234,0.9987121699935608
0.1307867442448773,0.9987121699935608
0.13079777365491652,0.9987121699935608
0.13080880492536054,0.9987121699935608
0.13081983805668015,0.9987121699935608
0.13083087304934626,0.9987121699935608
0.13084190990382993,0.9987121699935608
0.13085294862060237,0.9987121699935608
0.130863989200135,0.9987121699935608
0.13087503164289932,0.9987121699935608
0.13088607594936708,0.9987121699935608
0.13089712212001012,0.9987121699935608
0.13090817015530049,0.9987121699935608
0.1309192200557103,0.9987121699935608
0.13096343831799376,0.9987121699935608
0.13097449755108934,0.9987121699935608
0.13099662162162162,0.9987121699935608
0.13100768646000507,0.9987121699935608
0.13101875316776482,0.9987121699935608
0.13102982174537467,0.9987121699935608
0.13104089219330856,0.9987121699935608
0.13105196451204057,0.9987121699935608
0.13106303870204494,0.9987121699935608
0.13107411476379616,0.9987121699935608
0.1310962725044375,0.9987121699935608
0.13110735418427727,0.9987121699935608
0.13111843773776313,0.9987121699935608
0.1311295231653703,0.9987121699935608
0.1311406104675742,0.9987121699935608
0.13115169964485032,0.9987121699935608
0.13116279069767442,0.9987121699935608
0.13117388362652233,0.9987121699935608
0.13118497843187008,0.9987121699935608
0.13119607511419387,0.9987121699935608
0.13120717367397006,0.9987121699935608
0.13122937642778576,0.9987121699935608
0.13124048062277882,0.9987121699935608
0.13125158669713125,0.9987121699935608
0.13126269465132023,0.9987121699935608
0.1312738044858231,0.9987121699935608
0.13128491620111732,0.9987121699935608
0.13131826263652527,0.9987121699935608
0.13134050300618172,0.9987121699935608
0.13135162601626016,0.9987121699935608
0.13136275091047683,0.9987121699935608
0.13137387768931053,0.9987121699935608
0.1314406779661017,0.9987121699935608
0.1314518179506738,0.9987121699935608
0.13146295982369893,0.9987121699935608
0.13147410358565736,0.9987121699935608
0.13150754620993726,0.9987121699935608
0.13155216284987278,0.9987121699935608
0.13156332174060564,0.9987121699935608
0.1315744825246013,0.9987121699935608
0.13161914460285132,0.9987121699935608
0.1316414870140893,0.9987121699935608
0.13165266106442577,0.9987121699935608
0.13166383701188455,0.9987121699935608
0.13171974522292992,0.9987121699935608
0.131730932563275,0.9987121699935608
0.1317421218041281,0.9987121699935608
0.1317533129459735,0.9987121699935608
0.13176450598929573,0.9987121699935608
0.13177570093457944,0.9987121699935608
0.13178689778230945,0.9987121699935608
0.13179809653297075,0.9987121699935608
0.13180929718704854,0.9987121699935608
0.13182049974502805,0.9987121699935608
0.1318429105746345,0.9987121699935608
0.13185411884723286,0.9987121699935608
0.1318765411104498,0.9987121699935608
0.13188775510204082,0.9987121699935608
0.13189897100093545,0.9987121699935608
0.13191018880762034,0.9987121699935608
0.1319214085225823,0.9987121699935608
0.13193263014630827,0.9987121699935608
0.1319438536792854,0.9987121699935608
0.13195507912200102,0.9987121699935608
0.13196630647494256,0.9987121699935608
0.1319775357385977,0.9987121699935608
0.132,0.9987121699935608
0.1320112349987233,0.9987121699935608
0.13203371073465567,0.9987121699935608
0.13204495147284181,0.9987121699935608
0.13206743869209808,0.9987121699935608
0.1320786851741463,0.9987121699935608
0.13208993357179355,0.9987121699935608
0.13210118388552936,0.9987121699935608
0.13211243611584328,0.9987121699935608
0.13212369026322515,0.9987121699935608
0.13213494632816494,0.9987121699935608
0.13214620431115276,0.9987121699935608
0.13217998977330833,0.9987121699935608
0.13220252301397886,0.9987121699935608
0.13221379251555707,0.9987121699935608
0.13222506393861894,0.9987121699935608
0.13223633728365589,0.9987121699935608
0.1322476125511596,0.9987121699935608
0.1322588897416219,0.9987121699935608
0.1322814498933902,0.9987121699935608
0.13234917655090025,0.9987121699935608
0.13236047107014848,0.9987121699935608
0.13237176751728258,0.9987121699935608
0.13238306589279616,0.9987121699935608
0.1323943661971831,0.9987121699935608
0.13240566843093735,0.9987121699935608
0.13241697259455307,0.9987121699935608
0.13242827868852458,0.9987121699935608
0.13243958671334644,0.9987121699935608
0.13245089666951324,0.9987121699935608
0.13246220855751986,0.9987121699935608
0.1324848381310327,0.9987121699935608
0.13249615581752947,0.9987121699935608
0.1325187969924812,0.9987121699935608
0.13254144590668263,0.9987121699935608
0.1325867669687126,0.9987121699935608
0.13259810207745576,0.9987121699935608
0.13262077811030354,0.9987121699935608
0.13263211903540276,0.9987121699935608
0.13264346190028223,0.9987121699935608
0.13266615345137286,0.9987121699935608
0.13267750213857998,0.9987121699935608
0.13268885276755923,0.9987121699935608
0.13270020533880902,0.9987121699935608
0.13271155985282793,0.9987121699935608
0.13272291631011468,0.9987121699935608
0.13273427471116817,0.9987121699935608
0.1327456350564875,0.9987121699935608
0.13275699734657195,0.9987121699935608
0.1327683615819209,0.9987121699935608
0.13277972776303398,0.9987121699935608
0.13279109589041097,0.9987121699935608
0.13280246596455175,0.9987121699935608
0.13282521195512545,0.9987121699935608
0.1328365878725591,0.9987121699935608
0.13284796573875804,0.9987121699935608
0.13285934555422305,0.9987121699935608
0.13288211103495545,0.9987121699935608
0.13289349670122527,0.9987121699935608
0.13290488431876607,0.9987121699935608
0.13291627388807953,0.9987121699935608
0.13292766540966747,0.9987121699935608
0.13293905888403187,0.9987121699935608
0.13295045431167496,0.9987121699935608
0.13296185169309901,0.9987121699935608
0.13297325102880658,0.9987121699935608
0.13298465231930034,0.9987121699935608
0.13299605556508318,0.9987121699935608
0.1330074607666581,0.9987121699935608
0.1330188679245283,0.9987121699935608
0.13303027703919718,0.9987121699935608
0.1330416881111683,0.9987121699935608
0.13306451612903225,0.9987121699935608
0.13307593307593307,0.9987121699935608
0.13308735198215205,0.9987121699935608
0.1331101956745623,0.9987121699935608
0.13312162046176293,0.9987121699935608
0.13313304721030042,0.9987121699935608
0.13314447592067988,0.9987121699935608
0.133167339228986,0.9987121699935608
0.13319021039072562,0.9987121699935608
0.13320164891789762,0.9987121699935608
0.1332130894099459,0.9987121699935608
0.13322453186737673,0.9987121699935608
0.13323597629069667,0.9987121699935608
0.13324742268041237,0.9987121699935608
0.13325887103703069,0.9987121699935608
0.13330468414267296,0.9987121699935608
0.1333161423414131,0.9987121699935608
0.13336199484092864,0.9987121699935608
0.13337346289448793,0.9987121699935608
0.13338493292053663,0.9987121699935608
0.13339640491958374,0.9987121699935608
0.13340787889213832,0.9987121699935608
0.13341935483870968,0.9987121699935608
0.1334308327598073,0.9987121699935608
0.1334423126559408,0.9987121699935608
0.13345379452762002,0.9987121699935608
0.13352272727272727,0.9987121699935608
0.13353422298751613,0.9987121699935608
0.13355722035649703,0.9987121699935608
0.13356872201171202,0.9987121699935608
0.13358022564809233,0.9987121699935608
0.13359173126614987,0.9987121699935608
0.13360323886639677,0.9987121699935608
0.13362626001550787,0.9987121699935608
0.13363777356539722,0.9987121699935608
0.13364928909952606,0.9987121699935608
0.13366080661840746,0.9987121699935608
0.1336723261225545,0.9987121699935608
0.13369537108869925,0.9987121699935608
0.13370689655172413,0.9987121699935608
0.13371842400206915,0.9987121699935608
0.13372995344024832,0.9987121699935608
0.1337414848667759,0.9987121699935608
0.13375301828216626,0.9987121699935608
0.13376455368693402,0.9987121699935608
0.13377609108159394,0.9987121699935608
0.13378763046666092,0.9987121699935608
0.13381071521007679,0.9987121699935608
0.13382226056945642,0.9987121699935608
0.1338338079213047,0.9987121699935608
0.1338453572661374,0.9987121699935608
0.13385690860447053,0.9987121699935608
0.1338684619368203,0.9987121699935608
0.13388001726370308,0.9987121699935608
0.13389157458563536,0.9987121699935608
0.1339031339031339,0.9987121699935608
0.13392625852689752,0.9987121699935608
0.1339378238341969,0.9987121699935608
0.13394939113913118,0.9987121699935608
0.133960960442218,0.9987121699935608
0.1339725317439751,0.9987121699935608
0.13398410504492053,0.9987121699935608
0.13400725764644894,0.9987121699935608
0.1340188369480688,0.9987121699935608
0.13403041825095058,0.9987121699935608
0.13406517417235717,0.9987121699935608
0.13407676348547717,0.9987121699935608
0.13408835480245526,0.9987121699935608
0.13409994812381118,0.9987121699935608
0.13411154345006485,0.9987121699935608
0.13412314078173643,0.9987121699935608
0.13414634146341464,0.9987121699935608
0.13419276691469112,0.9987121699935608
0.1342043782988665,0.9987121699935608
0.1342159916926272,0.9987121699935608
0.13422760709649503,0.9987121699935608
0.13423922451099188,0.9987121699935608
0.13425084393663983,0.9987121699935608
0.1342740888234785,0.9987121699935608
0.13429734176119146,0.9987121699935608
0.13430897125043298,0.9987121699935608
0.13432060275396207,0.9987121699935608
0.1343322362723021,0.9987121699935608
0.13434387180597662,0.9987121699935608
0.13435550935550936,0.9987121699935608
0.13436714892142423,0.9987121699935608
0.13437879050424537,0.9987121699935608
0.134390434104497,0.9987121699935608
0.13440207972270363,0.9987121699935608
0.1344137273593899,0.9987121699935608
0.13442537701508062,0.9987121699935608
0.13443702869030077,0.9987121699935608
0.13444868238557559,0.9987121699935608
0.13446033810143043,0.9987121699935608
0.13448365559698258,0.9987121699935608
0.13449531737773152,0.9987121699935608
0.13450698118116383,0.9987121699935608
0.13451864700780572,0.9987121699935608
0.1345303148581837,0.9987121699935608
0.13454198473282442,0.9987121699935608
0.13455365663225471,0.9987121699935608
0.13456533055700157,0.9987121699935608
0.13458868448455397,0.9987121699935608
0.13460036448841448,0.9987121699935608
0.13461204651970143,0.9987121699935608
0.1346237305789428,0.9987121699935608
0.13463541666666667,0.9987121699935608
0.13464710478340133,0.9987121699935608
0.13465879492967528,0.9987121699935608
0.1346704871060172,0.9987121699935608
0.1346821813129559,0.9987121699935608
0.1346938775510204,0.9987121699935608
0.13470557582073997,0.9987121699935608
0.13471727612264398,0.9987121699935608
0.1347406828251238,0.9987121699935608
0.13475238922675933,0.9987121699935608
0.13476409766269876,0.9987121699935608
0.13477580813347237,0.9987121699935608
0.13478752063961066,0.9987121699935608
0.13479923518164436,0.9987121699935608
0.1348109517601043,0.9987121699935608
0.13482267037552156,0.9987121699935608
0.13483439102842737,0.9987121699935608
0.13485783844883054,0.9987121699935608
0.1348695652173913,0.9987121699935608
0.13488129402556745,0.9987121699935608
0.1348930248738911,0.9987121699935608
0.13490475776289468,0.9987121699935608
0.13491649269311065,0.9987121699935608
0.13492822966507176,0.9987121699935608
0.134963452836756,0.9987121699935608
0.13497519798102864,0.9987121699935608
0.13489991296779807,0.9980682549903412
0.13491165462616417,0.9980682549903412
0.1349233983286908,0.9980682549903412
0.1349351440759119,0.9980682549903412
0.13497039359108326,0.9980682549903412
0.13502918372680547,0.9980682549903412
0.13504094790033108,0.9980682549903412
0.13505271412389996,0.9980682549903412
0.1350644823980481,0.9980682549903412
0.13507625272331156,0.9980682549903412
0.1350880251002266,0.9980682549903412
0.13509979952932974,0.9980682549903412
0.1351115760111576,0.9980682549903412
0.13512335454624705,0.9980682549903412
0.1351822780394209,0.9980682549903412
0.13520586182833216,0.9980682549903412
0.1352176568088633,0.9980682549903412
0.13522945384749607,0.9980682549903412
0.13525305410122165,0.9980682549903412
0.13526485731739243,0.9980682549903412
0.1352766625938209,0.9980682549903412
0.1352884699310465,0.9980682549903412
0.13530027932960895,0.9980682549903412
0.13531209079004802,0.9980682549903412
0.13532390431290378,0.9980682549903412
0.13533571989871648,0.9980682549903412
0.13535935726137455,0.9980682549903412
0.13537117903930132,0.9980682549903412
0.1353830028823478,0.9980682549903412
0.13539482879105522,0.9980682549903412
0.1354066567659649,0.9980682549903412
0.1354184868076184,0.9980682549903412
0.13543031891655744,0.9980682549903412
0.13544215309332402,0.9980682549903412
0.1354539893384602,0.9980682549903412
0.1356199142532155,0.9980682549903412
0.13563178158907946,0.9980682549903412
0.13564365100201278,0.9980682549903412
0.13565552249256083,0.9980682549903412
0.13566739606126915,0.9980682549903412
0.13567927170868346,0.9980682549903412
0.13569114943534974,0.9980682549903412
0.13570302924181404,0.9980682549903412
0.13571491112862272,0.9980682549903412
0.13572679509632224,0.9980682549903412
0.1357386811454593,0.9980682549903412
0.13575056927658083,0.9980682549903412
0.13577435178696567,0.9980682549903412
0.1357862461673237,0.9980682549903412
0.1357981426318556,0.9980682549903412
0.13581004118110926,0.9980682549903412
0.13582194181563267,0.9980682549903412
0.13583384453597405,0.9980682549903412
0.13584574934268187,0.9980682549903412
0.13585765623630466,0.9980682549903412
0.1358695652173913,0.9980682549903412
0.13588147628649075,0.9980682549903412
0.1358933894441522,0.9980682549903412
0.13590530469092504,0.9980682549903412
0.1359172220273588,0.9980682549903412
0.13596491228070176,0.9980682549903412
0.13597684007369068,0.9980682549903412
0.13598876995964204,0.9980682549903412
0.1360007019391068,0.9980682549903412
0.13601263601263602,0.9980682549903412
0.13602457218078104,0.9980682549903412
0.13603651044409337,0.9980682549903412
0.13604845080312472,0.9980682549903412
0.13606039325842698,0.9980682549903412
0.1360723378105522,0.9980682549903412
0.1360842844600527,0.9980682549903412
0.1360962332074809,0.9980682549903412
0.13610818405338954,0.9980682549903412
0.13615600843288828,0.9980682549903412
0.13616796977949575,0.9980682549903412
0.1361799332279037,0.9980682549903412
0.1361918987786662,0.9980682549903412
0.13620386643233742,0.9980682549903412
0.136227808050624,0.9980682549903412
0.1362397820163488,0.9980682549903412
0.13625175808720114,0.9980682549903412
0.13626373626373625,0.9980682549903412
0.13627571654650958,0.9980682549903412
0.13628769893607667,0.9980682549903412
0.1362996834329933,0.9980682549903412
0.1363116700378155,0.9980682549903412
0.13633564957340136,0.9980682549903412
0.13634764250527798,0.9980682549903412
0.136359637547286,0.9980682549903412
0.13638363396392433,0.9980682549903412
0.13639563533966914,0.9980682549903412
0.13640763882777435,0.9980682549903412
0.13641964442879775,0.9980682549903412
0.13643165214329725,0.9980682549903412
0.136443661971831,0.9980682549903412
0.1364556739149573,0.9980682549903412
0.13646768797323472,0.9980682549903412
0.13647970414722196,0.9980682549903412
0.13650374284456188,0.9980682549903412
0.13651576536903293,0.9980682549903412
0.1365277900114507,0.9980682549903412
0.13653981677237492,0.9980682549903412
0.13674459638288486,0.9980682549903412
0.1367566613728604,0.9980682549903412
0.13676872849201446,0.9980682549903412
0.1367807977409107,0.9980682549903412
0.13679286912011296,0.9980682549903412
0.13681701827169213,0.9980682549903412
0.13682909604519775,0.9980682549903412
0.13684117595126688,0.9980682549903412
0.1368532579904644,0.9980682549903412
0.1368653421633554,0.9980682549903412
0.13687742847050513,0.9980682549903412
0.13688951691247903,0.9980682549903412
0.13690160748984279,0.9980682549903412
0.13691370020316226,0.9980682549903412
0.13692579505300354,0.9980682549903412
0.13693789203993287,0.9980682549903412
0.1369499911645167,0.9980682549903412
0.13696209242732174,0.9980682549903412
0.13697419582891482,0.9980682549903412
0.136986301369863,0.9980682549903412
0.1369984090507336,0.9980682549903412
0.13701051887209406,0.9980682549903412
0.13702263083451202,0.9980682549903412
0.1370347449385554,0.9980682549903412
0.13704686118479223,0.9980682549903412
0.1370589795737908,0.9980682549903412
0.13707110010611956,0.9980682549903412
0.13716814159292035,0.9980682549903412
0.13718028144083547,0.9980682549903412
0.1371924234377766,0.9980682549903412
0.13720456758431443,0.9980682549903412
0.13721671388101983,0.9980682549903412
0.13722886232846393,0.9980682549903412
0.137241012927218,0.9980682549903412
0.13726532058094226,0.9980682549903412
0.13727747763705606,0.9980682549903412
0.13728963684676704,0.9980682549903412
0.13732612740320724,0.9980682549903412
0.13733829523303206,0.9980682549903412
0.13735046521931768,0.9980682549903412
0.13736263736263737,0.9980682549903412
0.13737481166356466,0.9980682549903412
0.13738698812267328,0.9980682549903412
0.13739916674053718,0.9980682549903412
0.1374113475177305,0.9980682549903412
0.13742353045482755,0.9980682549903412
0.13743571555240292,0.9980682549903412
0.1374479028110313,0.9980682549903412
0.1374600922312877,0.9980682549903412
0.13747228381374724,0.9980682549903412
0.13748447755898527,0.9980682549903412
0.1374966734675774,0.9980682549903412
0.13750887154009936,0.9980682549903412
0.13752107177712714,0.9980682549903412
0.13753327417923691,0.9980682549903412
0.13754547874700507,0.9980682549903412
0.13755768548100816,0.9980682549903412
0.13756989438182302,0.9980682549903412
0.13758210545002664,0.9980682549903412
0.13759431868619618,0.9980682549903412
0.1376065340909091,0.9980682549903412
0.13761875166474297,0.9980682549903412
0.13763097140827563,0.9980682549903412
0.13764319332208508,0.9980682549903412
0.13765541740674955,0.9980682549903412
0.1376676436628475,0.9980682549903412
0.13767987209095753,0.9980682549903412
0.13769210269165852,0.9980682549903412
0.1377043354655295,0.9980682549903412
0.13771657041314972,0.9980682549903412
0.13772880753509864,0.9980682549903412
0.13774104683195593,0.9980682549903412
0.13775328830430145,0.9980682549903412
0.13776553195271532,0.9980682549903412
0.13777777777777778,0.9980682549903412
0.13779002578006935,0.9980682549903412
0.13781452831866275,0.9980682549903412
0.13782678285612662,0.9980682549903412
0.1378390395731436,0.9980682549903412
0.13785129847029526,0.9980682549903412
0.1378635595481633,0.9980682549903412
0.13787582280732966,0.9980682549903412
0.13791262567844115,0.9980682549903412
0.1379371718430186,0.9980682549903412
0.1379494482022072,0.9980682549903412
0.13796172674677348,0.9980682549903412
0.13797400747730104,0.9980682549903412
0.1379862903943737,0.9980682549903412
0.1379985754985755,0.9980682549903412
0.1380108627904906,0.9980682549903412
0.13802315227070347,0.9980682549903412
0.13803544393979875,0.9980682549903412
0.13804773779836124,0.9980682549903412
0.13806003384697604,0.9980682549903412
0.13808463251670378,0.9980682549903412
0.13809693513898788,0.9980682549903412
0.13810923995366658,0.9980682549903412
0.13812154696132597,0.9980682549903412
0.13813385616255236,0.9980682549903412
0.13814616755793227,0.9980682549903412
0.1381584811480524,0.9980682549903412
0.13817079693349973,0.9980682549903412
0.13819543509272467,0.9980682549903412
0.13820775746767722,0.9980682549903412
0.13822008204030675,0.9980682549903412
0.13823240881120127,0.9980682549903412
0.13824473778094898,0.9980682549903412
0.13825706895013826,0.9980682549903412
0.13826940231935772,0.9980682549903412
0.13828173788919618,0.9980682549903412
0.13829407566024268,0.9980682549903412
0.13830641563308646,0.9980682549903412
0.13831875780831698,0.9980682549903412
0.13833110218652386,0.9980682549903412
0.13834344876829704,0.9980682549903412
0.13835579755422656,0.9980682549903412
0.1383681485449027,0.9980682549903412
0.13839285714285715,0.9980682549903412
0.1384052147513171,0.9980682549903412
0.13841757456688694,0.9980682549903412
0.13842993659015806,0.9980682549903412
0.13844230082172204,0.9980682549903412
0.13846703591209578,0.9980682549903412
0.1385165326184093,0.9980682549903412
0.13852891232460451,0.9980682549903412
0.13854129424383269,0.9980682549903412
0.13855367837668722,0.9980682549903412
0.13856606472376184,0.9980682549903412
0.13857845328565044,0.9980682549903412
0.13859084406294706,0.9980682549903412
0.13860323705624608,0.9980682549903412
0.138615632266142,0.9980682549903412
0.1386280296932296,0.9980682549903412
0.13864042933810375,0.9980682549903412
0.13866523528359276,0.9980682549903412
0.13871487381421158,0.9980682549903412
0.13873970640887934,0.9980682549903412
0.13875212604064094,0.9980682549903412
0.1387645478961504,0.9980682549903412
0.13877697197600503,0.9980682549903412
0.13878939828080228,0.9980682549903412
0.13880182681113998,0.9980682549903412
0.13881425756761598,0.9980682549903412
0.13882669055082847,0.9980682549903412
0.13883912576137586,0.9980682549903412
0.13885156319985667,0.9980682549903412
0.13887644476301406,0.9980682549903412
0.1388888888888889,0.9980682549903412
0.13890133524509365,0.9980682549903412
0.138913783832228,0.9980682549903412
0.13892623465089182,0.9980682549903412
0.1389386877016852,0.9980682549903412
0.13895114298520841,0.9980682549903412
0.13896360050206205,0.9980682549903412
0.13897606025284676,0.9980682549903412
0.13898852223816355,0.9980682549903412
0.13900098645861358,0.9980682549903412
0.13901345291479822,0.9980682549903412
0.1390383925367779,0.9980682549903412
0.139063341108918,0.9980682549903412
0.13907581875280395,0.9980682549903412
0.13908829863603733,0.9980682549903412
0.13910078075922103,0.9980682549903412
0.13911326512295819,0.9980682549903412
0.13912575172785208,0.9980682549903412
0.13913824057450627,0.9980682549903412
0.13915073166352454,0.9980682549903412
0.13916322499551087,0.9980682549903412
0.13917572057106942,0.9980682549903412
0.13918821839080459,0.9980682549903412
0.13921322076522363,0.9980682549903412
0.1392257253211174,0.9980682549903412
0.1392382321236076,0.9980682549903412
0.1392507411732998,0.9980682549903412
0.1392882818116463,0.9980682549903412
0.13930079985620564,0.9980682549903412
0.13931332015099765,0.9980682549903412
0.1393258426966292,0.9980682549903412
0.1393383674937073,0.9980682549903412
0.13936342384463227,0.9980682549903412
0.13937595539969427,0.9980682549903412
0.1393884892086331,0.9980682549903412
0.13940102527205683,0.9980682549903412
0.13941356359057386,0.9980682549903412
0.13942610416479265,0.9980682549903412
0.13943864699532205,0.9980682549903412
0.13945119208277104,0.9980682549903412
0.13947628903086476,0.9980682549903412
0.1394888408927286,0.9980682549903412
0.13950139501395015,0.9980682549903412
0.1395139513951395,0.9980682549903412
0.13952651003690703,0.9980682549903412
0.13953907093986317,0.9980682549903412
0.1395516341046187,0.9980682549903412
0.13956419953178462,0.9980682549903412
0.1395893371757925,0.9980682549903412
0.13960190939385753,0.9980682549903412
0.13961448387677897,0.9980682549903412
0.13962706062516891,0.9980682549903412
0.13963963963963963,0.9980682549903412
0.13965222092080368,0.9980682549903412
0.13966480446927373,0.9980682549903412
0.13967739028566278,0.9980682549903412
0.139689978370584,0.9980682549903412
0.13970256872465076,0.9980682549903412
0.13971516134847664,0.9980682549903412
0.13972775624267555,0.9980682549903412
0.13974035340786153,0.9980682549903412
0.1397529528446488,0.9980682549903412
0.13976555455365194,0.9980682549903412
0.1397781585354856,0.9980682549903412
0.1397907647907648,0.9980682549903412
0.13980337332010462,0.9980682549903412
0.13981598412412052,0.9980682549903412
0.13982859720342805,0.9980682549903412
0.1398412125586431,0.9980682549903412
0.13985383019038167,0.9980682549903412
0.13986645009926005,0.9980682549903412
0.13987907228589477,0.9980682549903412
0.13989169675090252,0.9980682549903412
0.13990432349490026,0.9980682549903412
0.13991695251850514,0.9980682549903412
0.13992958382233456,0.9980682549903412
0.13994221740700613,0.9980682549903412
0.1399548532731377,0.9980682549903412
0.1399674914213473,0.9980682549903412
0.13998013185225322,0.9980682549903412
0.139992774566474,0.9980682549903412
0.14001806684733514,0.9980682549903412
0.14004336826888328,0.9980682549903412
0.1400560224089636,0.9980682549903412
0.14006867883607446,0.9980682549903412
0.14008133755083596,0.9980682549903412
0.1400939985538684,0.9980682549903412
0.1401066618457923,0.9980682549903412
0.14011932742722835,0.9980682549903412
0.14013199529879758,0.9980682549903412
0.14014466546112117,0.9980682549903412
0.14015733791482052,0.9980682549903412
0.14017001266051726,0.9980682549903412
0.14018268969883332,0.9980682549903412
0.14019536903039073,0.9980682549903412
0.14020805065581185,0.9980682549903412
0.1402207345757192,0.9980682549903412
0.14023342079073556,0.9980682549903412
0.1402461093014839,0.9980682549903412
0.14025880010858746,0.9980682549903412
0.14027149321266968,0.9980682549903412
0.14028418861435424,0.9980682549903412
0.140296886314265,0.9980682549903412
0.14030958631302617,0.9980682549903412
0.140322288611262,0.9980682549903412
0.1403349932095971,0.9980682549903412
0.14034770010865627,0.9980682549903412
0.14036040930906457,0.9980682549903412
0.1403731208114472,0.9980682549903412
0.14038583461642967,0.9980682549903412
0.1403985507246377,0.9980682549903412
0.14041126913669716,0.9980682549903412
0.1404239898532343,0.9980682549903412
0.1404367128748754,0.9980682549903412
0.1404494382022472,0.9980682549903412
0.14046216583597643,0.9980682549903412
0.14047489577669023,0.9980682549903412
0.14048762802501585,0.9980682549903412
0.14050036258158086,0.9980682549903412
0.14051309944701296,0.9980682549903412
0.14052583862194015,0.9980682549903412
0.14053858010699066,0.9980682549903412
0.1405513239027929,0.9980682549903412
0.1405640700099755,0.9980682549903412
0.14057681842916742,0.9980682549903412
0.14058956916099774,0.9980682549903412
0.14060232220609578,0.9980682549903412
0.14061507756509117,0.9980682549903412
0.1406278352386137,0.9980682549903412
0.14064059522729336,0.9980682549903412
0.14065335753176045,0.9980682549903412
0.14066612215264543,0.9980682549903412
0.14069165834619224,0.9980682549903412
0.1407044299201162,0.9980682549903412
0.1407172038129823,0.9980682549903412
0.1407299800254222,0.9980682549903412
0.14074275855806773,0.9980682549903412
0.1407683225865044,0.9980682549903412
0.1407811080835604,0.9980682549903412
0.1407938959033518,0.9980682549903412
0.14081947851367313,0.9980682549903412
0.14083227330546974,0.9980682549903412
0.14084507042253522,0.9980682549903412
0.14085786986550344,0.9980682549903412
0.14087067163500863,0.9980682549903412
0.14088347573168514,0.9980682549903412
0.14089628215616762,0.9980682549903412
0.14081818181818181,0.9974243399871217
0.14083098463496682,0.9974243399871217
0.14084378977995998,0.9974243399871217
0.14085659725379648,0.9974243399871217
0.14086940705711168,0.9974243399871217
0.14088221919054114,0.9974243399871217
0.14089503365472075,0.9974243399871217
0.14097196942118675,0.9974243399871217
0.14098480021843998,0.9974243399871217
0.1409976333515383,0.9974243399871217
0.1410104688211197,0.9974243399871217
0.14102330662782228,0.9974243399871217
0.14103614677228443,0.9974243399871217
0.14104898925514478,0.9974243399871217
0.14106183407704218,0.9974243399871217
0.14107468123861566,0.9974243399871217
0.1410875307405046,0.9974243399871217
0.1411003825833485,0.9974243399871217
0.1411132367677872,0.9974243399871217
0.14112609329446063,0.9974243399871217
0.14113895216400912,0.9974243399871217
0.14115181337707308,0.9974243399871217
0.14116467693429327,0.9974243399871217
0.14117754283631062,0.9974243399871217
0.1411904110837663,0.9974243399871217
0.14120328167730173,0.9974243399871217
0.14121615461755857,0.9974243399871217
0.1412290299051787,0.9974243399871217
0.14124190754080423,0.9974243399871217
0.1412547875250775,0.9974243399871217
0.14126766985864114,0.9974243399871217
0.1412805545421379,0.9974243399871217
0.1412934415762109,0.9974243399871217
0.14130633096150338,0.9974243399871217
0.14131922269865888,0.9974243399871217
0.14133211678832117,0.9974243399871217
0.14134501323113421,0.9974243399871217
0.14135791202774228,0.9974243399871217
0.14137081317878983,0.9974243399871217
0.1413837166849215,0.9974243399871217
0.14139662254678229,0.9974243399871217
0.14140953076501733,0.9974243399871217
0.14142244134027207,0.9974243399871217
0.14143535427319212,0.9974243399871217
0.14144826956442333,0.9974243399871217
0.14146118721461187,0.9974243399871217
0.14151288141786955,0.9974243399871217
0.14152581087254454,0.9974243399871217
0.14153874269005848,0.9974243399871217
0.14155167687105913,0.9974243399871217
0.14156461341619447,0.9974243399871217
0.1415775523261128,0.9974243399871217
0.14159049360146253,0.9974243399871217
0.1416034372428924,0.9974243399871217
0.1416163832510514,0.9974243399871217
0.14162933162658864,0.9974243399871217
0.1416422823701536,0.9974243399871217
0.14165523548239597,0.9974243399871217
0.1416681909639656,0.9974243399871217
0.14168114881551266,0.9974243399871217
0.14169410903768753,0.9974243399871217
0.1417070716311408,0.9974243399871217
0.14172003659652332,0.9974243399871217
0.14173300393448623,0.9974243399871217
0.1417459736456808,0.9974243399871217
0.14178489702517164,0.9974243399871217
0.14179787623581105,0.9974243399871217
0.14181085782294242,0.9974243399871217
0.14182384178721846,0.9974243399871217
0.1418368281292922,0.9974243399871217
0.14186280794944592,0.9974243399871217
0.14187580142883313,0.9974243399871217
0.1418887972886324,0.9974243399871217
0.141901795529498,0.9974243399871217
0.1419147961520843,0.9974243399871217
0.141927799157046,0.9974243399871217
0.14194080454503802,0.9974243399871217
0.14195381231671556,0.9974243399871217
0.14196682247273393,0.9974243399871217
0.142005867253392,0.9974243399871217
0.14201888695333273,0.9974243399871217
0.1420319090408949,0.9974243399871217
0.14204493351673544,0.9974243399871217
0.14205796038151136,0.9974243399871217
0.14207098963588002,0.9974243399871217
0.142084021280499,0.9974243399871217
0.14211009174311925,0.9974243399871217
0.14212313056243692,0.9974243399871217
0.14213617177463755,0.9974243399871217
0.14214921538037992,0.9974243399871217
0.14216226138032306,0.9974243399871217
0.1421753097751262,0.9974243399871217
0.14218836056544887,0.9974243399871217
0.1422014137519508,0.9974243399871217
0.14221446933529197,0.9974243399871217
0.14222752731613258,0.9974243399871217
0.14224058769513315,0.9974243399871217
0.14225365047295435,0.9974243399871217
0.14226671565025717,0.9974243399871217
0.14227978322770277,0.9974243399871217
0.1422928532059526,0.9974243399871217
0.14230592558566835,0.9974243399871217
0.14231900036751194,0.9974243399871217
0.14233207755214555,0.9974243399871217
0.14234515714023158,0.9974243399871217
0.14235823913243267,0.9974243399871217
0.14237132352941176,0.9974243399871217
0.14238441033183197,0.9974243399871217
0.14241059115564952,0.9974243399871217
0.1424236851783744,0.9974243399871217
0.1424367816091954,0.9974243399871217
0.1424498804487769,0.9974243399871217
0.14246298169778351,0.9974243399871217
0.14247608535688006,0.9974243399871217
0.14248919142673167,0.9974243399871217
0.14250229990800367,0.9974243399871217
0.14251541080136168,0.9974243399871217
0.14252852410747147,0.9974243399871217
0.14254163982699916,0.9974243399871217
0.14255475796061107,0.9974243399871217
0.14256787850897376,0.9974243399871217
0.14258100147275404,0.9974243399871217
0.142594126852619,0.9974243399871217
0.14260725464923588,0.9974243399871217
0.14267292990697247,0.9974243399871217
0.14269921695071397,0.9974243399871217
0.14271236410539892,0.9974243399871217
0.14272551368285266,0.9974243399871217
0.14273866568374494,0.9974243399871217
0.14275182010874574,0.9974243399871217
0.14276497695852536,0.9974243399871217
0.14277813623375427,0.9974243399871217
0.14279129793510326,0.9974243399871217
0.1428044620632433,0.9974243399871217
0.14281762861884567,0.9974243399871217
0.14283079760258183,0.9974243399871217
0.14285714285714285,0.9974243399871217
0.14287031912931195,0.9974243399871217
0.14288349783230328,0.9974243399871217
0.14289667896678968,0.9974243399871217
0.14292304853293966,0.9974243399871217
0.14293623696594998,0.9974243399871217
0.14294942783314876,0.9974243399871217
0.14296262113520997,0.9974243399871217
0.14297581687280783,0.9974243399871217
0.14298901504661682,0.9974243399871217
0.14300221565731167,0.9974243399871217
0.14301541870556736,0.9974243399871217
0.14302862419205908,0.9974243399871217
0.14304183211746238,0.9974243399871217
0.1430550424824529,0.9974243399871217
0.14306825528770667,0.9974243399871217
0.14308147053389986,0.9974243399871217
0.143094688221709,0.9974243399871217
0.14310790835181078,0.9974243399871217
0.14312113092488218,0.9974243399871217
0.143147583402643,0.9974243399871217
0.14316081330868763,0.9974243399871217
0.14317404566041222,0.9974243399871217
0.1431872804584951,0.9974243399871217
0.1432005177036147,0.9974243399871217
0.1432137573964497,0.9974243399871217
0.14322699953767914,0.9974243399871217
0.14324024412798225,0.9974243399871217
0.14325349116803848,0.9974243399871217
0.14326674065852757,0.9974243399871217
0.1432799926001295,0.9974243399871217
0.14329324699352453,0.9974243399871217
0.1433728248796742,0.9974243399871217
0.1433860964546885,0.9974243399871217
0.14330679503795593,0.9967804249839022
0.1433200629571336,0.9967804249839022
0.14333333333333334,0.9967804249839022
0.1433466061672377,0.9967804249839022
0.14335988145952955,0.9967804249839022
0.14337315921089192,0.9967804249839022
0.14338643942200816,0.9967804249839022
0.14339972209356183,0.9967804249839022
0.1434130072262368,0.9967804249839022
0.14342629482071714,0.9967804249839022
0.14343958487768718,0.9967804249839022
0.14345287739783152,0.9967804249839022
0.14346617238183504,0.9967804249839022
0.1434794698303828,0.9967804249839022
0.14349276974416017,0.9967804249839022
0.14350607212385277,0.9967804249839022
0.1435193769701465,0.9967804249839022
0.1435326842837274,0.9967804249839022
0.1435459940652819,0.9967804249839022
0.14355930631549663,0.9967804249839022
0.14357262103505844,0.9967804249839022
0.14358593822465449,0.9967804249839022
0.14359925788497216,0.9967804249839022
0.14361258001669913,0.9967804249839022
0.1436259046205233,0.9967804249839022
0.14363923169713277,0.9967804249839022
0.14365256124721604,0.9967804249839022
0.1436658932714617,0.9967804249839022
0.14367922777055875,0.9967804249839022
0.14369256474519632,0.9967804249839022
0.14370590419606388,0.9967804249839022
0.1437192461238511,0.9967804249839022
0.14373259052924792,0.9967804249839022
0.14374593741294456,0.9967804249839022
0.1437592867756315,0.9967804249839022
0.14377263861799944,0.9967804249839022
0.14378599294073938,0.9967804249839022
0.1437993497445425,0.9967804249839022
0.14381270903010032,0.9967804249839022
0.1438260707981046,0.9967804249839022
0.14383943504924734,0.9967804249839022
0.1438528017842208,0.9967804249839022
0.14386617100371749,0.9967804249839022
0.14387954270843015,0.9967804249839022
0.14389291689905187,0.9967804249839022
0.1439062935762759,0.9967804249839022
0.14391967274079584,0.9967804249839022
0.14393305439330545,0.9967804249839022
0.1439464385344988,0.9967804249839022
0.14395982516507022,0.9967804249839022
0.14397321428571427,0.9967804249839022
0.14398660589712584,0.9967804249839022
0.144,0.9967804249839022
0.1440133965950321,0.9967804249839022
0.14404019726435285,0.9967804249839022
0.1440536013400335,0.9967804249839022
0.14406700791065613,0.9967804249839022
0.14408041697691734,0.9967804249839022
0.1440938285395141,0.9967804249839022
0.14410724259914354,0.9967804249839022
0.14412065915650313,0.9967804249839022
0.1441340782122905,0.9967804249839022
0.14414749976720365,0.9967804249839022
0.14416092382194076,0.9967804249839022
0.14417435037720033,0.9967804249839022
0.14418777943368108,0.9967804249839022
0.14420121099208197,0.9967804249839022
0.1442146450531023,0.9967804249839022
0.14422808161744152,0.9967804249839022
0.14424152068579948,0.9967804249839022
0.14425496225887616,0.9967804249839022
0.14426840633737187,0.9967804249839022
0.14428185292198714,0.9967804249839022
0.14429530201342283,0.9967804249839022
0.14430875361237996,0.9967804249839022
0.14432220771955995,0.9967804249839022
0.14433566433566433,0.9967804249839022
0.144349123461395,0.9967804249839022
0.14436258509745406,0.9967804249839022
0.14437604924454392,0.9967804249839022
0.1443895159033672,0.9967804249839022
0.14440298507462687,0.9967804249839022
0.14441645675902604,0.9967804249839022
0.14442993095726814,0.9967804249839022
0.14444340767005692,0.9967804249839022
0.1444568868980963,0.9967804249839022
0.14448385290274407,0.9967804249839022
0.1444973396807617,0.9967804249839022
0.1445108289768484,0.9967804249839022
0.14452432079170946,0.9967804249839022
0.14453781512605043,0.9967804249839022
0.14455131198057708,0.9967804249839022
0.14456481135599553,0.9967804249839022
0.14457831325301204,0.9967804249839022
0.14459181767233328,0.9967804249839022
0.14460532461466605,0.9967804249839022
0.1446188340807175,0.9967804249839022
0.144632346071195,0.9967804249839022
0.1446458605868062,0.9967804249839022
0.14465937762825903,0.9967804249839022
0.1446728971962617,0.9967804249839022
0.14468641929152257,0.9967804249839022
0.1446999439147504,0.9967804249839022
0.1447134710666542,0.9967804249839022
0.14472700074794315,0.9967804249839022
0.1447405329593268,0.9967804249839022
0.14475406770151486,0.9967804249839022
0.14476760497521743,0.9967804249839022
0.1447811447811448,0.9967804249839022
0.14479468712000748,0.9967804249839022
0.14480823199251638,0.9967804249839022
0.14482177939938254,0.9967804249839022
0.14483532934131738,0.9967804249839022
0.14484888181903247,0.9967804249839022
0.14487599438465137,0.9967804249839022
0.14488955447397978,0.9967804249839022
0.14490311710193765,0.9967804249839022
0.14491668226923798,0.9967804249839022
0.14493024997659396,0.9967804249839022
0.1449438202247191,0.9967804249839022
0.1449573930143272,0.9967804249839022
0.14497096834613224,0.9967804249839022
0.14498454622084855,0.9967804249839022
0.1449981266391907,0.9967804249839022
0.14501170960187354,0.9967804249839022
0.14502529510961215,0.9967804249839022
0.14503888316312188,0.9967804249839022
0.14505247376311844,0.9967804249839022
0.14506606691031768,0.9967804249839022
0.1450796626054358,0.9967804249839022
0.14509326084918925,0.9967804249839022
0.14510686164229472,0.9967804249839022
0.1451204649854692,0.9967804249839022
0.14513407087942998,0.9967804249839022
0.14516129032258066,0.9967804249839022
0.14517490387320642,0.9967804249839022
0.14518851997749016,0.9967804249839022
0.14520213863615045,0.9967804249839022
0.1452157598499062,0.9967804249839022
0.1452293836194765,0.9967804249839022
0.1452430099455808,0.9967804249839022
0.14525663882893872,0.9967804249839022
0.14527027027027026,0.9967804249839022
0.14528390427029564,0.9967804249839022
0.1452975408297353,0.9967804249839022
0.14531117994931006,0.9967804249839022
0.1453248216297409,0.9967804249839022
0.14533846587174915,0.9967804249839022
0.14535211267605633,0.9967804249839022
0.14536576204338436,0.9967804249839022
0.1453794139744553,0.9967804249839022
0.14539306846999156,0.9967804249839022
0.14540672553071576,0.9967804249839022
0.14542038515735087,0.9967804249839022
0.14543404735062007,0.9967804249839022
0.14544771211124682,0.9967804249839022
0.1454613794399549,0.9967804249839022
0.14548872180451128,0.9967804249839022
0.14550239684180843,0.9967804249839022
0.1455160744500846,0.9967804249839022
0.14552975463006487,0.9967804249839022
0.1455434373824746,0.9967804249839022
0.1455571227080395,0.9967804249839022
0.14557081060748542,0.9967804249839022
0.14558450108153861,0.9967804249839022
0.1455981941309255,0.9967804249839022
0.14561188975637288,0.9967804249839022
0.14562558795860772,0.9967804249839022
0.14563928873835733,0.9967804249839022
0.14576271186440679,0.9967804249839022
0.14577643845936528,0.9967804249839022
0.14579016763985686,0.9967804249839022
0.14580389940661204,0.9967804249839022
0.14581763376036172,0.9967804249839022
0.14583137070183702,0.9967804249839022
0.14584511023176935,0.9967804249839022
0.1458588523508904,0.9967804249839022
0.14587259705993216,0.9967804249839022
0.1458863443596268,0.9967804249839022
0.14590009425070688,0.9967804249839022
0.14591384673390517,0.9967804249839022
0.14592760180995476,0.9967804249839022
0.14594135947958894,0.9967804249839022
0.14596888260254598,0.9967804249839022
0.14598264805733685,0.9967804249839022
0.1459964161086485,0.9967804249839022
0.1460101867572156,0.9967804249839022
0.14602396000377324,0.9967804249839022
0.1460377358490566,0.9967804249839022
0.1460515142938013,0.9967804249839022
0.14606529533874316,0.9967804249839022
0.14607907898461828,0.9967804249839022
0.14609286523216308,0.9967804249839022
0.1461066540821142,0.9967804249839022
0.14612044553520862,0.9967804249839022
0.14620324896108802,0.9967804249839022
0.14621705865684329,0.9967804249839022
0.14623087096164747,0.9967804249839022
0.14624468587623995,0.9967804249839022
0.14627232353774922,0.9967804249839022
0.14628614628614628,0.9967804249839022
0.1462999716472923,0.9967804249839022
0.14631379962192817,0.9967804249839022
0.14632763021079498,0.9967804249839022
0.14634146341463414,0.9967804249839022
0.14636913767019666,0.9967804249839022
0.14638297872340425,0.9967804249839022
0.14639682239455268,0.9967804249839022
0.14641066868438476,0.9967804249839022
0.14642451759364358,0.9967804249839022
0.14645222327341534,0.9967804249839022
0.14646608004541584,0.9967804249839022
0.14647993943981832,0.9967804249839022
0.14649380145736726,0.9967804249839022
0.1465076660988075,0.9967804249839022
0.14652153336488405,0.9967804249839022
0.1465354032563423,0.9967804249839022
0.14654927577392787,0.9967804249839022
0.14656315091838668,0.9967804249839022
0.1465770286904649,0.9967804249839022
0.14659090909090908,0.9967804249839022
0.14660479212046595,0.9967804249839022
0.14661867777988255,0.9967804249839022
0.1466464569912846,0.9967804249839022
0.1466603505447655,0.9967804249839022
0.14667424673109722,0.9967804249839022
0.14668814555102813,0.9967804249839022
0.14670204700530706,0.9967804249839022
0.14671595109468297,0.9967804249839022
0.14672985781990522,0.9967804249839022
0.14674376718172338,0.9967804249839022
0.14675767918088736,0.9967804249839022
0.14677159381814733,0.9967804249839022
0.14678551109425375,0.9967804249839022
0.14679943100995732,0.9967804249839022
0.1468133535660091,0.9967804249839022
0.1468272787631604,0.9967804249839022
0.14684120660216277,0.9967804249839022
0.14685513708376816,0.9967804249839022
0.14686907020872866,0.9967804249839022
0.14688300597779674,0.9967804249839022
0.14689694439172518,0.9967804249839022
0.14691088545126696,0.9967804249839022
0.1469248291571754,0.9967804249839022
0.14695272451110689,0.9967804249839022
0.146966676160638,0.9967804249839022
0.14698063045955184,0.9967804249839022
0.14699458740860316,0.9967804249839022
0.147008547008547,0.9967804249839022
0.14702250926013866,0.9967804249839022
0.14703647416413373,0.9967804249839022
0.14705044172128812,0.9967804249839022
0.14706441193235797,0.9967804249839022
0.14707838479809976,0.9967804249839022
0.14709236031927023,0.9967804249839022
0.14710633849662644,0.9967804249839022
0.14712031933092568,0.9967804249839022
0.14713430282292558,0.9967804249839022
0.14714828897338403,0.9967804249839022
0.14716227778305924,0.9967804249839022
0.14717626925270963,0.9967804249839022
0.14719026338309404,0.9967804249839022
0.14720426017497149,0.9967804249839022
0.1472182596291013,0.9967804249839022
0.14727428408334126,0.9967804249839022
0.1472882968601332,0.9967804249839022
0.14730231230373966,0.9967804249839022
0.14731633041492195,0.9967804249839022
0.1473303511944418,0.9967804249839022
0.1473443746430611,0.9967804249839022
0.14735840076154214,0.9967804249839022
0.14737242955064736,0.9967804249839022
0.14738646101113967,0.9967804249839022
0.14740049514378215,0.9967804249839022
0.14741453194933815,0.9967804249839022
0.14742857142857144,0.9967804249839022
0.14744261358224592,0.9967804249839022
0.14745665841112593,0.9967804249839022
0.147470705915976,0.9967804249839022
0.14748475609756098,0.9967804249839022
0.14749880895664602,0.9967804249839022
0.14751286449399656,0.9967804249839022
0.14752692271037834,0.9967804249839022
0.14754098360655737,0.9967804249839022
0.14756911344137275,0.9967804249839022
0.14758318238154255,0.9967804249839022
0.14759725400457666,0.9967804249839022
0.1476113283112425,0.9967804249839022
0.14762540530230783,0.9967804249839022
0.14763948497854076,0.9967804249839022
0.14765356734070964,0.9967804249839022
0.14766765238958313,0.9967804249839022
0.14768174012593016,0.9967804249839022
0.14769583055052,0.9967804249839022
0.14770992366412214,0.9967804249839022
0.14772401946750643,0.9967804249839022
0.147738117961443,0.9967804249839022
0.1477522191467023,0.9967804249839022
0.14776632302405499,0.9967804249839022
0.14778042959427207,0.9967804249839022
0.14779453885812488,0.9967804249839022
0.147808650816385,0.9967804249839022
0.14782276546982429,0.9967804249839022
0.14783688281921498,0.9967804249839022
0.1478510028653295,0.9967804249839022
0.1478651256089407,0.9967804249839022
0.14787925105082156,0.9967804249839022
0.14790751003248614,0.9967804249839022
0.14792164357381749,0.9967804249839022
0.14793577981651376,0.9967804249839022
0.14794991876134952,0.9967804249839022
0.1479640604090996,0.9967804249839022
0.14797820476053913,0.9967804249839022
0.1479923518164436,0.9967804249839022
0.14800650157758868,0.9967804249839022
0.14802065404475043,0.9967804249839022
0.14803480921870518,0.9967804249839022
0.14804896710022952,0.9967804249839022
0.14806312769010044,0.9967804249839022
0.14807729098909508,0.9967804249839022
0.148091456997991,0.9967804249839022
0.14810562571756603,0.9967804249839022
0.14811979714859821,0.9967804249839022
0.14813397129186603,0.9967804249839022
0.14814814814814814,0.9967804249839022
0.14816232771822357,0.9967804249839022
0.14817651000287163,0.9967804249839022
0.1481906950028719,0.9967804249839022
0.1482048827190043,0.9967804249839022
0.14821907315204902,0.9967804249839022
0.14823326630278655,0.9967804249839022
0.1482474621719977,0.9967804249839022
0.14826166076046357,0.9967804249839022
0.1482758620689655,0.9967804249839022
0.14829006609828527,0.9967804249839022
0.14830427284920483,0.9967804249839022
0.14831848232250647,0.9967804249839022
0.1483326945189728,0.9967804249839022
0.14836112708453134,0.9967804249839022
0.14837534745519027,0.9967804249839022
0.14838957055214724,0.9967804249839022
0.14840379637618636,0.9967804249839022
0.14841802492809203,0.9967804249839022
0.14843225620864897,0.9967804249839022
0.14844649021864212,0.9967804249839022
0.14846072695885681,0.9967804249839022
0.14847496643007865,0.9967804249839022
0.14848920863309353,0.9967804249839022
0.14850345356868763,0.9967804249839022
0.14851770123764751,0.9967804249839022
0.14853195164075994,0.9967804249839022
0.148546204778812,0.9967804249839022
0.14856046065259118,0.9967804249839022
0.14857471926288512,0.9967804249839022
0.14858898061048187,0.9967804249839022
0.14860324469616973,0.9967804249839022
0.14861751152073732,0.9967804249839022
0.1486317810849736,0.9967804249839022
0.14864605338966774,0.9967804249839022
0.14866032843560933,0.9967804249839022
0.14867460622358816,0.9967804249839022
0.1486888867543944,0.9967804249839022
0.14870317002881844,0.9967804249839022
0.14871745604765108,0.9967804249839022
0.14873174481168333,0.9967804249839022
0.14874603632170655,0.9967804249839022
0.1487603305785124,0.9967804249839022
0.14877462758289284,0.9967804249839022
0.14878892733564014,0.9967804249839022
0.14880322983754687,0.9967804249839022
0.14881753508940587,0.9967804249839022
0.1488318430920104,0.9967804249839022
0.14884615384615385,0.9967804249839022
0.14886046735263006,0.9967804249839022
0.1488747836122331,0.9967804249839022
0.14888910262575744,0.9967804249839022
0.1489034243939977,0.9967804249839022
0.14891774891774892,0.9967804249839022
0.14893207619780643,0.9967804249839022
0.14894640623496586,0.9967804249839022
0.1489607390300231,0.9967804249839022
0.14897507458377443,0.9967804249839022
0.14898941289701637,0.9967804249839022
0.14900375397054577,0.9967804249839022
0.1490180978051598,0.9967804249839022
0.14903244440165592,0.9967804249839022
0.14904679376083188,0.9967804249839022
0.1490611458834858,0.9967804249839022
0.14907550077041604,0.9967804249839022
0.14908985842242126,0.9967804249839022
0.1491185820248531,0.9967804249839022
0.14913294797687862,0.9967804249839022
0.14914731669717698,0.9967804249839022
0.14916168818654846,0.9967804249839022
0.1491760624457936,0.9967804249839022
0.14919043947571317,0.9967804249839022
0.14920481927710844,0.9967804249839022
0.1492192018507808,0.9967804249839022
0.14923358719753205,0.9967804249839022
0.14924797531816428,0.9967804249839022
0.1492623662134799,0.9967804249839022
0.14927675988428157,0.9967804249839022
0.14929115633137235,0.9967804249839022
0.14930555555555555,0.9967804249839022
0.1493199575576348,0.9967804249839022
0.14933436233841405,0.9967804249839022
0.14934876989869755,0.9967804249839022
0.14936318023928985,0.9967804249839022
0.14937759336099585,0.9967804249839022
0.14939200926462073,0.9967804249839022
0.14940642795096998,0.9967804249839022
0.14942084942084943,0.9967804249839022
0.14943527367506515,0.9967804249839022
0.14944970071442362,0.9967804249839022
0.1494641305397316,0.9967804249839022
0.14947856315179606,0.9967804249839022
0.14949299855142442,0.9967804249839022
0.14950743673942438,0.9967804249839022
0.14952187771660388,0.9967804249839022
0.14953632148377125,0.9967804249839022
0.1495507680417351,0.9967804249839022
0.14959412446849632,0.9967804249839022
0.14960858219773848,0.9967804249839022
0.14962304272182486,0.9967804249839022
0.14963750604156598,0.9967804249839022
0.14965197215777262,0.9967804249839022
0.14966644107125593,0.9967804249839022
0.1496809127828273,0.9967804249839022
0.1496953872932985,0.9967804249839022
0.14970986460348162,0.9967804249839022
0.149724344714189,0.9967804249839022
0.1497388276262333,0.9967804249839022
0.1497533133404276,0.9967804249839022
0.14976780185758515,0.9967804249839022
0.1497822931785196,0.9967804249839022
0.14982578397212543,0.9967804249839022
0.14984028651631012,0.9967804249839022
0.14985479186834463,0.9967804249839022
0.14986930002904444,0.9967804249839022
0.1498838109992254,0.9967804249839022
0.1498983247797037,0.9967804249839022
0.14991284137129576,0.9967804249839022
0.1499273607748184,0.9967804249839022
0.14994188299108874,0.9967804249839022
0.14995640802092414,0.9967804249839022
0.1499709358651424,0.9967804249839022
0.14998546652456157,0.9967804249839022
0.15,0.9967804249839022
0.15001453629227637,0.9967804249839022
0.15002907540220972,0.9967804249839022
0.15004361733061936,0.9967804249839022
0.15005816207832492,0.9967804249839022
0.15007270964614638,0.9967804249839022
0.15008726003490402,0.9967804249839022
0.1501018132454184,0.9967804249839022
0.15011636927851046,0.9967804249839022
0.15013092813500145,0.9967804249839022
0.15032045057292678,0.9967804249839022
0.1503350490434107,0.9967804249839022
0.15034965034965034,0.9967804249839022
0.15036425449247207,0.9967804249839022
0.15037886147270255,0.9967804249839022
0.15039347129116876,0.9967804249839022
0.15045193896394207,0.9967804249839022
0.1504665629860031,0.9967804249839022
0.1504811898512686,0.9967804249839022
0.15049581956056776,0.9967804249839022
0.1505104521147302,0.9967804249839022
0.15052508751458576,0.9967804249839022
0.1505397257609647,0.9967804249839022
0.15055436685469753,0.9967804249839022
0.1505690107966151,0.9967804249839022
0.15058365758754863,0.9967804249839022
0.1505983072283296,0.9967804249839022
0.15061295971978983,0.9967804249839022
0.1506276150627615,0.9967804249839022
0.15064227325807708,0.9967804249839022
0.15065693430656935,0.9967804249839022
0.15067159820907144,0.9967804249839022
0.15068626496641682,0.9967804249839022
0.15070093457943926,0.9967804249839022
0.15071560704897283,0.9967804249839022
0.150730282375852,0.9967804249839022
0.15077432550891204,0.9967804249839022
0.15078901227352426,0.9967804249839022
0.15080370189965903,0.9967804249839022
0.15081839438815275,0.9967804249839022
0.15083308973984216,0.9967804249839022
0.15084778795556422,0.9967804249839022
0.15086248903615632,0.9967804249839022
0.15087719298245614,0.9967804249839022
0.15089189979530168,0.9967804249839022
0.1509066094755313,0.9967804249839022
0.15092132202398362,0.9967804249839022
0.15093603744149767,0.9967804249839022
0.15095075572891273,0.9967804249839022
0.15096547688706846,0.9967804249839022
0.15098020091680484,0.9967804249839022
0.15099492781896215,0.9967804249839022
0.15100965759438104,0.9967804249839022
0.15102439024390243,0.9967804249839022
0.15103912576836764,0.9967804249839022
0.15105386416861827,0.9967804249839022
0.15106860544549625,0.9967804249839022
0.15108334959984385,0.9967804249839022
0.15109809663250365,0.9967804249839022
0.1511128465443186,0.9967804249839022
0.15112759933613198,0.9967804249839022
0.15114235500878734,0.9967804249839022
0.1511571135631286,0.9967804249839022
0.15120140652471187,0.9967804249839022
0.15121617661424244,0.9967804249839022
0.15123094958968347,0.9967804249839022
0.1512457254518808,0.9967804249839022
0.15126050420168066,0.9967804249839022
0.15127528583992964,0.9967804249839022
0.15129007036747458,0.9967804249839022
0.15130485778516273,0.9967804249839022
0.15131964809384163,0.9967804249839022
0.15133444129435916,0.9967804249839022
0.15134923738756356,0.9967804249839022
0.15136403637430332,0.9967804249839022
0.15139364303178485,0.9967804249839022
0.15140845070422534,0.9967804249839022
0.15142326127359876,0.9967804249839022
0.15143807474075524,0.9967804249839022
0.15145289110654533,0.9967804249839022
0.15146771037181997,0.9967804249839022
0.15148253253743027,0.9967804249839022
0.15149735760422783,0.9967804249839022
0.1515121855730645,0.9967804249839022
0.1515270164447925,0.9967804249839022
0.1515418502202643,0.9967804249839022
0.1515566869003329,0.9967804249839022
0.15157152648585137,0.9967804249839022
0.15158636897767333,0.9967804249839022
0.15160121437665264,0.9967804249839022
0.1516160626836435,0.9967804249839022
0.15164576802507837,0.9967804249839022
0.15166062506123248,0.9967804249839022
0.15167548500881833,0.9967804249839022
0.15169034786869182,0.9967804249839022
0.15170521364170914,0.9967804249839022
0.15172008232872686,0.9967804249839022
0.15173495393060185,0.9967804249839022
0.15174982844819135,0.9967804249839022
0.15176470588235294,0.9967804249839022
0.1517795862339445,0.9967804249839022
0.15179446950382428,0.9967804249839022
0.15180935569285084,0.9967804249839022
0.15182424480188308,0.9967804249839022
0.1518391368317803,0.9967804249839022
0.151854031783402,0.9967804249839022
0.15186892965760818,0.9967804249839022
0.1519136408243376,0.9967804249839022
0.15192855039748748,0.9967804249839022
0.1519434628975265,0.9967804249839022
0.15195837832531658,0.9967804249839022
0.15197329668172002,0.9967804249839022
0.15200314218381775,0.9967804249839022
0.15201806933123835,0.9967804249839022
0.15203299941072482,0.9967804249839022
0.15206286836935168,0.9967804249839022
0.15207780725022105,0.9967804249839022
0.15209274906661427,0.9967804249839022
0.15210769381939668,0.9967804249839022
0.15212264150943397,0.9967804249839022
0.15213759213759215,0.9967804249839022
0.15215254570473757,0.9967804249839022
0.15216750221173694,0.9967804249839022
0.15218246165945734,0.9967804249839022
0.1521974240487661,0.9967804249839022
0.15221238938053097,0.9967804249839022
0.15222735765562,0.9967804249839022
0.15224232887490166,0.9967804249839022
0.15225730303924462,0.9967804249839022
0.152272280149518,0.9967804249839022
0.15228726020659125,0.9967804249839022
0.15230224321133412,0.9967804249839022
0.15231722916461674,0.9967804249839022
0.1523322180673096,0.9967804249839022
0.15234720992028344,0.9967804249839022
0.15236220472440945,0.9967804249839022
0.1523772024805591,0.9967804249839022
0.15239220318960425,0.9967804249839022
0.15240720685241704,0.9967804249839022
0.15242221346987003,0.9967804249839022
0.15243722304283605,0.9967804249839022
0.1524522355721883,0.9967804249839022
0.15246725105880035,0.9967804249839022
0.1524822695035461,0.9967804249839022
0.15249729090729977,0.9967804249839022
0.15251231527093595,0.9967804249839022
0.1525574061298906,0.9967804249839022
0.15257244234180958,0.9967804249839022
0.15258748151798915,0.9967804249839022
0.152602523659306,0.9967804249839022
0.1526175687666371,0.9967804249839022
0.1526326168408598,0.9967804249839022
0.15264766788285178,0.9967804249839022
0.15266272189349112,0.9967804249839022
0.1526777788736562,0.9967804249839022
0.15270790174607873,0.9967804249839022
0.15272296764009471,0.9967804249839022
0.15273803650715342,0.9967804249839022
0.152753108348135,0.9967804249839022
0.15276818316391988,0.9967804249839022
0.15278326095538886,0.9967804249839022
0.15279834172342316,0.9967804249839022
0.15281342546890425,0.9967804249839022
0.1528436018957346,0.9967804249839022
0.15285869457884863,0.9967804249839022
0.15287379024293896,0.9967804249839022
0.15288888888888888,0.9967804249839022
0.152903990517582,0.9967804249839022
0.1529190951299022,0.9967804249839022
0.15293420272673386,0.9967804249839022
0.15294931330896155,0.9967804249839022
0.15296442687747036,0.9967804249839022
0.1529946629768729,0.9967804249839022
0.1530097855095384,0.9967804249839022
0.15302491103202848,0.9967804249839022
0.15304003954522985,0.9967804249839022
0.15305517105002966,0.9967804249839022
0.15307030554731535,0.9967804249839022
0.1530854430379747,0.9967804249839022
0.15310058352289585,0.9967804249839022
0.15311572700296736,0.9967804249839022
0.15313087347907806,0.9967804249839022
0.15314602295211713,0.9967804249839022
0.15316117542297417,0.9967804249839022
0.1531763308925391,0.9967804249839022
0.15319148936170213,0.9967804249839022
0.15320665083135393,0.9967804249839022
0.15322181530238543,0.9967804249839022
0.15323698277568798,0.9967804249839022
0.15325215325215324,0.9967804249839022
0.15326732673267326,0.9967804249839022
0.1532825032181404,0.9967804249839022
0.1532976827094474,0.9967804249839022
0.15331286520748738,0.9967804249839022
0.15332805071315372,0.9967804249839022
0.15334323922734028,0.9967804249839022
0.15335843075094116,0.9967804249839022
0.15340402338717668,0.9967804249839022
0.15341922695738355,0.9967804249839022
0.1534344335414808,0.9967804249839022
0.1534496431403648,0.9967804249839022
0.1534648557549321,0.9967804249839022
0.15348007138607972,0.9967804249839022
0.153495290034705,0.9967804249839022
0.15351051170170568,0.9967804249839022
0.15352573638797976,0.9967804249839022
0.15354096409442572,0.9967804249839022
0.15355619482194227,0.9967804249839022
0.15357142857142858,0.9967804249839022
0.1535866653437841,0.9967804249839022
0.1536019051399087,0.9967804249839022
0.15361714796070258,0.9967804249839022
0.1536323938070663,0.9967804249839022
0.15364764267990075,0.9967804249839022
0.1536628945801072,0.9967804249839022
0.15367814950858733,0.9967804249839022
0.15369340746624305,0.9967804249839022
0.15370866845397677,0.9967804249839022
0.15372393247269117,0.9967804249839022
0.1537391995232893,0.9967804249839022
0.1537544696066746,0.9967804249839022
0.15376974272375088,0.9967804249839022
0.1537850188754222,0.9967804249839022
0.15384615384615385,0.9967804249839022
0.1538614451843753,0.9967804249839022
0.15387673956262427,0.9967804249839022
0.15389203698180734,0.9967804249839022
0.15390733744283158,0.9967804249839022
0.15392264094660435,0.9967804249839022
0.15393794749403342,0.9967804249839022
0.15395325708602686,0.9967804249839022
0.15396856972349313,0.9967804249839022
0.1539838854073411,0.9967804249839022
0.1539992041384799,0.9967804249839022
0.1540145259178191,0.9967804249839022
0.15402985074626865,0.9967804249839022
0.1540451786247388,0.9967804249839022
0.15406050955414013,0.9967804249839022
0.1540758435353837,0.9967804249839022
0.15409118056938084,0.9967804249839022
0.1541065206570433,0.9967804249839022
0.15412186379928317,0.9967804249839022
0.15413720999701286,0.9967804249839022
0.15415255925114518,0.9967804249839022
0.15416791156259338,0.9967804249839022
0.1541832669322709,0.9967804249839022
0.15419862536109175,0.9967804249839022
0.15421398684997012,0.9967804249839022
0.15422935139982066,0.9967804249839022
0.1542447190115584,0.9967804249839022
0.15426008968609867,0.9967804249839022
0.1542754634243572,0.9967804249839022
0.15429084022725006,0.9967804249839022
0.15430622009569378,0.9967804249839022
0.15432160303060513,0.9967804249839022
0.1543369890329013,0.9967804249839022
0.15435237810349986,0.9967804249839022
0.1543677702433187,0.9967804249839022
0.15438316545327616,0.9967804249839022
0.15439856373429084,0.9967804249839022
0.1544139650872818,0.9967804249839022
0.1544293695131684,0.9967804249839022
0.1544447770128704,0.9967804249839022
0.15446018758730792,0.9967804249839022
0.15447560123740145,0.9967804249839022
0.15449101796407186,0.9967804249839022
0.15450643776824036,0.9967804249839022
0.1545218606508285,0.9967804249839022
0.1545372866127583,0.9967804249839022
0.15455271565495207,0.9967804249839022
0.1545681477783325,0.9967804249839022
0.15458358298382266,0.9967804249839022
0.15459902127234595,0.9967804249839022
0.1545145825009988,0.9961365099806826
0.15453001698132054,0.9961365099806826
0.15454545454545454,0.9961365099806826
0.15456089519432512,0.9961365099806826
0.15457633892885692,0.9961365099806826
0.154591785749975,0.9961365099806826
0.15460723565860485,0.9961365099806826
0.15462268865567216,0.9961365099806826
0.15463814474210316,0.9961365099806826
0.15465360391882435,0.9961365099806826
0.15466906618676265,0.9961365099806826
0.1546845315468453,0.9961365099806826
0.1547,0.9961365099806826
0.1547154715471547,0.9961365099806826
0.15473094618923786,0.9961365099806826
0.15474642392717816,0.9961365099806826
0.15477738869434718,0.9961365099806826
0.15479287572543526,0.9961365099806826
0.15480836585609928,0.9961365099806826
0.1548238590872698,0.9961365099806826
0.1548393554198779,0.9961365099806826
0.15485485485485487,0.9961365099806826
0.15487035739313246,0.9961365099806826
0.15488586303564278,0.9961365099806826
0.1549013717833183,0.9961365099806826
0.15491688363709194,0.9961365099806826
0.15493239859789684,0.9961365099806826
0.15494791666666666,0.9961365099806826
0.15496343784433536,0.9961365099806826
0.15497896213183732,0.9961365099806826
0.1549944895301072,0.9961365099806826
0.15501002004008016,0.9961365099806826
0.15502555366269166,0.9961365099806826
0.15504109039887753,0.9961365099806826
0.15505663024957403,0.9961365099806826
0.15507217321571773,0.9961365099806826
0.15514993481095177,0.9961365099806826
0.1551654964894684,0.9961365099806826
0.155181061289999,0.9961365099806826
0.15519662921348315,0.9961365099806826
0.15521220026086083,0.9961365099806826
0.15522777443307245,0.9961365099806826
0.15524335173105872,0.9961365099806826
0.15525893215576073,0.9961365099806826
0.15527451570812004,0.9961365099806826
0.1552901023890785,0.9961365099806826
0.15530569219957835,0.9961365099806826
0.15532128514056226,0.9961365099806826
0.15533688121297318,0.9961365099806826
0.15535248041775457,0.9961365099806826
0.1553836882282041,0.9961365099806826
0.15541490857946555,0.9961365099806826
0.15543052346026323,0.9961365099806826
0.1554461414790997,0.9961365099806826
0.1554617626369209,0.9961365099806826
0.15547738693467336,0.9961365099806826
0.15549301437330385,0.9961365099806826
0.15550864495375954,0.9961365099806826
0.15553991554393726,0.9961365099806826
0.15555555555555556,0.9961365099806826
0.15557119871279163,0.9961365099806826
0.1556024944679139,0.9961365099806826
0.1556181470676994,0.9961365099806826
0.1556338028169014,0.9961365099806826
0.15564946171647048,0.9961365099806826
0.1556651237673576,0.9961365099806826
0.155580154976351,0.995492594977463
0.1556114745848012,0.995492594977463
0.15562713911818,0.995492594977463
0.15554213228631833,0.9948486799742434
0.15555779299234795,0.9948486799742434
0.15557345685228074,0.9948486799742434
0.1555891238670695,0.9948486799742434
0.15560479403766744,0.9948486799742434
0.15565182349385454,0.9948486799742434
0.15566750629722922,0.9948486799742434
0.15568319226118502,0.9948486799742434
0.15569888138667742,0.9948486799742434
0.15573026912609617,0.9948486799742434
0.1557616695231374,0.9948486799742434
0.15579308258545932,0.9948486799742434
0.15582450832072617,0.9948486799742434
0.15584022594311076,0.9948486799742434
0.1558559467366085,0.9948486799742434
0.15587167070217917,0.9948486799742434
0.1559188616409325,0.9948486799742434
0.15593459830440048,0.9948486799742434
0.15595033814474613,0.9948486799742434
0.15598182735991922,0.9948486799742434
0.15599757673667206,0.9948486799742434
0.1560133292941533,0.9948486799742434
0.15604484395515605,0.9948486799742434
0.15606060606060607,0.9948486799742434
0.15607637135064148,0.9948486799742434
0.15609213982622752,0.9948486799742434
0.1561079114883298,0.9948486799742434
0.15612368633791432,0.9948486799742434
0.1562026084319078,0.9948486799742434
0.15623419961573465,0.9948486799742434
0.15625,0.9948486799742434
0.1562658035804592,0.9948486799742434
0.15629742033383914,0.9948486799742434
0.15631323350870094,0.9948486799742434
0.15632904988363858,0.9948486799742434
0.15634486945962356,0.9948486799742434
0.15636069223762777,0.9948486799742434
0.1562753036437247,0.9942047649710238
0.15629112258325742,0.9942047649710238
0.15630694472565296,0.9942047649710238
0.15632277007188417,0.9942047649710238
0.15633859862292426,0.9942047649710238
0.15635443037974683,0.9942047649710238
0.1563702653433259,0.9942047649710238
0.1563861035146359,0.9942047649710238
0.15640194489465153,0.9942047649710238
0.1564177894843481,0.9942047649710238
0.1564336372847011,0.9942047649710238
0.1564494882966866,0.9942047649710238
0.15646534252128091,0.9942047649710238
0.15648119995946083,0.9942047649710238
0.15649706061220353,0.9942047649710238
0.15651292448048656,0.9942047649710238
0.15652879156528793,0.9942047649710238
0.15654466186758592,0.9942047649710238
0.15656053538835935,0.9942047649710238
0.15657641212858736,0.9942047649710238
0.1565922920892495,0.9942047649710238
0.1566081752713257,0.9942047649710238
0.15662406167579632,0.9942047649710238
0.15663995130364208,0.9942047649710238
0.15665584415584416,0.9942047649710238
0.15667174023338407,0.9942047649710238
0.15668763953724377,0.9942047649710238
0.15670354206840556,0.9942047649710238
0.15671944782785222,0.9942047649710238
0.15673535681656683,0.9942047649710238
0.156751269035533,0.9942047649710238
0.1567671844857346,0.9942047649710238
0.15678310316815597,0.9942047649710238
0.15689462453002745,0.9942047649710238
0.15691056910569107,0.9942047649710238
0.15692651692245146,0.9942047649710238
0.15694246798129702,0.9942047649710238
0.15695842228321644,0.9942047649710238
0.15697437982919887,0.9942047649710238
0.15700630465731136,0.9942047649710238
0.15702227194142174,0.9942047649710238
0.15703824247355574,0.9942047649710238
0.1570542162547045,0.9942047649710238
0.1570701932858596,0.9942047649710238
0.15708617356801302,0.9942047649710238
0.1571021571021571,0.9942047649710238
0.15711814388928463,0.9942047649710238
0.15713413393038878,0.9942047649710238
0.1571501272264631,0.9942047649710238
0.15716612377850162,0.9942047649710238
0.15718212358749872,0.9942047649710238
0.15719812665444918,0.9942047649710238
0.15721413298034823,0.9942047649710238
0.15723014256619144,0.9942047649710238
0.15724615541297485,0.9942047649710238
0.15726217152169483,0.9942047649710238
0.15727819089334827,0.9942047649710238
0.15729421352893236,0.9942047649710238
0.15731023942944472,0.9942047649710238
0.15732626859588345,0.9942047649710238
0.15735833673053404,0.9942047649710238
0.15737437570074406,0.9942047649710238
0.157513270722744,0.9935608499678042
0.15752935171005616,0.9935608499678042
0.15754543598121298,0.9935608499678042
0.15756152353722047,0.9935608499678042
0.15757761437908496,0.9935608499678042
0.1575937085078133,0.9935608499678042
0.15760980592441268,0.9935608499678042
0.1576259066298907,0.9935608499678042
0.1576420106252554,0.9935608499678042
0.15765811791151527,0.9935608499678042
0.15767422848967913,0.9935608499678042
0.15769034236075627,0.9935608499678042
0.15770645952575635,0.9935608499678042
0.15772257998568945,0.9935608499678042
0.15773870374156615,0.9935608499678042
0.1577548307943973,0.9935608499678042
0.15777096114519426,0.9935608499678042
0.1577870947949688,0.9935608499678042
0.15780323174473307,0.9935608499678042
0.15781937199549964,0.9935608499678042
0.1578355155482815,0.9935608499678042
0.15785166240409207,0.9935608499678042
0.15786781256394516,0.9935608499678042
0.15788396602885502,0.9935608499678042
0.15790012279983626,0.9935608499678042
0.157916282877904,0.9935608499678042
0.15793244626407368,0.9935608499678042
0.15794861295936125,0.9935608499678042
0.15796478296478297,0.9935608499678042
0.15798095628135558,0.9935608499678042
0.15799713291009626,0.9935608499678042
0.15801331285202252,0.9935608499678042
0.1580294961081524,0.9935608499678042
0.15804568267950425,0.9935608499678042
0.15806187256709692,0.9935608499678042
0.1580780657719496,0.9935608499678042
0.1581104621375141,0.9935608499678042
0.15812666530026645,0.9935608499678042
0.15814287178435996,0.9935608499678042
0.15805658056580565,0.9929169349645847
0.15807278318810866,0.9929169349645847
0.15808898913266353,0.9929169349645847
0.15810519840049217,0.9929169349645847
0.1581214109926169,0.9929169349645847
0.1581376269100605,0.9929169349645847
0.15815384615384614,0.9929169349645847
0.15817006872499745,0.9929169349645847
0.15818629462453837,0.9929169349645847
0.15820252385349337,0.9929169349645847
0.15821875641288735,0.9929169349645847
0.15823499230374552,0.9929169349645847
0.15825123152709358,0.9929169349645847
0.15826747408395772,0.9929169349645847
0.1582837199753644,0.9929169349645847
0.15829996920234063,0.9929169349645847
0.15831622176591376,0.9929169349645847
0.1582297977205052,0.9922730199613651
0.1581433559252413,0.9916291049581455
0.15815959741193386,0.9916291049581455
0.1581758422350041,0.9916291049581455
0.15819209039548024,0.9916291049581455
0.15820834189439079,0.9916291049581455
0.15822459673276482,0.9916291049581455
0.15825711643202137,0.9916291049581455
0.15827338129496402,0.9916291049581455
0.15828964950149038,0.9916291049581455
0.15832219594941915,0.9916291049581455
0.15833847419288505,0.9916291049581455
0.1583547557840617,0.9916291049581455
0.1583710407239819,0.9916291049581455
0.1583873290136789,0.9916291049581455
0.1584036206541864,0.9916291049581455
0.15841991564653843,0.9916291049581455
0.15843621399176955,0.9916291049581455
0.1585014409221902,0.9916291049581455
0.1584148224395265,0.9909851899549259
0.15843113032736256,0.9909851899549259
0.15844744157314938,0.9909851899549259
0.15846375617792421,0.9909851899549259
0.15848007414272475,0.9909851899549259
0.1584963954685891,0.9909851899549259
0.15851272015655576,0.9909851899549259
0.15852904820766378,0.9909851899549259
0.1585453796229525,0.9909851899549259
0.15856171440346178,0.9909851899549259
0.15857805255023183,0.9909851899549259
0.15859439406430337,0.9909851899549259
0.1586107389467175,0.9909851899549259
0.15862708719851576,0.9909851899549259
0.15864343882074014,0.9909851899549259
0.158659793814433,0.9909851899549259
0.1586761521806372,0.9909851899549259
0.15869251392039596,0.9909851899549259
0.158708879034753,0.9909851899549259
0.15872524752475248,0.9909851899549259
0.15874161939143888,0.9909851899549259
0.15875799463585724,0.9909851899549259
0.15877437325905291,0.9909851899549259
0.15879075526207181,0.9909851899549259
0.15880714064596016,0.9909851899549259
0.1588235294117647,0.9909851899549259
0.15883992156053256,0.9909851899549259
0.1588563170933113,0.9909851899549259
0.15887271601114897,0.9909851899549259
0.15888911831509395,0.9909851899549259
0.15890552400619515,0.9909851899549259
0.15892193308550187,0.9909851899549259
0.15893834555406383,0.9909851899549259
0.15895476141293122,0.9909851899549259
0.15897118066315463,0.9909851899549259
0.15898760330578512,0.9909851899549259
0.15900402934187416,0.9909851899549259
0.15902045877247364,0.9909851899549259
0.15903689159863593,0.9909851899549259
0.15905332782141382,0.9909851899549259
0.15908621046102955,0.9909851899549259
0.15915201654601863,0.9909851899549259
0.1591684765746199,0.9909851899549259
0.1591849400082747,0.9909851899549259
0.1592014068480397,0.9909851899549259
0.15921787709497207,0.9909851899549259
0.15923435075012934,0.9909851899549259
0.15925082781456953,0.9909851899549259
0.15926730828935112,0.9909851899549259
0.159283792175533,0.9909851899549259
0.15930027947417452,0.9909851899549259
0.15931677018633542,0.9909851899549259
0.1593332643130759,0.9909851899549259
0.15934976185545663,0.9909851899549259
0.15936626281453867,0.9909851899549259
0.15938276719138358,0.9909851899549259
0.15939927498705334,0.9909851899549259
0.15941578620261032,0.9909851899549259
0.15943230083911739,0.9909851899549259
0.1594488188976378,0.9909851899549259
0.15946534037923532,0.9909851899549259
0.1594818652849741,0.9909851899549259
0.15949839361591875,0.9909851899549259
0.15951492537313433,0.9909851899549259
0.15953146055768633,0.9909851899549259
0.1595479991706407,0.9909851899549259
0.15956454121306377,0.9909851899549259
0.1595810866860224,0.9909851899549259
0.15968043162481843,0.9909851899549259
0.15969700114143406,0.9909851899549259
0.15971357409713574,0.9909851899549259
0.1597301504929943,0.9909851899549259
0.15974673033008097,0.9909851899549259
0.15976331360946747,0.9909851899549259
0.15977990033222592,0.9909851899549259
0.15979649049942893,0.9909851899549259
0.15981308411214953,0.9909851899549259
0.1598296811714612,0.9909851899549259
0.1598462816784379,0.9909851899549259
0.15986288563415393,0.9909851899549259
0.15987949303968418,0.9909851899549259
0.1598961038961039,0.9909851899549259
0.15991271820448877,0.9909851899549259
0.159929335965915,0.9909851899549259
0.15994595718145915,0.9909851899549259
0.1599625818521983,0.9909851899549259
0.15997920997920997,0.9909851899549259
0.1599958415635721,0.9909851899549259
0.16002911510866175,0.9909851899549259
0.16006240249609985,0.9909851899549259
0.1600790513833992,0.9909851899549259
0.16009570373452617,0.9909851899549259
0.1601123595505618,0.9909851899549259
0.16012901883258765,0.9909851899549259
0.16004162330905308,0.9903412749517064
0.16005827869705486,0.9903412749517064
0.16007493755203997,0.9903412749517064
0.16009159987509108,0.9903412749517064
0.16010826566729128,0.9903412749517064
0.1601249349297241,0.9903412749517064
0.16014160766347355,0.9903412749517064
0.16015828386962408,0.9903412749517064
0.16017496354926056,0.9903412749517064
0.1601916467034684,0.9903412749517064
0.16020833333333334,0.9903412749517064
0.16022502343994166,0.9903412749517064
0.1602417170243801,0.9903412749517064
0.16025841408773575,0.9903412749517064
0.16027511463109628,0.9903412749517064
0.16029181865554976,0.9903412749517064
0.1603085261621847,0.9903412749517064
0.16032523715209007,0.9903412749517064
0.16034195162635528,0.9903412749517064
0.16035866958607028,0.9903412749517064
0.16037539103232534,0.9903412749517064
0.16039211596621128,0.9903412749517064
0.16040884438881936,0.9903412749517064
0.16042557630124127,0.9903412749517064
0.16044231170456916,0.9903412749517064
0.16045905059989568,0.9903412749517064
0.16047579298831385,0.9903412749517064
0.16049253887091725,0.9903412749517064
0.16050928824879984,0.9903412749517064
0.16052604112305605,0.9903412749517064
0.1605427974947808,0.9903412749517064
0.1605595573650694,0.9903412749517064
0.16057632073501774,0.9903412749517064
0.16059308760572205,0.9903412749517064
0.16060985797827904,0.9903412749517064
0.1606266318537859,0.9903412749517064
0.1606434092333403,0.9903412749517064
0.1606601901180403,0.9903412749517064
0.16067697450898455,0.9903412749517064
0.16069376240727196,0.9903412749517064
0.1607105538140021,0.9903412749517064
0.16072734873027483,0.9903412749517064
0.16074414715719063,0.9903412749517064
0.16076094909585031,0.9903412749517064
0.1607777545473552,0.9903412749517064
0.1607945635128071,0.9903412749517064
0.16081137599330825,0.9903412749517064
0.16082819198996132,0.9903412749517064
0.16084501150386948,0.9903412749517064
0.1608618345361364,0.9903412749517064
0.1608786610878661,0.9903412749517064
0.1608954911601632,0.9903412749517064
0.16091232475413267,0.9903412749517064
0.16092916187088,0.9903412749517064
0.1609460025115111,0.9903412749517064
0.1609628466771324,0.9903412749517064
0.16097969436885073,0.9903412749517064
0.1609965455877735,0.9903412749517064
0.16101340033500838,0.9903412749517064
0.1610302586116637,0.9903412749517064
0.16104712041884817,0.9903412749517064
0.16106398575767095,0.9903412749517064
0.16108085462924174,0.9903412749517064
0.16109772703467057,0.9903412749517064
0.16111460297506808,0.9903412749517064
0.16113148245154532,0.9903412749517064
0.16114836546521374,0.9903412749517064
0.16116525201718537,0.9903412749517064
0.16118214210857262,0.9903412749517064
0.1611990357404884,0.9903412749517064
0.16121593291404612,0.9903412749517064
0.1612328336303596,0.9903412749517064
0.16126664569571145,0.9903412749517064
0.16128355704697986,0.9903412749517064
0.16130047194546407,0.9903412749517064
0.16131739039228027,0.9903412749517064
0.16133431238854506,0.9903412749517064
0.16135123793537556,0.9903412749517064
0.16136816703388943,0.9903412749517064
0.16138509968520462,0.9903412749517064
0.16140203589043972,0.9903412749517064
0.1614189756507137,0.9903412749517064
0.161435918967146,0.9903412749517064
0.1614528658408566,0.9903412749517064
0.1614698162729659,0.9903412749517064
0.1614867702645947,0.9903412749517064
0.16150372781686442,0.9903412749517064
0.16152068893089688,0.9903412749517064
0.1615376536078143,0.9903412749517064
0.1615546218487395,0.9903412749517064
0.16157159365479568,0.9903412749517064
0.16158856902710653,0.9903412749517064
0.16160554796679627,0.9903412749517064
0.16162253047498948,0.9903412749517064
0.16163951655281136,0.9903412749517064
0.16165650620138744,0.9903412749517064
0.16167349942184378,0.9903412749517064
0.16169049621530698,0.9903412749517064
0.161707496582904,0.9903412749517064
0.16161934805467928,0.9896973599484868
0.16163634451572195,0.9896973599484868
0.16165334455195624,0.9896973599484868
0.16167034816451037,0.9896973599484868
0.16168735535451295,0.9896973599484868
0.1617043661230931,0.9896973599484868
0.16172138047138046,0.9896973599484868
0.1617383984005051,0.9896973599484868
0.16175541991159756,0.9896973599484868
0.16177244500578886,0.9896973599484868
0.16180650594799453,0.9896973599484868
0.16182354179827332,0.9896973599484868
0.16184058123617984,0.9896973599484868
0.16185762426284753,0.9896973599484868
0.1618746708794102,0.9896973599484868
0.1618917210870023,0.9896973599484868
0.16190877488675867,0.9896973599484868
0.16192583227981458,0.9896973599484868
0.16194289326730588,0.9896973599484868
0.16195995785036882,0.9896973599484868
0.16197702603014016,0.9896973599484868
0.16199409780775717,0.9896973599484868
0.16201117318435754,0.9896973599484868
0.1620282521610795,0.9896973599484868
0.16204533473906169,0.9896973599484868
0.16206242091944328,0.9896973599484868
0.1620795107033639,0.9896973599484868
0.16209660409196372,0.9896973599484868
0.1621137010863833,0.9896973599484868
0.16213080168776373,0.9896973599484868
0.16219924018573237,0.9896973599484868
0.16221635883905014,0.9896973599484868
0.16223348110618535,0.9896973599484868
0.16225060698828248,0.9896973599484868
0.16226773648648649,0.9896973599484868
0.16217928413050364,0.9890534449452673
0.16219640971488913,0.9890534449452673
0.16221353891646426,0.9890534449452673
0.16224780817576845,0.9890534449452673
0.16226494823579124,0.9890534449452673
0.16228209191759113,0.9890534449452673
0.16229923922231615,0.9890534449452673
0.16231639015111488,0.9890534449452673
0.16235070288553008,0.9890534449452673
0.16236786469344608,0.9890534449452673
0.16238503013003489,0.9890534449452673
0.16241937189383526,0.9890534449452673
0.16243654822335024,0.9890534449452673
0.1624537281861449,0.9890534449452673
0.1624709117833721,0.9890534449452673
0.16250528988573848,0.9890534449452673
0.1625224843931859,0.9890534449452673
0.16243386243386243,0.9884095299420477
0.16245105302148374,0.9884095299420477
0.16246824724809483,0.9884095299420477
0.16248544511485127,0.9884095299420477
0.16250264662290917,0.9884095299420477
0.1625198517734251,0.9884095299420477
0.16253706056755612,0.9884095299420477
0.1625542730064598,0.9884095299420477
0.1625714890912942,0.9884095299420477
0.16258870882321788,0.9884095299420477
0.16260593220338984,0.9884095299420477
0.1626231592329696,0.9884095299420477
0.1626403899131172,0.9884095299420477
0.1626576242449931,0.9884095299420477
0.16267486222975838,0.9884095299420477
0.16272659811300752,0.9884095299420477
0.16274385072094996,0.9884095299420477
0.1627611069875941,0.9884095299420477
0.1627783669141039,0.9884095299420477
0.16279563050164386,0.9884095299420477
0.16281289775137886,0.9884095299420477
0.1628301686644744,0.9884095299420477
0.16284744324209632,0.9884095299420477
0.16286472148541115,0.9884095299420477
0.16288200339558573,0.9884095299420477
0.16289928897378755,0.9884095299420477
0.16291657822118447,0.9884095299420477
0.16293387113894492,0.9884095299420477
0.16295116772823778,0.9884095299420477
0.1629684679902325,0.9884095299420477
0.16298577192609895,0.9884095299420477
0.16289688860571308,0.9877656149388281
0.1629141886151232,0.9877656149388281
0.16293149229952203,0.9877656149388281
0.16294879966008072,0.9877656149388281
0.1629661106979709,0.9877656149388281
0.16298342541436464,0.9877656149388281
0.16300074381043458,0.9877656149388281
0.16301806588735387,0.9877656149388281
0.1630353916462961,0.9877656149388281
0.16305272108843538,0.9877656149388281
0.1630700542149463,0.9877656149388281
0.16308739102700404,0.9877656149388281
0.16310473152578417,0.9877656149388281
0.16313942358821654,0.9877656149388281
0.1631567751542225,0.9877656149388281
0.16317413041165835,0.9877656149388281
0.16319148936170214,0.9877656149388281
0.1632088520055325,0.9877656149388281
0.16322621834432857,0.9877656149388281
0.16324358837926997,0.9877656149388281
0.16315453384418901,0.9871216999356085
0.1631718999467802,0.9871216999356085
0.1631892697466468,0.9871216999356085
0.16320664324496967,0.9871216999356085
0.16322402044293016,0.9871216999356085
0.16324140134171014,0.9871216999356085
0.16325878594249202,0.9871216999356085
0.16327617424645863,0.9871216999356085
0.16329356625479335,0.9871216999356085
0.16331096196868009,0.9871216999356085
0.1633283613893032,0.9871216999356085
0.16334576451784763,0.9871216999356085
0.16336317135549872,0.9871216999356085
0.1633805819034424,0.9871216999356085
0.16339799616286507,0.9871216999356085
0.16341541413495364,0.9871216999356085
0.16343283582089552,0.9871216999356085
0.16345026122187867,0.9871216999356085
0.1634676903390915,0.9871216999356085
0.16348512317372293,0.9871216999356085
0.16350255972696245,0.9871216999356085
0.16352,0.9871216999356085
0.16353744399402603,0.9871216999356085
0.16355489171023152,0.9871216999356085
0.16357234314980793,0.9871216999356085
0.1635897983139473,0.9871216999356085
0.16360725720384206,0.9871216999356085
0.16362471982068524,0.9871216999356085
0.16364218616567036,0.9871216999356085
0.16365965623999146,0.9871216999356085
0.16367713004484305,0.9871216999356085
0.16369460758142018,0.9871216999356085
0.16371208885091842,0.9871216999356085
0.1637295738545338,0.9871216999356085
0.16374706259346294,0.9871216999356085
0.1637645550689029,0.9871216999356085
0.16367521367521368,0.9864777849323889
0.16369270221177476,0.9864777849323889
0.16371019448600127,0.9864777849323889
0.16372769049909158,0.9864777849323889
0.16374519025224454,0.9864777849323889
0.16376269374665953,0.9864777849323889
0.16378020098353646,0.9864777849323889
0.1637977119640757,0.9864777849323889
0.16381522668947818,0.9864777849323889
0.16385026737967914,0.9864777849323889
0.163867793346882,0.9864777849323889
0.16388532306375694,0.9864777849323889
0.16390285653150743,0.9864777849323889
0.1639379347244516,0.9864777849323889
0.1639554794520548,0.9864777849323889
0.16397302793535268,0.9864777849323889
0.16399058017555126,0.9864777849323889
0.16400813617385718,0.9864777849323889
0.1640256959314775,0.9864777849323889
0.16404325944961987,0.9864777849323889
0.1640608267294924,0.9864777849323889
0.16407839777230374,0.9864777849323889
0.16409597257926306,0.9864777849323889
0.16411355115158008,0.9864777849323889
0.16413113349046496,0.9864777849323889
0.16414871959712846,0.9864777849323889
0.16416630947278182,0.9864777849323889
0.16418390311863681,0.9864777849323889
0.16420150053590568,0.9864777849323889
0.16411190910065387,0.9858338699291693
0.1641295025728988,0.9858338699291693
0.16414709981773346,0.9858338699291693
0.16416470083637144,0.9858338699291693
0.1641823056300268,0.9858338699291693
0.1641999141999142,0.9858338699291693
0.16421752654724875,0.9858338699291693
0.1642351426732461,0.9858338699291693
0.1642527625791224,0.9858338699291693
0.16427038626609441,0.9858338699291693
0.16428801373537932,0.9858338699291693
0.1643056449881949,0.9858338699291693
0.16432328002575936,0.9858338699291693
0.16434091884929153,0.9858338699291693
0.16437620785913679,0.9858338699291693
0.16439385804789006,0.9858338699291693
0.1644115120274914,0.9858338699291693
0.16442916979916228,0.9858338699291693
0.1644468313641246,0.9858338699291693
0.1644644967236008,0.9858338699291693
0.16448216587881392,0.9858338699291693
0.16449983883098743,0.9858338699291693
0.16451751558134536,0.9858338699291693
0.1645351961311123,0.9858338699291693
0.16455288048151331,0.9858338699291693
0.16457056863377406,0.9858338699291693
0.16458826058912063,0.9858338699291693
0.1646059563487797,0.9858338699291693
0.16462365591397848,0.9858338699291693
0.16464135928594473,0.9858338699291693
0.16465906646590664,0.9858338699291693
0.16467677745509304,0.9858338699291693
0.16469449225473323,0.9858338699291693
0.16471221086605703,0.9858338699291693
0.1647299332902948,0.9858338699291693
0.1647476595286775,0.9858338699291693
0.1647653895824365,0.9858338699291693
0.1647831234528038,0.9858338699291693
0.16480086114101183,0.9858338699291693
0.16481860264829368,0.9858338699291693
0.16483634797588287,0.9858338699291693
0.16485409712501345,0.9858338699291693
0.1648718500969201,0.9858338699291693
0.1648896068928379,0.9858338699291693
0.1649073675140026,0.9858338699291693
0.16492513196165032,0.9858338699291693
0.16494290023701788,0.9858338699291693
0.16496067234134254,0.9858338699291693
0.16497844827586206,0.9858338699291693
0.16499622804181485,0.9858338699291693
0.16501401164043975,0.9858338699291693
0.1650317990729762,0.9858338699291693
0.16504959034066408,0.9858338699291693
0.16506738544474395,0.9858338699291693
0.16508518438645675,0.9858338699291693
0.1651029871670441,0.9858338699291693
0.16512079378774805,0.9858338699291693
0.1651564185544768,0.9858338699291693
0.16517423670298845,0.9858338699291693
0.16519205869659043,0.9858338699291693
0.16520988453652746,0.9858338699291693
0.1652277142240449,0.9858338699291693
0.16524554776038855,0.9858338699291693
0.16526338514680483,0.9858338699291693
0.16528122638454065,0.9858338699291693
0.16519110343338372,0.9851899549259497
0.1652089407191448,0.9851899549259497
0.1652267818574514,0.9851899549259497
0.1652446268495518,0.9851899549259497
0.16526247569669475,0.9851899549259497
0.16528032840012963,0.9851899549259497
0.16529818496110632,0.9851899549259497
0.16531604538087522,0.9851899549259497
0.16533390966068728,0.9851899549259497
0.16535177780179403,0.9851899549259497
0.16536964980544747,0.9851899549259497
0.16538752567290022,0.9851899549259497
0.1654054054054054,0.9851899549259497
0.16542328900421668,0.9851899549259497
0.16544117647058823,0.9851899549259497
0.16545906780577485,0.9851899549259497
0.1654769630110318,0.9851899549259497
0.16549486208761494,0.9851899549259497
0.1655127650367806,0.9851899549259497
0.1655306718597858,0.9851899549259497
0.1655485825578879,0.9851899549259497
0.16545828373552646,0.9845460399227302
0.16547619047619047,0.9845460399227302
0.1654941010931919,0.9845460399227302
0.16551201558778955,0.9845460399227302
0.16552993396124283,0.9845460399227302
0.1655478562148116,0.9845460399227302
0.16556578234975636,0.9845460399227302
0.1655837123673381,0.9845460399227302
0.16560164626881838,0.9845460399227302
0.16561958405545926,0.9845460399227302
0.16563752572852344,0.9845460399227302
0.1656554712892741,0.9845460399227302
0.16567342073897498,0.9845460399227302
0.16569137407889034,0.9845460399227302
0.16570933131028504,0.9845460399227302
0.16572729243442444,0.9845460399227302
0.1657452574525745,0.9845460399227302
0.16576322636600174,0.9845460399227302
0.16578119917597312,0.9845460399227302
0.16579917588375623,0.9845460399227302
0.16570870838303872,0.9839021249195107
0.16572668112798264,0.9839021249195107
0.16574465777199263,0.9839021249195107
0.1657626383163376,0.9839021249195107
0.16578062276228708,0.9839021249195107
0.1657986111111111,0.9839021249195107
0.1658166033640803,0.9839021249195107
0.16583459952246582,0.9839021249195107
0.16585259958753934,0.9839021249195107
0.1658886114428401,0.9839021249195107
0.16590662323561348,0.9839021249195107
0.16592463894016724,0.9839021249195107
0.16594265855777585,0.9839021249195107
0.16585206907787553,0.9832582099162911
0.16587008472735174,0.9832582099162911
0.16588810429114612,0.9832582099162911
0.16590612777053454,0.9832582099162911
0.16592415516679343,0.9832582099162911
0.16594218648119974,0.9832582099162911
0.16596022171503097,0.9832582099162911
0.1659963039460811,0.9832582099162911
0.16601435094585779,0.9832582099162911
0.16603240187017507,0.9832582099162911
0.16605045672031318,0.9832582099162911
0.16606851549755303,0.9832582099162911
0.166086578203176,0.9832582099162911
0.16610464483846404,0.9832582099162911
0.16612271540469975,0.9832582099162911
0.16614078990316614,0.9832582099162911
0.1661588683351469,0.9832582099162911
0.16617695070192623,0.9832582099162911
0.16619503700478885,0.9832582099162911
0.16621312724502013,0.9832582099162911
0.16623122142390595,0.9832582099162911
0.16624931954273273,0.9832582099162911
0.16626742160278746,0.9832582099162911
0.16628552760535772,0.9832582099162911
0.16630363755173164,0.9832582099162911
0.1663217514431979,0.9832582099162911
0.16633986928104574,0.9832582099162911
0.166357991066565,0.9832582099162911
0.16637611680104597,0.9832582099162911
0.16639424648577966,0.9832582099162911
0.16641238012205753,0.9832582099162911
0.16643051771117165,0.9832582099162911
0.16644865925441465,0.9832582099162911
0.16646680475307968,0.9832582099162911
0.16648495420846054,0.9832582099162911
0.1665031076218515,0.9832582099162911
0.16652126499454745,0.9832582099162911
0.16653942632784383,0.9832582099162911
0.16655759162303665,0.9832582099162911
0.16657576088142248,0.9832582099162911
0.16659393410429849,0.9832582099162911
0.16661211129296236,0.9832582099162911
0.16663029244871236,0.9832582099162911
0.16664847757284731,0.9832582099162911
0.16668485973147038,0.9832582099162911
0.16670305676855895,0.9832582099162911
0.16672125777923355,0.9832582099162911
0.16673946276479581,0.9832582099162911
0.16675767172654798,0.9832582099162911
0.16677588466579293,0.9832582099162911
0.16679410158383398,0.9832582099162911
0.16681232248197508,0.9832582099162911
0.1668305473615208,0.9832582099162911
0.16686700907004698,0.9832582099162911
0.1669217315260166,0.9832582099162911
0.16695823310736935,0.9832582099162911
0.16697648988518315,0.9832582099162911
0.16699475065616798,0.9832582099162911
0.16701301542163405,0.9832582099162911
0.16703128418289215,0.9832582099162911
0.1670495569412537,0.9832582099162911
0.1670861144545355,0.9832582099162911
0.16710439921208142,0.9832582099162911
0.16712268797198204,0.9832582099162911
0.16714098073555167,0.9832582099162911
0.16715927750410509,0.9832582099162911
0.16717757827895774,0.9832582099162911
0.1671958830614256,0.9832582099162911
0.16721419185282524,0.9832582099162911
0.16723250465447376,0.9832582099162911
0.16725082146768894,0.9832582099162911
0.16726914229378903,0.9832582099162911
0.1672874671340929,0.9832582099162911
0.16730579598992001,0.9832582099162911
0.1673241288625904,0.9832582099162911
0.16734246575342465,0.9832582099162911
0.16736080666374398,0.9832582099162911
0.1673791515948701,0.9832582099162911
0.1673975005481254,0.9832582099162911
0.1674158535248328,0.9832582099162911
0.1674342105263158,0.9832582099162911
0.16745257155389845,0.9832582099162911
0.16747093660890547,0.9832582099162911
0.16748930569266207,0.9832582099162911
0.1675076788064941,0.9832582099162911
0.16752605595172793,0.9832582099162911
0.16754443712969058,0.9832582099162911
0.16756282234170963,0.9832582099162911
0.16758121158911327,0.9832582099162911
0.16759960487323017,0.9832582099162911
0.1676180021953897,0.9832582099162911
0.16763640355692172,0.9832582099162911
0.1676548089591568,0.9832582099162911
0.16767321840342594,0.9832582099162911
0.16769163189106084,0.9832582099162911
0.16771004942339374,0.9832582099162911
0.16772847100175747,0.9832582099162911
0.16774689662748543,0.9832582099162911
0.16776532630191165,0.9832582099162911
0.16778376002637072,0.9832582099162911
0.1678021978021978,0.9832582099162911
0.16782063963072866,0.9832582099162911
0.16783908551329962,0.9832582099162911
0.16785753545124765,0.9832582099162911
0.16787598944591028,0.9832582099162911
0.16789444749862562,0.9832582099162911
0.16791290961073235,0.9832582099162911
0.1679313757835698,0.9832582099162911
0.1679498460184778,0.9832582099162911
0.16796832031679684,0.9832582099162911
0.167986798679868,0.9832582099162911
0.1680052811090329,0.9832582099162911
0.1680237676056338,0.9832582099162911
0.16804225817101354,0.9832582099162911
0.16806075280651553,0.9832582099162911
0.16807925151348377,0.9832582099162911
0.16809775429326287,0.9832582099162911
0.16811626114719808,0.9832582099162911
0.1681347720766351,0.9832582099162911
0.16804316705208677,0.9826142949130715
0.16806167400881059,0.9826142949130715
0.16797004075338692,0.9819703799098519
0.16787838730998017,0.9813264649066323
0.16778671367191803,0.9806825499034127
0.16780520052886735,0.9806825499034127
0.1678236914600551,0.9806825499034127
0.1678421864668283,0.9806825499034127
0.16786068555053454,0.9806825499034127
0.1679162072767365,0.9806825499034127
0.16793472268166282,0.9806825499034127
0.16795324217026908,0.9806825499034127
0.1679717657439065,0.9806825499034127
0.16799029340392677,0.9806825499034127
0.1680088251516823,0.9806825499034127
0.16802736098852603,0.9806825499034127
0.16804590091581154,0.9806825499034127
0.16806444493489295,0.9806825499034127
0.16808299304712504,0.9806825499034127
0.16810154525386314,0.9806825499034127
0.16812010155646318,0.9806825499034127
0.16813866195628174,0.9806825499034127
0.16815722645467593,0.9806825499034127
0.16817579505300354,0.9806825499034127
0.16819436775262286,0.9806825499034127
0.1682315254611731,0.9806825499034127
0.16825011047282368,0.9806825499034127
0.16826869959120538,0.9806825499034127
0.16828729281767957,0.9806825499034127
0.16830589015360814,0.9806825499034127
0.16832449160035368,0.9806825499034127
0.1683430971592793,0.9806825499034127
0.16836170683174884,0.9806825499034127
0.16838032061912658,0.9806825499034127
0.16839893852277754,0.9806825499034127
0.16841756054406723,0.9806825499034127
0.16843618668436186,0.9806825499034127
0.1684548169450282,0.9806825499034127
0.16836283185840709,0.9800386349001932
0.1683814581258989,0.9800386349001932
0.16840008851515822,0.9800386349001932
0.1684187230275534,0.9800386349001932
0.1684373616644533,0.9800386349001932
0.16845600442722744,0.9800386349001932
0.16847465131724595,0.9800386349001932
0.16851195748449957,0.9800386349001932
0.16853061676447792,0.9800386349001932
0.16854928017718715,0.9800386349001932
0.16856794772400044,0.9800386349001932
0.16858661940629155,0.9800386349001932
0.1686052952254348,0.9800386349001932
0.16862397518280522,0.9800386349001932
0.1686426592797784,0.9800386349001932
0.1686613475177305,0.9800386349001932
0.16868003989803834,0.9800386349001932
0.16869873642207936,0.9800386349001932
0.16871743709123158,0.9800386349001932
0.16862527716186254,0.9793947198969736
0.16864397383301918,0.9793947198969736
0.1686626746506986,0.9793947198969736
0.16868137961628035,0.9793947198969736
0.16870008873114464,0.9793947198969736
0.16871880199667222,0.9793947198969736
0.1687375194142445,0.9793947198969736
0.16875624098524353,0.9793947198969736
0.16879369659305293,0.9793947198969736
0.1688124306326304,0.9793947198969736
0.16883116883116883,0.9793947198969736
0.1688499111900533,0.9793947198969736
0.16886865771066947,0.9793947198969736
0.16877637130801687,0.978750804893754
0.1687951138256524,0.978750804893754
0.1688138605064416,0.978750804893754
0.16883261135177163,0.978750804893754
0.16885136636303044,0.978750804893754
0.1688701255416065,0.978750804893754
0.1688888888888889,0.978750804893754
0.16890765640626737,0.978750804893754
0.16892642809513225,0.978750804893754
0.1689452039568745,0.978750804893754
0.16896398399288573,0.978750804893754
0.1689827682045581,0.978750804893754
0.16900155659328442,0.978750804893754
0.16902034916045813,0.978750804893754
0.16903914590747332,0.978750804893754
0.16907675194660735,0.978750804893754
0.16909556124151742,0.978750804893754
0.16911437472185137,0.978750804893754
0.16913319238900634,0.978750804893754
0.16915201424438014,0.978750804893754
0.16926503340757237,0.978750804893754
0.16928388461966812,0.978750804893754
0.16930274003118734,0.978750804893754
0.16932159964353347,0.978750804893754
0.16934046345811052,0.978750804893754
0.16935933147632312,0.978750804893754
0.16937820369957657,0.978750804893754
0.1693970801292767,0.978750804893754
0.16941596076683013,0.978750804893754
0.16943484561364397,0.978750804893754
0.16945373467112598,0.978750804893754
0.16947262794068457,0.978750804893754
0.1694915254237288,0.978750804893754
0.16951042712166833,0.978750804893754
0.16952933303591344,0.978750804893754
0.16954824316787506,0.978750804893754
0.16956715751896476,0.978750804893754
0.16958607609059467,0.978750804893754
0.16960499888417763,0.978750804893754
0.1696239259011271,0.978750804893754
0.16964285714285715,0.978750804893754
0.16966179261078246,0.978750804893754
0.1696807323063184,0.978750804893754
0.16969967623088086,0.978750804893754
0.16971862438588656,0.978750804893754
0.16973757677275264,0.978750804893754
0.16975653339289704,0.978750804893754
0.1697754942477382,0.978750804893754
0.16979445933869527,0.978750804893754
0.16981342866718802,0.978750804893754
0.16983240223463686,0.978750804893754
0.16985138004246284,0.978750804893754
0.1698703620920876,0.978750804893754
0.1698893483849335,0.978750804893754
0.16990833892242344,0.978750804893754
0.16992733370598098,0.978750804893754
0.16994633273703041,0.978750804893754
0.16996533601699654,0.978750804893754
0.16998434354730485,0.978750804893754
0.1700033553293815,0.978750804893754
0.17002237136465326,0.978750804893754
0.17004139165454749,0.978750804893754
0.17006041620049228,0.978750804893754
0.1700794450039163,0.978750804893754
0.1700984780662489,0.978750804893754
0.17011751538891998,0.978750804893754
0.1701365569733602,0.978750804893754
0.17015560282100078,0.978750804893754
0.17017465293327363,0.978750804893754
0.17019370731161124,0.978750804893754
0.1702127659574468,0.978750804893754
0.17023182887221414,0.978750804893754
0.17025089605734767,0.978750804893754
0.17026996751428253,0.978750804893754
0.1702890432444544,0.978750804893754
0.17030812324929973,0.978750804893754
0.1703272075302555,0.978750804893754
0.1703462960887594,0.978750804893754
0.17036538892624972,0.978750804893754
0.17038448604416545,0.978750804893754
0.17040358744394618,0.978750804893754
0.17042269312703218,0.978750804893754
0.1704418030948643,0.978750804893754
0.17046091734888416,0.978750804893754
0.17048003589053387,0.978750804893754
0.17049915872125632,0.978750804893754
0.17051828584249495,0.978750804893754
0.17053741725569393,0.978750804893754
0.17055655296229802,0.978750804893754
0.17057569296375266,0.978750804893754
0.17059483726150393,0.978750804893754
0.17061398585699855,0.978750804893754
0.17063313875168387,0.978750804893754
0.17065229594700798,0.978750804893754
0.1706714574444195,0.978750804893754
0.17057832678270635,0.9781068898905344
0.17059748427672955,0.9781068898905344
0.17050432438503876,0.9774629748873149
0.17052347787014155,0.9774629748873149
0.17054263565891473,0.9774629748873149
0.170561797752809,0.9774629748873149
0.17058096415327564,0.9774629748873149
0.17061930987973475,0.9774629748873149
0.1706384892086331,0.9774629748873149
0.17065767284991568,0.9774629748873149
0.1706768608050371,0.9774629748873149
0.1706960530754526,0.9774629748873149
0.17071524966261808,0.9774629748873149
0.1707344505679901,0.9774629748873149
0.17075365579302587,0.9774629748873149
0.17077286533918326,0.9774629748873149
0.1707920792079208,0.9774629748873149
0.17081129740069764,0.9774629748873149
0.17083051991897366,0.9774629748873149
0.17084974676420933,0.9774629748873149
0.17086897793786582,0.9774629748873149
0.17088821344140492,0.9774629748873149
0.17090745327628912,0.9774629748873149
0.17092669744398153,0.9774629748873149
0.17094594594594595,0.9774629748873149
0.1709651987836468,0.9774629748873149
0.17098445595854922,0.9774629748873149
0.17100371747211895,0.9774629748873149
0.17102298332582244,0.9774629748873149
0.17104225352112676,0.9774629748873149
0.17106152805949967,0.9774629748873149
0.17108080694240957,0.9774629748873149
0.17110009017132552,0.9774629748873149
0.17113866967305524,0.9774629748873149
0.17115796594881047,0.9774629748873149
0.17117726657645466,0.9774629748873149
0.17119657155746024,0.9774629748873149
0.17121588089330025,0.9774629748873149
0.17129316181448884,0.9774629748873149
0.17131249294662002,0.9774629748873149
0.1713318284424379,0.9774629748873149
0.17135116830342026,0.9774629748873149
0.17137051253104538,0.9774629748873149
0.17138986112679236,0.9774629748873149
0.1714092140921409,0.9774629748873149
0.17142857142857143,0.9774629748873149
0.17144793313756496,0.9774629748873149
0.1714672992206032,0.9774629748873149
0.17148666967916856,0.9774629748873149
0.1715060445147441,0.9774629748873149
0.17152542372881355,0.9774629748873149
0.17156419529837252,0.9774629748873149
0.17158358765683282,0.9774629748873149
0.17160298439972868,0.9774629748873149
0.17164179104477612,0.9774629748873149
0.1716612009499039,0.9774629748873149
0.17156751866093645,0.9768190598840953
0.17158692455604568,0.9768190598840953
0.17160633484162896,0.9768190598840953
0.1716257495191764,0.9768190598840953
0.17164516859017878,0.9768190598840953
0.17166459205612764,0.9768190598840953
0.17168401991851517,0.9768190598840953
0.17170345217883418,0.9768190598840953
0.17172288883857822,0.9768190598840953
0.17174232989924149,0.9768190598840953
0.17176177536231885,0.9768190598840953
0.17178122522930586,0.9768190598840953
0.17180067950169875,0.9768190598840953
0.17182013818099445,0.9768190598840953
0.17183960126869052,0.9768190598840953
0.17185906876628526,0.9768190598840953
0.17187854067527758,0.9768190598840953
0.17189801699716714,0.9768190598840953
0.1719369828856398,0.9768190598840953
0.17195647245522558,0.9768190598840953
0.17197596644371385,0.9768190598840953
0.17199546485260772,0.9768190598840953
0.17201496768341082,0.9768190598840953
0.17203447493762758,0.9768190598840953
0.17205398661676308,0.9768190598840953
0.17207350272232305,0.9768190598840953
0.17209302325581396,0.9768190598840953
0.17211254821874292,0.9768190598840953
0.17213207761261773,0.9768190598840953
0.1721516114389469,0.9768190598840953
0.17217114969923958,0.9768190598840953
0.17219069239500567,0.9768190598840953
0.17221023952775572,0.9768190598840953
0.1722297910990009,0.9768190598840953
0.17224934711025322,0.9768190598840953
0.1722689075630252,0.9768190598840953
0.17228847245883022,0.9768190598840953
0.1723080417991822,0.9768190598840953
0.1723276155855958,0.9768190598840953
0.17234719381958646,0.9768190598840953
0.17236677650267015,0.9768190598840953
0.17238636363636364,0.9768190598840953
0.17240595522218433,0.9768190598840953
0.17242555126165038,0.9768190598840953
0.17244515175628056,0.9768190598840953
0.17246475670759437,0.9768190598840953
0.172484366117112,0.9768190598840953
0.17250397998635433,0.9768190598840953
0.17252359831684294,0.9768190598840953
0.1725432211101001,0.9768190598840953
0.17256284836764874,0.9768190598840953
0.1726021162817158,0.9768190598840953
0.17262175694128357,0.9768190598840953
0.1726414020712416,0.9768190598840953
0.17266105167311632,0.9768190598840953
0.17268070574843483,0.9768190598840953
0.17270036429872496,0.9768190598840953
0.1727200273255152,0.9768190598840953
0.17273969483033477,0.9768190598840953
0.1727593668147136,0.9768190598840953
0.17277904328018223,0.9768190598840953
0.17268481603827315,0.9761751448808758
0.17270448849396217,0.9761751448808758
0.1727241654323801,0.9761751448808758
0.17274384685505925,0.9761751448808758
0.17276353276353276,0.9761751448808758
0.1727832231593344,0.9761751448808758
0.17280291804399864,0.9761751448808758
0.17282261741906066,0.9761751448808758
0.1728423212860563,0.9761751448808758
0.17286202964652223,0.9761751448808758
0.17288174250199567,0.9761751448808758
0.1729014598540146,0.9761751448808758
0.17292118170411772,0.9761751448808758
0.1729409080538444,0.9761751448808758
0.17296063890473473,0.9761751448808758
0.17298037425832952,0.9761751448808758
0.17300011411617025,0.9761751448808758
0.17301985847979914,0.9761751448808758
0.17303960735075904,0.9761751448808758
0.1730593607305936,0.9761751448808758
0.17307911862084713,0.9761751448808758
0.17309888102306462,0.9761751448808758
0.17311864793879184,0.9761751448808758
0.17313841936957514,0.9761751448808758
0.17315819531696175,0.9761751448808758
0.17317797578249944,0.9761751448808758
0.17319776076773677,0.9761751448808758
0.17321755027422303,0.9761751448808758
0.17323734430350818,0.9761751448808758
0.17325714285714286,0.9761751448808758
0.17327694593667847,0.9761751448808758
0.17329675354366714,0.9761751448808758
0.1733165656796616,0.9761751448808758
0.1733363823462154,0.9761751448808758
0.1733562035448828,0.9761751448808758
0.17337602927721865,0.9761751448808758
0.17339585954477868,0.9761751448808758
0.1734156943491192,0.9761751448808758
0.1734355336917973,0.9761751448808758
0.1734553775743707,0.9761751448808758
0.17347522599839799,0.9761751448808758
0.1734950789654383,0.9761751448808758
0.17351493647705163,0.9761751448808758
0.17353479853479853,0.9761751448808758
0.1735546651402404,0.9761751448808758
0.17357453629493932,0.9761751448808758
0.17359441200045803,0.9761751448808758
0.1736341770702096,0.9761751448808758
0.17365406643757159,0.9761751448808758
0.1736739603620117,0.9761751448808758
0.17369385884509625,0.9761751448808758
0.17371376188839235,0.9761751448808758
0.1737336694934678,0.9761751448808758
0.17375358166189112,0.9761751448808758
0.17377349839523154,0.9761751448808758
0.17379341969505904,0.9761751448808758
0.17381334556294428,0.9761751448808758
0.17383327600045867,0.9761751448808758
0.1738532110091743,0.9761751448808758
0.17387315059066408,0.9761751448808758
0.1738930947465015,0.9761751448808758
0.17391304347826086,0.9761751448808758
0.1739329967875172,0.9761751448808758
0.17395295467584623,0.9761751448808758
0.1739729171448244,0.9761751448808758
0.17387811316423735,0.9755312298776562
0.17389807162534435,0.9755312298776562
0.17391803466880956,0.9755312298776562
0.17393800229621126,0.9755312298776562
0.17395797450912848,0.9755312298776562
0.173977951309141,0.9755312298776562
0.17401791867677463,0.9755312298776562
0.17403790924755888,0.9755312298776562
0.17405790441176472,0.9755312298776562
0.17407790417097552,0.9755312298776562
0.17409790852677545,0.9755312298776562
0.17411791748074934,0.9755312298776562
0.17413793103448275,0.9755312298776562
0.174157949189562,0.9755312298776562
0.17417797194757415,0.9755312298776562
0.17419799931010693,0.9755312298776562
0.17421803127874885,0.9755312298776562
0.17423806785508913,0.9755312298776562
0.17425810904071773,0.9755312298776562
0.17427815483722536,0.9755312298776562
0.1742982052462034,0.9755312298776562
0.17431826026924405,0.9755312298776562
0.17433831990794016,0.9755312298776562
0.17435838416388538,0.9755312298776562
0.17437845303867403,0.9755312298776562
0.17439852653390123,0.9755312298776562
0.1744186046511628,0.9755312298776562
0.17443868739205526,0.9755312298776562
0.17445877475817595,0.9755312298776562
0.1744788667511229,0.9755312298776562
0.17449896337249482,0.9755312298776562
0.17451906462389125,0.9755312298776562
0.17453917050691245,0.9755312298776562
0.17455928102315935,0.9755312298776562
0.17457939617423368,0.9755312298776562
0.17459951596173792,0.9755312298776562
0.17461964038727523,0.9755312298776562
0.17463976945244958,0.9755312298776562
0.17465990315886556,0.9755312298776562
0.1746800415081287,0.9755312298776562
0.17470018450184502,0.9755312298776562
0.1747203321416215,0.9755312298776562
0.17474048442906576,0.9755312298776562
0.17476064136578615,0.9755312298776562
0.1747808029533918,0.9755312298776562
0.17480096919349256,0.9755312298776562
0.17482114008769906,0.9755312298776562
0.17484131563762262,0.9755312298776562
0.17486149584487534,0.9755312298776562
0.17488168071107008,0.9755312298776562
0.17490187023782036,0.9755312298776562
0.17492206442674055,0.9755312298776562
0.1748469800207876,0.9748873148744366
0.17486717486717487,0.9748873148744366
0.17488737437911517,0.9748873148744366
0.1749075785582255,0.9748873148744366
0.17492778740612364,0.9748873148744366
0.174948000924428,0.9748873148744366
0.17496821911475788,0.9748873148744366
0.17498844197873323,0.9748873148744366
0.1750086695179748,0.9748873148744366
0.17502890173410404,0.9748873148744366
0.17504913862874322,0.9748873148744366
0.17506938020351526,0.9748873148744366
0.17508962646004395,0.9748873148744366
0.17510987739995373,0.9748873148744366
0.17513013302486988,0.9748873148744366
0.17515039333641833,0.9748873148744366
0.17517065833622586,0.9748873148744366
0.17519092802591993,0.9748873148744366
0.1752112024071288,0.9748873148744366
0.1752314814814815,0.9748873148744366
0.1752517652506077,0.9748873148744366
0.175272053716138,0.9748873148744366
0.1752923468797036,0.9748873148744366
0.1753329473074696,0.9748873148744366
0.1753532545749363,0.9748873148744366
0.17537356654697092,0.9748873148744366
0.17539388322520852,0.9748873148744366
0.1754142046112849,0.9748873148744366
0.17543453070683662,0.9748873148744366
0.17545486151350098,0.9748873148744366
0.17547519703291609,0.9748873148744366
0.17549553726672076,0.9748873148744366
0.1755158822165546,0.9748873148744366
0.17553623188405798,0.9748873148744366
0.17555658627087198,0.9748873148744366
0.17557694537863852,0.9748873148744366
0.17559730920900024,0.9748873148744366
0.17561767776360052,0.9748873148744366
0.17563805104408353,0.9748873148744366
0.17565842905209422,0.9748873148744366
0.17567881178927824,0.9748873148744366
0.1756991992572821,0.9748873148744366
0.17573998839233895,0.9748873148744366
0.17576039006268865,0.9748873148744366
0.17578079647045164,0.9748873148744366
0.17580120761727822,0.9748873148744366
0.17582162350481942,0.9748873148744366
0.17584204413472707,0.9748873148744366
0.17586246950865372,0.9748873148744366
0.1758828996282528,0.9748873148744366
0.17590333449517834,0.9748873148744366
0.17592377411108528,0.9748873148744366
0.17594421847762928,0.9748873148744366
0.17596466759646676,0.9748873148744366
0.1759851214692549,0.9748873148744366
0.17600558009765171,0.9748873148744366
0.17602604348331588,0.9748873148744366
0.17604651162790697,0.9748873148744366
0.17606698453308525,0.9748873148744366
0.17608746220051175,0.9748873148744366
0.1761079446318483,0.9748873148744366
0.17612843182875756,0.9748873148744366
0.17614892379290284,0.9748873148744366
0.17616942052594833,0.9748873148744366
0.17618992202955894,0.9748873148744366
0.17621042830540037,0.9748873148744366
0.17625145518044238,0.9748873148744366
0.17627197578297824,0.9748873148744366
0.17629250116441547,0.9748873148744366
0.17631303132642367,0.9748873148744366
0.17633356627067318,0.9748873148744366
0.17635410599883516,0.9748873148744366
0.17637465051258155,0.9748873148744366
0.176395199813585,0.9748873148744366
0.176415753903519,0.9748873148744366
0.1764363127840578,0.9748873148744366
0.17645687645687647,0.9748873148744366
0.17647744492365078,0.9748873148744366
0.17649801818605734,0.9748873148744366
0.17651859624577357,0.9748873148744366
0.1765597667638484,0.9748873148744366
0.17658035922556567,0.9748873148744366
0.1766009564913099,0.9748873148744366
0.1766215585627625,0.9748873148744366
0.1766421654416054,0.9748873148744366
0.17666277712952158,0.9748873148744366
0.17668339362819466,0.9748873148744366
0.17670401493930907,0.9748873148744366
0.17672464106455002,0.9748873148744366
0.17674527200560355,0.9748873148744366
0.17676590776415646,0.9748873148744366
0.1767865483418963,0.9748873148744366
0.17680719374051151,0.9748873148744366
0.17671104882036906,0.974243399871217
0.17673169022310478,0.974243399871217
0.17675233644859814,0.974243399871217
0.17679364337462025,0.974243399871217
0.1768143040785322,0.974243399871217
0.1768349696119682,0.974243399871217
0.17685563997662185,0.974243399871217
0.1768763151741875,0.974243399871217
0.17689699520636035,0.974243399871217
0.1769176800748363,0.974243399871217
0.17693836978131214,0.974243399871217
0.17695906432748537,0.974243399871217
0.1769797637150544,0.974243399871217
0.1770004679457183,0.974243399871217
0.17702117702117703,0.974243399871217
0.1770418909431313,0.974243399871217
0.1770626097132826,0.974243399871217
0.17708333333333334,0.974243399871217
0.17710406180498653,0.974243399871217
0.17712479512994614,0.974243399871217
0.17714553330991686,0.974243399871217
0.17716627634660423,0.974243399871217
0.17718702424171448,0.974243399871217
0.17720777699695478,0.974243399871217
0.17722853461403304,0.974243399871217
0.17724929709465792,0.974243399871217
0.17727006444053894,0.974243399871217
0.17729083665338646,0.974243399871217
0.17731161373491153,0.974243399871217
0.17733239568682607,0.974243399871217
0.1773531825108428,0.974243399871217
0.17737397420867526,0.974243399871217
0.17739477078203775,0.974243399871217
0.1774155722326454,0.974243399871217
0.17743637856221414,0.974243399871217
0.17745718977246072,0.974243399871217
0.17747800586510265,0.974243399871217
0.17749882684185828,0.974243399871217
0.177665570690465,0.974243399871217
0.17768643570170287,0.974243399871217
0.17770730561428236,0.974243399871217
0.1777281804299307,0.974243399871217
0.17774906015037595,0.974243399871217
0.17776994477734695,0.974243399871217
0.17779083431257345,0.974243399871217
0.17781172875778586,0.974243399871217
0.17783262811471556,0.974243399871217
0.17785353238509463,0.974243399871217
0.17775687749823654,0.9735994848679974
0.17777777777777778,0.9735994848679974
0.17779868297271872,0.9735994848679974
0.17781959308479361,0.9735994848679974
0.17784050811573748,0.9735994848679974
0.1778614280672862,0.9735994848679974
0.17788235294117646,0.9735994848679974
0.17790328273914577,0.9735994848679974
0.17792421746293247,0.9735994848679974
0.17794515711427564,0.9735994848679974
0.1779870512065921,0.9735994848679974
0.1780080056510478,0.9735994848679974
0.17802896503002472,0.9735994848679974
0.17804992934526614,0.9735994848679974
0.17807089859851608,0.9735994848679974
0.17809187279151945,0.9735994848679974
0.17811285192602191,0.9735994848679974
0.17813383600377003,0.9735994848679974
0.17815482502651114,0.9735994848679974
0.1781758189959934,0.9735994848679974
0.17819681791396583,0.9735994848679974
0.1782178217821782,0.9735994848679974
0.17823883060238124,0.9735994848679974
0.17825984437632633,0.9735994848679974
0.17828086310576582,0.9735994848679974
0.17830188679245282,0.9735994848679974
0.1783229154381413,0.9735994848679974
0.17834394904458598,0.9735994848679974
0.17836498761354252,0.9735994848679974
0.17838603114676735,0.9735994848679974
0.1784070796460177,0.9735994848679974
0.1784281331130517,0.9735994848679974
0.17844919154962824,0.9735994848679974
0.17847025495750707,0.9735994848679974
0.17849132333844883,0.9735994848679974
0.17851239669421487,0.9735994848679974
0.1785334750265675,0.9735994848679974
0.17855455833726971,0.9735994848679974
0.1785756466280855,0.9735994848679974
0.1785967399007796,0.9735994848679974
0.17861783815711754,0.9735994848679974
0.1786389413988658,0.9735994848679974
0.17866004962779156,0.9735994848679974
0.17868116284566296,0.9735994848679974
0.17872340425531916,0.9735994848679974
0.17874453245064428,0.9735994848679974
0.17876566564199575,0.9735994848679974
0.17878680383114579,0.9735994848679974
0.17880794701986755,0.9735994848679974
0.17882909520993495,0.9735994848679974
0.17885024840312277,0.9735994848679974
0.17887140660120668,0.9735994848679974
0.17889256980596308,0.9735994848679974
0.17891373801916932,0.9735994848679974
0.17893491124260355,0.9735994848679974
0.17895608947804473,0.9735994848679974
0.17897727272727273,0.9735994848679974
0.1789984609920682,0.9735994848679974
0.17901965427421265,0.9735994848679974
0.17904085257548846,0.9735994848679974
0.17906205589767882,0.9735994848679974
0.17896482293023808,0.9729555698647778
0.17898602226960436,0.9729555698647778
0.17900722663191565,0.9729555698647778
0.17902843601895735,0.9729555698647778
0.1790708698743778,0.9729555698647778
0.17909209434633164,0.9729555698647778
0.17911332385016596,0.9729555698647778
0.17913455838767042,0.9729555698647778
0.17915579796063552,0.9729555698647778
0.1791770425708526,0.9729555698647778
0.17919829222011385,0.9729555698647778
0.1792195469102123,0.9729555698647778
0.17924080664294187,0.9729555698647778
0.17926207142009729,0.9729555698647778
0.17928334124347414,0.9729555698647778
0.1793258960360788,0.9729555698647778
0.17934718100890207,0.9729555698647778
0.1793684710351377,0.9729555698647778
0.17938976611658555,0.9729555698647778
0.1794110662550463,0.9729555698647778
0.17943237145232158,0.9729555698647778
0.17945368171021378,0.9729555698647778
0.1794749970305262,0.9729555698647778
0.17949631741506297,0.9729555698647778
0.17951764286562907,0.9729555698647778
0.1795389733840304,0.9729555698647778
0.17956030897207367,0.9729555698647778
0.17958164963156645,0.9729555698647778
0.17960299536431712,0.9729555698647778
0.17962434617213505,0.9729555698647778
0.17964570205683034,0.9729555698647778
0.17966706302021404,0.9729555698647778
0.179688429064098,0.9729555698647778
0.17970980019029495,0.9729555698647778
0.17973117640061853,0.9729555698647778
0.17975255769688317,0.9729555698647778
0.17977394408090422,0.9729555698647778
0.17985954053088918,0.9729555698647778
0.1798809523809524,0.9729555698647778
0.1799023693296821,0.9729555698647778
0.17980471540843057,0.9723116548615582
0.17982612837918305,0.9723116548615582
0.17984754645069082,0.9723116548615582
0.17986896962477666,0.9723116548615582
0.17989039790326425,0.9723116548615582
0.17991183128797808,0.9723116548615582
0.17993326978074356,0.9723116548615582
0.17995471338338695,0.9723116548615582
0.1799761620977354,0.9723116548615582
0.1799976159256169,0.9723116548615582
0.1800190748688603,0.9723116548615582
0.1800620081087527,0.9723116548615582
0.1800834824090638,0.9723116548615582
0.18010496183206107,0.9723116548615582
0.18012644637957773,0.9723116548615582
0.18014793605344787,0.9723116548615582
0.1801694308555065,0.9723116548615582
0.1801909307875895,0.9723116548615582
0.1802124358515336,0.9723116548615582
0.18023394604917642,0.9723116548615582
0.18025546138235646,0.9723116548615582
0.18027698185291308,0.9723116548615582
0.18029850746268658,0.9723116548615582
0.18032003821351802,0.9723116548615582
0.1803415741072495,0.9723116548615582
0.18036311514572384,0.9723116548615582
0.18026520129016843,0.9716677398583387
0.18030828055920659,0.9716677398583387
0.18032982791587,0.9716677398583387
0.1803513804230907,0.9716677398583387
0.18037293808271576,0.9716677398583387
0.18039450089659295,0.9716677398583387
0.18041606886657102,0.9716677398583387
0.18043764199449958,0.9716677398583387
0.18045922028222913,0.9716677398583387
0.18048080373161104,0.9716677398583387
0.1805023923444976,0.9716677398583387
0.18052398612274195,0.9716677398583387
0.18054558506819812,0.9716677398583387
0.18056718918272108,0.9716677398583387
0.18058879846816658,0.9716677398583387
0.18061041292639138,0.9716677398583387
0.18063203255925306,0.9716677398583387
0.18065365736861008,0.9716677398583387
0.18067528735632185,0.9716677398583387
0.1806969225242486,0.9716677398583387
0.1807185628742515,0.9716677398583387
0.1807402084081926,0.9716677398583387
0.18076185912793483,0.9716677398583387
0.18078351503534204,0.9716677398583387
0.18089187245264923,0.9716677398583387
0.18091355952523677,0.9716677398583387
0.18093525179856115,0.9716677398583387
0.18095694927449335,0.9716677398583387
0.18097865195490526,0.9716677398583387
0.18100035984166968,0.9716677398583387
0.18102207293666026,0.9716677398583387
0.18104379124175166,0.9716677398583387
0.1810655147588193,0.9716677398583387
0.18110897743638982,0.9716677398583387
0.1811307166006482,0.9716677398583387
0.18115246098439375,0.9716677398583387
0.18117421058950656,0.9716677398583387
0.18119596541786742,0.9716677398583387
0.18121772547135823,0.9716677398583387
0.18123949075186163,0.9716677398583387
0.18126126126126127,0.9716677398583387
0.1812830370014416,0.9716677398583387
0.18130481797428813,0.9716677398583387
0.18132660418168708,0.9716677398583387
0.18134839562552577,0.9716677398583387
0.1813701923076923,0.9716677398583387
0.18139199423007574,0.9716677398583387
0.181413801394566,0.9716677398583387
0.18143561380305398,0.9716677398583387
0.18145743145743146,0.9716677398583387
0.1814792543595911,0.9716677398583387
0.18150108251142652,0.9716677398583387
0.1815229159148322,0.9716677398583387
0.18154475457170355,0.9716677398583387
0.18156659848393694,0.9716677398583387
0.1815884476534296,0.9716677398583387
0.18161030208207968,0.9716677398583387
0.18163216177178623,0.9716677398583387
0.18165402672444925,0.9716677398583387
0.18167589694196967,0.9716677398583387
0.18169777242624924,0.9716677398583387
0.18171965317919075,0.9716677398583387
0.1817415392026978,0.9716677398583387
0.18176343049867502,0.9716677398583387
0.18178532706902784,0.9716677398583387
0.18180722891566264,0.9716677398583387
0.1818291360404868,0.9716677398583387
0.18185104844540853,0.9716677398583387
0.181872966132337,0.9716677398583387
0.18189488910318224,0.9716677398583387
0.18191681735985535,0.9716677398583387
0.18193875090426814,0.9716677398583387
0.18196068973833354,0.9716677398583387
0.18198263386396527,0.9716677398583387
0.18200458328307803,0.9716677398583387
0.18202653799758745,0.9716677398583387
0.18204849800941006,0.9716677398583387
0.1820704633204633,0.9716677398583387
0.1820924339326656,0.9716677398583387
0.18213639106819554,0.9716677398583387
0.18215837759536455,0.9716677398583387
0.18218036943136545,0.9716677398583387
0.18220236657812122,0.9716677398583387
0.18222436903755584,0.9716677398583387
0.1822463768115942,0.9716677398583387
0.1822683899021621,0.9716677398583387
0.18229040831118629,0.9716677398583387
0.1823124320405944,0.9716677398583387
0.18233446109231513,0.9716677398583387
0.18235649546827795,0.9716677398583387
0.18237853517041333,0.9716677398583387
0.1822797050646682,0.9710238248551192
0.1823017408123791,0.9710238248551192
0.1823237818885262,0.9710238248551192
0.1823458282950423,0.9710238248551192
0.18236788003386142,0.9710238248551192
0.18238993710691823,0.9710238248551192
0.18241199951614853,0.9710238248551192
0.18243406726348899,0.9710238248551192
0.1824561403508772,0.9710238248551192
0.1824782187802517,0.9710238248551192
0.18250030255355199,0.9710238248551192
0.18252239167271847,0.9710238248551192
0.18254448613969254,0.9710238248551192
0.18256658595641648,0.9710238248551192
0.18248970695083555,0.9703799098518996
0.182511808162771,0.9703799098518996
0.1826223945710131,0.9703799098518996
0.18264452793600774,0.9703799098518996
0.18266666666666667,0.9703799098518996
0.1826888107649412,0.9703799098518996
0.18258971871968963,0.96973599484868
0.18261185885776646,0.96973599484868
0.18263400436575308,0.96973599484868
0.18265615524560339,0.96973599484868
0.1826783114992722,0.96973599484868
0.18270047312871526,0.96973599484868
0.18272264013588935,0.96973599484868
0.1827448125227521,0.96973599484868
0.18276699029126214,0.96973599484868
0.18278917344337905,0.96973599484868
0.18281136198106337,0.96973599484868
0.18283355590627656,0.96973599484868
0.18285575522098105,0.96973599484868
0.18287795992714026,0.96973599484868
0.1829001700267185,0.96973599484868
0.18292238552168105,0.96973599484868
0.18294460641399418,0.96973599484868
0.18296683270562508,0.96973599484868
0.18298906439854193,0.96973599484868
0.1830113014947138,0.96973599484868
0.18303354399611085,0.96973599484868
0.18307804522246535,0.96973599484868
0.18310030395136778,0.96973599484868
0.1831225680933852,0.96973599484868
0.1830232275325307,0.9690920798454604
0.18304548771588422,0.9690920798454604
0.18306775331468192,0.9690920798454604
0.18309002433090024,0.9690920798454604
0.1831123007665166,0.9690920798454604
0.18301289851545388,0.9684481648422408
0.1830574488802337,0.9684481648422408
0.18307973219720025,0.9684481648422408
0.18310202093985878,0.9684481648422408
0.18312431511019117,0.9684481648422408
0.18314661471018023,0.9684481648422408
0.18316891974180977,0.9684481648422408
0.18319123020706454,0.9684481648422408
0.1832135461079303,0.9684481648422408
0.18323586744639375,0.9684481648422408
0.18325819422444256,0.9684481648422408
0.18315866439190837,0.9678042498390212
0.18318098720292506,0.9678042498390212
0.18320331545587518,0.9678042498390212
0.183225649152749,0.9678042498390212
0.18324798829553768,0.9678042498390212
0.18327033288623337,0.9678042498390212
0.18329268292682926,0.9678042498390212
0.18331503841931943,0.9678042498390212
0.18333739936569896,0.9678042498390212
0.1833597657679639,0.9678042498390212
0.18338213762811129,0.9678042498390212
0.1834045149481391,0.9678042498390212
0.18342689773004636,0.9678042498390212
0.18344928597583302,0.9678042498390212
0.1834716796875,0.9678042498390212
0.1834940788670492,0.9678042498390212
0.1835164835164835,0.9678042498390212
0.18353889363780682,0.9678042498390212
0.1835837303041407,0.9678042498390212
0.18360615685316395,0.9678042498390212
0.1836285888821014,0.9678042498390212
0.18365102639296188,0.9678042498390212
0.1836734693877551,0.9678042498390212
0.18369591786849182,0.9678042498390212
0.18371837183718373,0.9678042498390212
0.1837408312958435,0.9678042498390212
0.1837632962464849,0.9678042498390212
0.18378576669112254,0.9678042498390212
0.18380824263177203,0.9678042498390212
0.1838307240704501,0.9678042498390212
0.18385321100917432,0.9678042498390212
0.18375336432591144,0.9671603348358017
0.18377584730209226,0.9671603348358017
0.18379833578071464,0.9671603348358017
0.1838208297637988,0.9671603348358017
0.18384332925336597,0.9671603348358017
0.18386583425143838,0.9671603348358017
0.18388834476003918,0.9671603348358017
0.1839108607811926,0.9671603348358017
0.18393338231692383,0.9671603348358017
0.18395590936925904,0.9671603348358017
0.1839784419402254,0.9671603348358017
0.18400098003185103,0.9671603348358017
0.18402352364616514,0.9671603348358017
0.18404607278519788,0.9671603348358017
0.1840911876455448,0.9671603348358017
0.1841363246291529,0.9671603348358017
0.18403629230014712,0.9665164198325821
0.18405885959534027,0.9665164198325821
0.1840814324258033,0.9665164198325821
0.18410401079357291,0.9665164198325821
0.18412659470068696,0.9665164198325821
0.18414918414918416,0.9665164198325821
0.1841717791411043,0.9665164198325821
0.18419437967848815,0.9665164198325821
0.18421698576337753,0.9665164198325821
0.18423959739781515,0.9665164198325821
0.18428483732351136,0.9665164198325821
0.18430746561886052,0.9665164198325821
0.1842072946088665,0.9658725048293625
0.18422991893883567,0.9658725048293625
0.18432047186040795,0.9658725048293625
0.18434312400147473,0.9658725048293625
0.18436578171091444,0.9658725048293625
0.18438844499078058,0.9658725048293625
0.1844111138431276,0.9658725048293625
0.18443378827001106,0.9658725048293625
0.18445646827348747,0.9658725048293625
0.1844791538556143,0.9658725048293625
0.18450184501845018,0.9658725048293625
0.1845245417640546,0.9658725048293625
0.1845472440944882,0.9658725048293625
0.18456995201181248,0.9658725048293625
0.1845926655180901,0.9658725048293625
0.18461538461538463,0.9658725048293625
0.18463810930576072,0.9658725048293625
0.18466083959128402,0.9658725048293625
0.18468357547402117,0.9658725048293625
0.1847063169560399,0.9658725048293625
0.1847518167261978,0.9658725048293625
0.18477457501847747,0.9658725048293625
0.18479733891831956,0.9658725048293625
0.18482010842779695,0.9658725048293625
0.18484288354898337,0.9658725048293625
0.18486566428395365,0.9658725048293625
0.18488845063478368,0.9658725048293625
0.1849112426035503,0.9658725048293625
0.1849340401923314,0.9658725048293625
0.18495684340320592,0.9658725048293625
0.1849796522382538,0.9658725048293625
0.185002466699556,0.9658725048293625
0.18502528678919453,0.9658725048293625
0.1850481125092524,0.9658725048293625
0.1850709438618137,0.9658725048293625
0.18509378084896347,0.9658725048293625
0.18511662347278784,0.9658725048293625
0.18513947173537398,0.9658725048293625
0.18516232563881002,0.9658725048293625
0.18518518518518517,0.9658725048293625
0.1852080503765897,0.9658725048293625
0.18527667984189725,0.9658725048293625
0.1852995676343422,0.9658725048293625
0.18532246108228317,0.9658725048293625
0.18534536018781664,0.9658725048293625
0.18536826495304004,0.9658725048293625
0.18526758126313186,0.9652285898261429
0.1852904820766378,0.9652285898261429
0.18531338855235505,0.9652285898261429
0.18533630069238377,0.9652285898261429
0.18535921849882528,0.9652285898261429
0.18538214197378183,0.9652285898261429
0.18540507111935683,0.9652285898261429
0.18542800593765463,0.9652285898261429
0.18545094643078064,0.9652285898261429
0.18547389260084138,0.9652285898261429
0.18549684444994433,0.9652285898261429
0.18551980198019802,0.9652285898261429
0.1855427651937121,0.9652285898261429
0.1855657340925972,0.9652285898261429
0.18558870867896496,0.9652285898261429
0.1856116889549282,0.9652285898261429
0.1856346749226006,0.9652285898261429
0.1856576665840971,0.9652285898261429
0.1856806639415335,0.9652285898261429
0.18570366699702676,0.9652285898261429
0.18572667575269483,0.9652285898261429
0.18574969021065676,0.9652285898261429
0.18577271037303258,0.9652285898261429
0.18579573624194348,0.9652285898261429
0.1858187678195116,0.9652285898261429
0.18584180510786016,0.9652285898261429
0.18586484810911344,0.9652285898261429
0.18588789682539683,0.9652285898261429
0.18591095125883667,0.9652285898261429
0.1859340114115604,0.9652285898261429
0.18595707728569658,0.9652285898261429
0.1859801488833747,0.9652285898261429
0.1860032262067254,0.9652285898261429
0.18602630925788036,0.9652285898261429
0.18604939803897233,0.9652285898261429
0.18607249255213507,0.9652285898261429
0.1860955927995034,0.9652285898261429
0.1861186987832133,0.9652285898261429
0.1861418105054017,0.9652285898261429
0.18616492796820666,0.9652285898261429
0.18618805117376724,0.9652285898261429
0.1862111801242236,0.9652285898261429
0.18623431482171698,0.9652285898261429
0.18625745526838966,0.9652285898261429
0.18628060146638498,0.9652285898261429
0.18630375341784738,0.9652285898261429
0.18635007458975633,0.9652285898261429
0.18637324381449707,0.9652285898261429
0.1863964188012932,0.9652285898261429
0.18641959955229448,0.9652285898261429
0.186318407960199,0.9645846748229234
0.18634158477422566,0.9645846748229234
0.18636476735506344,0.9645846748229234
0.186387955704865,0.9645846748229234
0.18641114982578397,0.9645846748229234
0.1864343497199751,0.9645846748229234
0.18645755538959422,0.9645846748229234
0.1864807668367982,0.9645846748229234
0.18650398406374502,0.9645846748229234
0.1865272070725937,0.9645846748229234
0.18655043586550435,0.9645846748229234
0.18657367044463818,0.9645846748229234
0.18666666666666668,0.9645846748229234
0.18668993020937188,0.9645846748229234
0.18673647469458987,0.9645846748229234
0.1867597556414412,0.9645846748229234
0.18678304239401497,0.9645846748229234
0.1868063349544831,0.9645846748229234
0.1868296333250187,0.9645846748229234
0.18685293750779594,0.9645846748229234
0.18687624750499002,0.9645846748229234
0.1867747972551466,0.9639407598197038
0.18679810331919142,0.9639407598197038
0.1866966179957569,0.9632968448164843
0.18671992011982028,0.9632968448164843
0.18674322806141555,0.9632968448164843
0.18678986140591833,0.9632968448164843
0.18668831168831168,0.9626529298132647
0.18671162732608967,0.9626529298132647
0.18673494878840868,0.9626529298132647
0.1867582760774516,0.9626529298132647
0.1867816091954023,0.9626529298132647
0.18680494814444584,0.9626529298132647
0.1868282929267683,0.9626529298132647
0.18685164354455694,0.9626529298132647
0.18689836229528692,0.9626529298132647
0.18692173043260815,0.9626529298132647
0.18694510441415532,0.9626529298132647
0.18696848424212106,0.9626529298132647
0.18699186991869918,0.9626529298132647
0.18701526144608457,0.9626529298132647
0.18703865882647316,0.9626529298132647
0.18706206206206205,0.9626529298132647
0.18708547115504942,0.9626529298132647
0.18710888610763454,0.9626529298132647
0.18700713481036424,0.9620090148100451
0.1870305458187281,0.9620090148100451
0.18705396268937022,0.9620090148100451
0.18707738542449287,0.9620090148100451
0.1871008140262993,0.9620090148100451
0.18702242264812727,0.9613650998068255
0.18704585316963168,0.9613650998068255
0.18716309389494798,0.9613650998068255
0.1871865596790371,0.9613650998068255
0.18721003134796238,0.9613650998068255
0.1872335089039378,0.9613650998068255
0.18725699234917847,0.9613650998068255
0.18728048168590064,0.9613650998068255
0.18730397691632167,0.9613650998068255
0.18732747804265998,0.9613650998068255
0.18735098506713516,0.9613650998068255
0.18737449799196787,0.9613650998068255
0.18739801681937995,0.9613650998068255
0.18742154155159427,0.9613650998068255
0.1874450721908349,0.9613650998068255
0.18746860873932697,0.9613650998068255
0.18751569957297162,0.9613650998068255
0.18753925386258008,0.9613650998068255
0.18756281407035175,0.9613650998068255
0.1875863801985174,0.9613650998068255
0.18760995224930888,0.9613650998068255
0.18763353022495916,0.9613650998068255
0.18753142282554047,0.9607211848036059
0.187578576816696,0.9607211848036059
0.18760216270589714,0.9607211848036059
0.18762575452716299,0.9607211848036059
0.18764935228273172,0.9607211848036059
0.18767295597484276,0.9607211848036059
0.18769656560573658,0.9607211848036059
0.18772018117765477,0.9607211848036059
0.18761796904492262,0.9600772698003863
0.18764158066951925,0.9600772698003863
0.18766519823788547,0.9600772698003863
0.18768882175226587,0.9600772698003863
0.1875865541986655,0.9594333547971667
0.18761017375975825,0.9594333547971667
0.1876337992696134,0.9594333547971667
0.18765743073047858,0.9594333547971667
0.1876810681446026,0.9594333547971667
0.18770471151423532,0.9594333547971667
0.1877283608416278,0.9594333547971667
0.18775201612903225,0.9594333547971667
0.18777567737870196,0.9594333547971667
0.18779934459289135,0.9594333547971667
0.18782301777385604,0.9594333547971667
0.18784669692385275,0.9594333547971667
0.18787038204513934,0.9594333547971667
0.18789407313997478,0.9594333547971667
0.18779165090175307,0.9587894397939472
0.18781533804238143,0.9587894397939472
0.18783903115932887,0.9587894397939472
0.18786273025485742,0.9587894397939472
0.18788643533123028,0.9587894397939472
0.18791014639071177,0.9587894397939472
0.18793386343556734,0.9587894397939472
0.18795758646806363,0.9587894397939472
0.18798131549046837,0.9587894397939472
0.1880050505050505,0.9587894397939472
0.18802879151408006,0.9587894397939472
0.18805253851982823,0.9587894397939472
0.1880762915245674,0.9587894397939472
0.188100050530571,0.9587894397939472
0.1881238155401137,0.9587894397939472
0.1881475865554713,0.9587894397939472
0.18817136357892075,0.9587894397939472
0.18819514661274014,0.9587894397939472
0.1882189356592087,0.9587894397939472
0.18824273072060682,0.9587894397939472
0.18826653179921607,0.9587894397939472
0.18829033889731916,0.9587894397939472
0.18831415201719995,0.9587894397939472
0.18833797116114342,0.9587894397939472
0.1883617963314358,0.9587894397939472
0.18838562753036436,0.9587894397939472
0.18840946476021764,0.9587894397939472
0.18843330802328526,0.9587894397939472
0.188457157321858,0.9587894397939472
0.18848101265822784,0.9587894397939472
0.18850487403468794,0.9587894397939472
0.18852874145353254,0.9587894397939472
0.1885526149170571,0.9587894397939472
0.18857649442755825,0.9587894397939472
0.18860037998733375,0.9587894397939472
0.18864816926390474,0.9587894397939472
0.18869598276517552,0.9587894397939472
0.18871989860583016,0.9587894397939472
0.18874382050957028,0.9587894397939472
0.1887677484787018,0.9587894397939472
0.18879168251553188,0.9587894397939472
0.18881562262236876,0.9587894397939472
0.18886352105530188,0.9587894397939472
0.18888747938602055,0.9587894397939472
0.18895939086294417,0.9587894397939472
0.18898337352455896,0.9587894397939472
0.189007362274689,0.9587894397939472
0.18903135711565316,0.9587894397939472
0.18905535804977147,0.9587894397939472
0.18907936507936507,0.9587894397939472
0.1891033782067564,0.9587894397939472
0.189127397434269,0.9587894397939472
0.18915142276422764,0.9587894397939472
0.1891754541989582,0.9587894397939472
0.1891994917407878,0.9587894397939472
0.18922353539204473,0.9587894397939472
0.18924758515505846,0.9587894397939472
0.18927164103215965,0.9587894397939472
0.18929570302568013,0.9587894397939472
0.18931977113795295,0.9587894397939472
0.18921668362156663,0.9581455247907277
0.18924074780618086,0.9581455247907277
0.1892648181124396,0.9581455247907277
0.18928889454267905,0.9581455247907277
0.18931297709923664,0.9581455247907277
0.18933706578445095,0.9581455247907277
0.18936116060066174,0.9581455247907277
0.18938526155021002,0.9581455247907277
0.1894093686354379,0.9581455247907277
0.18943348185868875,0.9581455247907277
0.1894576012223071,0.9581455247907277
0.18948172672863875,0.9581455247907277
0.18950585838003056,0.9581455247907277
0.18952999617883073,0.9581455247907277
0.18955414012738853,0.9581455247907277
0.18957829022805453,0.9581455247907277
0.18960244648318042,0.9581455247907277
0.18962660889511915,0.9581455247907277
0.18965077746622483,0.9581455247907277
0.18967495219885278,0.9581455247907277
0.18969913309535952,0.9581455247907277
0.18972332015810275,0.9581455247907277
0.18974751338944146,0.9581455247907277
0.18977171279173574,0.9581455247907277
0.18979591836734694,0.9581455247907277
0.18982013011863758,0.9581455247907277
0.18984434804797143,0.9581455247907277
0.1898685721577134,0.9581455247907277
0.18989280245022971,0.9581455247907277
0.1899170389278877,0.9581455247907277
0.1899412815930559,0.9581455247907277
0.1899655304481042,0.9581455247907277
0.18998978549540346,0.9581455247907277
0.19001404673732603,0.9581455247907277
0.1900383141762452,0.9581455247907277
0.19008686765457333,0.9581455247907277
0.19011115369873516,0.9581455247907277
0.19013544594939943,0.9581455247907277
0.19015974440894567,0.9581455247907277
0.1901840490797546,0.9581455247907277
0.1902083599642081,0.9581455247907277
0.19023267706468933,0.9581455247907277
0.19025700038358268,0.9581455247907277
0.19028132992327365,0.9581455247907277
0.19030566568614912,0.9581455247907277
0.1903300076745971,0.9581455247907277
0.19037871033776868,0.9581455247907277
0.19040307101727447,0.9581455247907277
0.19042743793191708,0.9581455247907277
0.19045181108409062,0.9581455247907277
0.19050057611061325,0.9581455247907277
0.1905249679897567,0.9581455247907277
0.19054936611601997,0.9581455247907277
0.19057377049180327,0.9581455247907277
0.19059818111950813,0.9581455247907277
0.19062259800153727,0.9581455247907277
0.1906470211402947,0.9581455247907277
0.19067145053818554,0.9581455247907277
0.1906958861976163,0.9581455247907277
0.19072032812099463,0.9581455247907277
0.1907447763107294,0.9581455247907277
0.19076923076923077,0.9581455247907277
0.19079369149891012,0.9581455247907277
0.19081815850218004,0.9581455247907277
0.1908426317814544,0.9581455247907277
0.19086711133914827,0.9581455247907277
0.190891597177678,0.9581455247907277
0.19091608929946113,0.9581455247907277
0.19096509240246407,0.9581455247907277
0.19086125016044153,0.9575016097875081
0.1908857509627728,0.9575016097875081
0.19095929112623602,0.9575016097875081
0.19098381710762907,0.9575016097875081
0.19100834938985228,0.9575016097875081
0.19103288797533402,0.9575016097875081
0.19105743286650392,0.9575016097875081
0.19108198406579285,0.9575016097875081
0.19110654157563295,0.9575016097875081
0.1911311053984576,0.9575016097875081
0.19102712430903715,0.9568576947842885
0.19105168423759322,0.9568576947842885
0.19094766619519093,0.9562137797810689
0.1909722222222222,0.9562137797810689
0.1909967845659164,0.9562137797810689
0.19102135322871108,0.9562137797810689
0.19104592821304517,0.9562137797810689
0.19107050952135873,0.9562137797810689
0.19109509715609316,0.9562137797810689
0.19111969111969113,0.9562137797810689
0.19114429141459646,0.9562137797810689
0.19116889804325438,0.9562137797810689
0.19121813031161472,0.9562137797810689
0.1912427559562138,0.9562137797810689
0.19126738794435857,0.9562137797810689
0.19116321009918846,0.9555698647778493
0.19118783818603452,0.9555698647778493
0.1912124726195078,0.9555698647778493
0.19126176053615157,0.9555698647778493
0.19128641402423305,0.9555698647778493
0.1913110738687637,0.9555698647778493
0.19133574007220217,0.9555698647778493
0.19136041263700837,0.9555698647778493
0.19138509156564354,0.9555698647778493
0.1914097768605701,0.9555698647778493
0.1914344685242518,0.9555698647778493
0.19145916655915365,0.9555698647778493
0.19148387096774194,0.9555698647778493
0.1915085817524842,0.9555698647778493
0.19153329891584925,0.9555698647778493
0.1915580224603072,0.9555698647778493
0.19158275238832945,0.9555698647778493
0.19160748870238864,0.9555698647778493
0.19163223140495866,0.9555698647778493
0.1916569804985148,0.9555698647778493
0.19168173598553345,0.9555698647778493
0.19170649786849245,0.9555698647778493
0.1917312661498708,0.9555698647778493
0.19175604083214887,0.9555698647778493
0.1917808219178082,0.9555698647778493
0.19188001034393587,0.9555698647778493
0.19190482348377086,0.9555698647778493
0.19192964304190377,0.9555698647778493
0.19195446902082525,0.9555698647778493
0.19197930142302716,0.9555698647778493
0.1920041402510027,0.9555698647778493
0.19202898550724637,0.9555698647778493
0.19205383719425392,0.9555698647778493
0.1920786953145224,0.9555698647778493
0.19210355987055017,0.9555698647778493
0.19212843086483689,0.9555698647778493
0.19215330829988347,0.9555698647778493
0.19217819217819218,0.9555698647778493
0.1922279792746114,0.9555698647778493
0.19225288249773287,0.9555698647778493
0.19227779217413837,0.9555698647778493
0.19230270830633667,0.9555698647778493
0.19232763089683774,0.9555698647778493
0.19235255994815295,0.9555698647778493
0.19237749546279492,0.9555698647778493
0.1924024374432776,0.9555698647778493
0.1924273858921162,0.9555698647778493
0.19245234081182727,0.9555698647778493
0.19247730220492867,0.9555698647778493
0.19250227007393955,0.9555698647778493
0.1925272444213804,0.9555698647778493
0.19255222524977295,0.9555698647778493
0.1925772125616403,0.9555698647778493
0.1926022063595068,0.9555698647778493
0.19262720664589825,0.9555698647778493
0.1925223938725172,0.9549259497746297
0.1925473902882368,0.9549259497746297
0.19257239319568886,0.9549259497746297
0.1925974025974026,0.9549259497746297
0.19262241849590855,0.9549259497746297
0.19264744089373864,0.9549259497746297
0.192672469793426,0.9549259497746297
0.1926975051975052,0.9549259497746297
0.19272254710851203,0.9549259497746297
0.19274759552898363,0.9549259497746297
0.19277265046145847,0.9549259497746297
0.19279771190847633,0.9549259497746297
0.19282277987257834,0.9549259497746297
0.19284785435630689,0.9549259497746297
0.19287293536220576,0.9549259497746297
0.19289802289282,0.9549259497746297
0.19292311695069597,0.9549259497746297
0.19294821753838148,0.9549259497746297
0.19284320104098893,0.9542820347714102
0.19273815720978657,0.9536381197681906
0.19276324352466484,0.9536381197681906
0.19278833637073678,0.9536381197681906
0.19288877311799948,0.9536381197681906
0.19291389865833009,0.9536381197681906
0.1929390307451798,0.9536381197681906
0.1929641693811075,0.9536381197681906
0.19298931456867344,0.9536381197681906
0.1930144663104392,0.9536381197681906
0.1930647894668231,0.9536381197681906
0.19308996088657104,0.9536381197681906
0.19311513887077847,0.9536381197681906
0.19314032342201357,0.9536381197681906
0.19316551454284597,0.9536381197681906
0.1931907122358466,0.9536381197681906
0.19326634477358737,0.9536381197681906
0.19329156878099713,0.9536381197681906
0.19331679937344995,0.9536381197681906
0.1933420365535248,0.9536381197681906
0.19336728032380207,0.9536381197681906
0.1933925306868634,0.9536381197681906
0.19341778764529188,0.9536381197681906
0.19344305120167188,0.9536381197681906
0.19346832135858916,0.9536381197681906
0.1934935981186308,0.9536381197681906
0.1935188814843852,0.9536381197681906
0.19354417145844224,0.9536381197681906
0.19356946804339303,0.9536381197681906
0.19359477124183005,0.9536381197681906
0.19362008105634723,0.9536381197681906
0.19351464435146443,0.952994204764971
0.19353995030731005,0.952994204764971
0.19356526288255296,0.952994204764971
0.1935905820797907,0.952994204764971
0.1936159079016222,0.952994204764971
0.19364124035064764,0.952994204764971
0.19366657942946872,0.952994204764971
0.1936919251406884,0.952994204764971
0.193717277486911,0.952994204764971
0.19374263647074225,0.952994204764971
0.1937680020947892,0.952994204764971
0.19379337436166033,0.952994204764971
0.19381875327396542,0.952994204764971
0.19384413883431564,0.952994204764971
0.19386953104532356,0.952994204764971
0.19392033542976939,0.952994204764971
0.19394574760843927,0.952994204764971
0.19397116644823068,0.952994204764971
0.193996591951763,0.952994204764971
0.19402202412165706,0.952994204764971
0.19391634980988592,0.9523502897617514
0.1939417781274587,0.9523502897617514
0.1939672131147541,0.9523502897617514
0.19404355812122803,0.9523502897617514
0.19409448818897637,0.9523502897617514
0.19411996324977032,0.9523502897617514
0.19414544499868733,0.9523502897617514
0.19422193040052527,0.9523502897617514
0.19424743892829,0.9523502897617514
0.1942729541573624,0.9523502897617514
0.19429847609038362,0.9523502897617514
0.19432400472999606,0.9523502897617514
0.1943495400788436,0.9523502897617514
0.19437508213957155,0.9523502897617514
0.1944006309148265,0.9523502897617514
0.19442618640725648,0.9523502897617514
0.19445174861951092,0.9523502897617514
0.19447731755424064,0.9523502897617514
0.19450289321409783,0.9523502897617514
0.19452847560173617,0.9523502897617514
0.19455406471981057,0.9523502897617514
0.1945796605709775,0.9523502897617514
0.19460526315789473,0.9523502897617514
0.19463087248322147,0.9523502897617514
0.1946564885496183,0.9523502897617514
0.19468211135974728,0.9523502897617514
0.19470774091627172,0.9523502897617514
0.1947333772218565,0.9523502897617514
0.19475902027916778,0.9523502897617514
0.19478467009087316,0.9523502897617514
0.19481032665964174,0.9523502897617514
0.19483598998814386,0.9523502897617514
0.1948616600790514,0.9523502897617514
0.19488733693503754,0.9523502897617514
0.19491302055877702,0.9523502897617514
0.19493871095294582,0.9523502897617514
0.19496440812022145,0.9523502897617514
0.1949901120632828,0.9523502897617514
0.19501582278481014,0.9523502897617514
0.19504154028748516,0.9523502897617514
0.19506726457399104,0.9523502897617514
0.19509299564701227,0.9523502897617514
0.19511873350923484,0.9523502897617514
0.19517022961203484,0.9523502897617514
0.19519598785799128,0.9523502897617514
0.1952217529039071,0.9523502897617514
0.1952733034063903,0.9523502897617514
0.19529908886834807,0.9523502897617514
0.19519281563655574,0.9517063747585319
0.19508651433099986,0.9510624597553123
0.195112285336856,0.9510624597553123
0.19513806315233187,0.9510624597553123
0.1950832672482157,0.9504185447520928
0.19510905485789823,0.9504185447520928
0.195134849286092,0.9504185447520928
0.19516065053550177,0.9504185447520928
0.19518645860883363,0.9504185447520928
0.19523809523809524,0.9504185447520928
0.19526392379944438,0.9504185447520928
0.19515744906059804,0.9497746297488732
0.19518327378589387,0.9497746297488732
0.19520910534674432,0.9497746297488732
0.19523494374586367,0.9497746297488732
0.1952607889859677,0.9497746297488732
0.1953125,0.9497746297488732
0.19533836577936697,0.9497746297488732
0.19536423841059603,0.9497746297488732
0.19541600423953365,0.9497746297488732
0.19544189744269247,0.9497746297488732
0.19546779750861384,0.9497746297488732
0.1954937044400265,0.9497746297488732
0.19551961823966066,0.9497746297488732
0.1954129656635291,0.9491307147456536
0.1954388756298064,0.9491307147456536
0.19546479246784246,0.9491307147456536
0.19549071618037137,0.9491307147456536
0.19551664677012867,0.9491307147456536
0.1955425842398514,0.9491307147456536
0.1955685285922781,0.9491307147456536
0.19559447983014863,0.9491307147456536
0.19562043795620437,0.9491307147456536
0.19564640297318822,0.9491307147456536
0.19567237488384442,0.9491307147456536
0.19569835369091876,0.9491307147456536
0.19572433939715841,0.9491307147456536
0.19575033200531208,0.9491307147456536
0.1957763315181299,0.9491307147456536
0.19580233793836344,0.9491307147456536
0.19582835126876577,0.9491307147456536
0.19585437151209142,0.9491307147456536
0.19588039867109636,0.9491307147456536
0.195906432748538,0.9491307147456536
0.19593247374717532,0.9491307147456536
0.19595852166976868,0.9491307147456536
0.1959845765190799,0.9491307147456536
0.19603670700891077,0.9491307147456536
0.19590098482832047,0.9478428847392144
0.19592705976307734,0.9478428847392144
0.1959531416400426,0.9478428847392144
0.1959792304619891,0.9478428847392144
0.1960053262316911,0.9478428847392144
0.19608365525509525,0.9478428847392144
0.19597655209166,0.9471989697359948
0.19600266489007329,0.9471989697359948
0.19602878464818763,0.9471989697359948
0.1961071857085722,0.9471989697359948
0.19613333333333333,0.9471989697359948
0.19602613681824244,0.9465550547327752
0.19607843137254902,0.9465550547327752
0.19610458911419423,0.9465550547327752
0.1961307538358906,0.9465550547327752
0.19615692554043235,0.9465550547327752
0.19618310423061525,0.9465550547327752
0.19623548257909493,0.9465550547327752
0.19626168224299065,0.9465550547327752
0.19628788890372548,0.9465550547327752
0.19631410256410256,0.9465550547327752
0.19634032322692668,0.9465550547327752
0.19636655089500402,0.9465550547327752
0.1963927855711423,0.9465550547327752
0.19641902725815072,0.9465550547327752
0.19644527595884004,0.9465550547327752
0.19647153167602247,0.9465550547327752
0.1964977944125117,0.9465550547327752
0.196524064171123,0.9465550547327752
0.19655034095467308,0.9465550547327752
0.1965766247659802,0.9465550547327752
0.1966029156078641,0.9465550547327752
0.19662921348314608,0.9465550547327752
0.19665551839464884,0.9465550547327752
0.19668183034519668,0.9465550547327752
0.1967081493376154,0.9465550547327752
0.19673447537473232,0.9465550547327752
0.19678714859437751,0.9465550547327752
0.19681349578256796,0.9465550547327752
0.19686621132985135,0.9465550547327752
0.1968925796946156,0.9465550547327752
0.19691895512391158,0.9465550547327752
0.19694533762057878,0.9465550547327752
0.19697172718745812,0.9465550547327752
0.19699812382739212,0.9465550547327752
0.19702452754322478,0.9465550547327752
0.1970509383378016,0.9465550547327752
0.1970773562139697,0.9465550547327752
0.19710378117457764,0.9465550547327752
0.19713021322247554,0.9465550547327752
0.19715665236051502,0.9465550547327752
0.19718309859154928,0.9465550547327752
0.19720955191843306,0.9465550547327752
0.19723601234402255,0.9465550547327752
0.1972624798711755,0.9465550547327752
0.1972889545027513,0.9465550547327752
0.19731543624161074,0.9465550547327752
0.19734192509061618,0.9465550547327752
0.19736842105263158,0.9465550547327752
0.19739492413052237,0.9465550547327752
0.19742143432715553,0.9465550547327752
0.1974479516453996,0.9465550547327752
0.19747447608812466,0.9465550547327752
0.19750100765820233,0.9465550547327752
0.19752754635850578,0.9465550547327752
0.1975540921919097,0.9465550547327752
0.1975806451612903,0.9465550547327752
0.19760720526952547,0.9465550547327752
0.1976337725194945,0.9465550547327752
0.19766034691407824,0.9465550547327752
0.19768692845615923,0.9465550547327752
0.19776671599623302,0.9465550547327752
0.19779332615715822,0.9465550547327752
0.1976853720898937,0.9459111397295557
0.19771197846567967,0.9459111397295557
0.19773859200430743,0.9459111397295557
0.1977652127086699,0.9459111397295557
0.1978984238178634,0.9459111397295557
0.19792508757747238,0.9459111397295557
0.1979517585231101,0.9459111397295557
0.19784366576819407,0.9452672247263362
0.19787033292896616,0.9452672247263362
0.1978970072795902,0.9452672247263362
0.19792368882297426,0.9452672247263362
0.19795037756202805,0.9452672247263362
0.19797707349966284,0.9452672247263362
0.19800377663879148,0.9452672247263362
0.19803048698232834,0.9452672247263362
0.198110661268556,0.9452672247263362
0.19813740045890132,0.9452672247263362
0.19816414686825054,0.9452672247263362
0.19819090049952748,0.9452672247263362
0.19821766135565758,0.9452672247263362
0.19824442943956785,0.9452672247263362
0.1982712047541869,0.9452672247263362
0.19829798730244497,0.9452672247263362
0.19832477708727372,0.9452672247263362
0.19835157411160653,0.9452672247263362
0.19837837837837838,0.9452672247263362
0.19840518989052575,0.9452672247263362
0.19843200865098676,0.9452672247263362
0.1984588346627011,0.9452672247263362
0.19848566792861005,0.9452672247263362
0.19853935623478497,0.9452672247263362
0.1986468200270636,0.9452672247263362
0.19853836784409257,0.9446233097231166
0.19856524093123984,0.9446233097231166
0.19859212129416542,0.9446233097231166
0.19861900893582454,0.9446233097231166
0.198645903859174,0.9446233097231166
0.19867280606717228,0.9446233097231166
0.19869971556277935,0.9446233097231166
0.19872663234895693,0.9446233097231166
0.1987535564286682,0.9446233097231166
0.19878048780487806,0.9446233097231166
0.1988074264805529,0.9446233097231166
0.1988613257421716,0.9446233097231166
0.1988882863340564,0.9446233097231166
0.19877966101694916,0.943979394719897
0.19880661784648765,0.943979394719897
0.1988335819883358,0.943979394719897
0.19886055344546935,0.943979394719897
0.19888753222086555,0.943979394719897
0.1989145183175034,0.943979394719897
0.1989415117383634,0.943979394719897
0.1989685124864278,0.943979394719897
0.19899552056468034,0.943979394719897
0.19910362623930464,0.943979394719897
0.19899483835914153,0.9433354797166774
0.19902187202825702,0.9433354797166774
0.19907596140779998,0.9433354797166774
0.19910301712421855,0.9433354797166774
0.19913008019573195,0.9433354797166774
0.19915715062533987,0.9433354797166774
0.1991842284160435,0.9433354797166774
0.1992113135708458,0.9433354797166774
0.19923840609275126,0.9433354797166774
0.19926550598476606,0.9433354797166774
0.19929261324989797,0.9433354797166774
0.19931972789115646,0.9433354797166774
0.1993468499115526,0.9433354797166774
0.1993739793140991,0.9433354797166774
0.19940111610181027,0.9433354797166774
0.19942826027770216,0.9433354797166774
0.19931926480599046,0.9426915647134578
0.19934640522875818,0.9426915647134578
0.1993735530437151,0.9426915647134578
0.1994007082538818,0.9426915647134578
0.19942787086228034,0.9426915647134578
0.19931880108991826,0.9420476497102382
0.19934595994004634,0.9420476497102382
0.199373126192423,0.9420476497102382
0.19940029985007496,0.9420476497102382
0.19942748091603055,0.9420476497102382
0.1994546693933197,0.9420476497102382
0.19948186528497408,0.9420476497102382
0.199509068594027,0.9420476497102382
0.19953627932351337,0.9420476497102382
0.1995634974764698,0.9420476497102382
0.19964519650655022,0.9420476497102382
0.199672444383786,0.9420476497102382
0.1996996996996997,0.9420476497102382
0.1997269624573379,0.9420476497102382
0.19975423265974876,0.9420476497102382
0.19978151030998226,0.9420476497102382
0.19980879541108987,0.9420476497102382
0.19983608796612484,0.9420476497102382
0.19986338797814207,0.9420476497102382
0.1998906954501981,0.9420476497102382
0.1999180103853512,0.9420476497102382
0.1999453327866612,0.9420476497102382
0.19997266265718971,0.9420476497102382
0.2,0.9420476497102382
0.20002734481815695,0.9420476497102382
0.2000546971147272,0.9420476497102382
0.200082056892779,0.9420476497102382
0.20013679890560876,0.9420476497102382
0.20016418114653167,0.9420476497102382
0.20019157088122605,0.9420476497102382
0.20021896811276857,0.9420476497102382
0.2002463728442376,0.9420476497102382
0.2002737850787132,0.9420476497102382
0.2003012048192771,0.9420476497102382
0.20032863206901275,0.9420476497102382
0.2003560668310052,0.9420476497102382
0.20038350910834132,0.9420476497102382
0.2004109589041096,0.9420476497102382
0.20043841622140018,0.9420476497102382
0.200465881063305,0.9420476497102382
0.20052083333333334,0.9420476497102382
0.20054832076764909,0.9420476497102382
0.20057581573896352,0.9420476497102382
0.20060331825037708,0.9420476497102382
0.20063082830499177,0.9420476497102382
0.2006583459059114,0.9420476497102382
0.20068587105624142,0.9420476497102382
0.20071340375908903,0.9420476497102382
0.20074094401756312,0.9420476497102382
0.20076849183477424,0.9420476497102382
0.20079604721383476,0.9420476497102382
0.2008236101578586,0.9420476497102382
0.20085118066996155,0.9420476497102382
0.20087875875326103,0.9420476497102382
0.20090634441087613,0.9420476497102382
0.20093393764592776,0.9420476497102382
0.20096153846153847,0.9420476497102382
0.20098914686083252,0.9420476497102382
0.20101676284693598,0.9420476497102382
0.2010443864229765,0.9420476497102382
0.20107201759208357,0.9420476497102382
0.20109965635738833,0.9420476497102382
0.20112730272202364,0.9420476497102382
0.2010174618451808,0.9414037347070187
0.20104510451045104,0.9414037347070187
0.20107275477926007,0.9414037347070187
0.20110041265474554,0.9414037347070187
0.20112807814004677,0.9414037347070187
0.2011557512383049,0.9414037347070187
0.20118343195266272,0.9414037347070187
0.20121112028626478,0.9414037347070187
0.2012388162422574,0.9414037347070187
0.20126651982378854,0.9414037347070187
0.20129423103400798,0.9414037347070187
0.2013219498760672,0.9414037347070187
0.2013496763531194,0.9414037347070187
0.20137741046831956,0.9414037347070187
0.20140515222482436,0.9414037347070187
0.20143290162579222,0.9414037347070187
0.20146065867438334,0.9414037347070187
0.20148842337375963,0.9414037347070187
0.20151619572708476,0.9414037347070187
0.2015439757375241,0.9414037347070187
0.20157176340824487,0.9414037347070187
0.2015995587424159,0.9414037347070187
0.20162736174320783,0.9414037347070187
0.2016551724137931,0.9414037347070187
0.20168299075734583,0.9414037347070187
0.20171081677704195,0.9414037347070187
0.20173865047605907,0.9414037347070187
0.20176649185757659,0.9414037347070187
0.20179434092477572,0.9414037347070187
0.2017119977909706,0.9407598197037991
0.20173985086992544,0.9407598197037991
0.20176771164203838,0.9407598197037991
0.20179558011049722,0.9407598197037991
0.2018234562784915,0.9407598197037991
0.2018513401492125,0.9407598197037991
0.20187923172585326,0.9407598197037991
0.20190713101160862,0.9407598197037991
0.2019350380096752,0.9407598197037991
0.20196295272325132,0.9407598197037991
0.20199087515553713,0.9407598197037991
0.2020188053097345,0.9407598197037991
0.20204674318904717,0.9407598197037991
0.2020746887966805,0.9407598197037991
0.20210264213584175,0.9407598197037991
0.2021306032097399,0.9407598197037991
0.20215857202158571,0.9407598197037991
0.20204815942430113,0.9401159047005795
0.20207612456747404,0.9401159047005795
0.20210409745293467,0.9401159047005795
0.20213207808389866,0.9401159047005795
0.2021600664635835,0.9401159047005795
0.2021880625952084,0.9401159047005795
0.20221606648199447,0.9401159047005795
0.20224407812716444,0.9401159047005795
0.20227209753394293,0.9401159047005795
0.20230012470555633,0.9401159047005795
0.20232815964523282,0.9401159047005795
0.20235620235620236,0.9401159047005795
0.2023842528416967,0.9401159047005795
0.2024123111049494,0.9401159047005795
0.202468450977673,0.9401159047005795
0.20235783633841886,0.9394719896973599
0.20247016375242854,0.9394719896973599
0.20249826509368493,0.9394719896973599
0.20252637423653524,0.9394719896973599
0.2025544911842288,0.9394719896973599
0.20258261594001667,0.9394719896973599
0.20261074850715177,0.9394719896973599
0.20266703708848452,0.9394719896973599
0.202695193109197,0.9394719896973599
0.2027233569542865,0.9394719896973599
0.202751528627015,0.9394719896973599
0.20277970813064627,0.9394719896973599
0.20280789546844594,0.9394719896973599
0.20283609064368135,0.9394719896973599
0.2028642936596218,0.9394719896973599
0.2028925045195383,0.9394719896973599
0.20292072322670376,0.9394719896973599
0.20294894978439282,0.9394719896973599
0.20297718419588204,0.9394719896973599
0.2030054264644497,0.9394719896973599
0.203033676593376,0.9394719896973599
0.20306193458594293,0.9394719896973599
0.20311847417513573,0.9394719896973599
0.20300751879699247,0.9388280746941404
0.20303578888734158,0.9388280746941404
0.2030640668523677,0.9388280746941404
0.20309235269536147,0.9388280746941404
0.2031206464196155,0.9388280746941404
0.20314894802842412,0.9388280746941404
0.20317725752508362,0.9388280746941404
0.20320557491289198,0.9388280746941404
0.20326223337515684,0.9388280746941404
0.20331892344163993,0.9388280746941404
0.20334728033472804,0.9388280746941404
0.20340401785714285,0.9388280746941404
0.20343239849309336,0.9388280746941404
0.20346078704995813,0.9388280746941404
0.20348918353105375,0.9388280746941404
0.20351758793969849,0.9388280746941404
0.20354600027921263,0.9388280746941404
0.2035744205529182,0.9388280746941404
0.2036028487641391,0.9388280746941404
0.2036312849162011,0.9388280746941404
0.2036597290124319,0.9388280746941404
0.20368818105616093,0.9388280746941404
0.20371664105071957,0.9388280746941404
0.20374510899944104,0.9388280746941404
0.20363382250174702,0.9381841596909208
0.20366228683254123,0.9381841596909208
0.2036907591220467,0.9381841596909208
0.20371923937360178,0.9381841596909208
0.20374772759054677,0.9381841596909208
0.20377622377622379,0.9381841596909208
0.20380472793397678,0.9381841596909208
0.20383324006715164,0.9381841596909208
0.20386176017909613,0.9381841596909208
0.2038902882731598,0.9381841596909208
0.20391882435269418,0.9381841596909208
0.20397592048159036,0.9381841596909208
0.2040044805376645,0.9381841596909208
0.20403304859263408,0.9381841596909208
0.20406162464985994,0.9381841596909208
0.2039501330718588,0.9375402446877013
0.20397870551975344,0.9375402446877013
0.2040072859744991,0.9375402446877013
0.2040358744394619,0.9375402446877013
0.2040644709180098,0.9375402446877013
0.20409307541351276,0.9375402446877013
0.2041216879293425,0.9375402446877013
0.2041503084688727,0.9375402446877013
0.2041789370354789,0.9375402446877013
0.20420757363253858,0.9375402446877013
0.20423621826343105,0.9375402446877013
0.20426487093153758,0.9375402446877013
0.2041532201487302,0.9368963296844817
0.20418186921133877,0.9368963296844817
0.20421052631578948,0.9368963296844817
0.20423919146546884,0.9368963296844817
0.204127474378773,0.9362524146812621
0.20415613591687728,0.9362524146812621
0.20418480550484483,0.9362524146812621
0.2042134831460674,0.9362524146812621
0.20424216884393875,0.9362524146812621
0.20413037370047765,0.9356084996780425
0.20415905578193058,0.9356084996780425
0.20418774592467678,0.9356084996780425
0.20421644413211526,0.9356084996780425
0.20427386475467454,0.9356084996780425
0.20430258717660293,0.9356084996780425
0.20436005625879045,0.9356084996780425
0.20424813616542412,0.9349645846748229
0.20427687113111986,0.9349645846748229
0.20430561418319967,0.9349645846748229
0.2043343653250774,0.9349645846748229
0.2043631245601689,0.9349645846748229
0.20439189189189189,0.9349645846748229
0.2042798817401098,0.9343206696716033
0.20419659202929166,0.9336767546683837
0.20422535211267606,0.9336767546683837
0.2042541202986336,0.9336767546683837
0.2042828965905889,0.9336767546683837
0.20431168099196845,0.9336767546683837
0.2043404735062007,0.9336767546683837
0.204369274136716,0.9336767546683837
0.20439808288694672,0.9336767546683837
0.20442689976032707,0.9336767546683837
0.20445572476029328,0.9336767546683837
0.20448455789028347,0.9336767546683837
0.20451339915373765,0.9336767546683837
0.2045422485540979,0.9336767546683837
0.20457110609480814,0.9336767546683837
0.20459997177931424,0.9336767546683837
0.20462884561106406,0.9336767546683837
0.20465772759350742,0.9336767546683837
0.204686617730096,0.9336767546683837
0.2047155160242835,0.9336767546683837
0.20460321942953968,0.9330328396651641
0.2046321141081768,0.9330328396651641
0.20466101694915254,0.9330328396651641
0.20468992795592597,0.9330328396651641
0.20471884713195818,0.9330328396651641
0.20474777448071216,0.9330328396651641
0.20477671000565292,0.9330328396651641
0.20480565371024734,0.9330328396651641
0.20483460559796438,0.9330328396651641
0.20486356567227484,0.9330328396651641
0.20489253393665158,0.9330328396651641
0.20492151039456938,0.9330328396651641
0.20495049504950494,0.9330328396651641
0.20483802518036498,0.9323889246619447
0.2048670062252405,0.9323889246619447
0.20492499292386074,0.9323889246619447
0.20495399858457183,0.9323889246619447
0.20498301245753114,0.9323889246619447
0.20501203454622682,0.9323889246619447
0.20504106485414897,0.9323889246619447
0.2050701033847897,0.9323889246619447
0.20509915014164307,0.9323889246619447
0.20512820512820512,0.9323889246619447
0.20521541950113378,0.9323889246619447
0.20524450744153083,0.9323889246619447
0.20530270806748901,0.9323889246619447
0.20533182076006806,0.9323889246619447
0.20539007092198583,0.9323889246619447
0.20541920839835437,0.9323889246619447
0.2054483541430193,0.9323889246619447
0.2054775081595005,0.9323889246619447
0.20553584102200143,0.9323889246619447
0.20556501987507098,0.9323889246619447
0.2055942070140565,0.9323889246619447
0.20562340244248792,0.9323889246619447
0.20565260616389716,0.9323889246619447
0.2056818181818182,0.9323889246619447
0.2057110384997869,0.9323889246619447
0.2057695040500213,0.9323889246619447
0.20579874928936895,0.9323889246619447
0.2058280028429282,0.9323889246619447
0.2058572647142451,0.9323889246619447
0.20588653490686762,0.9323889246619447
0.20591581342434584,0.9323889246619447
0.20594510027023183,0.9323889246619447
0.20597439544807966,0.9323889246619447
0.20600369896144544,0.9323889246619447
0.20612099644128115,0.9323889246619447
0.2061503416856492,0.9323889246619447
0.2062090572486471,0.9323889246619447
0.2062384275744196,0.9323889246619447
0.20626780626780628,0.9323889246619447
0.20629719333238353,0.9323889246619447
0.20632658877172982,0.9323889246619447
0.2063559925894257,0.9323889246619447
0.2063854047890536,0.9323889246619447
0.20641482537419814,0.9323889246619447
0.20644425434844596,0.9323889246619447
0.20633109938685298,0.9317450096587251
0.20636052481460354,0.9317450096587251
0.20638995863642848,0.9317450096587251
0.20641940085592012,0.9317450096587251
0.20644885147667286,0.9317450096587251
0.2064783105022831,0.9317450096587251
0.20650777793634936,0.9317450096587251
0.2065667380442541,0.9317450096587251
0.20659623072529984,0.9317450096587251
0.20662573182921606,0.9317450096587251
0.20665524135961155,0.9317450096587251
0.20668475932009714,0.9317450096587251
0.2067142857142857,0.9317450096587251
0.20674382054579227,0.9317450096587251
0.20677336381823377,0.9317450096587251
0.2068029155352294,0.9317450096587251
0.20683247570040023,0.9317450096587251
0.20686204431736954,0.9317450096587251
0.20689162138976266,0.9317450096587251
0.2069212069212069,0.9317450096587251
0.2069508009153318,0.9317450096587251
0.2068373623229867,0.9311010946555055
0.20686695278969958,0.9311010946555055
0.20689655172413793,0.9311010946555055
0.20692615912993703,0.9311010946555055
0.20695577501073423,0.9311010946555055
0.2069853993701689,0.9311010946555055
0.2070150322118826,0.9311010946555055
0.20704467353951891,0.9311010946555055
0.20707432335672346,0.9311010946555055
0.20710398166714408,0.9311010946555055
0.2071336484744306,0.9311010946555055
0.20716332378223495,0.9311010946555055
0.2071930075942112,0.9311010946555055
0.20722269991401548,0.9311010946555055
0.20725240074530601,0.9311010946555055
0.20728211009174313,0.9311010946555055
0.20731182795698924,0.9311010946555055
0.2073415543447089,0.9311010946555055
0.20740103270223753,0.9311010946555055
0.20743078467938603,0.9311010946555055
0.20746054519368723,0.9311010946555055
0.2074903142488162,0.9311010946555055
0.20752009184845005,0.9311010946555055
0.20754987799626812,0.9311010946555055
0.20757967269595176,0.9311010946555055
0.2077287746013504,0.9311010946555055
0.20775862068965517,0.9311010946555055
0.20764477654835464,0.9304571796522859
0.2075308996838172,0.9298132646490663
0.20759056929269695,0.9298132646490663
0.20762041696621136,0.9298132646490663
0.20768013806989788,0.9298132646490663
0.20771001150747986,0.9298132646490663
0.20773989354049777,0.9298132646490663
0.20776978417266187,0.9298132646490663
0.20779968340768457,0.9298132646490663
0.20782959124928038,0.9298132646490663
0.20785950770116596,0.9298132646490663
0.20788943276706018,0.9298132646490663
0.20791936645068396,0.9298132646490663
0.20794930875576037,0.9298132646490663
0.2079792596860147,0.9298132646490663
0.2080092192451743,0.9298132646490663
0.2080691642651297,0.9298132646490663
0.20809914973339097,0.9298132646490663
0.2081291438454886,0.9298132646490663
0.20815914660516074,0.9298132646490663
0.20818915801614762,0.9298132646490663
0.20821917808219179,0.9298132646490663
0.2082492068070378,0.9298132646490663
0.20827924419443242,0.9298132646490663
0.20830929024812464,0.9298132646490663
0.20833934497186554,0.9298132646490663
0.20836940836940837,0.9298132646490663
0.2083994804445086,0.9298132646490663
0.2084295612009238,0.9298132646490663
0.20845965064241373,0.9298132646490663
0.2084897487727404,0.9298132646490663
0.20851985559566788,0.9298132646490663
0.20854997111496246,0.9298132646490663
0.20858009533439262,0.9298132646490663
0.20861022825772899,0.9298132646490663
0.2086403698887444,0.9298132646490663
0.20867052023121388,0.9298132646490663
0.2087308470656259,0.9298132646490663
0.20876102356512938,0.9298132646490663
0.2087912087912088,0.9298132646490663
0.20882140274765004,0.9298132646490663
0.20885160543824124,0.9298132646490663
0.20888181686677273,0.9298132646490663
0.20891203703703703,0.9298132646490663
0.20894226595282883,0.9298132646490663
0.208972503617945,0.9298132646490663
0.20900275003618468,0.9298132646490663
0.20903300521134915,0.9298132646490663
0.20897900072411296,0.9291693496458467
0.20903954802259886,0.9291693496458467
0.2090698348304839,0.9291693496458467
0.20910013041588177,0.9291693496458467
0.2091304347826087,0.9291693496458467
0.20916074793448325,0.9291693496458467
0.20919106987532618,0.9291693496458467
0.2092214006089604,0.9291693496458467
0.20925174013921113,0.9291693496458467
0.20928208846990573,0.9291693496458467
0.2093124456048738,0.9291693496458467
0.2093428115479472,0.9291693496458467
0.20937318630295995,0.9291693496458467
0.20940356987374836,0.9291693496458467
0.20943396226415095,0.9291693496458467
0.20949477351916376,0.9291693496458467
0.20952519239146217,0.9291693496458467
0.2095556200987511,0.9291693496458467
0.20958605664488017,0.9291693496458467
0.20961650203370133,0.9291693496458467
0.2096469562690687,0.9291693496458467
0.20967741935483872,0.9291693496458467
0.20970789129486994,0.9291693496458467
0.20973837209302326,0.9291693496458467
0.20976886175316178,0.9291693496458467
0.20979936027915091,0.9291693496458467
0.20982986767485823,0.9291693496458467
0.20986038394415357,0.9291693496458467
0.2098909090909091,0.9291693496458467
0.20992144311899913,0.9291693496458467
0.2099519860323003,0.9291693496458467
0.21001309853005384,0.9291693496458467
0.21004366812227074,0.9291693496458467
0.21007424661522783,0.9291693496458467
0.21010483401281305,0.9291693496458467
0.21013543031891654,0.9291693496458467
0.21016603553743082,0.9291693496458467
0.21019664967225055,0.9291693496458467
0.21022727272727273,0.9291693496458467
0.21025790470639663,0.9291693496458467
0.21028854561352375,0.9291693496458467
0.21017344410435795,0.9285254346426272
0.21020408163265306,0.9285254346426272
0.2102347280944744,0.9285254346426272
0.21026538349372995,0.9285254346426272
0.21029604783432987,0.9285254346426272
0.2101808634772462,0.9278815196394076
0.2102115244347192,0.9278815196394076
0.21024219433907207,0.9278815196394076
0.2102728731942215,0.9278815196394076
0.2103035610040864,0.9278815196394076
0.21033425777258793,0.9278815196394076
0.21036496350364964,0.9278815196394076
0.21039567820119726,0.9278815196394076
0.21042640186915887,0.9278815196394076
0.2104571345114649,0.9278815196394076
0.21048787613204792,0.9278815196394076
0.21051862673484295,0.9278815196394076
0.21054938632378725,0.9278815196394076
0.2105801549028204,0.9278815196394076
0.21061093247588425,0.9278815196394076
0.21064171904692297,0.9278815196394076
0.21067251461988304,0.9278815196394076
0.21070331919871327,0.9278815196394076
0.21073413278736472,0.9278815196394076
0.21079578700994733,0.9278815196394076
0.21082662765179225,0.9278815196394076
0.21085747731928592,0.9278815196394076
0.21088833601639104,0.9278815196394076
0.2109192037470726,0.9278815196394076
0.2109500805152979,0.9278815196394076
0.2109809663250366,0.9278815196394076
0.21101186118026066,0.9278815196394076
0.21104276508494435,0.9278815196394076
0.21107367804306432,0.9278815196394076
0.21110460005859946,0.9278815196394076
0.21113553113553113,0.9278815196394076
0.2111664712778429,0.9278815196394076
0.21119742048952073,0.9278815196394076
0.21122837877455292,0.9278815196394076
0.21125934613693007,0.9278815196394076
0.21135230272807276,0.9278815196394076
0.2113833064397829,0.9278815196394076
0.21141431924882628,0.9278815196394076
0.21144534115920763,0.9278815196394076
0.21147637217493395,0.9278815196394076
0.21150741230001469,0.9278815196394076
0.21153846153846154,0.9278815196394076
0.2116005873715125,0.9278815196394076
0.21163166397415187,0.9278815196394076
0.21166274970622798,0.9278815196394076
0.21169384457176435,0.9278815196394076
0.21175606171932404,0.9278815196394076
0.21178718400940624,0.9278815196394076
0.2118183154490666,0.9278815196394076
0.2120052964543181,0.9278815196394076
0.2120364920541495,0.9278815196394076
0.2120989108036503,0.9278815196394076
0.21213013396143088,0.9278815196394076
0.21216136631330978,0.9278815196394076
0.21204535414519216,0.927237604636188
0.21207658321060383,0.927237604636188
0.21210782147591692,0.927237604636188
0.2121390689451974,0.927237604636188
0.21217032562251362,0.927237604636188
0.21220159151193635,0.927237604636188
0.21223286661753868,0.927237604636188
0.21229544449358692,0.927237604636188
0.21235805928329154,0.927237604636188
0.21238938053097345,0.927237604636188
0.21245205075243434,0.927237604636188
0.21248339973439576,0.927237604636188
0.21239852398523984,0.9265936896329684
0.21242987894892235,0.9265936896329684
0.2124612431714159,0.9265936896329684
0.2124926166568222,0.9265936896329684
0.21252399940924532,0.9265936896329684
0.21255539143279173,0.9265936896329684
0.21258679273157038,0.9265936896329684
0.21261820330969267,0.9265936896329684
0.21264962317127234,0.9265936896329684
0.21274393849793022,0.9265936896329684
0.2127753955345261,0.9265936896329684
0.21280686187518486,0.9265936896329684
0.21283833752403492,0.9265936896329684
0.2128698224852071,0.9265936896329684
0.21290131676283475,0.9265936896329684
0.21293282036105357,0.9265936896329684
0.21296433328400177,0.9265936896329684
0.21299585553582,0.9265936896329684
0.21302738712065136,0.9265936896329684
0.2130589280426414,0.9265936896329684
0.2130904783059381,0.9265936896329684
0.21312203791469195,0.9265936896329684
0.21315360687305585,0.9265936896329684
0.21318518518518517,0.9265936896329684
0.21321677285523782,0.9265936896329684
0.21324836988737403,0.9265936896329684
0.21327997628575662,0.9265936896329684
0.21331159205455086,0.9265936896329684
0.2133432171979244,0.9265936896329684
0.21337485172004744,0.9265936896329684
0.2134064956250927,0.9265936896329684
0.21346981160065273,0.9265936896329684
0.21350148367952523,0.9265936896329684
0.21356485604036807,0.9265936896329684
0.213596556330711,0.9265936896329684
0.21362826603325416,0.9265936896329684
0.21365998515219006,0.9265936896329684
0.2136917136917137,0.9265936896329684
0.21372345165602258,0.9265936896329684
0.2137551990493167,0.9265936896329684
0.21378695587579855,0.9265936896329684
0.2138187221396731,0.9265936896329684
0.21385049784514787,0.9265936896329684
0.2138822829964328,0.9265936896329684
0.21391407759774045,0.9265936896329684
0.21394588165328576,0.9265936896329684
0.21397769516728624,0.9265936896329684
0.21400951814396194,0.9265936896329684
0.21404135058753532,0.9265936896329684
0.21407319250223147,0.9265936896329684
0.21410504389227794,0.9265936896329684
0.21413690476190475,0.9265936896329684
0.21416877511534455,0.9265936896329684
0.21420065495683238,0.9265936896329684
0.21423254429060593,0.9265936896329684
0.2142644431209053,0.9265936896329684
0.2143601966333979,0.9265936896329684
0.2143921334922527,0.9265936896329684
0.214424079868872,0.9265936896329684
0.21445603576751118,0.9265936896329684
0.21448800119242808,0.9265936896329684
0.21451997614788312,0.9265936896329684
0.21455196063813925,0.9265936896329684
0.21458395466746197,0.9265936896329684
0.2146159582401193,0.9265936896329684
0.21464797136038186,0.9265936896329684
0.21453080710129793,0.9259497746297489
0.21456281706953148,0.9259497746297489
0.2145948365915535,0.9259497746297489
0.2146268656716418,0.9259497746297489
0.21465890431407672,0.9259497746297489
0.21469095252314124,0.9259497746297489
0.2147230103031208,0.9259497746297489
0.21475507765830346,0.9259497746297489
0.21478715459297984,0.9259497746297489
0.21481924111144307,0.9259497746297489
0.21485133721798894,0.9259497746297489
0.21488344291691572,0.9259497746297489
0.21491555821252428,0.9259497746297489
0.21494768310911808,0.9259497746297489
0.21497981761100313,0.9259497746297489
0.21501196172248804,0.9259497746297489
0.21504411544788396,0.9259497746297489
0.21507627879150465,0.9259497746297489
0.2151084517576664,0.9259497746297489
0.2151406343506882,0.9259497746297489
0.2151728265748915,0.9259497746297489
0.21520502843460043,0.9259497746297489
0.2152372399341416,0.9259497746297489
0.2152694610778443,0.9259497746297489
0.21530169187004042,0.9259497746297489
0.2153339323150644,0.9259497746297489
0.21536618241725325,0.9259497746297489
0.21539844218094667,0.9259497746297489
0.21543071161048688,0.9259497746297489
0.21546299071021877,0.9259497746297489
0.21549527948448974,0.9259497746297489
0.21552757793764987,0.9259497746297489
0.21540998351071802,0.9253058596265293
0.2154422788605697,0.9253058596265293
0.21532463637726795,0.9246619446233098
0.21535692861427713,0.9246619446233098
0.2153892305384731,0.9246619446233098
0.2154215421542154,0.9246619446233098
0.21545386346586648,0.9246619446233098
0.2154861944777911,0.9246619446233098
0.2155185351943569,0.9246619446233098
0.21555088561993396,0.9246619446233098
0.21558324575889506,0.9246619446233098
0.21561561561561562,0.9246619446233098
0.21564799519447364,0.9246619446233098
0.2156803844998498,0.9246619446233098
0.21571278353612738,0.9246619446233098
0.21574519230769232,0.9246619446233098
0.21577761081893312,0.9246619446233098
0.21581003907424107,0.9246619446233098
0.2158424770780099,0.9246619446233098
0.21600481347773767,0.9246619446233098
0.21603731006469085,0.9246619446233098
0.2160698164309359,0.9246619446233098
0.21610233258088787,0.9246619446233098
0.21613485851896447,0.9246619446233098
0.21616739424958603,0.9246619446233098
0.21623249510615872,0.9246619446233098
0.21626506024096387,0.9246619446233098
0.21617957216028924,0.9240180296200902
0.21621214404098238,0.9240180296200902
0.21624472573839662,0.9240180296200902
0.2162773172569706,0.9240180296200902
0.21630991860114562,0.9240180296200902
0.21634252977536558,0.9240180296200902
0.2163751507840772,0.9240180296200902
0.21640778163172975,0.9240180296200902
0.21632222054608538,0.9233741146168706
0.21635485817742908,0.9233741146168706
0.21638750565866907,0.9233741146168706
0.216420162994265,0.9233741146168706
0.21645283018867925,0.9233741146168706
0.2164855072463768,0.9233741146168706
0.21651819417182547,0.9233741146168706
0.21655089096949562,0.9233741146168706
0.21658359764386045,0.9233741146168706
0.21668177697189483,0.9233741146168706
0.21671452319782378,0.9233741146168706
0.21674727932285368,0.9233741146168706
0.2167800453514739,0.9233741146168706
0.21681282128817658,0.9233741146168706
0.21684560713745651,0.9233741146168706
0.21687840290381125,0.9233741146168706
0.21691120859174104,0.9233741146168706
0.21694402420574888,0.9233741146168706
0.21697684975034046,0.9233741146168706
0.2170096852300242,0.9233741146168706
0.21704253064931134,0.9233741146168706
0.21707538601271573,0.9233741146168706
0.21710825132475398,0.9233741146168706
0.2171411265899455,0.9233741146168706
0.21717401181281235,0.9233741146168706
0.21720690699787942,0.9233741146168706
0.2172398121496743,0.9233741146168706
0.21727272727272728,0.9233741146168706
0.21730565237157146,0.9233741146168706
0.21733858745074264,0.9233741146168706
0.21737153251477945,0.9233741146168706
0.21747042766151045,0.9233741146168706
0.21750341271045048,0.9233741146168706
0.2175364077669903,0.9233741146168706
0.21756941283568504,0.9233741146168706
0.21760242792109258,0.9233741146168706
0.21763545302777357,0.9233741146168706
0.21766848816029144,0.9233741146168706
0.21770153332321238,0.9233741146168706
0.2177345885211054,0.9233741146168706
0.21776765375854215,0.9233741146168706
0.2178007290400972,0.9233741146168706
0.21783381437034788,0.9233741146168706
0.2178669097538742,0.9233741146168706
0.2179000151952591,0.9233741146168706
0.21793313069908815,0.9233741146168706
0.2179993919124354,0.9233741146168706
0.2180325376311388,0.9233741146168706
0.21806569343065693,0.9233741146168706
0.21809885931558937,0.9233741146168706
0.21813203529053848,0.9233741146168706
0.21816522136010955,0.9233741146168706
0.2182648401826484,0.9233741146168706
0.21829806667681534,0.9233741146168706
0.21833130328867234,0.9233741146168706
0.21836455002284147,0.9233741146168706
0.2183978068839476,0.9233741146168706
0.21843107387661842,0.9233741146168706
0.21846435100548445,0.9233741146168706
0.21849763827517904,0.9233741146168706
0.21853093569033832,0.9233741146168706
0.21856424325560128,0.9233741146168706
0.21859756097560976,0.9233741146168706
0.2186308888550084,0.9233741146168706
0.21866422689844464,0.9233741146168706
0.21869757511056886,0.9233741146168706
0.21873093349603417,0.9233741146168706
0.21876430205949657,0.9233741146168706
0.2187976808056149,0.9233741146168706
0.2188310697390508,0.9233741146168706
0.21886446886446886,0.9233741146168706
0.21889787818653642,0.9233741146168706
0.21893129770992367,0.9233741146168706
0.2189647274393037,0.9233741146168706
0.2189981673793525,0.9233741146168706
0.21903161753474873,0.9233741146168706
0.21906507791017416,0.9233741146168706
0.2190985485103132,0.9233741146168706
0.2191320293398533,0.9233741146168706
0.21916552040348464,0.9233741146168706
0.21904616325282789,0.922730199613651
0.2191131498470948,0.922730199613651
0.2191466585104756,0.922730199613651
0.21918017742428877,0.922730199613651
0.2192137065932385,0.922730199613651
0.21924724602203183,0.922730199613651
0.21928079571537873,0.922730199613651
0.21931435567799204,0.922730199613651
0.2193479259145875,0.922730199613651
0.21938150642988366,0.922730199613651
0.21941509722860206,0.922730199613651
0.21944869831546707,0.922730199613651
0.21932914688313676,0.9220862846104314
0.2193627450980392,0.9220862846104314
0.21939635360808948,0.9220862846104314
0.21942997241802023,0.9220862846104314
0.21946360153256705,0.9220862846104314
0.21949724095646841,0.9220862846104314
0.21959822113172825,0.9220862846104314
0.2196319018404908,0.9220862846104314
0.2196655928823439,0.9220862846104314
0.21969929426204357,0.9220862846104314
0.21973300598434864,0.9220862846104314
0.21976672805402087,0.9220862846104314
0.21980046047582502,0.9220862846104314
0.2198342032545287,0.9220862846104314
0.2198679563949025,0.9220862846104314
0.2199017199017199,0.9220862846104314
0.21993549377975732,0.9220862846104314
0.21996927803379415,0.9220862846104314
0.2200030726686127,0.9220862846104314
0.22003687768899816,0.9220862846104314
0.22007069309973876,0.9220862846104314
0.22010451890562557,0.9220862846104314
0.22013835511145272,0.9220862846104314
0.2201722017220172,0.9220862846104314
0.22020605874211902,0.9220862846104314
0.22023992617656105,0.9220862846104314
0.2202738040301492,0.9220862846104314
0.22030769230769232,0.9220862846104314
0.22034159101400216,0.9220862846104314
0.2203755001538935,0.9220862846104314
0.2204094197321841,0.9220862846104314
0.2204433497536946,0.9220862846104314
0.22047729022324866,0.9220862846104314
0.22051124114567294,0.9220862846104314
0.220545202525797,0.9220862846104314
0.22057917436845348,0.9220862846104314
0.2206131566784779,0.9220862846104314
0.2206471494607088,0.9220862846104314
0.22068115271998767,0.9220862846104314
0.22071516646115907,0.9220862846104314
0.22074919068907045,0.9220862846104314
0.22078322540857231,0.9220862846104314
0.2208172706245181,0.9220862846104314
0.22085132634176435,0.9220862846104314
0.22088539256517045,0.9220862846104314
0.22091946929959888,0.9220862846104314
0.22095355654991514,0.9220862846104314
0.22098765432098766,0.9220862846104314
0.2210217626176879,0.9220862846104314
0.2210558814448904,0.9220862846104314
0.2210900108074726,0.9220862846104314
0.22112415071031502,0.9220862846104314
0.22119246215631758,0.9220862846104314
0.22122663370925383,0.9220862846104314
0.22126081582200247,0.9220862846104314
0.2211404728789986,0.9214423696072118
0.22117465224111282,0.9214423696072118
0.22120884217035092,0.9214423696072118
0.2212430426716141,0.9214423696072118
0.22127725374980672,0.9214423696072118
0.22131147540983606,0.9214423696072118
0.22134570765661252,0.9214423696072118
0.22141420393006345,0.9214423696072118
0.2214484679665738,0.9214423696072118
0.22148274260950318,0.9214423696072118
0.22151702786377708,0.9214423696072118
0.2215513237343242,0.9214423696072118
0.2215856302260762,0.9214423696072118
0.22161994734396778,0.9214423696072118
0.2214993804213135,0.9207984546039922
0.22156801983266192,0.9207984546039922
0.22160235549356888,0.9207984546039922
0.2216710587505813,0.9207984546039922
0.22170542635658916,0.9207984546039922
0.22173980462087145,0.9207984546039922
0.2217741935483871,0.9207984546039922
0.22180859314409804,0.9207984546039922
0.22184300341296928,0.9207984546039922
0.2219462983082415,0.9207984546039922
0.221980751319466,0.9207984546039922
0.22201521502872223,0.9207984546039922
0.2220496894409938,0.9207984546039922
0.22211867039453245,0.9207984546039922
0.2221531769457822,0.9207984546039922
0.22218769422001244,0.9207984546039922
0.22225676095741373,0.9207984546039922
0.22229131043059225,0.9207984546039922
0.22232587064676618,0.9207984546039922
0.22236044161094698,0.9207984546039922
0.2223950233281493,0.9207984546039922
0.22242961580339088,0.9207984546039922
0.22246421904169258,0.9207984546039922
0.2224988330480784,0.9207984546039922
0.22253345782757547,0.9207984546039922
0.222568093385214,0.9207984546039922
0.22244707347447074,0.9201545396007726
0.22248170636774092,0.9201545396007726
0.2225163500467144,0.9201545396007726
0.2223952655349634,0.9195106245975532
0.22242990654205608,0.9195106245975532
0.22246455834242093,0.9195106245975532
0.22249922094110314,0.9195106245975532
0.22253389434315102,0.9195106245975532
0.22256857855361595,0.9195106245975532
0.2226032735775526,0.9195106245975532
0.2226379794200187,0.9195106245975532
0.22267269608607515,0.9195106245975532
0.22270742358078602,0.9195106245975532
0.22274216190921853,0.9195106245975532
0.22277691107644307,0.9195106245975532
0.22281167108753316,0.9195106245975532
0.22284644194756553,0.9195106245975532
0.2228812236616201,0.9195106245975532
0.22291601623477988,0.9195106245975532
0.22295081967213115,0.9195106245975532
0.22298563397876328,0.9195106245975532
0.22302045915976887,0.9195106245975532
0.22305529522024367,0.9195106245975532
0.22309014216528666,0.9195106245975532
0.223125,0.9195106245975532
0.22315986872948898,0.9195106245975532
0.22319474835886213,0.9195106245975532
0.2232296388932312,0.9195106245975532
0.22310819262038775,0.9188667095943336
0.22314308053166537,0.9188667095943336
0.22321288909745032,0.9188667095943336
0.22309136420525658,0.918222794591114
0.2231262713190424,0.918222794591114
0.22316118935837245,0.918222794591114
0.2230395993113163,0.9175788795878944
0.2230745147150908,0.9175788795878944
0.22310944105213715,0.9175788795878944
0.2231443783275916,0.9175788795878944
0.2231793265465936,0.9175788795878944
0.22321428571428573,0.9175788795878944
0.22324925583581387,0.9175788795878944
0.22335423197492163,0.9175788795878944
0.22338924596331713,0.9175788795878944
0.22342427093132644,0.9175788795878944
0.22345930688411478,0.9175788795878944
0.22349435382685068,0.9175788795878944
0.2235294117647059,0.9175788795878944
0.22356448070285534,0.9175788795878944
0.22359956064647732,0.9175788795878944
0.2236346516007533,0.9175788795878944
0.223669753570868,0.9175788795878944
0.2237048665620094,0.9175788795878944
0.22373999057936883,0.9175788795878944
0.2237751256281407,0.9175788795878944
0.22381027171352286,0.9175788795878944
0.22388059701492538,0.9175788795878944
0.22395096652522395,0.9175788795878944
0.22398616787173845,0.9175788795878944
0.22402138028611854,0.9175788795878944
0.22409183833936153,0.9175788795878944
0.22412708398867567,0.9175788795878944
0.22419760855884205,0.9175788795878944
0.2242681775259679,0.9175788795878944
0.22430347867149378,0.9175788795878944
0.2243387909319899,0.9175788795878944
0.2244447944558198,0.9175788795878944
0.22448015122873347,0.9175788795878944
0.22451551914290216,0.9175788795878944
0.2245508982035928,0.9175788795878944
0.22458628841607564,0.9175788795878944
0.22462168978562422,0.9175788795878944
0.22465710231751537,0.9175788795878944
0.22469252601702933,0.9175788795878944
0.22476340694006308,0.9175788795878944
0.22479886417415995,0.9175788795878944
0.22483433259703375,0.9175788795878944
0.2248698122139814,0.9175788795878944
0.22490530303030304,0.9175788795878944
0.2249408050513023,0.9175788795878944
0.22497631828228606,0.9175788795878944
0.22501184272856467,0.9175788795878944
0.22504737839545166,0.9175788795878944
0.2250829252882641,0.9175788795878944
0.22511848341232227,0.9175788795878944
0.22515405277294992,0.9175788795878944
0.225031605562579,0.9169349645846748
0.2250671724355935,0.9169349645846748
0.2251027505532722,0.9169349645846748
0.22513833992094862,0.9169349645846748
0.2251739405439595,0.9169349645846748
0.2252095524276451,0.9169349645846748
0.22524517557734894,0.9169349645846748
0.22528080999841799,0.9169349645846748
0.22531645569620254,0.9169349645846748
0.22535211267605634,0.9169349645846748
0.2253877809433365,0.9169349645846748
0.2254234605034035,0.9169349645846748
0.22545915136162129,0.9169349645846748
0.22549485352335707,0.9169349645846748
0.22553056699398163,0.9169349645846748
0.225566291778869,0.9169349645846748
0.2256020278833967,0.9169349645846748
0.22563777531294565,0.9169349645846748
0.22570930416864796,0.9169349645846748
0.2257450856055802,0.9169349645846748
0.2257808783890915,0.9169349645846748
0.22581668252457976,0.9169349645846748
0.2257296954314721,0.9162910495814552
0.22576550848802157,0.9162910495814552
0.22580133291018725,0.9162910495814552
0.22583716870338041,0.9162910495814552
0.22587301587301586,0.9162910495814552
0.22590887442451182,0.9162910495814552
0.22594474436328993,0.9162910495814552
0.22598062569477528,0.9162910495814552
0.22601651842439643,0.9162910495814552
0.2260524225575854,0.9162910495814552
0.2261602034329307,0.9162910495814552
0.22619615323477985,0.9162910495814552
0.2262321144674086,0.9162910495814552
0.22626808713626967,0.9162910495814552
0.22630407124681934,0.9162910495814552
0.22634006680451726,0.9162910495814552
0.2263760738148266,0.9162910495814552
0.226412092283214,0.9162910495814552
0.2264481222151496,0.9162910495814552
0.2265202164915632,0.9162910495814552
0.2265562808469989,0.9162910495814552
0.2265923566878981,0.9162910495814552
0.22662844401974835,0.9162910495814552
0.22666454284804077,0.9162910495814552
0.22670065317826987,0.9162910495814552
0.22673677501593373,0.9162910495814552
0.22677290836653385,0.9162910495814552
0.2268090532355754,0.9162910495814552
0.22684520962856689,0.9162910495814552
0.22688137755102042,0.9162910495814552
0.2269175570084516,0.9162910495814552
0.22695374800637957,0.9162910495814552
0.226989950550327,0.9162910495814552
0.22697525937749402,0.9156471345782357
0.22685185185185186,0.9150032195750161
0.2268880728085582,0.9150032195750161
0.22692430533375918,0.9150032195750161
0.22696054943299793,0.9150032195750161
0.22703307237577888,0.9150032195750161
0.22706935123042504,0.9150032195750161
0.22710564168131692,0.9150032195750161
0.22714194373401533,0.9150032195750161
0.22717825739408473,0.9150032195750161
0.22721458266709307,0.9150032195750161
0.22725091955861187,0.9150032195750161
0.22728726807421626,0.9150032195750161
0.22732362821948487,0.9150032195750161
0.22736,0.9150032195750161
0.2273963834213474,0.9150032195750161
0.22743277848911653,0.9150032195750161
0.22746918520890028,0.9150032195750161
0.2275420336269015,0.9150032195750161
0.22757847533632286,0.9150032195750161
0.2276149287201666,0.9150032195750161
0.2276513937840436,0.9150032195750161
0.22768787053356834,0.9150032195750161
0.22772435897435897,0.9150032195750161
0.2277608591120372,0.9150032195750161
0.22779737095222827,0.9150032195750161
0.22787042976266839,0.9150032195750161
0.22790697674418606,0.9150032195750161
0.22794353545075394,0.9150032195750161
0.2279801058880154,0.9150032195750161
0.22801668806161746,0.9150032195750161
0.22805328197721073,0.9150032195750161
0.22808988764044943,0.9150032195750161
0.2281265050569915,0.9150032195750161
0.22803918419784808,0.9143593045717965
0.22807581111468037,0.9143593045717965
0.2281124497991968,0.9143593045717965
0.22814910025706941,0.9143593045717965
0.22818576249397396,0.9143593045717965
0.22822243651558985,0.9143593045717965
0.22825912232760007,0.9143593045717965
0.2282958199356913,0.9143593045717965
0.22833252934555395,0.9143593045717965
0.22836925056288196,0.9143593045717965
0.228405983593373,0.9143593045717965
0.22844272844272845,0.9143593045717965
0.22847948511665325,0.9143593045717965
0.22851625362085612,0.9143593045717965
0.22855303396104942,0.9143593045717965
0.22858982614294912,0.9143593045717965
0.2284656255031396,0.9137153895685769
0.2285024154589372,0.9137153895685769
0.2285392172652601,0.9137153895685769
0.22857603092783504,0.9137153895685769
0.22861285645239246,0.9137153895685769
0.22864969384466646,0.9137153895685769
0.22868654311039485,0.9137153895685769
0.22856221792392006,0.9130714745653574
0.2285990649685636,0.9130714745653574
0.22863592389551757,0.9130714745653574
0.22867279471053056,0.9130714745653574
0.22870967741935483,0.9130714745653574
0.2287465720277464,0.9130714745653574
0.228783478541465,0.9130714745653574
0.22882039696627401,0.9130714745653574
0.22885732730794062,0.9130714745653574
0.2289312237649338,0.9130714745653574
0.22896818989181333,0.9130714745653574
0.22900516795865633,0.9130714745653574
0.22904215797124858,0.9130714745653574
0.2291161738568428,0.9130714745653574
0.22915319974143503,0.9130714745653574
0.22919023759495716,0.9130714745653574
0.22926434923201294,0.9130714745653574
0.22930142302716688,0.9130714745653574
0.22933850881449136,0.9130714745653574
0.22937560659980588,0.9130714745653574
0.22941271638893382,0.9130714745653574
0.22944983818770226,0.9130714745653574
0.22948697200194207,0.9130714745653574
0.22952411783748786,0.9130714745653574
0.2295612757001781,0.9130714745653574
0.22959844559585493,0.9130714745653574
0.2296728215095562,0.9130714745653574
0.229710027539284,0.9130714745653574
0.22974724562540505,0.9130714745653574
0.22978447577378058,0.9130714745653574
0.22982171799027554,0.9130714745653574
0.22985897228075863,0.9130714745653574
0.22989623865110245,0.9130714745653574
0.2299335171071834,0.9130714745653574
0.22997080765488162,0.9130714745653574
0.23000811030008111,0.9130714745653574
0.2300454250486697,0.9130714745653574
0.230082751906539,0.9130714745653574
0.23012009087958454,0.9130714745653574
0.23015744197370558,0.9130714745653574
0.2301948051948052,0.9130714745653574
0.23030696767906447,0.9130714745653574
0.23034437946718647,0.9130714745653574
0.23038180341186026,0.9130714745653574
0.23041923951901203,0.9130714745653574
0.23045668779457176,0.9130714745653574
0.23049414824447334,0.9130714745653574
0.23053162087465454,0.9130714745653574
0.2305691056910569,0.9130714745653574
0.23064411190631098,0.9130714745653574
0.23068163331706523,0.9130714745653574
0.23071916693784575,0.9130714745653574
0.23075671277461351,0.9130714745653574
0.23079427083333334,0.9130714745653574
0.23083184111997396,0.9130714745653574
0.2307066102246825,0.9124275595621378
0.23074417847256148,0.9124275595621378
0.23078175895765474,0.9124275595621378
0.23081935168594234,0.9124275595621378
0.23085695666340827,0.9124275595621378
0.2308945738960404,0.9124275595621378
0.23080684596577017,0.9117836445589182
0.23084447342680142,0.9117836445589182
0.23088211315832383,0.9117836445589182
0.2309197651663405,0.9117836445589182
0.23099510603588908,0.9117836445589182
0.2310327949094469,0.9117836445589182
0.2310704960835509,0.9117836445589182
0.23110820956422393,0.9117836445589182
0.23114593535749264,0.9117836445589182
0.23118367346938776,0.9117836445589182
0.23122142390594383,0.9117836445589182
0.23125918667319942,0.9117836445589182
0.231296961777197,0.9117836445589182
0.231334749223983,0.9117836445589182
0.23137254901960785,0.9117836445589182
0.23141036117012584,0.9117836445589182
0.23144818568159528,0.9117836445589182
0.23148602256007847,0.9117836445589182
0.2315238718116416,0.9117836445589182
0.23156173344235487,0.9117836445589182
0.23159960745829244,0.9117836445589182
0.23167539267015708,0.9117836445589182
0.23171330387825234,0.9117836445589182
0.23175122749590835,0.9117836445589182
0.2317891635292192,0.9117836445589182
0.2318271119842829,0.9117836445589182
0.23186507286720157,0.9117836445589182
0.23197903014416776,0.9117836445589182
0.23185318695723414,0.9111397295556987
0.23189118321861685,0.9111397295556987
0.2318032786885246,0.9104958145524791
0.23167732415150025,0.9098518995492595
0.23175332130556012,0.9098518995492595
0.2316272965879265,0.9092079845460399
0.23170331473580572,0.9092079845460399
0.2317413425242081,0.9092079845460399
0.23177938279711097,0.9092079845460399
0.23181743556066328,0.9092079845460399
0.23185550082101805,0.9092079845460399
0.2318935785843324,0.9092079845460399
0.23200788695366414,0.9092079845460399
0.23204601479046835,0.9092079845460399
0.23208415516107825,0.9092079845460399
0.2321604735284446,0.9092079845460399
0.23219865153757605,0.9092079845460399
0.23223684210526316,0.9092079845460399
0.23227504523770356,0.9092079845460399
0.23231326094109905,0.9092079845460399
0.2323514892216554,0.9092079845460399
0.2323897300855826,0.9092079845460399
0.23242798353909466,0.9092079845460399
0.2324662495884096,0.9092079845460399
0.2325045282397497,0.9092079845460399
0.23254281949934125,0.9092079845460399
0.2325811233734146,0.9092079845460399
0.23261943986820427,0.9092079845460399
0.23281121187139325,0.9092079845460399
0.2328496042216359,0.9092079845460399
0.23288800923635164,0.9092079845460399
0.23292642692180798,0.9092079845460399
0.23296485728427652,0.9092079845460399
0.233003300330033,0.9092079845460399
0.23304175606535732,0.9092079845460399
0.2330802244965335,0.9092079845460399
0.23311870562984977,0.9092079845460399
0.2331571994715984,0.9092079845460399
0.23319570602807596,0.9092079845460399
0.23323422530558308,0.9092079845460399
0.23327275731042457,0.9092079845460399
0.23331130204890946,0.9092079845460399
0.23334985952735085,0.9092079845460399
0.2333884297520661,0.9092079845460399
0.23342701272937674,0.9092079845460399
0.23346560846560846,0.9092079845460399
0.23350421696709112,0.9092079845460399
0.23354283824015878,0.9092079845460399
0.2335814722911497,0.9092079845460399
0.23345466578424884,0.9085640695428203
0.23349329803077942,0.9085640695428203
0.23357060089389173,0.9085640695428203
0.2336092715231788,0.9085640695428203
0.23364795495943036,0.9085640695428203
0.2336866512090096,0.9085640695428203
0.23372536027828392,0.9085640695428203
0.2337640821736249,0.9085640695428203
0.23380281690140844,0.9085640695428203
0.23384156446801457,0.9085640695428203
0.23371456986573844,0.9079201545396007
0.23375331564986737,0.9079201545396007
0.23379207428287183,0.9079201545396007
0.23394723743155799,0.9079201545396007
0.23398606040491204,0.9079201545396007
0.23402489626556017,0.9079201545396007
0.2340637450199203,0.9079201545396007
0.23410260667441474,0.9079201545396007
0.23414148123546993,0.9079201545396007
0.2341803687095167,0.9079201545396007
0.23421926910299004,0.9079201545396007
0.2342581824223293,0.9079201545396007
0.23429710867397807,0.9079201545396007
0.234375,0.9079201545396007
0.2344139650872818,0.9079201545396007
0.23449193414269084,0.9079201545396007
0.234569955082349,0.9079201545396007
0.23460898502495842,0.9079201545396007
0.23468708388814913,0.9079201545396007
0.234726152821708,0.9079201545396007
0.23476523476523475,0.9079201545396007
0.23480432972522897,0.9079201545396007
0.23488255872063968,0.9079201545396007
0.23492169276907698,0.9079201545396007
0.235,0.9079201545396007
0.23503917319553258,0.9079201545396007
0.23507835945315106,0.9079201545396007
0.2351175587793897,0.9079201545396007
0.23519599666388658,0.9079201545396007
0.23523523523523523,0.9079201545396007
0.23527448690138494,0.9079201545396007
0.23531375166889185,0.9079201545396007
0.2353923205342237,0.9079201545396007
0.23543162464518283,0.9079201545396007
0.2356283422459893,0.9079201545396007
0.23550058499080728,0.9072762395363811
0.23553995319291207,0.9072762395363811
0.23576691225720026,0.9066323245331617
0.2359249329758713,0.9066323245331617
0.23600402279584312,0.9066323245331617
0.23604358759430008,0.9066323245331617
0.23591549295774647,0.9059884095299421
0.23599463267359946,0.9059884095299421
0.23603422244589833,0.9059884095299421
0.2360738255033557,0.9059884095299421
0.23611344185265984,0.9059884095299421
0.23615307150050352,0.9059884095299421
0.23631172321128652,0.9059884095299421
0.23635141945237695,0.9059884095299421
0.23639112903225806,0.9059884095299421
0.23643085195765418,0.9059884095299421
0.23630252100840335,0.9053444945267225
0.2363422423936796,0.9053444945267225
0.23638197713517148,0.9053444945267225
0.2364217252396166,0.9053444945267225
0.23646148671375714,0.9053444945267225
0.2365012615643398,0.9053444945267225
0.23654104979811574,0.9053444945267225
0.23658085142184082,0.9053444945267225
0.23662066644227533,0.9053444945267225
0.23666049486618415,0.9053444945267225
0.2367003367003367,0.9053444945267225
0.236740191951507,0.9053444945267225
0.23678006062647355,0.9053444945267225
0.23681994273201953,0.9053444945267225
0.23685983827493262,0.9053444945267225
0.23689974726200505,0.9053444945267225
0.23693966970003372,0.9053444945267225
0.23697960559582,0.9053444945267225
0.23701955495616991,0.9053444945267225
0.2370595177878941,0.9053444945267225
0.23709949409780776,0.9053444945267225
0.23713948389273065,0.9053444945267225
0.23717948717948717,0.9053444945267225
0.23705078454530115,0.9047005795235029
0.23709078636517045,0.9047005795235029
0.2369620253164557,0.9040566645202833
0.23700202565833897,0.9040566645202833
0.23704203950700659,0.9040566645202833
0.23708206686930092,0.9040566645202833
0.2371221077520689,0.9040566645202833
0.23716216216216215,0.9040566645202833
0.2372022301064369,0.9040566645202833
0.23724231159175396,0.9040566645202833
0.23732251521298176,0.9040566645202833
0.23736263736263735,0.9040566645202833
0.23740277308082516,0.9040566645202833
0.2374830852503383,0.9040566645202833
0.23768410360589132,0.9040566645202833
0.23783692151212069,0.9034127495170637
0.2377076975245846,0.9027688345138442
0.23774800746142105,0.9027688345138442
0.23778833107191316,0.9027688345138442
0.2378286683630195,0.9027688345138442
0.23786901934170343,0.9027688345138442
0.23790938401493297,0.9027688345138442
0.23794976238968094,0.9027688345138442
0.2380709797928341,0.9027688345138442
0.2383137854835968,0.9027688345138442
0.2383543012580755,0.9027688345138442
0.2382247917020915,0.9021249195106246
0.23826530612244898,0.9021249195106246
0.23838693210821849,0.9021249195106246
0.238427501701838,0.9021249195106246
0.23846808510638298,0.9021249195106246
0.23850868232890704,0.9021249195106246
0.23854929337646857,0.9021249195106246
0.2385899182561308,0.9021249195106246
0.2386305569749617,0.9021249195106246
0.23867120954003407,0.9021249195106246
0.2387525562372188,0.9021249195106246
0.23879325038350094,0.9021249195106246
0.23883395840436414,0.9021249195106246
0.2389969293756397,0.9021249195106246
0.23903770687595974,0.9021249195106246
0.23907849829351535,0.9021249195106246
0.23911930363543266,0.9021249195106246
0.23916012290884262,0.9021249195106246
0.239200956120881,0.9021249195106246
0.23924180327868852,0.9021249195106246
0.23928266438941076,0.9021249195106246
0.23932353946019816,0.9021249195106246
0.23936442849820605,0.9021249195106246
0.23940533151059468,0.9021249195106246
0.23944624850452914,0.9021249195106246
0.23948717948717949,0.9021249195106246
0.23952812446572064,0.9021249195106246
0.2395690834473324,0.9021249195106246
0.23961005643919958,0.9021249195106246
0.2396510434485118,0.9021249195106246
0.23969204448246365,0.9021249195106246
0.2397330595482546,0.9021249195106246
0.23977408865308916,0.9021249195106246
0.23981513180417666,0.9021249195106246
0.23985618900873137,0.9021249195106246
0.2398972602739726,0.9021249195106246
0.23993834560712451,0.9021249195106246
0.23997944501541624,0.9021249195106246
0.2400205585060819,0.9021249195106246
0.24006168608636053,0.9021249195106246
0.24014398354473773,0.9021249195106246
0.2401851534373393,0.9021249195106246
0.24022633744855967,0.9021249195106246
0.24026753558566283,0.9021249195106246
0.2403020940611054,0.901481004507405
0.24034334763948498,0.901481004507405
0.2403846153846154,0.901481004507405
0.2404258973037953,0.901481004507405
0.2404671934043284,0.901481004507405
0.24050850369352345,0.901481004507405
0.24037800687285224,0.9008370895041854
0.24041931603368277,0.9008370895041854
0.24046063939498108,0.9008370895041854
0.24050197696407083,0.9008370895041854
0.2405433287482806,0.9008370895041854
0.2404127257093723,0.9001931745009659
0.2403234130397385,0.8995492594977463
0.24036476256022024,0.8995492594977463
0.24040612631216657,0.8995492594977463
0.240447504302926,0.8995492594977463
0.24048889653985195,0.8995492594977463
0.24053030303030304,0.8995492594977463
0.24057172378164285,0.8995492594977463
0.2406131588012401,0.8995492594977463
0.24065460809646858,0.8995492594977463
0.2406960716747071,0.8995492594977463
0.24073754954333965,0.8995492594977463
0.24077904170975525,0.8995492594977463
0.24082054818134804,0.8995492594977463
0.24086206896551723,0.8995492594977463
0.24090360406966718,0.8995492594977463
0.24102829537612147,0.8995492594977463
0.24089732528041416,0.8989053444945267
0.24093890231273732,0.8989053444945267
0.24098049369929225,0.8989053444945267
0.24102209944751382,0.8989053444945267
0.241063719564842,0.8989053444945267
0.24110535405872194,0.8989053444945267
0.2411470029366039,0.8989053444945267
0.24118866620594334,0.8989053444945267
0.2413554633471646,0.8989053444945267
0.24139719868580323,0.8989053444945267
0.24143894846074024,0.8989053444945267
0.24148071267946722,0.8989053444945267
0.24152249134948098,0.8989053444945267
0.24156428447828343,0.8989053444945267
0.2416060920733818,0.8989053444945267
0.2416479141422884,0.8989053444945267
0.24168975069252077,0.8989053444945267
0.24173160173160174,0.8989053444945267
0.24177346726705923,0.8989053444945267
0.24181534730642648,0.8989053444945267
0.24185724185724186,0.8989053444945267
0.24189915092704903,0.8989053444945267
0.2419410745233969,0.8989053444945267
0.24198301265383948,0.8989053444945267
0.2420249653259362,0.8989053444945267
0.24206693254725162,0.8989053444945267
0.24210891432535553,0.8989053444945267
0.2420614263404477,0.8982614294913072
0.2421034363068379,0.8982614294913072
0.2421875,0.8982614294913072
0.24222955374196908,0.8982614294913072
0.242313705054716,0.8982614294913072
0.24235580264072273,0.8982614294913072
0.24239791485664638,0.8982614294913072
0.2424400417101147,0.8982614294913072
0.24248218320876064,0.8982614294913072
0.24256651017214398,0.8982614294913072
0.2426086956521739,0.8982614294913072
0.24265089580796662,0.8982614294913072
0.24269311064718163,0.8982614294913072
0.2427353401774839,0.8982614294913072
0.24281984334203655,0.8982614294913072
0.24286211699164345,0.8982614294913072
0.24294670846394983,0.8982614294913072
0.24298902630203797,0.8982614294913072
0.2433705512909979,0.8982614294913072
0.24341301692549294,0.8982614294913072
0.24345549738219896,0.8982614294913072
0.24349799266887764,0.8982614294913072
0.2435405027932961,0.8982614294913072
0.24358302776322682,0.8982614294913072
0.2436255675864478,0.8982614294913072
0.24366812227074236,0.8982614294913072
0.24371069182389937,0.8982614294913072
0.2437958755679832,0.8982614294913072
0.24383848977451494,0.8982614294913072
0.24388111888111888,0.8982614294913072
0.24392376289561113,0.8982614294913072
0.2439664218258132,0.8982614294913072
0.2440517844646606,0.8982614294913072
0.2440944881889764,0.8982614294913072
0.2441799404866095,0.8982614294913072
0.24422268907563024,0.8982614294913072
0.24430823117338005,0.8982614294913072
0.2443510246978455,0.8982614294913072
0.2444794952681388,0.8982614294913072
0.24452234881682736,0.8982614294913072
0.24456521739130435,0.8982614294913072
0.24443275469051376,0.8976175144880876
0.24447562258856542,0.8976175144880876
0.24451850552534643,0.8976175144880876
0.2443859649122807,0.896973599484868
0.2444288471661695,0.896973599484868
0.24447174447174447,0.896973599484868
0.24451465683693172,0.896973599484868
0.24455758426966293,0.896973599484868
0.24460052677787533,0.896973599484868
0.24464348436951178,0.896973599484868
0.24468645705252065,0.896973599484868
0.24472944483485592,0.896973599484868
0.24477244772447723,0.896973599484868
0.24481546572934973,0.896973599484868
0.24485849885744418,0.896973599484868
0.24490154711673698,0.896973599484868
0.24481181850158285,0.8963296844816484
0.24485488126649077,0.8963296844816484
0.24472202674173119,0.8956857694784288
0.2447650888615168,0.8956857694784288
0.24480816613868356,0.8956857694784288
0.2448512585812357,0.8956857694784288
0.2448943661971831,0.8956857694784288
0.2449374889945413,0.8956857694784288
0.24498062698133147,0.8956857694784288
0.24506694855532066,0.8956857694784288
0.24511013215859032,0.8956857694784288
0.2451533309834332,0.8956857694784288
0.2451965450378988,0.8956857694784288
0.245409604519774,0.8950418544752092
0.24549629106322854,0.8950418544752092
0.24558303886925795,0.8950418544752092
0.2456264357660364,0.8950418544752092
0.24566984800282785,0.8950418544752092
0.2458001768346596,0.8950418544752092
0.2458436505129112,0.8950418544752092
0.24588713957190872,0.8950418544752092
0.24584070796460178,0.8943979394719896
0.2458842272968667,0.8943979394719896
0.24592776203966005,0.8943979394719896
0.24597131220116877,0.8943979394719896
0.24601487778958556,0.8943979394719896
0.24605845881310895,0.8943979394719896
0.2461020552799433,0.8943979394719896
0.24614566719829878,0.8943979394719896
0.24605566388938133,0.8937540244687702
0.24609929078014184,0.8937540244687702
0.24614293314417449,0.8937540244687702
0.24618659098971266,0.8937540244687702
0.246052864999113,0.8931101094655506
0.24609652235628104,0.8931101094655506
0.24614019520851818,0.8931101094655506
0.24618388356407525,0.8931101094655506
0.24622758743120896,0.8931101094655506
0.24627130681818182,0.8931101094655506
0.2463150417332623,0.8931101094655506
0.2463587921847247,0.8931101094655506
0.24640255818084916,0.8931101094655506
0.24644633972992183,0.8931101094655506
0.24649013684023457,0.8931101094655506
0.2465339495200853,0.8931101094655506
0.24657777777777778,0.8931101094655506
0.24662162162162163,0.8931101094655506
0.2466654810599324,0.8931101094655506
0.24670935610103167,0.8931101094655506
0.24684107492436377,0.8931101094655506
0.24688501245995015,0.8931101094655506
0.24706091913074457,0.8931101094655506
0.24710493497238553,0.8931101094655506
0.24719301372304403,0.8931101094655506
0.24723707664884134,0.8931101094655506
0.24728115528614728,0.8931101094655506
0.2473252496433666,0.8931101094655506
0.2473693597289103,0.8931101094655506
0.24741348555119516,0.8931101094655506
0.24745762711864408,0.8931101094655506
0.24750178443968593,0.8931101094655506
0.24754595752275566,0.8931101094655506
0.24741163870046412,0.892466194462331
0.24745581146223888,0.892466194462331
0.248609865470852,0.892466194462331
0.2486990848734972,0.892466194462331
0.24874371859296482,0.892466194462331
0.24878836833602586,0.892466194462331
0.24883303411131058,0.892466194462331
0.24887771592745556,0.892466194462331
0.24892241379310345,0.892466194462331
0.24896712771690319,0.892466194462331
0.2490118577075099,0.892466194462331
0.2490566037735849,0.892466194462331
0.24910136592379584,0.892466194462331
0.24914614416681646,0.892466194462331
0.24919093851132687,0.892466194462331
0.2492357489660133,0.892466194462331
0.24928057553956834,0.892466194462331
0.24932541824069077,0.892466194462331
0.24937027707808565,0.892466194462331
0.24946004319654427,0.892466194462331
0.24954987396471012,0.892466194462331
0.24959481361426256,0.892466194462331
0.24963976945244956,0.892466194462331
0.24968474148802017,0.892466194462331
0.24972972972972973,0.892466194462331
0.2498197548666186,0.892466194462331
0.24986479177934018,0.892466194462331
0.24990984493328525,0.892466194462331
0.24995491433724076,0.892466194462331
0.25,0.892466194462331
0.2500902201371346,0.892466194462331
0.25018050541516246,0.892466194462331
0.2502256725040621,0.892466194462331
0.25036127167630057,0.892466194462331
0.25040650406504067,0.892466194462331
0.25045175280086734,0.892466194462331
0.2504970178926441,0.892466194462331
0.25054229934924077,0.892466194462331
0.25058759717953355,0.892466194462331
0.25063291139240507,0.892466194462331
0.25067824199674443,0.892466194462331
0.2507235890014472,0.892466194462331
0.25076895241541525,0.892466194462331
0.250814332247557,0.892466194462331
0.25085972850678734,0.892466194462331
0.2509051412020275,0.892466194462331
0.2509505703422053,0.892466194462331
0.250996015936255,0.892466194462331
0.2508603513856186,0.8918222794591114
0.2509057971014493,0.8918222794591114
0.25095125928610257,0.8918222794591114
0.25099673794853206,0.8918222794591114
0.251042233097698,0.8918222794591114
0.25108774474256706,0.8918222794591114
0.2511332728921124,0.8918222794591114
0.25117881755531374,0.8918222794591114
0.2512243787411573,0.8918222794591114
0.2512699564586357,0.8918222794591114
0.2513155507167483,0.8918222794591114
0.2514067888909058,0.8918222794591114
0.25145243282498186,0.8918222794591114
0.2514980933357545,0.8918222794591114
0.25154377043225573,0.8918222794591114
0.25158946412352406,0.8918222794591114
0.25163517441860467,0.8918222794591114
0.2517266448564158,0.8918222794591114
0.2517724050172696,0.8918222794591114
0.25181818181818183,0.8918222794591114
0.25186397526823057,0.8918222794591114
0.25190978537650055,0.8918222794591114
0.25195561215208295,0.8918222794591114
0.25200145560407566,0.8918222794591114
0.25204731574158323,0.8918222794591114
0.25209319257371676,0.8918222794591114
0.252139086109594,0.8918222794591114
0.2521849963583394,0.8918222794591114
0.252230923329084,0.8918222794591114
0.2522768670309654,0.8918222794591114
0.25241479861490795,0.8918222794591114
0.25246080933284726,0.8918222794591114
0.25250683682771197,0.8918222794591114
0.2525989421849352,0.8918222794591114
0.25264502006566947,0.8918222794591114
0.25269111476008027,0.8918222794591114
0.2527372262773723,0.8918222794591114
0.2527833546267567,0.8918222794591114
0.2528294998174516,0.8918222794591114
0.25287566185868177,0.8918222794591114
0.2529218407596786,0.8918222794591114
0.25296803652968036,0.8918222794591114
0.253014249177932,0.8918222794591114
0.2531067251461988,0.8918222794591114
0.2531529884847377,0.8918222794591114
0.253199268738574,0.8918222794591114
0.2532918800292612,0.8918222794591114
0.25333821108468996,0.8918222794591114
0.2533845590925723,0.8918222794591114
0.25343092406221407,0.8918222794591114
0.2534773060029283,0.8918222794591114
0.2535237049240344,0.8918222794591114
0.253570120834859,0.8918222794591114
0.2536165537447354,0.8918222794591114
0.25375595456211064,0.8918222794591114
0.2538024555616639,0.8918222794591114
0.2538489736070381,0.8918222794591114
0.2538955087076077,0.8918222794591114
0.25394206087275395,0.8918222794591114
0.253988630111865,0.8918222794591114
0.254035216434336,0.8918222794591114
0.2540818198495689,0.8918222794591114
0.25412844036697246,0.8918222794591114
0.2542217327459618,0.8918222794591114
0.2543150936467132,0.8918222794591114
0.25436179981634527,0.8918222794591114
0.2542248346803821,0.8911783644558918
0.2542715414293588,0.8911783644558918
0.2543182653436237,0.8911783644558918
0.25436500643264104,0.8911783644558918
0.25441176470588234,0.8911783644558918
0.2544585401728259,0.8911783644558918
0.25450533284295696,0.8911783644558918
0.25455214272576787,0.8911783644558918
0.2545989698307579,0.8911783644558918
0.2546458141674333,0.8911783644558918
0.25469267574530735,0.8911783644558918
0.25473955457390024,0.8911783644558918
0.2547864506627393,0.8911783644558918
0.25483336402135887,0.8911783644558918
0.2547430466015841,0.8905344494526722
0.2547899778924097,0.8905344494526722
0.25488389237007003,0.8905344494526722
0.25474654377880185,0.8898905344494527
0.2547935103244838,0.8898905344494527
0.254840494191407,0.8898905344494527
0.2547030616008853,0.8892466194462331
0.2548440671710648,0.8892466194462331
0.25489110372831303,0.8892466194462331
0.2549381576518368,0.8892466194462331
0.2549852289512555,0.8892466194462331
0.25503231763619577,0.8892466194462331
0.25512654720118233,0.8892466194462331
0.2551736881005174,0.8892466194462331
0.255268022181146,0.8892466194462331
0.25536242603550297,0.8892466194462331
0.25540965415202516,0.8892466194462331
0.2554568997410285,0.8892466194462331
0.2555041628122109,0.8892466194462331
0.2555514433752776,0.8892466194462331
0.25559874143994077,0.8892466194462331
0.25564605701592,0.8892466194462331
0.25569339011294206,0.8892466194462331
0.25578810890905723,0.8892466194462331
0.2558354946276399,0.8892466194462331
0.2558828979062442,0.8892466194462331
0.25593031875463307,0.8892466194462331
0.2559777571825765,0.8892466194462331
0.25602521319985166,0.8892466194462331
0.2560726868162433,0.8892466194462331
0.256120178041543,0.8892466194462331
0.2562627574689182,0.8892466194462331
0.25631031922791386,0.8892466194462331
0.25635789864488584,0.8892466194462331
0.25640549572966953,0.8892466194462331
0.2564531104921077,0.8892466194462331
0.2565007429420505,0.8892466194462331
0.2565483930893554,0.8892466194462331
0.25659606094388704,0.8892466194462331
0.2566437465155176,0.8892466194462331
0.2566914498141264,0.8892466194462331
0.2567391708496003,0.8892466194462331
0.25688244047619047,0.8892466194462331
0.2569302325581395,0.8892466194462331
0.2570258700911967,0.8892466194462331
0.25707371556217423,0.8892466194462331
0.25712157884937625,0.8892466194462331
0.25716945996275603,0.8892466194462331
0.2570311044887316,0.8886027044430135
0.2570789865871833,0.8886027044430135
0.257126886528787,0.8886027044430135
0.25717480432351847,0.8886027044430135
0.2572227399813607,0.8886027044430135
0.25727069351230425,0.8886027044430135
0.2573186649263472,0.8886027044430135
0.257366654233495,0.8886027044430135
0.2574146614437605,0.8886027044430135
0.2574626865671642,0.8886027044430135
0.2575107296137339,0.8886027044430135
0.2576549663928305,0.8886027044430135
0.25770308123249297,0.8886027044430135
0.2577512140455734,0.8886027044430135
0.2577993648421446,0.8886027044430135
0.257847533632287,0.8886027044430135
0.2578957204260886,0.8886027044430135
0.25794392523364484,0.8886027044430135
0.2579921480650589,0.8886027044430135
0.2580403889304413,0.8886027044430135
0.25808864783991026,0.8886027044430135
0.25813692480359146,0.8886027044430135
0.25818521983161835,0.8886027044430135
0.25823353293413176,0.8886027044430135
0.25833021340321977,0.8886027044430135
0.2583785807901142,0.8886027044430135
0.25842696629213485,0.8886027044430135
0.2584753699194606,0.8886027044430135
0.258523791682278,0.8886027044430135
0.25857223159078135,0.8886027044430135
0.25862068965517243,0.8886027044430135
0.25866916588566075,0.8886027044430135
0.25871766029246346,0.8886027044430135
0.25881470367591897,0.8886027044430135
0.25886325267304444,0.8886027044430135
0.25896040532933007,0.8886027044430135
0.25900900900900903,0.8886027044430135
0.2590576309367374,0.8886027044430135
0.25910627112279383,0.8886027044430135
0.2591549295774648,0.8886027044430135
0.25920360631104433,0.8886027044430135
0.2592523013338343,0.8886027044430135
0.2593010146561443,0.8886027044430135
0.25934974628829166,0.8886027044430135
0.2595448561218732,0.8886027044430135
0.2596425211665099,0.8886027044430135
0.2596913812570568,0.8886027044430135
0.2597402597402597,0.8886027044430135
0.25978915662650603,0.8886027044430135
0.2598380719261909,0.8886027044430135
0.2598870056497175,0.8886027044430135
0.25993595780749673,0.8886027044430135
0.25998492840994725,0.8886027044430135
0.26003391746749577,0.8886027044430135
0.26013195098963243,0.8886027044430135
0.2602300584574769,0.8886027044430135
0.26037735849056604,0.8886027044430135
0.26047565118912797,0.8886027044430135
0.26052482537285254,0.8886027044430135
0.26062322946175637,0.8886027044430135
0.2606724593879864,0.8886027044430135
0.2607217079161156,0.8886027044430135
0.26077097505668934,0.8886027044430135
0.2608284471344808,0.8879587894397939
0.26087779038970865,0.8879587894397939
0.26112478697216435,0.8879587894397939
0.2611742424242424,0.8879587894397939
0.26122371661299487,0.8879587894397939
0.2612732095490716,0.8879587894397939
0.2613722517058378,0.8879587894397939
0.2614218009478673,0.8879587894397939
0.2614713689799014,0.8879587894397939
0.2613313104494595,0.8873148744365744
0.26138088012139604,0.8873148744365744
0.2614304686017833,0.8873148744365744
0.26148007590132827,0.8873148744365744
0.2615297020307459,0.8873148744365744
0.2615793470007593,0.8873148744365744
0.2616290108220999,0.8873148744365744
0.26167869350550704,0.8873148744365744
0.2617283950617284,0.8873148744365744
0.26177811550151975,0.8873148744365744
0.2618278548356451,0.8873148744365744
0.26187761307487645,0.8873148744365744
0.26202700133105156,0.8873148744365744
0.2621266882252235,0.8873148744365744
0.2621765601217656,0.8873148744365744
0.2622264509990485,0.8873148744365744
0.2622763608679102,0.8873148744365744
0.26232628973919664,0.8873148744365744
0.2623762376237624,0.8873148744365744
0.26242620453247,0.8873148744365744
0.2624761904761905,0.8873148744365744
0.262526195465803,0.8873148744365744
0.2623856707317073,0.8866709594333548
0.2624857033930614,0.8866709594333548
0.2625858123569794,0.8866709594333548
0.2626358954796872,0.8866709594333548
0.2626859977107974,0.8866709594333548
0.26273611906124783,0.8866709594333548
0.26259541984732826,0.8860270444301352
0.2626455430425654,0.8860270444301352
0.2626956853760977,0.8860270444301352
0.2627458468588887,0.8860270444301352
0.26279602750190983,0.8860270444301352
0.2628462273161414,0.8860270444301352
0.26289644631257164,0.8860270444301352
0.2629466845021976,0.8860270444301352
0.26299694189602446,0.8860270444301352
0.26304721850506596,0.8860270444301352
0.2630975143403442,0.8860270444301352
0.26314782941288967,0.8860270444301352
0.2631981637337414,0.8860270444301352
0.2631075392269422,0.8853831294269157
0.263208269525268,0.8853831294269157
0.26325866360329314,0.8853831294269157
0.2633595096724765,0.8853831294269157
0.26351092372556534,0.8853831294269157
0.2635614337741997,0.8853831294269157
0.26361196319018404,0.8853831294269157
0.2636625119846596,0.8853831294269157
0.26371308016877637,0.8853831294269157
0.2637636677536927,0.8853831294269157
0.2638142747505756,0.8853831294269157
0.26386490117060063,0.8853831294269157
0.26358226147053176,0.8840952994204765
0.26363287250384027,0.8840952994204765
0.2636835029767621,0.8840952994204765
0.2637341529004994,0.8840952994204765
0.2635926993275696,0.8834513844172569
0.26364335126825517,0.8834513844172569
0.26369402267922354,0.8834513844172569
0.2637447135717032,0.8834513844172569
0.2636031532397616,0.8828074694140373
0.2636538461538461,0.8828074694140373
0.2637552904963448,0.8828074694140373
0.26380604194727725,0.8828074694140373
0.26385681293302543,0.8828074694140373
0.2639076034648701,0.8828074694140373
0.2639584135541009,0.8828074694140373
0.2640092432120162,0.8828074694140373
0.26406009244992296,0.8828074694140373
0.26411096127913697,0.8828074694140373
0.26416184971098267,0.8828074694140373
0.2642127577567932,0.8828074694140373
0.26426368542791057,0.8828074694140373
0.26431463273568534,0.8828074694140373
0.26436559969147705,0.8828074694140373
0.2644165863066538,0.8828074694140373
0.2644675925925926,0.8828074694140373
0.26451861856067915,0.8828074694140373
0.26462072958888244,0.8828074694140373
0.26467181467181466,0.8828074694140373
0.264774044032445,0.8828074694140373
0.2648251883330114,0.8828074694140373
0.2648763523956723,0.8828074694140373
0.26492753623188403,0.8828074694140373
0.2649787398531117,0.8828074694140373
0.2650299632708293,0.8828074694140373
0.26508120649651973,0.8828074694140373
0.26523505513639,0.8828074694140373
0.26528637770897834,0.8828074694140373
0.2653377201470873,0.8828074694140373
0.2654404646660213,0.8828074694140373
0.2654918667699458,0.8828074694140373
0.26554328878558975,0.8828074694140373
0.2655947307245254,0.8828074694140373
0.26564619259833366,0.8828074694140373
0.26569767441860465,0.8828074694140373
0.2657491761969374,0.8828074694140373
0.2658006979449399,0.8828074694140373
0.2658522396742292,0.8828074694140373
0.2659038013964313,0.8828074694140373
0.2659553831231814,0.8828074694140373
0.2660069848661234,0.8828074694140373
0.26605860663691056,0.8828074694140373
0.266110248447205,0.8828074694140373
0.2661619103086779,0.8828074694140373
0.26626529423188966,0.8828074694140373
0.26642052079284884,0.8828074694140373
0.2664723032069971,0.8828074694140373
0.2665241057542768,0.8828074694140373
0.266575928446432,0.8828074694140373
0.26662777129521587,0.8828074694140373
0.2667315175097276,0.8828074694140373
0.2667834208990076,0.8828074694140373
0.2668872883005645,0.8828074694140373
0.2669392523364486,0.8828074694140373
0.26699123661148977,0.8828074694140373
0.2670432411375146,0.8828074694140373
0.26709526592635885,0.8828074694140373
0.2671473109898675,0.8828074694140373
0.26719937633989477,0.8828074694140373
0.2672514619883041,0.8828074694140373
0.2673556942277691,0.8828074694140373
0.267407840842598,0.8828074694140373
0.26746000780335544,0.8828074694140373
0.26751219512195124,0.8828074694140373
0.26756440281030447,0.8828074694140373
0.26761663088034354,0.8828074694140373
0.2675258738527631,0.8821635544108177
0.267578125,0.8821635544108177
0.26768268855021493,0.8821635544108177
0.26773500097713504,0.8821635544108177
0.2677873338545739,0.8821635544108177
0.2678396871945259,0.8821635544108177
0.26774887541560727,0.8815196394075981
0.26780125195618154,0.8815196394075981
0.2678536489923694,0.8815196394075981
0.2679060665362035,0.8815196394075981
0.26801096319498824,0.8815196394075981
0.26786763266105346,0.8808757244043787
0.2679725759059745,0.8808757244043787
0.26802507836990597,0.8808757244043787
0.26807760141093473,0.8808757244043787
0.26813014504116034,0.8808757244043787
0.2681827092726916,0.8808757244043787
0.2683022571148185,0.8802318094011591
0.2683549273655281,0.8802318094011591
0.26840761829962695,0.8802318094011591
0.268565815324165,0.8802318094011591
0.2686185891137748,0.8802318094011591
0.26867138364779874,0.8802318094011591
0.2687241989384706,0.8802318094011591
0.26909448818897636,0.8802318094011591
0.2691474699744044,0.8802318094011591
0.2692004726270185,0.8802318094011591
0.2692534961591491,0.8802318094011591
0.2693065405831363,0.8802318094011591
0.26935960591133007,0.8802318094011591
0.2694126921560899,0.8802318094011591
0.26946579932978515,0.8802318094011591
0.2693217665615142,0.8795878943979395
0.2694811599921089,0.8795878943979395
0.26953433307024466,0.8795878943979395
0.26964074220292145,0.8795878943979395
0.2696939782823297,0.8795878943979395
0.2697472353870458,0.8795878943979395
0.26980051352952794,0.8795878943979395
0.2699071329776724,0.8795878943979395
0.2699604743083004,0.8795878943979395
0.2700138367266258,0.8795878943979395
0.27006722024515617,0.8795878943979395
0.2701206248764089,0.8795878943979395
0.2701740506329114,0.8795878943979395
0.27022749752720077,0.8795878943979395
0.2702809655718243,0.8795878943979395
0.270334454779339,0.8795878943979395
0.27038796516231195,0.8795878943979395
0.27044149673332013,0.8795878943979395
0.27060221870047546,0.8795878943979395
0.2706558351495938,0.8795878943979395
0.2707631318136769,0.8795878943979395
0.2708705135831846,0.8795878943979395
0.2709242364141214,0.8795878943979395
0.2708333333333333,0.8789439793947199
0.27088708076999407,0.8789439793947199
0.27094084954346964,0.8789439793947199
0.27099463966646814,0.8789439793947199
0.2710484511517077,0.8789439793947199
0.2711022840119166,0.8789439793947199
0.27115613825983315,0.8789439793947199
0.27101132525332805,0.8783000643915003
0.27106518282988873,0.8783000643915003
0.27111906181673623,0.8783000643915003
0.2712268840723802,0.8783000643915003
0.27128082736674625,0.8783000643915003
0.2713347921225383,0.8783000643915003
0.27138877835256664,0.8783000643915003
0.2714427860696517,0.8783000643915003
0.2714968152866242,0.8783000643915003
0.2720925593457012,0.8783000643915003
0.27214684756584195,0.8783000643915003
0.27220115745360207,0.8783000643915003
0.27225548902195607,0.8783000643915003
0.2721102016370533,0.8776561493882807
0.27238209432454036,0.8776561493882807
0.27243653807715373,0.8776561493882807
0.2724910035985606,0.8776561493882807
0.2725454909018196,0.8776561493882807
0.2726,0.8776561493882807
0.27265453090618125,0.8776561493882807
0.27270908363345336,0.8776561493882807
0.27276365819491694,0.8776561493882807
0.2728182546036829,0.8776561493882807
0.2728728728728729,0.8776561493882807
0.27292751301561874,0.8776561493882807
0.2729821750450631,0.8776561493882807
0.273036858974359,0.8776561493882807
0.27309156481667,0.8776561493882807
0.2732010422930447,0.8776561493882807
0.27325581395348836,0.8776561493882807
0.27331060757970727,0.8776561493882807
0.27336542318491774,0.8776561493882807
0.27342026078234705,0.8776561493882807
0.27347512038523275,0.8776561493882807
0.2735300020068232,0.8776561493882807
0.27358490566037735,0.8776561493882807
0.2736398313591648,0.8776561493882807
0.27369477911646584,0.8776561493882807
0.27380474085978307,0.8776561493882807
0.2738597548724131,0.8776561493882807
0.27391479099678456,0.8776561493882807
0.2740249296340973,0.8776561493882807
0.27408003217373816,0.8776561493882807
0.2741903037618185,0.8776561493882807
0.2742454728370221,0.8776561493882807
0.2743558776167472,0.8776561493882807
0.2744111133480974,0.8776561493882807
0.27446637132501006,0.8776561493882807
0.2745216515609265,0.8776561493882807
0.27457695406929894,0.8776561493882807
0.2746322788635906,0.8776561493882807
0.2746876259572753,0.8776561493882807
0.27474299536383795,0.8776561493882807
0.2747983870967742,0.8776561493882807
0.27485380116959063,0.8776561493882807
0.2747075433642598,0.8770122343850612
0.2747629614686302,0.8770122343850612
0.274818401937046,0.8770122343850612
0.27487386478304743,0.8770122343850612
0.2749293500201857,0.8770122343850612
0.274984857662023,0.8770122343850612
0.27509594021409817,0.8770122343850612
0.27515151515151515,0.8770122343850612
0.2752627324171382,0.8770122343850612
0.27531837477258947,0.8770122343850612
0.2754297269969666,0.8770122343850612
0.27548543689320387,0.8770122343850612
0.27554116933036615,0.8770122343850612
0.2753945770942938,0.8763683193818416
0.2758970200689236,0.8763683193818416
0.2759529602595296,0.8763683193818416
0.27612091702170827,0.8763683193818416
0.27617694805194803,0.8763683193818416
0.2762330018266694,0.8763683193818416
0.2766260162601626,0.8763683193818416
0.27647895913803616,0.875724404378622
0.27653517690117935,0.875724404378622
0.27659141753101485,0.875724404378622
0.2766476810414972,0.875724404378622
0.2767039674465921,0.875724404378622
0.2765220932600285,0.8744365743721829
0.2765784114052953,0.8744365743721829
0.2766347524954166,0.8744365743721829
0.2766911165444173,0.8744365743721829
0.2767475035663338,0.8744365743721829
0.276803913575214,0.8744365743721829
0.2768603465851172,0.8744365743721829
0.27702978376172993,0.8744365743721829
0.2770863089165476,0.8744365743721829
0.27714285714285714,0.8744365743721829
0.2771994284547867,0.8744365743721829
0.27731264039207676,0.8744365743721829
0.27736928104575165,0.8744365743721829
0.2774826317940335,0.8744365743721829
0.27753934191702434,0.8744365743721829
0.2776528317317522,0.8744365743721829
0.27770961145194273,0.8744365743721829
0.27776641439967276,0.8744365743721829
0.27793696275071633,0.8744365743721829
0.2779938587512794,0.8744365743721829
0.27805077805077805,0.8744365743721829
0.2781646866038509,0.8744365743721829
0.2783927839278393,0.8744365743721829
0.27850697292863,0.8744365743721829
0.2785641025641026,0.8744365743721829
0.278621255642183,0.8744365743721829
0.27867843217730354,0.8744365743721829
0.2788501026694045,0.8744365743721829
0.2789646672144618,0.8744365743721829
0.27881651941647834,0.8737926593689633
0.2788738183312783,0.8737926593689633
0.2789311408016444,0.8737926593689633
0.27898848684210525,0.8737926593689633
0.2790458564672013,0.8737926593689633
0.279103249691485,0.8737926593689633
0.27916066652952065,0.8737926593689633
0.27933305887196375,0.8737926593689633
0.2793905703108915,0.8737926593689633
0.2795056642636457,0.8737926593689633
0.2795632468067573,0.8737926593689633
0.2796208530805687,0.8737926593689633
0.2796784830997527,0.8737926593689633
0.279736136878994,0.8737926593689633
0.27985151577644873,0.8737926593689633
0.2799092409240924,0.8737926593689633
0.279966989890654,0.8737926593689633
0.28002476269087906,0.8737926593689633
0.2800825593395253,0.8737926593689633
0.28014037985136253,0.8737926593689633
0.2801982242411728,0.8737926593689633
0.2802560925237505,0.8737926593689633
0.28031398471390206,0.8737926593689633
0.2806038047973532,0.8737926593689633
0.28066184074457085,0.8737926593689633
0.2805130326851469,0.8731487443657437
0.28057107386716323,0.8731487443657437
0.2806291390728477,0.8731487443657437
0.2806872283171186,0.8731487443657437
0.28074534161490683,0.8731487443657437
0.28086164043082024,0.8731487443657437
0.2809198259788689,0.8731487443657437
0.28103626943005183,0.8731487443657437
0.28115280945469623,0.8731487443657437
0.2813861797053331,0.8731487443657437
0.28144458281444584,0.8731487443657437
0.2815030101723064,0.8731487443657437
0.2815614617940199,0.8731487443657437
0.28161993769470406,0.8731487443657437
0.281678437889489,0.8731487443657437
0.28173696239351753,0.8731487443657437
0.2817955112219451,0.8731487443657437
0.2818540843899397,0.8731487443657437
0.28191268191268193,0.8731487443657437
0.28197130380536495,0.8731487443657437
0.2820299500831947,0.8731487443657437
0.28214731585518105,0.8731487443657437
0.2825,0.8731487443657437
0.2825588664305064,0.8731487443657437
0.2826177573989162,0.8731487443657437
0.28267667292057536,0.8731487443657437
0.2827356130108424,0.8731487443657437
0.28279457768508864,0.8731487443657437
0.2831765935214211,0.8725048293625242
0.284812789230122,0.8718609143593046
0.2849926331298674,0.8718609143593046
0.2851126552958518,0.8718609143593046
0.2849620893007582,0.871216999356085
0.28508217446270545,0.871216999356085
0.28493150684931506,0.8705730843528654
0.28499156829679595,0.8705730843528654
0.2850516550706304,0.8705730843528654
0.285111767186841,0.8705730843528654
0.2851719046614638,0.8705730843528654
0.2852320675105485,0.8705730843528654
0.28520160439096476,0.8699291693496458
0.28526182432432434,0.8699291693496458
0.2853220696937698,0.8699291693496458
0.2853823405154204,0.8699291693496458
0.2854426368054088,0.8699291693496458
0.28562367864693444,0.8699291693496458
0.28568407697187564,0.8699291693496458
0.2857445008460237,0.8699291693496458
0.2858049502855934,0.8699291693496458
0.28586542530681336,0.8699291693496458
0.2859259259259259,0.8699291693496458
0.2861075815332486,0.8699291693496458
0.28616818470662997,0.8699291693496458
0.28622881355932206,0.8699291693496458
0.28635014836795253,0.8699291693496458
0.2864108543565826,0.8699291693496458
0.2864715860899067,0.8699291693496458
0.2865931268561731,0.8699291693496458
0.2866539359219181,0.8699291693496458
0.28671477079796265,0.8699291693496458
0.28689743045232535,0.8699291693496458
0.28695836873406966,0.8699291693496458
0.28701933290843423,0.8699291693496458
0.2870803229919252,0.8699291693496458
0.2871413390010627,0.8699291693496458
0.2872634488624282,0.8699291693496458
0.2873245427477669,0.8699291693496458
0.2873856626249734,0.8699291693496458
0.2875691783737761,0.8699291693496458
0.28763040238450077,0.8699291693496458
0.28753993610223644,0.8692852543464262
0.2876011930123562,0.8692852543464262
0.287662476028127,0.8692852543464262
0.2877237851662404,0.8692852543464262
0.28778512044340226,0.8692852543464262
0.28790786948176583,0.8692852543464262
0.2879692832764505,0.8692852543464262
0.28803072327714957,0.8692852543464262
0.2880921895006402,0.8692852543464262
0.288153681963714,0.8692852543464262
0.2882152006831768,0.8692852543464262
0.2882767456758488,0.8692852543464262
0.2883383169585647,0.8692852543464262
0.2883999145481735,0.8692852543464262
0.28846153846153844,0.8692852543464262
0.2885231887155375,0.8692852543464262
0.28858486532706284,0.8692852543464262
0.28864656831302116,0.8692852543464262
0.289456731801589,0.8679974243399872
0.28951890034364264,0.8679974243399872
0.2895810955961332,0.8679974243399872
0.2896774193548387,0.8673535093367676
0.2897397289739729,0.8673535093367676
0.28980206540447506,0.8673535093367676
0.289864428663654,0.8673535093367676
0.29008620689655173,0.866709594333548
0.29090123189971906,0.866709594333548
0.2909641158668396,0.866709594333548
0.29108996539792387,0.866709594333548
0.291152930997188,0.866709594333548
0.29106254057563297,0.8660656793303284
0.2911255411255411,0.8660656793303284
0.2911885689543191,0.8660656793303284
0.2912516240796882,0.8660656793303284
0.29137781629116116,0.8660656793303284
0.2914409534127844,0.8660656793303284
0.29156730977671796,0.8660656793303284
0.29163052905464004,0.8660656793303284
0.29169377575363264,0.8660656793303284
0.2917570498915401,0.8660656793303284
0.2918203514862226,0.8660656793303284
0.2918836805555556,0.8660656793303284
0.29194703711743,0.8660656793303284
0.2920104211897525,0.8660656793303284
0.2920738327904452,0.8660656793303284
0.2922007386487074,0.8660656793303284
0.29226423294219905,0.8660656793303284
0.29232775483590523,0.8660656793303284
0.2921739130434783,0.8654217643271088
0.2922374429223744,0.8654217643271088
0.2923010004349717,0.8654217643271088
0.2924918389553863,0.8654217643271088
0.29255550718328255,0.8654217643271088
0.29261920313520573,0.8654217643271088
0.2926829268292683,0.8654217643271088
0.2928104575163399,0.8654217643271088
0.29287426454565263,0.8654217643271088
0.29293809938971227,0.8654217643271088
0.29300196206671025,0.8654217643271088
0.2930658525948539,0.8654217643271088
0.2931297709923664,0.8654217643271088
0.2932576914684704,0.8654217643271088
0.29332169358358795,0.8654217643271088
0.29323144104803495,0.8647778493238892
0.29329547936230616,0.8647778493238892
0.2933974639265413,0.8641339343206696
0.2934616225672425,0.8641339343206696
0.29352580927384075,0.8641339343206696
0.29391151992991676,0.8641339343206696
0.29397590361445786,0.8641339343206696
0.29404031551270815,0.8641339343206696
0.2939500219202104,0.8634900193174501
0.29379522034641525,0.8628461043142305
0.29385964912280704,0.8628461043142305
0.2939885914874945,0.8628461043142305
0.29405310511301297,0.8628461043142305
0.29411764705882354,0.8628461043142305
0.29418221734357847,0.8628461043142305
0.29424681598594643,0.8628461043142305
0.2943114430046123,0.8628461043142305
0.29437609841827767,0.8628461043142305
0.2944407822456603,0.8628461043142305
0.29428571428571426,0.8622021893110109
0.2941952506596306,0.8615582743077914
0.2942599516164504,0.8615582743077914
0.2943894389438944,0.8615582743077914
0.2944542253521127,0.8615582743077914
0.29451904028175213,0.8615582743077914
0.29458388375165123,0.8615582743077914
0.2946487557806651,0.8615582743077914
0.2947136563876652,0.8615582743077914
0.29516876240900064,0.8615582743077914
0.29529905098212317,0.8615582743077914
0.2954946996466431,0.8615582743077914
0.29555997349237906,0.8615582743077914
0.2956252761820592,0.8615582743077914
0.2957559681697613,0.8615582743077914
0.29582135750608,0.8615582743077914
0.29588677576293676,0.8615582743077914
0.2959522229595222,0.8615582743077914
0.2960176991150443,0.8615582743077914
0.2960832042487276,0.8615582743077914
0.2961487383798141,0.8615582743077914
0.29621430152756256,0.8615582743077914
0.2963455149501661,0.8615582743077914
0.29641116526362427,0.8615582743077914
0.2964768446709506,0.8615582743077914
0.2963209219858156,0.8609143593045718
0.296386610507648,0.8609143593045718
0.29645232815964523,0.8609143593045718
0.29651807496118876,0.8609143593045718
0.296583850931677,0.8609143593045718
0.29664965609052585,0.8609143593045718
0.2967154904571682,0.8609143593045718
0.2967813540510544,0.8609143593045718
0.2968472468916519,0.8609143593045718
0.2969131689984455,0.8609143593045718
0.2969791203909374,0.8609143593045718
0.29704510108864696,0.8609143593045718
0.2971111111111111,0.8609143593045718
0.29717715047788396,0.8609143593045718
0.29724321920853713,0.8609143593045718
0.2973093173226595,0.8609143593045718
0.29728526924788606,0.8602704443013522
0.2973514355664367,0.8602704443013522
0.29741763134461263,0.8602704443013522
0.2974838566020931,0.8602704443013522
0.2975501113585746,0.8602704443013522
0.29761639563377146,0.8602704443013522
0.2976827094474153,0.8602704443013522
0.2977490528192556,0.8602704443013522
0.2978154257690593,0.8602704443013522
0.29794826048171275,0.8602704443013522
0.2980147222841847,0.8602704443013522
0.29808121374386437,0.8602704443013522
0.29834747655203214,0.8602704443013522
0.29841411659593475,0.8602704443013522
0.29848078641644327,0.8602704443013522
0.29854748603351955,0.8602704443013522
0.2986142154671435,0.8602704443013522
0.29874776386404295,0.8602704443013522
0.2988145828673675,0.8602704443013522
0.29888143176733784,0.8602704443013522
0.2990152193375112,0.8602704443013522
0.2990821580479069,0.8602704443013522
0.2991491267353336,0.8602704443013522
0.2992161254199328,0.8602704443013522
0.2992831541218638,0.8602704443013522
0.29932735426008966,0.8596265292981327
0.29939448306795247,0.8596265292981327
0.29946164199192465,0.8596265292981327
0.2995288310522773,0.8596265292981327
0.2996632996632997,0.8596265292981327
0.2997305792546026,0.8596265292981327
0.2999325994158616,0.8596265292981327
0.3000674308833446,0.8596265292981327
0.30085701398285974,0.8589826142949131
0.3009927797833935,0.8589826142949131
0.30106070864364703,0.8589826142949131
0.3011286681715576,0.8589826142949131
0.30119665838789794,0.8589826142949131
0.3012646793134598,0.8589826142949131
0.30133273096905355,0.8589826142949131
0.30140081337550834,0.8589826142949131
0.3018354860639021,0.8576947842884739
0.3021093218416875,0.8576947842884739
0.30224642614023145,0.8576947842884739
0.3023150249659555,0.8576947842884739
0.30238365493757097,0.8576947842884739
0.3025210084033613,0.8576947842884739
0.30256876562855195,0.8570508692852543
0.302637562528422,0.8570508692852543
0.3027063907209461,0.8570508692852543
0.30277525022747953,0.8570508692852543
0.30284414106939705,0.8570508692852543
0.3035143769968051,0.8564069542820347
0.3035836566993837,0.8564069542820347
0.3036529680365297,0.8564069542820347
0.3037223110299155,0.8564069542820347
0.30379168570123344,0.8564069542820347
0.304,0.8564069542820347
0.3040695016003658,0.8564069542820347
0.30413903498742284,0.8564069542820347
0.3042086001829826,0.8564069542820347
0.30427819720887667,0.8564069542820347
0.30434782608695654,0.8564069542820347
0.3044174868390936,0.8564069542820347
0.30448717948717946,0.8564069542820347
0.3058688147295742,0.8557630392788153
0.305939226519337,0.8557630392788153
0.3060096707345153,0.8557630392788153
0.3061506565307533,0.8557630392788153
0.30622119815668203,0.8557630392788153
0.30629177229776444,0.8557630392788153
0.3063623789764869,0.8557630392788153
0.30643301821535623,0.8557630392788153
0.3062730627306273,0.8551191242755957
0.3063437139561707,0.8551191242755957
0.30618366405168435,0.8544752092723761
0.30625432725594276,0.8544752092723761
0.30632502308402587,0.8544752092723761
0.3063957515585315,0.8544752092723761
0.30646651270207853,0.8544752092723761
0.30653730653730654,0.8544752092723761
0.3066081330868762,0.8544752092723761
0.3066789923734689,0.8544752092723761
0.30674988441978734,0.8544752092723761
0.3068208092485549,0.8544752092723761
0.3068917668825162,0.8544752092723761
0.30696275734443673,0.8544752092723761
0.3070337806571032,0.8544752092723761
0.3071048368433233,0.8544752092723761
0.3072289156626506,0.8538312942691565
0.3070683661645423,0.8531873792659369
0.30713954566527585,0.8531873792659369
0.30721075817296545,0.8531873792659369
0.3072820037105751,0.8531873792659369
0.3073532823010902,0.8531873792659369
0.3074245939675174,0.8531873792659369
0.30749593873288467,0.8531873792659369
0.3075673166202414,0.8531873792659369
0.3080678911880958,0.8531873792659369
0.3081395348837209,0.8531873792659369
0.30821121190974643,0.8531873792659369
0.30828292228943693,0.8531873792659369
0.3081219455434024,0.8525434642627173
0.30819366852886404,0.8525434642627173
0.30826542491268916,0.8525434642627173
0.30833721471821146,0.8525434642627173
0.3084090379687864,0.8525434642627173
0.3084808946877912,0.8525434642627173
0.3087686567164179,0.8525434642627173
0.30884068112899465,0.8525434642627173
0.30891273915072326,0.8525434642627173
0.30898483080513417,0.8525434642627173
0.3091291151062339,0.8525434642627173
0.3092013078000934,0.8525434642627173
0.3092735342209764,0.8525434642627173
0.30949041608228145,0.8525434642627173
0.30956277764788404,0.8525434642627173
0.30963517305893357,0.8525434642627173
0.30970760233918126,0.8525434642627173
0.30978006551240056,0.8525434642627173
0.3098525626023871,0.8525434642627173
0.3099250936329588,0.8525434642627173
0.309997658627956,0.8525434642627173
0.31007025761124124,0.8525434642627173
0.3101428906066995,0.8525434642627173
0.31021555763823805,0.8525434642627173
0.3100539020389032,0.8518995492594977
0.310126582278481,0.8518995492594977
0.3102720450281426,0.8518995492594977
0.3103448275862069,0.8518995492594977
0.3104176442984514,0.8518995492594977
0.31076633756464506,0.8512556342562781
0.310839407477075,0.8512556342562781
0.31091251175917217,0.8512556342562781
0.3109856504351917,0.8512556342562781
0.3112785495643984,0.8512556342562781
0.3113518605746585,0.8512556342562781
0.31142520612485275,0.8512556342562781
0.3114985862393968,0.8512556342562781
0.3123669898321116,0.8506117192530586
0.31244087038789026,0.8506117192530586
0.31258873639375295,0.8506117192530586
0.31266272189349115,0.8506117192530586
0.31273674242424243,0.8506117192530586
0.31281079801089273,0.8506117192530586
0.3130331753554502,0.8506117192530586
0.31287034842379713,0.849967804249839
0.3129445234708393,0.849967804249839
0.31301873369694094,0.849967804249839
0.31309297912713474,0.849967804249839
0.31316725978647686,0.849967804249839
0.31324157570004746,0.849967804249839
0.3133159268929504,0.849967804249839
0.31339031339031337,0.849967804249839
0.31346473521728807,0.849967804249839
0.3133016627078385,0.8493238892466195
0.3133618640038041,0.8486799742433999
0.31343638525564804,0.8486799742433999
0.31351094196003804,0.8486799742433999
0.3135855341422793,0.8486799742433999
0.31366016182770107,0.8486799742433999
0.31373482504165673,0.8486799742433999
0.3138095238095238,0.8486799742433999
0.31388425815670395,0.8486799742433999
0.31395902810862314,0.8486799742433999
0.31403383369073146,0.8486799742433999
0.3141835518474374,0.8486799742433999
0.3142584644730567,0.8486799742433999
0.31433341283090865,0.8486799742433999
0.31440839694656486,0.8486799742433999
0.31629469642428604,0.8486799742433999
0.31637061929908783,0.8486799742433999
0.3164465786314526,0.8486799742433999
0.3165225744476465,0.8486799742433999
0.31667467563671314,0.8486799742433999
0.31682692307692306,0.8486799742433999
0.31690310170714114,0.8486799742433999
0.3173609438959788,0.8486799742433999
0.3174373795761079,0.8486799742433999
0.3175138520838352,0.8486799742433999
0.3175903614457831,0.8486799742433999
0.3176669076885997,0.8486799742433999
0.3178201109235592,0.8486799742433999
0.31789676796912686,0.8486799742433999
0.31797346200241255,0.8486799742433999
0.3178088803088803,0.8480360592401803
0.3179623370352487,0.8480360592401803
0.31803912098526926,0.8480360592401803
0.3181159420289855,0.8480360592401803
0.3181928001932834,0.8480360592401803
0.3182696955050749,0.8480360592401803
0.3184235976789168,0.8480360592401803
0.3185006045949214,0.8480360592401803
0.318577648766328,0.8480360592401803
0.31865473022017904,0.8480360592401803
0.31873184898354306,0.8480360592401803
0.3188090050835149,0.8480360592401803
0.3188861985472155,0.8480360592401803
0.3189634294017922,0.8480360592401803
0.3190406976744186,0.8480360592401803
0.3191180033922946,0.8480360592401803
0.31927272727272726,0.8480360592401803
0.31942760126121755,0.8480360592401803
0.3195050946142649,0.8480360592401803
0.31958262557631645,0.8480360592401803
0.32012639766650464,0.8480360592401803
0.3202042304886944,0.8480360592401803
0.32028210116731515,0.8480360592401803
0.32011675991243005,0.8473921442369607
0.32019464720194646,0.8473921442369607
0.32105391558916807,0.8473921442369607
0.3211322596388482,0.8473921442369607
0.3212106419331218,0.8473921442369607
0.3212890625,0.8473921442369607
0.3213675213675214,0.8473921442369607
0.321760391198044,0.8473921442369607
0.3218390804597701,0.8473921442369607
0.3219178082191781,0.8473921442369607
0.3227072094163806,0.8473921442369607
0.3225410841304881,0.8467482292337412
0.3223748773307164,0.8461043142305216
0.32245398773006134,0.8461043142305216
0.3225331369661267,0.8461043142305216
0.3226123250675178,0.8461043142305216
0.32269155206286837,0.8461043142305216
0.32277081798084006,0.8461043142305216
0.3228501228501228,0.8461043142305216
0.3234063499876938,0.8461043142305216
0.32348596750369274,0.8461043142305216
0.32364532019704434,0.8461043142305216
0.3237250554323725,0.8461043142305216
0.32380482996550025,0.8461043142305216
0.3238846438254868,0.8461043142305216
0.3241175018513947,0.845460399227302
0.32419753086419756,0.845460399227302
0.32427759940726103,0.845460399227302
0.32443785520138374,0.845460399227302
0.3245180425111221,0.845460399227302
0.3245982694684796,0.845460399227302
0.32467853610286845,0.845460399227302
0.3247588424437299,0.845460399227302
0.3248391885205344,0.845460399227302
0.3249195743627815,0.845460399227302
0.325,0.845460399227302
0.3251609707776127,0.845460399227302
0.3250743310208127,0.8448164842240824
0.3251548946716233,0.8448164842240824
0.3254775489952865,0.8448164842240824
0.3256391164060561,0.8448164842240824
0.3257199602780536,0.8448164842240824
0.32588176850471934,0.8448164842240824
0.32620586772749877,0.8448164842240824
0.3262869932852524,0.8448164842240824
0.3263681592039801,0.8448164842240824
0.3262005473998507,0.8441725692208628
0.32668826314477944,0.8441725692208628
0.32652043868394814,0.8435286542176432
0.3266018449264523,0.8435286542176432
0.3266832917705736,0.8435286542176432
0.3268463073852295,0.8435286542176432
0.3269278762166209,0.8435286542176432
0.327009485771343,0.8435286542176432
0.32709113607990015,0.8435286542176432
0.3271728271728272,0.8435286542176432
0.32725455908068946,0.8435286542176432
0.32741814546363407,0.8435286542176432
0.3275,0.8435286542176432
0.32758189547386846,0.8435286542176432
0.32774580935701775,0.8435286542176432
0.3278278278278278,0.8435286542176432
0.327909887359199,0.8435286542176432
0.3277416124186279,0.8428847392144238
0.3279058116232465,0.8428847392144238
0.327987972939113,0.8428847392144238
0.3280701754385965,0.8428847392144238
0.32815241915266985,0.8428847392144238
0.328234704112337,0.8428847392144238
0.3283170303486331,0.8428847392144238
0.3283993978926242,0.8428847392144238
0.3284818067754078,0.8428847392144238
0.3285642570281124,0.8428847392144238
0.3286467486818981,0.8428847392144238
0.3287292817679558,0.8428847392144238
0.32881185631750814,0.8428847392144238
0.32922535211267606,0.8428847392144238
0.32930817610062896,0.8428847392144238
0.3298059964726631,0.8428847392144238
0.33005547150781644,0.8428847392144238
0.3301387137452711,0.8428847392144238
0.33022199798183655,0.8428847392144238
0.3303053242493061,0.8428847392144238
0.3303886925795053,0.8428847392144238
0.3306390502652185,0.8428847392144238
0.33072258716523495,0.8428847392144238
0.33147632311977715,0.8428847392144238
0.33156028368794327,0.8428847392144238
0.33164428680010133,0.8428847392144238
0.33172833248859607,0.8428847392144238
0.3318124207858048,0.8428847392144238
0.33189655172413796,0.8428847392144238
0.33206494165398276,0.8428847392144238
0.3321492007104796,0.8428847392144238
0.33223350253807105,0.8428847392144238
0.3323178471693323,0.8428847392144238
0.3325711382113821,0.8428847392144238
0.33265565438373573,0.8428847392144238
0.33274021352313166,0.8428847392144238
0.3328248156623443,0.8428847392144238
0.3329094608341811,0.8428847392144238
0.3331636548740137,0.8428847392144238
0.3344404701073071,0.8428847392144238
0.334525939177102,0.8428847392144238
0.3346114519427403,0.8428847392144238
0.3346970084377397,0.8428847392144238
0.3347826086956522,0.8428847392144238
0.33486825275006393,0.8428847392144238
0.3349539406345957,0.8428847392144238
0.3350396723829025,0.8428847392144238
0.33512544802867383,0.8428847392144238
0.335297131147541,0.8428847392144238
0.3353830386881886,0.8428847392144238
0.3354689902614044,0.8428847392144238
0.33555498590105104,0.8428847392144238
0.33564102564102566,0.8428847392144238
0.33598562628336753,0.8428847392144238
0.33607188703465984,0.8428847392144238
0.3361581920903955,0.8428847392144238
0.33624454148471616,0.8428847392144238
0.33641737342585454,0.8428847392144238
0.3365038560411311,0.8428847392144238
0.33659038313191053,0.8428847392144238
0.33693693693693694,0.8428847392144238
0.3370236869207003,0.8428847392144238
0.3371104815864023,0.8428847392144238
0.3373711340206186,0.8428847392144238
0.3374581077597319,0.8428847392144238
0.33754512635379064,0.8428847392144238
0.3376321898375032,0.8428847392144238
0.33771929824561403,0.8428847392144238
0.3379808933643171,0.8428847392144238
0.3380681818181818,0.8428847392144238
0.33815551537070526,0.8428847392144238
0.33859694537923896,0.8422408242112042
0.338684619368203,0.8422408242112042
0.33877233877233875,0.8422408242112042
0.338860103626943,0.8422408242112042
0.3389479139673491,0.8422408242112042
0.3390357698289269,0.8422408242112042
0.33929961089494165,0.8422408242112042
0.33947573319491303,0.8422408242112042
0.3395638629283489,0.8422408242112042
0.3396520384315762,0.8422408242112042
0.33974025974025973,0.8422408242112042
0.3401820546163849,0.8422408242112042
0.34027055150884494,0.8422408242112042
0.3403590944574551,0.8422408242112042
0.34044768349817806,0.8422408242112042
0.34080250130276185,0.8422408242112042
0.3411580594679186,0.8422408242112042
0.3412470649621706,0.8422408242112042
0.3410751565762004,0.8415969092079846
0.3411641868963717,0.8415969092079846
0.34152077345178994,0.8415969092079846
0.3416100365917407,0.8415969092079846
0.34169934640522875,0.8415969092079846
0.3417887029288703,0.8415969092079846
0.3418781061993199,0.8415969092079846
0.3419675562532705,0.8415969092079846
0.34223618748363444,0.8415969092079846
0.3423258250392876,0.8415969092079846
0.3424155095624836,0.8415969092079846
0.3426848453067646,0.8415969092079846
0.34277471806976134,0.8415969092079846
0.34286463798530953,0.8415969092079846
0.34295460509052744,0.8415969092079846
0.3430446194225722,0.8415969092079846
0.3431346810186401,0.8415969092079846
0.3432247899159664,0.8415969092079846
0.34331494615182556,0.8415969092079846
0.34340514976353126,0.8415969092079846
0.34349540078843627,0.8415969092079846
0.3435856992639327,0.8415969092079846
0.343676045227452,0.8415969092079846
0.34403790471176626,0.8415969092079846
0.3441284886782517,0.8415969092079846
0.34421912035817753,0.8415969092079846
0.34430979978925186,0.8415969092079846
0.34440052700922263,0.8415969092079846
0.3444913020558777,0.8415969092079846
0.34458212496704455,0.8415969092079846
0.34467299578059074,0.8415969092079846
0.3447639145344236,0.8415969092079846
0.3448548812664908,0.8415969092079846
0.34494589601477965,0.8415969092079846
0.34512806971217325,0.8415969092079846
0.34521922873745375,0.8415969092079846
0.3453104359313078,0.8415969092079846
0.3454016913319239,0.8415969092079846
0.34549299497753105,0.8415969092079846
0.3455843469063987,0.8415969092079846
0.3456757471568368,0.8415969092079846
0.34577707175006617,0.840952994204765
0.3458686440677966,0.840952994204765
0.34596026490066223,0.840952994204765
0.3460519342872284,0.840952994204765
0.3461436522661012,0.840952994204765
0.3462354188759279,0.840952994204765
0.34641909814323607,0.840952994204765
0.346511010878217,0.840952994204765
0.34669498274488986,0.840952994204765
0.3467870419543282,0.840952994204765
0.346971307120085,0.840952994204765
0.3471557682083998,0.840952994204765
0.34724807232119115,0.840952994204765
0.3475252794039383,0.840952994204765
0.3476177801437317,0.840952994204765
0.34771033013844516,0.840952994204765
0.3478029294274301,0.840952994204765
0.3478955780500799,0.840952994204765
0.34798827604583,0.840952994204765
0.34808102345415776,0.840952994204765
0.34817382031458277,0.840952994204765
0.34826666666666667,0.840952994204765
0.3483595625500133,0.840952994204765
0.34845250800426897,0.840952994204765
0.34854550306912196,0.840952994204765
0.34837159636946075,0.8403090792015454
0.3484646194926569,0.8403090792015454
0.3488372093023256,0.8403090792015454
0.34893048128342247,0.8403090792015454
0.34875635196576626,0.8396651641983258
0.34884965222043873,0.8396651641983258
0.34894300240834897,0.8396651641983258
0.3490364025695932,0.8396651641983258
0.3491298527443106,0.8396651641983258
0.3492233529726835,0.8396651641983258
0.34904902223412804,0.8390212491951062
0.3491425509110397,0.8390212491951062
0.3493297587131367,0.8390212491951062
0.34942343791901315,0.8390212491951062
0.3497986577181208,0.8390212491951062
0.34989258861439315,0.8390212491951062
0.3499865699704539,0.8390212491951062
0.35008060182697476,0.8390212491951062
0.34990593926363883,0.8383773341918866
0.3497311827956989,0.8377334191886671
0.34955633234740524,0.8370895041854475
0.34965034965034963,0.8370895041854475
0.34983853606027987,0.8370895041854475
0.34993270524899056,0.8370895041854475
0.3500269251480883,0.8370895041854475
0.35012119579854567,0.8370895041854475
0.35021551724137934,0.8370895041854475
0.35030988951765024,0.8370895041854475
0.3504043126684636,0.8370895041854475
0.350498786734969,0.8370895041854475
0.35032362459546923,0.836445589182228
0.3504181278661991,0.836445589182228
0.35051268213707504,0.836445589182228
0.35060728744939273,0.836445589182228
0.35070194384449244,0.836445589182228
0.3507966513637591,0.836445589182228
0.35089141004862234,0.836445589182228
0.3509862199405566,0.836445589182228
0.3510810810810811,0.836445589182228
0.35117599351175993,0.836445589182228
0.35127095727420227,0.836445589182228
0.35136597241006223,0.836445589182228
0.351461038961039,0.836445589182228
0.3515561569688769,0.836445589182228
0.3517465475223396,0.836445589182228
0.3518418201516793,0.836445589182228
0.3519371444053102,0.836445589182228
0.3521279479533749,0.836445589182228
0.3522234273318872,0.836445589182228
0.35231895850284783,0.836445589182228
0.35241454150841023,0.836445589182228
0.3525101763907734,0.836445589182228
0.3526058631921824,0.836445589182228
0.35270160195492806,0.836445589182228
0.3527973927213471,0.836445589182228
0.35289323553382235,0.836445589182228
0.3536618567928124,0.836445589182228
0.35385453554889673,0.836445589182228
0.3539509536784741,0.836445589182228
0.35404742436631237,0.836445589182228
0.35414394765539803,0.836445589182228
0.3542405235887647,0.836445589182228
0.3544338335607094,0.836445589182228
0.3545305676855895,0.836445589182228
0.3546273546273546,0.836445589182228
0.3547241944292736,0.836445589182228
0.3545479377219339,0.8358016741790084
0.3546448087431694,0.8358016741790084
0.35474173271385623,0.8358016741790084
0.3548387096774194,0.8358016741790084
0.35493573967733116,0.8358016741790084
0.3550506433068711,0.8351577591757888
0.3551478641840088,0.8351577591757888
0.355245138318269,0.8351577591757888
0.35534246575342465,0.8351577591757888
0.35563476830271457,0.8351577591757888
0.3557323093801426,0.8351577591757888
0.35582990397805214,0.8351577591757888
0.3559275521405049,0.8351577591757888
0.35602525391161133,0.8351577591757888
0.3561230093355299,0.8351577591757888
0.356220818456468,0.8351577591757888
0.35631868131868133,0.8351577591757888
0.3564165979664743,0.8351577591757888
0.3565145684442001,0.8351577591757888
0.3566125927962607,0.8351577591757888
0.3567106710671067,0.8351577591757888
0.3570052298375998,0.8351577591757888
0.3568281938325991,0.8345138441725692
0.35692646653814375,0.8345138441725692
0.35702479338842974,0.8345138441725692
0.3572216097023153,0.8345138441725692
0.35791217895608946,0.8345138441725692
0.35773480662983426,0.8338699291693497
0.3578336557059961,0.8338699291693497
0.3579325594250967,0.8338699291693497
0.35803151783245785,0.8338699291693497
0.3581305309734513,0.8338699291693497
0.3582295988934993,0.8338699291693497
0.35852713178294576,0.8338699291693497
0.3586264192744392,0.8338699291693497
0.3587257617728532,0.8338699291693497
0.35882515932391246,0.8338699291693497
0.3590241197671195,0.8338699291693497
0.3591236827509706,0.8338699291693497
0.3592233009708738,0.8338699291693497
0.359322974472808,0.8338699291693497
0.35942270330280324,0.8338699291693497
0.3595224875069406,0.8338699291693497
0.3596223271313524,0.8338699291693497
0.3597222222222222,0.8338699291693497
0.35982217282578494,0.8338699291693497
0.35992217898832685,0.8338699291693497
0.35974423130386435,0.8332260141661301
0.3599443671766342,0.8332260141661301
0.3602449888641425,0.8332260141661301
0.36034530771372875,0.8332260141661301
0.36044568245125347,0.8332260141661301
0.3605461131234327,0.8332260141661301
0.3608477412158394,0.8332260141661301
0.3613515777715722,0.8332260141661301
0.3614525139664804,0.8332260141661301
0.36155350656607993,0.8332260141661301
0.3616545556176635,0.8332260141661301
0.36175566116857705,0.8332260141661301
0.36185682326621926,0.8332260141661301
0.36195804195804193,0.8332260141661301
0.3620593172915501,0.8332260141661301
0.3621606493143017,0.8332260141661301
0.36226203807390817,0.8332260141661301
0.36208345001400166,0.8325820991629105
0.3621848739495798,0.8325820991629105
0.3623878923766816,0.8325820991629105
0.36220913933277266,0.8319381841596909
0.36231071228266964,0.8319381841596909
0.3624123422159888,0.8319381841596909
0.3622334455667789,0.8312942691564713
0.36233511086163345,0.8312942691564713
0.36243683323975295,0.8312942691564713
0.362742343354875,0.8312942691564713
0.3628442945474986,0.8312942691564713
0.3629463030643801,0.8312942691564713
0.3627671541057368,0.8306503541532517
0.36307345904869126,0.8306503541532517
0.36317567567567566,0.8306503541532517
0.3632779498732751,0.8306503541532517
0.36338028169014086,0.8306503541532517
0.3632009016624401,0.8300064391500322
0.36330326944757607,0.8300064391500322
0.3634056949534818,0.8300064391500322
0.3635081782289904,0.8300064391500322
0.3636107193229901,0.8300064391500322
0.3637133182844244,0.8300064391500322
0.36381597516229186,0.8300064391500322
0.36391869000564653,0.8300064391500322
0.3640214628635979,0.8300064391500322
0.36412429378531075,0.8300064391500322
0.36422718282000566,0.8300064391500322
0.36433013001695874,0.8300064391500322
0.3644331354255018,0.8300064391500322
0.3645361990950226,0.8300064391500322
0.36463932107496466,0.8300064391500322
0.3647425014148274,0.8300064391500322
0.36484574016416643,0.8300064391500322
0.3650523930897763,0.8300064391500322
0.36515580736543907,0.8300064391500322
0.36525928024936244,0.8300064391500322
0.36536281179138325,0.8300064391500322
0.36546640204139497,0.8300064391500322
0.3655700510493477,0.8300064391500322
0.3662972435350952,0.8300064391500322
0.3664013644115975,0.8300064391500322
0.3665055444981518,0.8300064391500322
0.3666097838452787,0.8300064391500322
0.3667140825035562,0.8300064391500322
0.3668184405236198,0.8300064391500322
0.3669228579561628,0.8300064391500322
0.3670273348519362,0.8300064391500322
0.3671318712617488,0.8300064391500322
0.3674458380843786,0.8300064391500322
0.3675506130595951,0.8300064391500322
0.36765544780376497,0.8300064391500322
0.36776034236804567,0.8300064391500322
0.367865296803653,0.8300064391500322
0.36797031116186124,0.8300064391500322
0.3680753854940034,0.8300064391500322
0.368180519851471,0.8300064391500322
0.36828571428571427,0.8300064391500322
0.36839096884824235,0.8300064391500322
0.3688125894134478,0.8300064391500322
0.36891814539210077,0.8300064391500322
0.3691294387170676,0.8300064391500322
0.3692351761672873,0.8300064391500322
0.3693409742120344,0.8300064391500322
0.36944683290341074,0.8300064391500322
0.369552752293578,0.8300064391500322
0.36965873243475766,0.8300064391500322
0.3697647733792312,0.8300064391500322
0.3701895462377944,0.8300064391500322
0.37029589198506174,0.8300064391500322
0.3704022988505747,0.8300064391500322
0.3702213279678068,0.8293625241468127
0.37032777458309374,0.8293625241468127
0.3704342824273799,0.8293625241468127
0.370253164556962,0.8287186091435931
0.37035971223021585,0.8287186091435931
0.3704663212435233,0.8287186091435931
0.37057299164987045,0.8287186091435931
0.37067972350230416,0.8287186091435931
0.3707865168539326,0.8287186091435931
0.3708933717579251,0.8287186091435931
0.37100028826751225,0.8287186091435931
0.3711072664359862,0.8287186091435931
0.3712143063167003,0.8287186091435931
0.37132140796306984,0.8287186091435931
0.37142857142857144,0.8287186091435931
0.37153579676674364,0.8287186091435931
0.37164308403118684,0.8287186091435931
0.3717504332755633,0.8287186091435931
0.3718578445535972,0.8287186091435931
0.37196531791907517,0.8287186091435931
0.3720728534258456,0.8287186091435931
0.37218045112781956,0.8287186091435931
0.3722881110789702,0.8287186091435931
0.3723958333333333,0.8287186091435931
0.37250361794500725,0.8287186091435931
0.37261146496815284,0.8287186091435931
0.37242977121343757,0.8280746941403735
0.3725376593279258,0.8280746941403735
0.3728961114335461,0.8274307791371539
0.37300435413642963,0.8274307791371539
0.37311265969802554,0.8274307791371539
0.3732210281731049,0.8274307791371539
0.37332945961650205,0.8274307791371539
0.37343795408311536,0.8274307791371539
0.373546511627907,0.8274307791371539
0.37365513230590286,0.8274307791371539
0.3737638161721931,0.8274307791371539
0.3738725632819319,0.8274307791371539
0.37409024745269287,0.8274307791371539
0.37419918462434476,0.8274307791371539
0.3743081852607049,0.8274307791371539
0.3744172494172494,0.8274307791371539
0.3745263771495191,0.8274307791371539
0.3747448235637212,0.8274307791371539
0.3748541423570595,0.8274307791371539
0.37507297139521306,0.8274307791371539
0.37518248175182484,0.8274307791371539
0.375,0.8267868641339343
0.37510955302366344,0.8267868641339343
0.37521917007597894,0.8267868641339343
0.37532885121309556,0.8267868641339343
0.3755484059666569,0.8267868641339343
0.3756582796957285,0.8267868641339343
0.37576821773485514,0.8267868641339343
0.3755854800936768,0.8261429491307147
0.37569546120058567,0.8261429491307147
0.37580550673696544,0.8261429491307147
0.3759156167594492,0.8261429491307147
0.37602579132473624,0.8261429491307147
0.3761360304895925,0.8261429491307147
0.3762463343108504,0.8261429491307147
0.37635670284540923,0.8261429491307147
0.37646713615023475,0.8261429491307147
0.37657763428235985,0.8261429491307147
0.3766881972988843,0.8261429491307147
0.37679882525697506,0.8261429491307147
0.37690951821386603,0.8261429491307147
0.37702027622685863,0.8261429491307147
0.37713109935332156,0.8261429491307147
0.37724198765069095,0.8261429491307147
0.3773529411764706,0.8261429491307147
0.37746395998823185,0.8261429491307147
0.37757504414361387,0.8261429491307147
0.3776861937003238,0.8261429491307147
0.37779740871613665,0.8261429491307147
0.3779086892488954,0.8261429491307147
0.37802003535651146,0.8261429491307147
0.3782429245283019,0.8261429491307147
0.3783544677086405,0.8261429491307147
0.3781710914454277,0.8254990341274951
0.37828267925641784,0.8254990341274951
0.37839433293978747,0.8254990341274951
0.3785060525538825,0.8254990341274951
0.3786178381571175,0.8254990341274951
0.3787296898079764,0.8254990341274951
0.3792899408284024,0.8254990341274951
0.37940218999704056,0.8254990341274951
0.37951450562462996,0.8254990341274951
0.37962688777021025,0.8254990341274951
0.3797806107322858,0.8248551191242756
0.3798932384341637,0.8248551191242756
0.38000593295757934,0.8248551191242756
0.3801186943620178,0.8248551191242756
0.38023152270703475,0.8248551191242756
0.38034441805225655,0.8248551191242756
0.3804573804573805,0.8248551191242756
0.3805704099821747,0.8248551191242756
0.38068350668647843,0.8248551191242756
0.3807966706302021,0.8248551191242756
0.3809099018733274,0.8248551191242756
0.3810232004759072,0.8248551191242756
0.38113656649806604,0.8248551191242756
0.38125,0.8248551191242756
0.3814770696843359,0.8248551191242756
0.38159070598748884,0.8248551191242756
0.38170441001191896,0.8248551191242756
0.38181818181818183,0.8248551191242756
0.38204592901878914,0.8248551191242756
0.3821599045346062,0.8248551191242756
0.38227394807520143,0.8248551191242756
0.38238805970149253,0.8248551191242756
0.38250223947447,0.8248551191242756
0.3826164874551971,0.8248551191242756
0.3827308037048103,0.8248551191242756
0.38284518828451886,0.8248551191242756
0.3829596412556054,0.8248551191242756
0.38307416267942584,0.8248551191242756
0.38318875261740953,0.8248551191242756
0.38330341113105926,0.8248551191242756
0.38341813828195154,0.8248551191242756
0.3835329341317365,0.8248551191242756
0.3836477987421384,0.8248551191242756
0.38376273217495505,0.8248551191242756
0.38387773449205875,0.8248551191242756
0.3839928057553957,0.8248551191242756
0.3841079460269865,0.8248551191242756
0.3842231553689262,0.8248551191242756
0.38433843384338434,0.8248551191242756
0.38445378151260506,0.8248551191242756
0.38456919843890724,0.8248551191242756
0.3846846846846847,0.8248551191242756
0.3848002403124061,0.8248551191242756
0.38491586538461536,0.8248551191242756
0.38503155996393146,0.8248551191242756
0.3851473241130487,0.8248551191242756
0.38526315789473686,0.8248551191242756
0.38537906137184114,0.8248551191242756
0.38549503460728257,0.8248551191242756
0.3856110776640578,0.8248551191242756
0.3857271906052394,0.8248551191242756
0.3857745629897529,0.824211204121056
0.3858908652396744,0.824211204121056
0.38600723763570566,0.824211204121056
0.3861236802413273,0.824211204121056
0.38624019312009655,0.824211204121056
0.3865901540320145,0.824211204121056
0.38640483383685803,0.8235672891178365
0.386219401631913,0.8229233741146169
0.3863361547762999,0.8229233741146169
0.38645297853039007,0.8229233741146169
0.38656987295825773,0.8229233741146169
0.38668683812405447,0.8229233741146169
0.3869209809264305,0.8229233741146169
0.3873901182176417,0.8229233741146169
0.38750758035172833,0.8229233741146169
0.38774271844660196,0.8229233741146169
0.3879781420765027,0.8229233741146169
0.38779228666869114,0.8222794591113973
0.387910085054678,0.8222794591113973
0.3880279550288666,0.8222794591113973
0.38814589665653493,0.8222794591113973
0.38826391000304045,0.8222794591113973
0.38838199513381993,0.8222794591113973
0.3886183810103469,0.8222794591113973
0.3887366818873668,0.8222794591113973
0.38885505481120586,0.8222794591113973
0.3886689003959793,0.8216355441081777
0.38878732480195005,0.8216355441081777
0.3889058213959159,0.8216355441081777
0.38902439024390245,0.8216355441081777
0.38914303141201584,0.8216355441081777
0.38926174496644295,0.8216355441081777
0.3894993894993895,0.8216355441081777
0.3897373243738546,0.8216355441081777
0.3898564008554843,0.8216355441081777
0.3899755501222494,0.8216355441081777
0.39009477224090494,0.8216355441081777
0.39021406727828745,0.8216355441081777
0.39033343530131537,0.8216355441081777
0.390452876376989,0.8216355441081777
0.39069197795468463,0.8216355441081777
0.3908116385911179,0.8216355441081777
0.3910511798958014,0.8216355441081777
0.3911710606989577,0.8216355441081777
0.3912910150260656,0.8216355441081777
0.3914110429447853,0.8216355441081777
0.39153114452285975,0.8216355441081777
0.3916513198281154,0.8216355441081777
0.39177156892846177,0.8216355441081777
0.3918918918918919,0.8216355441081777
0.3920122887864823,0.8216355441081777
0.39213275968039335,0.8216355441081777
0.392253304641869,0.8216355441081777
0.3923739237392374,0.8216355441081777
0.3924946170409105,0.8216355441081777
0.3926153846153846,0.8216355441081777
0.3927362265312404,0.8216355441081777
0.39285714285714285,0.8216355441081777
0.3927911275415896,0.8209916291049582
0.3929121725731895,0.8209916291049582
0.3930332922318126,0.8209916291049582
0.393154486586494,0.8209916291049582
0.3932757557063541,0.8209916291049582
0.3933970996605986,0.8209916291049582
0.39351851851851855,0.8209916291049582
0.3936400123494906,0.8209916291049582
0.39376158122297716,0.8209916291049582
0.3938832252085264,0.8209916291049582
0.39400494437577255,0.8209916291049582
0.3941267387944359,0.8209916291049582
0.3942486085343228,0.8209916291049582
0.3940612434271574,0.8203477141017386
0.3941831683168317,0.8203477141017386
0.39430516867842774,0.8203477141017386
0.39442724458204337,0.8203477141017386
0.3945493960978631,0.8203477141017386
0.3946716232961586,0.8203477141017386
0.3947939262472885,0.8203477141017386
0.3949163050216987,0.8203477141017386
0.39503875968992247,0.8203477141017386
0.3951612903225806,0.8203477141017386
0.39528389699038163,0.8203477141017386
0.3954065797641217,0.8203477141017386
0.3955293387146849,0.8203477141017386
0.39565217391304347,0.8203477141017386
0.39577508543025786,0.8203477141017386
0.3958980733374767,0.8203477141017386
0.3960211377059372,0.8203477141017386
0.39614427860696516,0.8203477141017386
0.3962674961119751,0.8203477141017386
0.39639079029247043,0.8203477141017386
0.39651416122004357,0.8203477141017386
0.39663760896637607,0.8203477141017386
0.3967611336032389,0.8203477141017386
0.39688473520249223,0.8203477141017386
0.397008413836086,0.8203477141017386
0.39713216957605985,0.8203477141017386
0.3972560024945432,0.8203477141017386
0.39737991266375544,0.8203477141017386
0.39750390015600623,0.8203477141017386
0.39731585518102375,0.819703799098519
0.3974399000936622,0.819703799098519
0.3975640224859463,0.819703799098519
0.39768822243049046,0.819703799098519
0.3978125,0.819703799098519
0.397936855267271,0.819703799098519
0.3980612883051907,0.819703799098519
0.3981857991867376,0.819703799098519
0.39831038798498125,0.819703799098519
0.39843505477308294,0.819703799098519
0.39855979962429555,0.819703799098519
0.3986846226119637,0.819703799098519
0.39880952380952384,0.819703799098519
0.39893450329050456,0.819703799098519
0.39905956112852664,0.819703799098519
0.3991846973973032,0.819703799098519
0.3993099121706399,0.819703799098519
0.3994352055224349,0.819703799098519
0.39956057752667923,0.819703799098519
0.3996860282574568,0.819703799098519
0.3998115577889447,0.819703799098519
0.39993716619541314,0.819703799098519
0.4000628535512256,0.819703799098519
0.4001886199308394,0.819703799098519
0.40031446540880505,0.819703799098519
0.4004403900597672,0.819703799098519
0.40056639395846444,0.819703799098519
0.4006924771797293,0.819703799098519
0.40081863979848864,0.819703799098519
0.4009448818897638,0.819703799098519
0.40107120352867043,0.819703799098519
0.40119760479041916,0.819703799098519
0.40132408575031525,0.819703799098519
0.40145064648375905,0.819703799098519
0.40157728706624607,0.819703799098519
0.401704007573367,0.819703799098519
0.40183080808080807,0.819703799098519
0.4019576886643511,0.819703799098519
0.40208464939987365,0.819703799098519
0.40221169036334914,0.819703799098519
0.402338811630847,0.819703799098519
0.40246601327853304,0.819703799098519
0.4025932953826692,0.819703799098519
0.40272065801961404,0.819703799098519
0.40284810126582277,0.819703799098519
0.402659069325736,0.8190598840952994
0.40278657378087396,0.8190598840952994
0.40291415901172,0.8190598840952994
0.40304182509505704,0.8190598840952994
0.40316957210776544,0.8190598840952994
0.4032974001268231,0.8190598840952994
0.4034253092293054,0.8190598840952994
0.4035532994923858,0.8190598840952994
0.40368137099333545,0.8190598840952994
0.4034920634920635,0.8184159690920798
0.4036201968879009,0.8184159690920798
0.4037484116899619,0.8184159690920798
0.40387670797585,0.8184159690920798
0.40400508582326766,0.8184159690920798
0.4041335453100159,0.8184159690920798
0.4042620865139949,0.8184159690920798
0.4040725421571747,0.8177720540888602
0.40420114576702737,0.8177720540888602
0.4043298312639287,0.8177720540888602
0.40445859872611467,0.8177720540888602
0.404587448231921,0.8177720540888602
0.4047163798597833,0.8177720540888602
0.4048453936882372,0.8177720540888602
0.4049744897959184,0.8177720540888602
0.405103668261563,0.8177720540888602
0.40523292916400766,0.8177720540888602
0.4053622725821896,0.8177720540888602
0.4054916985951469,0.8177720540888602
0.4056212072820185,0.8177720540888602
0.4054313099041534,0.8171281390856407
0.4055608820709492,0.8171281390856407
0.40569053708439895,0.8171281390856407
0.40582027502398466,0.8171281390856407
0.4059500959692898,0.8171281390856407
0.40608,0.8171281390856407
0.4062099871959027,0.8171281390856407
0.40634005763688763,0.8171281390856407
0.4064702114029468,0.8171281390856407
0.40660044857417493,0.8171281390856407
0.40673076923076923,0.8171281390856407
0.4068611734530298,0.8171281390856407
0.40699166132135983,0.8171281390856407
0.40712223291626565,0.8171281390856407
0.4072528883183569,0.8171281390856407
0.40738362760834673,0.8171281390856407
0.407514450867052,0.8171281390856407
0.4076453581753935,0.8171281390856407
0.4077763496143959,0.8171281390856407
0.40790742526518803,0.8171281390856407
0.4080385852090032,0.8171281390856407
0.4081698295271792,0.8171281390856407
0.4083011583011583,0.8171281390856407
0.4084325716124879,0.8171281390856407
0.4085640695428204,0.8171281390856407
0.40895907186593616,0.8171281390856407
0.4090909090909091,0.8171281390856407
0.40922283134472753,0.8171281390856407
0.4093548387096774,0.8171281390856407
0.409486931268151,0.8171281390856407
0.4096191091026469,0.8171281390856407
0.4097513722957701,0.8171281390856407
0.40988372093023256,0.8171281390856407
0.410016155088853,0.8171281390856407
0.4101486748545572,0.8171281390856407
0.41028128031037825,0.8171281390856407
0.4104139715394567,0.8171281390856407
0.4105467486250404,0.8171281390856407
0.41067961165048544,0.8171281390856407
0.4108125606992554,0.8171281390856407
0.4109455958549223,0.8171281390856407
0.4107547781017169,0.8164842240824212
0.41088788075178223,0.8164842240824212
0.41102106969205837,0.8164842240824212
0.41115434500648507,0.8164842240824212
0.41128770677911125,0.8164842240824212
0.41142115509409477,0.8164842240824212
0.4114972393634297,0.8158403090792016
0.41163092917478883,0.8158403090792016
0.4113821138211382,0.8145524790727624
0.41119063109954457,0.8139085640695428
0.4113244386592906,0.8139085640695428
0.4114583333333333,0.8139085640695428
0.4112666883751221,0.8132646490663232
0.4114006514657981,0.8132646490663232
0.4115347018572825,0.8132646490663232
0.41166883963494133,0.8132646490663232
0.4118030648842517,0.8132646490663232
0.41193737769080235,0.8132646490663232
0.41207177814029367,0.8132646490663232
0.41220626631853785,0.8132646490663232
0.41234084231145934,0.8132646490663232
0.4124755062050947,0.8132646490663232
0.41261025808559293,0.8132646490663232
0.41274509803921566,0.8132646490663232
0.4128800261523374,0.8132646490663232
0.4130150425114454,0.8132646490663232
0.41315014720314036,0.8132646490663232
0.4132853403141361,0.8132646490663232
0.4134206219312602,0.8132646490663232
0.41355599214145383,0.8132646490663232
0.41336390435637077,0.8126207340631036
0.4134993446920052,0.8126207340631036
0.413634873811865,0.8126207340631036
0.4134426229508197,0.8119768190598841
0.41325024598228927,0.8113329040566645
0.4135214965539875,0.8113329040566645
0.41365725541694026,0.8113329040566645
0.41379310344827586,0.8113329040566645
0.41392904073587383,0.8113329040566645
0.4140650673677292,0.8113329040566645
0.41420118343195267,0.8113329040566645
0.4143373890167708,0.8113329040566645
0.4144736842105263,0.8113329040566645
0.4146100691016782,0.8113329040566645
0.4147465437788018,0.8113329040566645
0.41455383602239054,0.810688989053445
0.4146903820816864,0.810688989053445
0.41482701812191103,0.810688989053445
0.4149637442320369,0.810688989053445
0.41510056050115396,0.810688989053445
0.41523746701846964,0.810688989053445
0.4153744638733091,0.810688989053445
0.4155115511551155,0.810688989053445
0.41564872895345,0.810688989053445
0.4157859973579921,0.810688989053445
0.4160608063450099,0.810688989053445
0.41633597883597884,0.810688989053445
0.4164737016209064,0.810688989053445
0.41661151555261416,0.810688989053445
0.4164184045018206,0.8100450740502254
0.4166942696257039,0.8100450740502254
0.41683233929754804,0.8100450740502254
0.41697050049718265,0.8100450740502254
0.4171087533156499,0.8100450740502254
0.4172470978441128,0.8100450740502254
0.4173855341738553,0.8100450740502254
0.4171921672751411,0.8094011590470058
0.4169986719787517,0.8087572440437862
0.4171371637329791,0.8087572440437862
0.41727574750830565,0.8087572440437862
0.4174144233964772,0.8087572440437862
0.4175531914893617,0.8087572440437862
0.41769205187894914,0.8087572440437862
0.41783100465735196,0.8087572440437862
0.4179700499168053,0.8087572440437862
0.4181091877496671,0.8087572440437862
0.41824841824841824,0.8087572440437862
0.4183877415056629,0.8087572440437862
0.4185271576141286,0.8087572440437862
0.4186666666666667,0.8087572440437862
0.418945963975984,0.8087572440437862
0.41908575241908574,0.8087572440437862
0.4192256341789052,0.8087572440437862
0.41936560934891487,0.8087572440437862
0.41917167668670674,0.8081133290405667
0.419311727363849,0.8081133290405667
0.419451871657754,0.8081133290405667
0.4195921096623203,0.8081133290405667
0.4197324414715719,0.8081133290405667
0.42001338688085676,0.8081133290405667
0.42015400066956815,0.8081133290405667
0.41995981245813796,0.8074694140373471
0.4201005025125628,0.8074694140373471
0.4202412868632708,0.8074694140373471
0.42038216560509556,0.8074694140373471
0.42052313883299797,0.8074694140373471
0.42066420664206644,0.8074694140373471
0.42080536912751676,0.8074694140373471
0.4209466263846928,0.8074694140373471
0.4210879785090665,0.8074694140373471
0.42089351696338595,0.8068254990341275
0.4210349462365591,0.8068254990341275
0.4211764705882353,0.8068254990341275
0.42131809011432414,0.8068254990341275
0.42145980491086443,0.8068254990341275
0.4216016150740242,0.8068254990341275
0.42174352070010096,0.8068254990341275
0.42188552188552186,0.8068254990341275
0.4224544841537424,0.8068254990341275
0.42259696458684654,0.8068254990341275
0.4227395411605938,0.8068254990341275
0.42254471819102263,0.8061815840309079
0.42234976367319377,0.8055376690276883
0.4221546774738264,0.8048937540244687
0.4224400135180804,0.8048937540244687
0.42258282623394183,0.8048937540244687
0.4223875549543456,0.8042498390212492
0.4225304465493911,0.8042498390212492
0.422673434856176,0.8042498390212492
0.4228165199729181,0.8042498390212492
0.4229597019979682,0.8042498390212492
0.4231029810298103,0.8042498390212492
0.423246357167062,0.8042498390212492
0.4230508474576271,0.8036059240180297
0.4231943031536114,0.8036059240180297
0.42299864314789687,0.8029620090148101
0.4231421784865965,0.8029620090148101
0.423285811269518,0.8029620090148101
0.4234295415959253,0.8029620090148101
0.4235733695652174,0.8029620090148101
0.4233775059463133,0.8023180940115905
0.42352141400407883,0.8023180940115905
0.4236654199251955,0.8023180940115905
0.4238095238095238,0.8023180940115905
0.42395372575706025,0.8023180940115905
0.4240980258679374,0.8023180940115905
0.42424242424242425,0.8023180940115905
0.42438692098092645,0.8023180940115905
0.4245315161839864,0.8023180940115905
0.42467620995228356,0.8023180940115905
0.42482100238663484,0.8023180940115905
0.4249658935879945,0.8023180940115905
0.4251108836574548,0.8023180940115905
0.4252559726962457,0.8023180940115905
0.42540116080573576,0.8023180940115905
0.4255464480874317,0.8023180940115905
0.42569183464297916,0.8023180940115905
0.4258373205741627,0.8023180940115905
0.425982905982906,0.8023180940115905
0.4261285909712722,0.8023180940115905
0.42627437564146425,0.8023180940115905
0.4264202600958248,0.8023180940115905
0.4265662444368367,0.8023180940115905
0.4263698630136986,0.8016741790083709
0.4261733470366564,0.8010302640051513
0.4263193968471556,0.8010302640051513
0.42646554679465204,0.8010302640051513
0.42661179698216734,0.8010302640051513
0.4267581475128645,0.8010302640051513
0.426904598490048,0.8010302640051513
0.42670786131136285,0.8003863490019317
0.4268543956043956,0.8003863490019317
0.427001030573686,0.8003863490019317
0.42714776632302404,0.8003863490019317
0.42729460295634236,0.8003863490019317
0.42744154057771666,0.8003863490019317
0.4275885792913657,0.8003863490019317
0.42773571920165177,0.8003863490019317
0.42753872633390705,0.7997424339987121
0.42768595041322316,0.7997424339987121
0.42783327592146053,0.7997424339987121
0.42798070296347346,0.7997424339987121
0.4281282316442606,0.7997424339987121
0.4278812974465148,0.798454603992273
0.42802899551259926,0.798454603992273
0.4281767955801105,0.798454603992273
0.4283246977547496,0.798454603992273
0.4284727021423635,0.798454603992273
0.4286208088489457,0.798454603992273
0.4287690179806362,0.798454603992273
0.42857142857142855,0.7978106889890535
0.428719723183391,0.7978106889890535
0.4288681204569055,0.7978106889890535
0.42867036011080334,0.7971667739858339
0.4288188430897125,0.7971667739858339
0.42896742896742895,0.7971667739858339
0.4291161178509532,0.7971667739858339
0.4289181692094313,0.7965228589826143
0.4290669441553937,0.7965228589826143
0.42921582234559336,0.7965228589826143
0.42901770218674073,0.7958789439793947
0.42916666666666664,0.7958789439793947
0.4293157346300799,0.7958789439793947
0.4294649061848506,0.7958789439793947
0.4297635605006954,0.7958789439793947
0.42991304347826087,0.7958789439793947
0.430062630480167,0.7958789439793947
0.43021232161503653,0.7958789439793947
0.4300139275766017,0.7952350289761752
0.430163706025775,0.7952350289761752
0.43031358885017423,0.7952350289761752
0.4304635761589404,0.7952350289761752
0.4306136680613668,0.7952350289761752
0.43106457242582896,0.7952350289761752
0.4308659217877095,0.7945911139729556
0.4310164163464897,0.7945911139729556
0.43116701607267643,0.7945911139729556
0.43131772107654665,0.7945911139729556
0.4314685314685315,0.7945911139729556
0.43161944735921653,0.7945911139729556
0.43177046885934217,0.7945911139729556
0.431921596079804,0.7945911139729556
0.43222416812609454,0.7945911139729556
0.43237561317449197,0.7945911139729556
0.43217665615141954,0.793947198969736
0.432328190743338,0.793947198969736
0.43247983163802173,0.793947198969736
0.4326315789473684,0.793947198969736
0.4327834327834328,0.793947198969736
0.43293539325842695,0.793947198969736
0.43273621355813136,0.7933032839665164
0.4328882642304989,0.7933032839665164
0.43304042179261865,0.7933032839665164
0.4328410689170183,0.7926593689632968
0.43264157580021106,0.7920154539600772
0.4327938071780436,0.7920154539600772
0.43294614572333684,0.7920154539600772
0.43309859154929575,0.7920154539600772
0.4328989080662205,0.7913715389568577
0.43305144467935164,0.7913715389568577
0.4332040888262249,0.7913715389568577
0.4333568406205924,0.7913715389568577
0.43350970017636686,0.7913715389568577
0.43366266760762173,0.7913715389568577
0.4338157430285916,0.7913715389568577
0.4339689265536723,0.7913715389568577
0.4341222182974214,0.7913715389568577
0.43392226148409896,0.7907276239536382
0.43407564510427715,0.7907276239536382
0.43422913719943423,0.7907276239536382
0.4343827378846834,0.7907276239536382
0.43418259023354566,0.7900837089504186
0.43398230088495576,0.789439793947199
0.43413597733711046,0.789439793947199
0.4342897626638328,0.789439793947199
0.4344436569808646,0.789439793947199
0.434597660404112,0.789439793947199
0.4347517730496454,0.789439793947199
0.43490599503369987,0.789439793947199
0.4350603264726757,0.789439793947199
0.4352147674831381,0.789439793947199
0.4353693181818182,0.789439793947199
0.43567874911158494,0.789439793947199
0.4358336295769641,0.789439793947199
0.4359886201991465,0.789439793947199
0.4361437210956955,0.789439793947199
0.43629893238434164,0.789439793947199
0.4364542541829833,0.789439793947199
0.43625356125356124,0.7887958789439794
0.4360527253295333,0.7881519639407598
0.4364739471805853,0.7875080489375402
0.43627275972866836,0.7868641339343206
0.43642857142857144,0.7868641339343206
0.43658449446230796,0.7868641339343206
0.43689667500893814,0.7868641339343206
0.4366952789699571,0.7862202189311011
0.4368515205724508,0.7862202189311011
0.43700787401574803,0.7862202189311011
0.4371643394199785,0.7862202189311011
0.4373209169054441,0.7862202189311011
0.43747760659261914,0.7862202189311011
0.4376344086021505,0.7862202189311011
0.43779132305485835,0.7862202189311011
0.4375896700143472,0.7855763039278815
0.43774668101901687,0.7855763039278815
0.4375448671931084,0.784932388924662
0.43770197486535006,0.784932388924662
0.43785919540229884,0.784932388924662
0.4380165289256198,0.784932388924662
0.4378145219266715,0.7842884739214424
0.43797195253505933,0.7842884739214424
0.4381294964028777,0.7842884739214424
0.43828715365239296,0.7842884739214424
0.43844492440604754,0.7842884739214424
0.4386028087864602,0.7842884739214424
0.4387608069164265,0.7842884739214424
0.43891891891891893,0.7842884739214424
0.4390771449170872,0.7842884739214424
0.4392354850342589,0.7842884739214424
0.4393939393939394,0.7842884739214424
0.43955250811981234,0.7842884739214424
0.43971119133574005,0.7842884739214424
0.4395088479595522,0.7836445589182228
0.43966763005780346,0.7836445589182228
0.43982652692446694,0.7836445589182228
0.43998553868402024,0.7836445589182228
0.44014466546112113,0.7836445589182228
0.4403039073806078,0.7836445589182228
0.44046326456749907,0.7836445589182228
0.44062273714699496,0.7836445589182228
0.44078232524447664,0.7836445589182228
0.4405797101449275,0.7830006439150032
0.44073939833272924,0.7830006439150032
0.4408992023205221,0.7830006439150032
0.44105912223431265,0.7830006439150032
0.4413793103448276,0.7830006439150032
0.44153957879448075,0.7830006439150032
0.44169996367598985,0.7830006439150032
0.44250363901018924,0.7830006439150032
0.4426647251547142,0.7830006439150032
0.44282592862345227,0.7830006439150032
0.4429872495446266,0.7830006439150032
0.44314868804664725,0.7830006439150032
0.44294567991250455,0.7823567289117836
0.4431072210065646,0.7823567289117836
0.44326887997081355,0.7823567289117836
0.44343065693430656,0.7823567289117836
0.44359255202628695,0.7823567289117836
0.443754565376187,0.7823567289117836
0.4439166971136281,0.7823567289117836
0.4440789473684211,0.7823567289117836
0.44387568555758683,0.7817128139085641
0.4440380395025604,0.7817128139085641
0.44383461397731433,0.7810688989053445
0.44399707174231334,0.7810688989053445
0.4441596484804101,0.7810688989053445
0.44395604395604393,0.7804249839021249
0.4441187248076218,0.7804249839021249
0.4442815249266862,0.7804249839021249
0.4444444444444444,0.7804249839021249
0.4447706422018349,0.7804249839021249
0.44493392070484583,0.7804249839021249
0.44509731913330886,0.7804249839021249
0.4452608376193975,0.7804249839021249
0.445916114790287,0.7804249839021249
0.4460802355539198,0.7804249839021249
0.44624447717231225,0.7804249839021249
0.44640883977900553,0.7804249839021249
0.44657332350773765,0.7804249839021249
0.4467379284924438,0.7804249839021249
0.4470675027665068,0.7804249839021249
0.44723247232472324,0.7804249839021249
0.4470284237726098,0.7797810688989053
0.44719350073855246,0.7797810688989053
0.4473586996675286,0.7797810688989053
0.4475240206947524,0.7797810688989053
0.4476894639556377,0.7797810688989053
0.4478550295857988,0.7797810688989053
0.4480207177210507,0.7797810688989053
0.4481865284974093,0.7797810688989053
0.4483524620510922,0.7797810688989053
0.44851851851851854,0.7797810688989053
0.4486846980363097,0.7797810688989053
0.44885100074128986,0.7797810688989053
0.4486466444197256,0.7791371538956857
0.44881305637982194,0.7791371538956857
0.44860853432282005,0.7784932388924662
0.4484038604305865,0.7778493238892467
0.44857036761975494,0.7778493238892467
0.4487369985141159,0.7778493238892467
0.44890375325157933,0.7778493238892467
0.4490706319702602,0.7778493238892467
0.449237634808479,0.7778493238892467
0.4494047619047619,0.7778493238892467
0.4495720133978415,0.7778493238892467
0.44936708860759494,0.7772054088860271
0.4495344506517691,0.7772054088860271
0.44970193740685543,0.7772054088860271
0.44986954901229964,0.7772054088860271
0.44966442953020136,0.7765614938828075
0.44983215218202166,0.7765614938828075
0.45,0.7765614938828075
0.4501679731243001,0.7765614938828075
0.450336071695295,0.7765614938828075
0.45050429585356744,0.7765614938828075
0.45067264573991034,0.7765614938828075
0.4508411214953271,0.7765614938828075
0.45100972326103217,0.7765614938828075
0.4511784511784512,0.7765614938828075
0.4513473053892216,0.7765614938828075
0.45151628603519284,0.7765614938828075
0.451685393258427,0.7765614938828075
0.4514799550393406,0.7759175788795879
0.4516491754122939,0.7759175788795879
0.45181852268466444,0.7759175788795879
0.4519879969992498,0.7759175788795879
0.45178236397748595,0.7752736638763683
0.4519519519519519,0.7752736638763683
0.45174615095756665,0.7746297488731487
0.45154019534184825,0.7739858338699291
0.4517098835024427,0.7739858338699291
0.4520496427228281,0.7739858338699291
0.45221971407072986,0.7739858338699291
0.45238991343620627,0.7739858338699291
0.45256024096385544,0.7739858338699291
0.4527306967984934,0.7739858338699291
0.4529012810851545,0.7739858338699291
0.4530719939690916,0.7739858338699291
0.45324283559577677,0.7739858338699291
0.45341380611090154,0.7739858338699291
0.45358490566037735,0.7739858338699291
0.45375613439033596,0.7739858338699291
0.4535498489425982,0.7733419188667096
0.45372119380430675,0.7733419188667096
0.4538926681783825,0.7733419188667096
0.45406427221172024,0.7733419188667096
0.4542360060514372,0.7733419188667096
0.45440786984487325,0.7733419188667096
0.4545798637395912,0.7733419188667096
0.4547519878833775,0.7733419188667096
0.45454545454545453,0.77269800386349
0.45471769609700646,0.77269800386349
0.45489006823351025,0.77269800386349
0.4550625711035267,0.77269800386349
0.4552352048558422,0.77269800386349
0.45540796963946867,0.77269800386349
0.45558086560364464,0.77269800386349
0.4557538928978352,0.77269800386349
0.4555471124620061,0.7720540888602705
0.45534017483846445,0.7714101738570509
0.4555133079847909,0.7714101738570509
0.45568657284138453,0.7714101738570509
0.4558599695585997,0.7714101738570509
0.4560334982870194,0.7714101738570509
0.4561737804878049,0.7707662588538313
0.4563476934807472,0.7707662588538313
0.45652173913043476,0.7707662588538313
0.45631438382296835,0.7701223438506117
0.45648854961832064,0.7701223438506117
0.45666284841542576,0.7701223438506117
0.45683728036669213,0.7701223438506117
0.45701184562476116,0.7701223438506117
0.45718654434250766,0.7701223438506117
0.45736137667304017,0.7701223438506117
0.4575363427697016,0.7701223438506117
0.4577114427860697,0.7701223438506117
0.45788667687595713,0.7701223438506117
0.4580620451934125,0.7701223438506117
0.4582375478927203,0.7701223438506117
0.4584131851284017,0.7701223438506117
0.45858895705521474,0.7701223438506117
0.45876486382815496,0.7701223438506117
0.4589409056024559,0.7701223438506117
0.45911708253358924,0.7701223438506117
0.4592933947772657,0.7701223438506117
0.4594698424894353,0.7701223438506117
0.4592621060722521,0.7694784288473921
0.45943867743175704,0.7694784288473921
0.4596153846153846,0.7694784288473921
0.45979222777991535,0.7694784288473921
0.45996920708237105,0.7694784288473921
0.46014632268001543,0.7694784288473921
0.4603235747303544,0.7694784288473921
0.4605009633911368,0.7694784288473921
0.46067848882035467,0.7694784288473921
0.46085615117624373,0.7694784288473921
0.46103395061728397,0.7694784288473921
0.4612118873021999,0.7694784288473921
0.4613899613899614,0.7694784288473921
0.4615681730397837,0.7694784288473921
0.4617465224111283,0.7694784288473921
0.46192500966370315,0.7694784288473921
0.46210363495746326,0.7694784288473921
0.4622823984526112,0.7694784288473921
0.46246130030959753,0.7694784288473921
0.4626403406891212,0.7694784288473921
0.46281951975213015,0.7694784288473921
0.46299883765982175,0.7694784288473921
0.4631782945736434,0.7694784288473921
0.46335789065529276,0.7694784288473921
0.4635376260667184,0.7694784288473921
0.4637175009701203,0.7694784288473921
0.46389751552795033,0.7694784288473921
0.4640776699029126,0.7694784288473921
0.4642579642579643,0.7694784288473921
0.4640497473766032,0.7688345138441726
0.4642301710730949,0.7688345138441726
0.4644107351225204,0.7688345138441726
0.46459143968871597,0.7688345138441726
0.46477228493577266,0.7688345138441726
0.4649532710280374,0.7688345138441726
0.465134398130113,0.7688345138441726
0.46531566640685895,0.7688345138441726
0.4654970760233918,0.7688345138441726
0.4656786271450858,0.7688345138441726
0.46586031993757315,0.7688345138441726
0.46565183450429354,0.768190598840953
0.46583365872705973,0.768190598840953
0.466015625,0.768190598840953
0.4661977334896444,0.768190598840953
0.46637998436278344,0.768190598840953
0.46656237778646853,0.768190598840953
0.46674491392801254,0.768190598840953
0.4665362035225049,0.7675466838377334
0.466327329678935,0.7669027688345138
0.46650998824911866,0.7669027688345138
0.46669278996865204,0.7669027688345138
0.46687573500588003,0.7669027688345138
0.46705882352941175,0.7669027688345138
0.46724205570812083,0.7669027688345138
0.467425431711146,0.7669027688345138
0.46760895170789163,0.7669027688345138
0.4677926158680283,0.7669027688345138
0.46776729559748426,0.7662588538312942
0.4679512386944554,0.7662588538312942
0.46813532651455547,0.7662588538312942
0.46831955922865015,0.7662588538312942
0.468503937007874,0.7662588538312942
0.46868846002363135,0.7662588538312942
0.46887312844759654,0.7662588538312942
0.4690579424517146,0.7662588538312942
0.4692429022082019,0.7662588538312942
0.46942800788954636,0.7662588538312942
0.4696132596685083,0.7662588538312942
0.46940386893012237,0.7656149388280747
0.4695892575039494,0.7656149388280747
0.46977479257210586,0.7656149388280747
0.4699604743083004,0.7656149388280747
0.47014630288651643,0.7656149388280747
0.47033227848101267,0.7656149388280747
0.4705184012663237,0.7656149388280747
0.47070467141726047,0.7656149388280747
0.47049504950495047,0.7649710238248552
0.4706814580031696,0.7649710238248552
0.4708680142687277,0.7649710238248552
0.4710547184773989,0.7649710238248552
0.47124157080523604,0.7649710238248552
0.4714285714285714,0.7649710238248552
0.47121873759428345,0.7643271088216356
0.4710087370929309,0.763683193818416
0.4711958680969408,0.763683193818416
0.4713831478537361,0.763683193818416
0.47175815433572,0.763683193818416
0.4715479506565858,0.7630392788151964
0.4713375796178344,0.7623953638119768
0.4715252887295898,0.7623953638119768
0.4713147410358566,0.7617514488087572
0.47150259067357514,0.7617514488087572
0.4716905901116427,0.7617514488087572
0.4718787395293179,0.7617514488087572
0.4720670391061452,0.7617514488087572
0.4722554890219561,0.7617514488087572
0.472444089456869,0.7617514488087572
0.47223332001598084,0.7611075338055376
0.4724220623501199,0.7611075338055376
0.4726109556177529,0.7611075338055376
0.4728,0.7611075338055376
0.4729891956782713,0.7611075338055376
0.4731785428342674,0.7611075338055376
0.47336804164998,0.7611075338055376
0.4735576923076923,0.7611075338055376
0.47374749498998,0.7611075338055376
0.4739374498797113,0.7611075338055376
0.4741275571600481,0.7611075338055376
0.47431781701444625,0.7611075338055376
0.47450822962665595,0.7611075338055376
0.4746987951807229,0.7611075338055376
0.4748895138609883,0.7611075338055376
0.4746784565916399,0.760463618802318
0.47486932046642544,0.760463618802318
0.4750603378921963,0.760463618802318
0.47525150905432595,0.760463618802318
0.4754428341384863,0.760463618802318
0.47563431333064843,0.760463618802318
0.47542304593070106,0.7598197037990985
0.4752116082224909,0.759175788795879
0.4754032258064516,0.759175788795879
0.4755949979830577,0.759175788795879
0.47578692493946734,0.759175788795879
0.4759790068631409,0.759175788795879
0.4761712439418417,0.759175788795879
0.47595959595959597,0.7585318737926594
0.4761519805982215,0.7585318737926594
0.47594015365952286,0.7578879587894398
0.47572815533980584,0.7572440437862202
0.47592067988668557,0.7572440437862202
0.4761133603238866,0.7572440437862202
0.47630619684082626,0.7572440437862202
0.47649918962722854,0.7572440437862202
0.47669233887312523,0.7572440437862202
0.4764801297648013,0.7566001287830006
0.476461038961039,0.7559562137797811
0.4766544863987008,0.7559562137797811
0.4768480909829407,0.7559562137797811
0.477041852905323,0.7559562137797811
0.4772357723577236,0.7559562137797811
0.4774298495323302,0.7559562137797811
0.47762408462164363,0.7559562137797811
0.4778184778184778,0.7559562137797811
0.4780130293159609,0.7559562137797811
0.47820773930753563,0.7559562137797811
0.47840260798696005,0.7559562137797811
0.47818997146351405,0.7553122987765615
0.47838499184339317,0.7553122987765615
0.4785801713586291,0.7553122987765615
0.47877551020408166,0.7553122987765615
0.4789710085749285,0.7553122987765615
0.4791666666666667,0.7553122987765615
0.47895382100531264,0.7546683837733419
0.4793286942284077,0.7540244687701223
0.4795249795249795,0.7540244687701223
0.47931175747644406,0.7533805537669027
0.47950819672131145,0.7533805537669027
0.4792947929479295,0.7527366387636832
0.47949138638228056,0.7527366387636832
0.47927780057447683,0.7520927237604637
0.4794745484400657,0.7520927237604637
0.47967145790554416,0.7520927237604637
0.4798685291700904,0.7520927237604637
0.48006576243321003,0.7520927237604637
0.48026315789473684,0.7520927237604637
0.4804607157548334,0.7520927237604637
0.4802469135802469,0.7514488087572441
0.4804446274186908,0.7514488087572441
0.48064250411861614,0.7514488087572441
0.48084054388133496,0.7514488087572441
0.48103874690849135,0.7514488087572441
0.4812371134020619,0.7514488087572441
0.4814356435643564,0.7514488087572441
0.481634337598019,0.7514488087572441
0.48183319570602806,0.7514488087572441
0.48203221809169766,0.7514488087572441
0.48223140495867767,0.7514488087572441
0.48243075651095496,0.7514488087572441
0.48221670802315963,0.7508048937540245
0.4824162184526272,0.7508048937540245
0.4826158940397351,0.7508048937540245
0.482815734989648,0.7508048937540245
0.48301574150787074,0.7508048937540245
0.48321591380024864,0.7508048937540245
0.4834162520729685,0.7508048937540245
0.4836167565325591,0.7508048937540245
0.4838174273858921,0.7508048937540245
0.4840182648401826,0.7508048937540245
0.48421926910299,0.7508048937540245
0.48400498545907766,0.7501609787508049
0.4842061512884456,0.7501609787508049
0.48440748440748443,0.7501609787508049
0.4846089850249584,0.7501609787508049
0.4848106533499792,0.7501609787508049
0.48501248959200666,0.7501609787508049
0.48521449396084965,0.7501609787508049
0.48541666666666666,0.7501609787508049
0.48561900791996665,0.7501609787508049
0.48582151793160966,0.7501609787508049
0.4860241969128077,0.7501609787508049
0.4862270450751252,0.7501609787508049
0.48643006263048016,0.7501609787508049
0.48621553884711777,0.7495170637475853
0.48641872127037195,0.7495170637475853
0.4866220735785953,0.7495170637475853
0.4864073609368465,0.7488731487443657
0.48619246861924686,0.7482292337411461
0.486395981582252,0.7482292337411461
0.48659966499162477,0.7482292337411461
0.4868035190615836,0.7482292337411461
0.48700754400670576,0.7482292337411461
0.4867924528301887,0.7475853187379266
0.48699664429530204,0.7475853187379266
0.4872010071338649,0.7475853187379266
0.48740554156171284,0.7475853187379266
0.4876102477950441,0.7475853187379266
0.48781512605042016,0.7475853187379266
0.4880201765447667,0.7475853187379266
0.48822539949537425,0.7475853187379266
0.488430795119899,0.7475853187379266
0.48863636363636365,0.7475853187379266
0.4888421052631579,0.7475853187379266
0.4890480202190396,0.7475853187379266
0.4892541087231353,0.7475853187379266
0.489460370994941,0.7475853187379266
0.48966680725432304,0.7475853187379266
0.489873417721519,0.7475853187379266
0.490080202617138,0.7475853187379266
0.49028716216216217,0.7475853187379266
0.49007182087029993,0.746941403734707
0.4902789518174134,0.746941403734707
0.4911092294665538,0.746941403734707
0.4908936891147819,0.7462974887314875
0.49110169491525424,0.7462974887314875
0.49151823579304493,0.7462974887314875
0.491302503182011,0.7456535737282679
0.49151103565365023,0.7456535737282679
0.49171974522292994,0.7456535737282679
0.491928632115548,0.7456535737282679
0.49213769655758605,0.7456535737282679
0.4923469387755102,0.7456535737282679
0.49255635899617184,0.7456535737282679
0.4927659574468085,0.7456535737282679
0.4929757343550447,0.7456535737282679
0.49318568994889267,0.7456535737282679
0.4933958244567533,0.7456535737282679
0.49317988064791135,0.7450096587250483
0.4933901918976546,0.7450096587250483
0.49360068259385664,0.7450096587250483
0.49381135296628254,0.7450096587250483
0.49402220324508966,0.7450096587250483
0.4942332336608287,0.7450096587250483
0.49444444444444446,0.7450096587250483
0.4946558358272766,0.7450096587250483
0.4948674080410607,0.7450096587250483
0.49507916131792895,0.7450096587250483
0.495291095890411,0.7450096587250483
0.4952870608397601,0.7443657437218287
0.4954993570510073,0.7443657437218287
0.4957118353344768,0.7443657437218287
0.49592449592449594,0.7443657437218287
0.4957081545064378,0.7437218287186091
0.4959209961356805,0.7437218287186091
0.4961340206185567,0.7437218287186091
0.4963472281908036,0.7437218287186091
0.4965606190885641,0.7437218287186091
0.4967741935483871,0.7437218287186091
0.49698795180722893,0.7437218287186091
0.49720189410245375,0.7437218287186091
0.4974160206718346,0.7437218287186091
0.4976303317535545,0.7437218287186091
0.4978448275862069,0.7437218287186091
0.49805950840879687,0.7437218287186091
0.49784296807592754,0.7430779137153896
0.49762624082865775,0.74243399871217
0.49784110535405873,0.74243399871217
0.4980561555075594,0.74243399871217
0.4982713915298185,0.74243399871217
0.49848681366191094,0.74243399871217
0.4987024221453287,0.74243399871217
0.4989182172219818,0.74243399871217
0.49913419913419915,0.74243399871217
0.4989172802078822,0.7417900837089504
0.4987001733102253,0.7411461687057308
0.4989163415691374,0.7411461687057308
0.4991326973113617,0.7411461687057308
0.49891540130151846,0.7405022537025112
0.4991319444444444,0.7405022537025112
0.499348675640469,0.7405022537025112
0.49956559513466553,0.7405022537025112
0.4997827031725337,0.7405022537025112
0.5,0.7405022537025112
0.5002174858634189,0.7405022537025112
0.5004351610095735,0.7405022537025112
0.500217675228559,0.7398583386992917
0.5004355400696864,0.7398583386992917
0.500871839581517,0.7398583386992917
0.5010902747492368,0.7398583386992917
0.5013089005235603,0.7398583386992917
0.5015277171540812,0.7398583386992917
0.5017467248908297,0.7398583386992917
0.5019659239842726,0.7398583386992917
0.5021853146853147,0.7398583386992917
0.5024048972452995,0.7398583386992917
0.5021872265966754,0.7392144236960722
0.5024070021881838,0.7392144236960722
0.5021891418563923,0.7385705086928526
0.5024091108190977,0.7385705086928526
0.5026292725679229,0.7385705086928526
0.5028496273564226,0.7385705086928526
0.5030701754385964,0.7385705086928526
0.5032909170688898,0.7385705086928526
0.5035118525021949,0.7385705086928526
0.5032938076416338,0.737926593689633
0.5035149384885764,0.737926593689633
0.5037362637362638,0.737926593689633
0.503957783641161,0.737926593689633
0.5037395512538495,0.7372826786864134
0.503742844561867,0.7366387636831938
0.5041868664609961,0.7366387636831938
0.5044091710758377,0.7366387636831938
0.5046316718129686,0.7366387636831938
0.5048543689320388,0.7366387636831938
0.5050772626931568,0.7366387636831938
0.5048586572438163,0.7359948486799742
0.5046398585947857,0.7353509336767546
0.504420866489832,0.734707018673535
0.5046439628482973,0.734707018673535
0.504424778761062,0.7340631036703155
0.5046480743691899,0.7340631036703155
0.5046521931767833,0.733419188667096
0.5048758865248227,0.733419188667096
0.50509977827051,0.733419188667096
0.5053238686779059,0.733419188667096
0.5078020508247882,0.733419188667096
0.5075825156110616,0.7327752736638764
0.5078090138331102,0.7327752736638764
0.5080357142857143,0.7327752736638764
0.507815989280929,0.7321313586606568
0.5080428954423593,0.7321313586606568
0.5082700044702727,0.7321313586606568
0.5084973166368515,0.7321313586606568
0.5082774049217003,0.7314874436574372
0.5087326466636811,0.7314874436574372
0.5089605734767025,0.7314874436574372
0.5091887046167638,0.7314874436574372
0.5089686098654709,0.7308435286542176
0.5091969493046209,0.7308435286542176
0.5094254937163375,0.7308435286542176
0.50965424337674,0.7308435286542176
0.5094339622641509,0.7301996136509981
0.5096629213483146,0.7301996136509981
0.5098920863309353,0.7301996136509981
0.5101214574898786,0.7301996136509981
0.5103510351035103,0.7301996136509981
0.5105808194506979,0.7301996136509981
0.5108108108108108,0.7301996136509981
0.5110410094637224,0.7301996136509981
0.5112714156898106,0.7301996136509981
0.5115020297699594,0.7301996136509981
0.5117328519855595,0.7301996136509981
0.5119638826185101,0.7301996136509981
0.5121951219512195,0.7301996136509981
0.5124265702666064,0.7301996136509981
0.5126582278481012,0.7301996136509981
0.5128900949796472,0.7301996136509981
0.5131221719457013,0.7301996136509981
0.5133665609424558,0.7295556986477785
0.513599274705349,0.7295556986477785
0.5138321995464853,0.7295556986477785
0.5136116152450091,0.7289117836445589
0.5138447571493419,0.7289117836445589
0.514311676510677,0.7289117836445589
0.5145454545454545,0.7289117836445589
0.5147794452023647,0.7289117836445589
0.5150136487716106,0.7289117836445589
0.5152480655439236,0.7289117836445589
0.5154826958105647,0.7289117836445589
0.5152619589977221,0.7282678686413393
0.5154968094804011,0.7282678686413393
0.5157318741450069,0.7282678686413393
0.5159671532846716,0.7282678686413393
0.5162026471930625,0.7282678686413393
0.5164383561643836,0.7282678686413393
0.5166742804933759,0.7282678686413393
0.5169104204753199,0.7282678686413393
0.5171467764060357,0.7282678686413393
0.5173833485818847,0.7282678686413393
0.5176201372997712,0.7282678686413393
0.5178571428571429,0.7282678686413393
0.5183318056828597,0.7282678686413393
0.5185694635488308,0.7282678686413393
0.518348623853211,0.7276239536381197
0.5185865075722809,0.7276239536381197
0.5193014705882353,0.7276239536381197
0.5195402298850574,0.7276239536381197
0.5197792088316467,0.7276239536381197
0.5200184077312471,0.7276239536381197
0.5197974217311234,0.7269800386349002
0.5200368493781667,0.7269800386349002
0.5196123673281033,0.7250482936252415
0.5198522622345337,0.7250482936252415
0.5196304849884527,0.7244043786220219
0.5198706099815157,0.7244043786220219
0.5201109570041609,0.7244043786220219
0.5203515263644773,0.7244043786220219
0.5205923183711245,0.7244043786220219
0.5208333333333334,0.7244043786220219
0.5206113941639648,0.7237604636188023
0.5208526413345691,0.7237604636188023
0.5210941121928605,0.7237604636188023
0.5213358070500927,0.7237604636188023
0.5215777262180974,0.7237604636188023
0.5218198700092851,0.7237604636188023
0.5220622387366466,0.7237604636188023
0.5220827522082753,0.7231165486155827
0.5223255813953488,0.7231165486155827
0.5225686365751512,0.7231165486155827
0.5228119180633147,0.7231165486155827
0.5230554261760596,0.7231165486155827
0.5232991612301957,0.7231165486155827
0.5230769230769231,0.7224726336123631
0.523320895522388,0.7224726336123631
0.5235650956602893,0.7224726336123631
0.5240541802895843,0.7224726336123631
0.5242990654205607,0.7224726336123631
0.5245441795231417,0.7224726336123631
0.5247895229186156,0.7224726336123631
0.5250350959288722,0.7224726336123631
0.5252808988764045,0.7224726336123631
0.5250585480093677,0.7218287186091435
0.5253045923149016,0.7218287186091435
0.5255508673230193,0.7218287186091435
0.525328330206379,0.721184803605924
0.5255748474894416,0.721184803605924
0.5258215962441315,0.721184803605924
0.5260685767966181,0.721184803605924
0.5258458646616542,0.7205408886027045
0.5260930888575458,0.7205408886027045
0.526340545625588,0.7205408886027045
0.5265882352941177,0.7205408886027045
0.5268361581920904,0.7205408886027045
0.526613283089967,0.7198969735994849
0.5263901979264844,0.7192530585962653
0.5266383781235267,0.7192530585962653
0.5268867924528302,0.7192530585962653
0.5271354412458706,0.7192530585962653
0.5269121813031161,0.7186091435930457
0.5266887104393009,0.7179652285898261
0.5271867612293144,0.7179652285898261
0.5272124940842404,0.7173213135866066
0.5269886363636364,0.716677398583387
0.527238275698721,0.716677398583387
0.5274881516587677,0.716677398583387
0.5277382645803699,0.716677398583387
0.527988614800759,0.716677398583387
0.5282392026578073,0.716677398583387
0.5280151946818613,0.7160334835801674
0.5282660332541568,0.7160334835801674
0.5285171102661597,0.7160334835801674
0.5292717753450737,0.7160334835801674
0.5295238095238095,0.7160334835801674
0.5292996665078609,0.7153895685769478
0.5298044825941821,0.7153895685769478
0.5295801526717557,0.7147456535737282
0.5298329355608592,0.7147456535737282
0.5300859598853869,0.7147456535737282
0.5303392259913999,0.7147456535737282
0.530114722753346,0.7141017385705087
0.5303682448589192,0.7141017385705087
0.530622009569378,0.7141017385705087
0.5311302681992337,0.7141017385705087
0.5313847628174413,0.7141017385705087
0.5316395014381592,0.7141017385705087
0.5314148681055156,0.7134578235672892
0.5316698656429942,0.7134578235672892
0.5319251080172828,0.7134578235672892
0.5321805955811719,0.7134578235672892
0.5324363286881307,0.7134578235672892
0.5326923076923077,0.7134578235672892
0.532948532948533,0.7134578235672892
0.5332050048123196,0.7134578235672892
0.5329802599903707,0.7128139085640696
0.5332369942196532,0.7128139085640696
0.5332690453230472,0.71216999356085
0.5335262904003859,0.71216999356085
0.5342995169082125,0.71216999356085
0.5345577573707105,0.71216999356085
0.534816247582205,0.71216999356085
0.5350749879051766,0.71216999356085
0.5353339787028074,0.71216999356085
0.535593220338983,0.71216999356085
0.5358527131782945,0.71216999356085
0.5361124575860398,0.71216999356085
0.5363724539282251,0.71216999356085
0.5364077669902912,0.7115260785576304
0.5366682855755222,0.7115260785576304
0.5369290573372206,0.7115260785576304
0.5371900826446281,0.7115260785576304
0.5374513618677043,0.7115260785576304
0.537712895377129,0.7115260785576304
0.5379746835443038,0.7115260785576304
0.5382367267413541,0.7115260785576304
0.5384990253411306,0.7115260785576304
0.5387615797172112,0.7115260785576304
0.5385365853658537,0.7108821635544108
0.5387994143484627,0.7108821635544108
0.5390625,0.7108821635544108
0.5393258426966292,0.7108821635544108
0.5395894428152492,0.7108821635544108
0.5398533007334964,0.7108821635544108
0.5396281800391389,0.7102382485511912
0.5398923152227117,0.7102382485511912
0.5401567091087169,0.7102382485511912
0.540421362077413,0.7102382485511912
0.5406862745098039,0.7102382485511912
0.5404610102991663,0.7095943335479716
0.5402355250245339,0.708950418544752
0.5400098183603338,0.7083065035415326
0.5402750491159135,0.7083065035415326
0.5405405405405406,0.7083065035415326
0.54031465093412,0.707662588538313
0.5400885391047713,0.7070186735350934
0.5403543307086615,0.7070186735350934
0.5406203840472673,0.7070186735350934
0.5408866995073892,0.7070186735350934
0.5411532774765895,0.7070186735350934
0.5414201183431953,0.7070186735350934
0.5416872224963,0.7070186735350934
0.5427582797825012,0.7070186735350934
0.543026706231454,0.7070186735350934
0.5432953983176645,0.7070186735350934
0.5435643564356436,0.7070186735350934
0.5438335809806835,0.7070186735350934
0.5443728309370351,0.7070186735350934
0.5446428571428571,0.7070186735350934
0.5449131513647643,0.7070186735350934
0.5451837140019861,0.7070186735350934
0.5449577744659712,0.7063747585318738
0.5452286282306164,0.7063747585318738
0.5450024863252113,0.7057308435286542
0.545273631840796,0.7057308435286542
0.5455450472872075,0.7057308435286542
0.545816733067729,0.7057308435286542
0.5460886895864474,0.7057308435286542
0.5463609172482552,0.7057308435286542
0.5466334164588529,0.7057308435286542
0.5469061876247505,0.7057308435286542
0.5466799800299551,0.7050869285254346
0.5469530469530469,0.7050869285254346
0.5472263868065967,0.7050869285254346
0.547,0.7044430135222151
0.5472736368184092,0.7044430135222151
0.5475475475475475,0.7044430135222151
0.5478217325988983,0.7044430135222151
0.5480961923847696,0.7044430135222151
0.5481444332998997,0.7037990985189955
0.5484194681384847,0.7037990985189955
0.5486947791164659,0.7037990985189955
0.5489703666499247,0.7037990985189955
0.5492462311557789,0.7037990985189955
0.5495223730517849,0.7037990985189955
0.5493454179254783,0.7025112685125563
0.5496221662468513,0.7025112685125563
0.5498991935483871,0.7025112685125563
0.5501765002521433,0.7025112685125563
0.5505050505050505,0.7018673535093368
0.5507832238504295,0.7018673535093368
0.5510616784630941,0.7018673535093368
0.5513404147698533,0.7018673535093368
0.5516194331983806,0.7018673535093368
0.5518987341772152,0.7018673535093368
0.5519513431322859,0.7012234385061172
0.5517241379310345,0.7005795235028976
0.5520040588533739,0.7005795235028976
0.5517766497461929,0.6999356084996781
0.5520568816658202,0.6999356084996781
0.5523373983739838,0.6999356084996781
0.5526182003050331,0.6999356084996781
0.5523906408952187,0.6992916934964585
0.5526717557251909,0.6992916934964585
0.5529531568228105,0.6992916934964585
0.5527254202750892,0.6986477784932389
0.5530071355759429,0.6986477784932389
0.5527791942886282,0.6980038634900193
0.5530612244897959,0.6980038634900193
0.552833078101072,0.6973599484867997
0.5531154239019408,0.6973599484867997
0.5533980582524272,0.6973599484867997
0.553680981595092,0.6973599484867997
0.5539641943734015,0.6973599484867997
0.5542476970317298,0.6973599484867997
0.5543032786885246,0.6967160334835801
0.5545873910814967,0.6967160334835801
0.5560699588477366,0.6960721184803605
0.5563561502830674,0.6960721184803605
0.5566426364572605,0.6960721184803605
0.5569294178258629,0.6960721184803605
0.5572164948453608,0.6960721184803605
0.5575038679731821,0.6960721184803605
0.5572755417956656,0.6954282034771411
0.5575632421270005,0.6954282034771411
0.5578512396694215,0.6954282034771411
0.5581395348837209,0.6954282034771411
0.5579110651499483,0.6947842884739215
0.5581996896016554,0.6947842884739215
0.5584886128364389,0.6947842884739215
0.5587778353184878,0.6947842884739215
0.5585492227979275,0.6941403734707019
0.55883877656817,0.6941403734707019
0.5586099585062241,0.6934964584674823
0.5583809029579657,0.6928525434642627
0.5586708203530634,0.6928525434642627
0.558961038961039,0.6928525434642627
0.5593132154006244,0.6922086284610431
0.5590838105153566,0.6915647134578236
0.5588541666666667,0.690920798454604
0.5591453882230328,0.690920798454604
0.559436913451512,0.690920798454604
0.5597287428273344,0.690920798454604
0.5600208768267223,0.690920798454604
0.5603133159268929,0.690920798454604
0.5606060606060606,0.690920798454604
0.5608991113434396,0.690920798454604
0.5606694560669456,0.6902768834513844
0.5609628466771324,0.6902768834513844
0.5612565445026177,0.6902768834513844
0.5610267155578837,0.6896329684481648
0.5613207547169812,0.6896329684481648
0.5616151022548506,0.6896329684481648
0.5613850996852047,0.6889890534449453
0.5611548556430446,0.6883451384417257
0.5609243697478992,0.6877012234385061
0.5606936416184971,0.6870573084352866
0.5609884332281808,0.6870573084352866
0.5612835349815887,0.6870573084352866
0.5615789473684211,0.6870573084352866
0.5618746708794102,0.6870573084352866
0.5621707060063225,0.6870573084352866
0.562467053241961,0.6870573084352866
0.5627637130801688,0.6870573084352866
0.5630606860158311,0.6870573084352866
0.5628299894403379,0.686413393432067
0.5631273111463285,0.686413393432067
0.5628964059196617,0.6857694784288474
0.5631940772078265,0.6857694784288474
0.5634920634920635,0.6857694784288474
0.5638579756226815,0.6851255634256278
0.5641569459172853,0.6851255634256278
0.5644562334217507,0.6851255634256278
0.5645246946362188,0.6844816484224082
0.5648246546227418,0.6844816484224082
0.5651249335459861,0.6844816484224082
0.5654255319148936,0.6844816484224082
0.5657264502394891,0.6844816484224082
0.5654952076677316,0.6838377334191886
0.5657964837506659,0.6838377334191886
0.5670048051254671,0.6838377334191886
0.5673076923076923,0.6838377334191886
0.5676109032602886,0.6838377334191886
0.5679144385026738,0.6838377334191886
0.5682182985553772,0.6838377334191886
0.5689747718733226,0.6825499034127496
0.569280343716434,0.6825499034127496
0.569586243954863,0.6825499034127496
0.5693548387096774,0.68190598840953
0.5696611081226466,0.68190598840953
0.5694294940796556,0.6812620734063104
0.5697361335487345,0.6812620734063104
0.5695043103448276,0.6806181584030908
0.569811320754717,0.6806181584030908
0.5701186623516721,0.6806181584030908
0.5704263356718834,0.6806181584030908
0.5707343412526998,0.6806181584030908
0.5705024311183144,0.6799742433998712
0.5708108108108109,0.6799742433998712
0.5720476706392199,0.6799742433998712
0.5718157181571816,0.6793303283966516
0.5721258134490239,0.6793303283966516
0.5724362452523061,0.6793303283966516
0.5722041259500543,0.678686413393432
0.5725149375339489,0.678686413393432
0.5728260869565217,0.678686413393432
0.5731375747688962,0.678686413393432
0.573449401523395,0.678686413393432
0.5740740740740741,0.678686413393432
0.5743869209809265,0.678686413393432
0.5747001090512541,0.678686413393432
0.574468085106383,0.6780424983902125
0.5747816593886463,0.6780424983902125
0.5750955761878754,0.6780424983902125
0.5754923413566739,0.6773985833869929
0.5758073344280241,0.6773985833869929
0.5761226725082147,0.6773985833869929
0.5764383561643835,0.6773985833869929
0.5767543859649122,0.6773985833869929
0.5770707624794296,0.6773985833869929
0.5773874862788145,0.6773985833869929
0.5771554091158704,0.6767546683837733
0.5774725274725274,0.6767546683837733
0.5777899945024739,0.6767546683837733
0.5785990071704358,0.6754668383773342
0.5789183222958058,0.6754668383773342
0.5786858089453341,0.6748229233741146
0.5790055248618785,0.6748229233741146
0.5793255942509674,0.6748229233741146
0.5796460176991151,0.6748229233741146
0.5802879291251384,0.6748229233741146
0.5806094182825485,0.6748229233741146
0.5810210876803552,0.6741790083708951
0.5813436979455858,0.6741790083708951
0.5811111111111111,0.6735350933676755
0.5808782657031685,0.6728911783644559
0.5806451612903226,0.6722472633612363
0.5809682804674458,0.6722472633612363
0.5812917594654788,0.6722472633612363
0.5816155988857938,0.6722472633612363
0.5819397993311036,0.6722472633612363
0.5825892857142857,0.6722472633612363
0.5829145728643216,0.6722472633612363
0.5826815642458101,0.6716033483580167
0.5830072666294019,0.6716033483580167
0.5833333333333334,0.6716033483580167
0.5836597649692221,0.6716033483580167
0.583986562150056,0.6716033483580167
0.5843137254901961,0.6716033483580167
0.5846412556053812,0.6716033483580167
0.5849691531127313,0.6716033483580167
0.5852974186307519,0.6716033483580167
0.5853932584269663,0.6709594333547971
0.5857223159078134,0.6709594333547971
0.5860517435320585,0.6709594333547971
0.586381541924592,0.6709594333547971
0.5861486486486487,0.6703155183515775
0.5864788732394366,0.6703155183515775
0.5868094701240135,0.6703155183515775
0.587471783295711,0.6703155183515775
0.5878035008469791,0.6703155183515775
0.5875706214689266,0.6696716033483581
0.5879027699265121,0.6696716033483581
0.5882352941176471,0.6696716033483581
0.5880022637238257,0.6690276883451385
0.5877689694224235,0.6683837733419189
0.5875354107648725,0.6677398583386993
0.5878684807256236,0.6677398583386993
0.5882019285309132,0.6677398583386993
0.5885357548240636,0.6677398583386993
0.5883021010789324,0.6670959433354797
0.5886363636363636,0.6670959433354797
0.5893060295790671,0.6670959433354797
0.5890722822993739,0.6664520283322601
0.5894077448747153,0.6664520283322601
0.5897435897435898,0.6664520283322601
0.5900798175598632,0.6664520283322601
0.5904164289788933,0.6664520283322601
0.5901826484018264,0.6658081133290406
0.5905197030268418,0.6658081133290406
0.5902857142857143,0.665164198325821
0.5906232132647227,0.665164198325821
0.5909610983981693,0.665164198325821
0.59129937034917,0.665164198325821
0.5916380297823597,0.665164198325821
0.5919770773638968,0.665164198325821
0.5923165137614679,0.665164198325821
0.5926563396442914,0.665164198325821
0.5929965556831228,0.665164198325821
0.5942363112391931,0.6638763683193818
0.5945790080738178,0.6638763683193818
0.5949221004039238,0.6638763683193818
0.5946882217090069,0.6632324533161623
0.5957200694042799,0.6632324533161623
0.5960648148148148,0.6632324533161623
0.59675550405562,0.6632324533161623
0.5971014492753624,0.6632324533161623
0.5968677494199536,0.6625885383129427
0.5972141613464886,0.6625885383129427
0.5975609756097561,0.6625885383129427
0.5979081929110982,0.6625885383129427
0.5976744186046512,0.6619446233097231
0.5994169096209913,0.6619446233097231
0.5997666277712952,0.6619446233097231
0.6001167542323409,0.6619446233097231
0.6008182349503215,0.6619446233097231
0.6011695906432749,0.6619446233097231
0.6015213575190169,0.6619446233097231
0.6016403046280023,0.6613007083065036
0.6019929660023446,0.6613007083065036
0.602112676056338,0.660656793303284
0.6024662360540223,0.660656793303284
0.6028202115158637,0.660656793303284
0.6031746031746031,0.660656793303284
0.6035294117647059,0.660656793303284
0.6038846380223661,0.660656793303284
0.6040070713022981,0.6600128783000644
0.6043632075471698,0.6600128783000644
0.6047197640117994,0.6600128783000644
0.6050767414403778,0.6600128783000644
0.6054341405788541,0.6600128783000644
0.6057919621749409,0.6600128783000644
0.6061502069781195,0.6600128783000644
0.6068679692125518,0.6600128783000644
0.6072274881516587,0.6600128783000644
0.6078431372549019,0.6587250482936252
0.6076099881093936,0.6580811332904056
0.6073765615704938,0.657437218287186
0.6076326774001193,0.656149388280747
0.6079952267303103,0.656149388280747
0.6083582089552239,0.656149388280747
0.6087216248506571,0.656149388280747
0.6090854751942618,0.656149388280747
0.6094497607655502,0.656149388280747
0.6098144823459006,0.656149388280747
0.6101796407185629,0.656149388280747
0.6109112709832134,0.656149388280747
0.6114114114114114,0.6555054732775274
0.6111778846153846,0.6548615582743078
0.6109440769693325,0.6542176432710882
0.6110776640577965,0.6535737282678686
0.6114457831325302,0.6535737282678686
0.6118143459915611,0.6535737282678686
0.612183353437877,0.6535737282678686
0.611949305974653,0.652929813264649
0.6123188405797102,0.652929813264649
0.6130592503022975,0.652929813264649
0.6128251663641864,0.6522858982614295
0.612590799031477,0.6516419832582099
0.6123561477892187,0.6509980682549903
0.6121212121212121,0.6503541532517708
0.6118859915100061,0.6497102382485512
0.6122572815533981,0.6497102382485512
0.612629022465088,0.6497102382485512
0.6123936816524909,0.6490663232453316
0.6127659574468085,0.6490663232453316
0.6131386861313869,0.6490663232453316
0.6138855054811205,0.6490663232453316
0.6142595978062158,0.6490663232453316
0.6140243902439024,0.6484224082421121
0.614399023794997,0.6484224082421121
0.6141636141636142,0.6477784932388925
0.6145387904703726,0.6477784932388925
0.6149144254278729,0.6477784932388925
0.6152905198776758,0.6477784932388925
0.6156670746634026,0.6477784932388925
0.616044090630741,0.6477784932388925
0.616421568627451,0.6477784932388925
0.6167995095033721,0.6477784932388925
0.6179361179361179,0.6477784932388925
0.6178461538461538,0.6464906632324533
0.6182266009852216,0.6464906632324533
0.618607516943931,0.6464906632324533
0.6187538556446638,0.6458467482292337
0.6202844774273346,0.6458467482292337
0.620049504950495,0.6452028332260141
0.6204334365325077,0.6452028332260141
0.620817843866171,0.6452028332260141
0.6212027278363298,0.6452028332260141
0.6209677419354839,0.6445589182227945
0.6213531967721911,0.6445589182227945
0.6217391304347826,0.6445589182227945
0.6225124378109452,0.6445589182227945
0.6228998133167393,0.6445589182227945
0.6230529595015576,0.6439150032195751
0.6234413965087282,0.6439150032195751
0.6238303181534622,0.6439150032195751
0.6242197253433208,0.6439150032195751
0.6246096189881324,0.6439150032195751
0.625,0.6439150032195751
0.6253908692933083,0.6439150032195751
0.6251564455569462,0.6432710882163555
0.6255479023168441,0.6432710882163555
0.6259398496240601,0.6432710882163555
0.6263322884012539,0.6432710882163555
0.6267252195734002,0.6432710882163555
0.6264908976773383,0.6426271732131359
0.6268844221105527,0.6426271732131359
0.6272784412319296,0.6426271732131359
0.6276729559748427,0.6426271732131359
0.6280679672750157,0.6426271732131359
0.628463476070529,0.6426271732131359
0.6288594833018274,0.6426271732131359
0.6286254728877679,0.6419832582099163
0.6290220820189274,0.6419832582099163
0.6294191919191919,0.6419832582099163
0.6291850915982312,0.6413393432066967
0.629582806573957,0.6413393432066967
0.6299810246679317,0.6413393432066967
0.630145661811273,0.6406954282034771
0.6305449936628644,0.6406954282034771
0.6307106598984772,0.6400515132002575
0.6311111111111111,0.6400515132002575
0.6315120711562897,0.6400515132002575
0.6327180140038192,0.6400515132002575
0.6331210191082802,0.6400515132002575
0.6328871892925431,0.639407598197038
0.6332908163265306,0.639407598197038
0.6336949585194639,0.639407598197038
0.6340996168582376,0.639407598197038
0.6345047923322684,0.639407598197038
0.6349104859335039,0.639407598197038
0.6346769033909149,0.6387636831938184
0.6350832266325224,0.6387636831938184
0.6348494554772581,0.6381197681905988
0.6352564102564102,0.6381197681905988
0.637065637065637,0.6374758531873793
0.6374758531873793,0.6374758531873793
0.6378865979381443,0.6374758531873793
0.6382978723404256,0.6374758531873793
0.6380645161290323,0.6368319381841597
0.6384217335058214,0.6355441081777206
0.6381877022653721,0.634900193174501
0.6386010362694301,0.634900193174501
0.6390149060272197,0.634900193174501
0.6394293125810635,0.634900193174501
0.6396103896103896,0.6342562781712814
0.6400259909031839,0.6342562781712814
0.6404421326397919,0.6342562781712814
0.640625,0.6336123631680618
0.641042345276873,0.6336123631680618
0.6414602346805737,0.6336123631680618
0.6412263535551207,0.6329684481648422
0.641644908616188,0.6329684481648422
0.6414108425865448,0.6323245331616226
0.6426701570680629,0.6323245331616226
0.6439344262295082,0.6323245331616226
0.6443569553805775,0.6323245331616226
0.6447800393959291,0.6323245331616226
0.6452036793692509,0.6323245331616226
0.6456278763971072,0.6323245331616226
0.6464779460171165,0.6323245331616226
0.6473302570863546,0.6323245331616226
0.6477572559366754,0.6323245331616226
0.6486129458388376,0.6323245331616226
0.6483807005948447,0.631680618158403
0.6488095238095238,0.631680618158403
0.6492389146260754,0.631680618158403
0.6496688741721854,0.631680618158403
0.6494367130550033,0.6310367031551836
0.649867374005305,0.6310367031551836
0.6502986065029861,0.6310367031551836
0.650730411686587,0.6310367031551836
0.6511627906976745,0.6310367031551836
0.6509308510638298,0.630392788151964
0.6513639387890885,0.630392788151964
0.651797603195739,0.630392788151964
0.6515656229180546,0.6297488731487444
0.652,0.6297488731487444
0.6524349566377585,0.6297488731487444
0.6528704939919893,0.6297488731487444
0.6533066132264529,0.6297488731487444
0.6530748663101604,0.6291049581455248
0.6535117056856188,0.6291049581455248
0.6543871399866041,0.6291049581455248
0.6541554959785523,0.6284610431423052
0.6545942320590208,0.6284610431423052
0.6543624161073825,0.6278171281390856
0.6548018804566823,0.6278171281390856
0.655241935483871,0.6278171281390856
0.6556825823806322,0.6278171281390856
0.6561238223418573,0.6278171281390856
0.6558922558922559,0.627173213135866
0.6563342318059299,0.627173213135866
0.6561024949426838,0.6265292981326465
0.6565452091767882,0.6265292981326465
0.6569885212694125,0.6265292981326465
0.6574324324324324,0.6265292981326465
0.6578769438810007,0.6265292981326465
0.6583220568335588,0.6265292981326465
0.6580907244414353,0.6258853831294269
0.657859078590786,0.6252414681262073
0.6576271186440678,0.6245975531229878
0.6578411405295316,0.6239536381197682
0.6582880434782609,0.6239536381197682
0.6587355540448674,0.6239536381197682
0.6589516678012253,0.6233097231165486
0.659400544959128,0.6233097231165486
0.6598500340831629,0.6233097231165486
0.6596180081855388,0.6226658081133291
0.6600682593856655,0.6226658081133291
0.6598360655737705,0.6220218931101095
0.6596035543403964,0.6213779781068899
0.6593707250341997,0.6207340631036703
0.6598220396988365,0.6207340631036703
0.660726525017135,0.6207340631036703
0.6604938271604939,0.6200901481004507
0.6609471516815374,0.6200901481004507
0.6614010989010989,0.6200901481004507
0.6618556701030928,0.6200901481004507
0.662534435261708,0.6194462330972311
0.6623018607856651,0.6188023180940115
0.6620689655172414,0.6181584030907921
0.6625258799171843,0.6181584030907921
0.6629834254143646,0.6181584030907921
0.663441603317208,0.6181584030907921
0.6643598615916955,0.6181584030907921
0.6648199445983379,0.6181584030907921
0.665742024965326,0.6181584030907921
0.6655100624566274,0.6175144880875725
0.6664350243224462,0.6175144880875725
0.6662030598052852,0.6168705730843529
0.6659707724425887,0.6162266580811333
0.6657381615598886,0.6155827430779137
0.6655052264808362,0.6149388280746941
0.6652719665271967,0.6142949130714745
0.6650383810188416,0.613650998068255
0.664804469273743,0.6130070830650354
0.6652690426275332,0.6130070830650354
0.6650349650349651,0.6123631680618158
0.6655003498950315,0.6123631680618158
0.6661991584852734,0.6117192530585963
0.6666666666666666,0.6117192530585963
0.6669009135628953,0.6110753380553767
0.6673699015471167,0.6110753380553767
0.6678395496129487,0.6110753380553767
0.6683098591549296,0.6110753380553767
0.6687808315715292,0.6110753380553767
0.6685472496473907,0.6104314230521571
0.6690190543401553,0.6104314230521571
0.6687853107344632,0.6097875080489376
0.6692579505300353,0.6097875080489376
0.6697312588401697,0.6097875080489376
0.670205237084218,0.6097875080489376
0.669971671388102,0.609143593045718
0.6704464918497519,0.609143593045718
0.6709219858156028,0.609143593045718
0.671875,0.609143593045718
0.6723525230987918,0.609143593045718
0.6733096085409253,0.609143593045718
0.6737891737891738,0.609143593045718
0.6735566642908054,0.6084996780424984
0.6733238231098431,0.6078557630392788
0.6730906495360457,0.6072118480360592
0.6735714285714286,0.6072118480360592
0.6740528949249464,0.6072118480360592
0.6738197424892703,0.6065679330328396
0.6735862562634216,0.60592401802962
0.673352435530086,0.6052801030264006
0.6738351254480287,0.6052801030264006
0.6736011477761836,0.604636188023181
0.6733668341708543,0.6039922730199614
0.673132183908046,0.6033483580167418
0.6736161035226456,0.6033483580167418
0.6733812949640288,0.6027044430135222
0.6731461483081354,0.6020605280103026
0.6729106628242075,0.601416613007083
0.6733958183129055,0.601416613007083
0.6738816738816739,0.601416613007083
0.6736462093862816,0.6007726980038635
0.6741329479768786,0.6007726980038635
0.6746203904555315,0.6007726980038635
0.6751085383502171,0.6007726980038635
0.6755973931933381,0.6007726980038635
0.6753623188405797,0.6001287830006439
0.6758520667150109,0.6001287830006439
0.6763425253991292,0.6001287830006439
0.6768336964415396,0.6001287830006439
0.6773255813953488,0.6001287830006439
0.6770909090909091,0.5994848679974243
0.6775836972343523,0.5994848679974243
0.6773488710852149,0.5988409529942048
0.6778425655976676,0.5988409529942048
0.6783369803063457,0.5988409529942048
0.6788321167883211,0.5988409529942048
0.6785975164353543,0.5981970379909852
0.679093567251462,0.5981970379909852
0.6795903438185809,0.5981970379909852
0.6793557833089312,0.5975531229877656
0.6798534798534799,0.5975531229877656
0.6796187683284457,0.596909207984546
0.6793837123991195,0.5962652929813265
0.6791483113069016,0.5956213779781069
0.6796759941089838,0.5943335479716677
0.6794399410464259,0.5936896329684481
0.6799410029498525,0.5936896329684481
0.6797047970479705,0.5930457179652285
0.6802067946824224,0.5930457179652285
0.6807095343680709,0.5930457179652285
0.6812130177514792,0.5930457179652285
0.6817172464840858,0.5930457179652285
0.6822222222222222,0.5930457179652285
0.6819866567828021,0.5924018029620091
0.6824925816023739,0.5924018029620091
0.6829992576095026,0.5924018029620091
0.6835066864784547,0.5924018029620091
0.683271375464684,0.5917578879587895
0.6837797619047619,0.5917578879587895
0.684288905435592,0.5917578879587895
0.684053651266766,0.5911139729555699
0.6845637583892618,0.5911139729555699
0.6850746268656717,0.5911139729555699
0.6855862584017924,0.5911139729555699
0.6860986547085202,0.5911139729555699
0.6866118175018698,0.5911139729555699
0.686377245508982,0.5904700579523503
0.6861423220973782,0.5898261429491307
0.6866566716641679,0.5898261429491307
0.687171792948237,0.5898261429491307
0.6876876876876877,0.5898261429491307
0.6882043576258452,0.5898261429491307
0.6879699248120301,0.5891822279459111
0.6884875846501128,0.5891822279459111
0.6890060240963856,0.5891822279459111
0.6895252449133383,0.5891822279459111
0.6900452488687783,0.5891822279459111
0.689811320754717,0.5885383129426915
0.6903323262839879,0.5885383129426915
0.690098261526833,0.587894397939472
0.6916666666666667,0.587894397939472
0.6914329037149356,0.5872504829362524
0.6919575113808801,0.5872504829362524
0.6917236142748672,0.5866065679330328
0.6922492401215805,0.5866065679330328
0.6920152091254753,0.5859626529298133
0.6925418569254186,0.5859626529298133
0.693069306930693,0.5859626529298133
0.6935975609756098,0.5859626529298133
0.6933638443935927,0.5853187379265937
0.6931297709923664,0.5846748229233741
0.693955623565417,0.5840309079201546
0.6944869831546707,0.5840309079201546
0.6950191570881226,0.5840309079201546
0.6947852760736196,0.583386992916935
0.6953184957789716,0.583386992916935
0.695084485407066,0.5827430779137154
0.6948501152959262,0.5820991629104958
0.6953846153846154,0.5820991629104958
0.6959199384141648,0.5820991629104958
0.6964560862865947,0.5820991629104958
0.6969930609097919,0.5820991629104958
0.6970633693972179,0.5808113329040566
0.6976024748646559,0.5808113329040566
0.6981424148606811,0.5808113329040566
0.6986831913245546,0.5808113329040566
0.6992248062015504,0.5808113329040566
0.6997672614429791,0.5808113329040566
0.7003105590062112,0.5808113329040566
0.7008547008547008,0.5808113329040566
0.7006220839813375,0.580167417900837
0.7011673151750972,0.580167417900837
0.7017133956386293,0.580167417900837
0.7020280811232449,0.5795235028976176
0.7017954722872756,0.578879587894398
0.70234375,0.578879587894398
0.7028928850664582,0.578879587894398
0.7034428794992176,0.578879587894398
0.7032106499608457,0.5782356728911784
0.7037617554858934,0.5782356728911784
0.7043137254901961,0.5782356728911784
0.7048665620094191,0.5782356728911784
0.7054202670856246,0.5782356728911784
0.7059748427672956,0.5782356728911784
0.7065302911093627,0.5782356728911784
0.7074132492113565,0.5775917578879588
0.7071823204419889,0.5769478428847392
0.707740916271722,0.5769478428847392
0.708300395256917,0.5769478428847392
0.7088607594936709,0.5769478428847392
0.7094220110847189,0.5769478428847392
0.7099841521394612,0.5769478428847392
0.7105471847739889,0.5769478428847392
0.7111111111111111,0.5769478428847392
0.7116759332803813,0.5769478428847392
0.7114467408585056,0.5763039278815196
0.711217183770883,0.5756600128783
0.7109872611464968,0.5750160978750805
0.7115537848605578,0.5750160978750805
0.7113237639553429,0.5743721828718609
0.7110933758978452,0.5737282678686413
0.7116613418530351,0.5737282678686413
0.7122302158273381,0.5737282678686413
0.7128,0.5737282678686413
0.7129109863672815,0.5724404378622022
0.7126805778491172,0.5717965228589826
0.7132530120481928,0.5717965228589826
0.7138263665594855,0.5717965228589826
0.7144006436041834,0.5717965228589826
0.714170692431562,0.571152607855763
0.7139403706688154,0.5705086928525435
0.7137096774193549,0.5698647778493239
0.7134786117836965,0.5692208628461043
0.7140549273021002,0.5692208628461043
0.713823767178658,0.5685769478428847
0.7135922330097088,0.5679330328396651
0.71417004048583,0.5679330328396651
0.7139384116693679,0.5672891178364456
0.7145174371451744,0.5672891178364456
0.7142857142857143,0.5666452028332261
0.7148659626320065,0.5666452028332261
0.7154471544715447,0.5666452028332261
0.7160292921074044,0.5666452028332261
0.7157980456026058,0.5660012878300065
0.7163814180929096,0.5660012878300065
0.7161500815660685,0.5653573728267869
0.7167346938775511,0.5653573728267869
0.7165032679738562,0.5647134578235673
0.7170891251022077,0.5647134578235673
0.7182637182637183,0.5647134578235673
0.7180327868852459,0.5640695428203477
0.7178014766201805,0.5634256278171281
0.7175697865353038,0.5627817128139085
0.7173377156943304,0.562137797810689
0.7179276315789473,0.562137797810689
0.7185185185185186,0.562137797810689
0.7191103789126854,0.562137797810689
0.7197032151690025,0.562137797810689
0.7202970297029703,0.562137797810689
0.7208918249380677,0.562137797810689
0.7214876033057851,0.562137797810689
0.7212572373862697,0.5614938828074694
0.7210264900662252,0.5608499678042499
0.7216238608119304,0.5608499678042499
0.7222222222222222,0.5608499678042499
0.7219917012448133,0.5602060528010303
0.7217607973421927,0.5595621377978107
0.7215295095594347,0.5589182227945911
0.7221297836938436,0.5589182227945911
0.7218984179850125,0.5582743077913715
0.7216666666666667,0.557630392788152
0.7222685571309424,0.557630392788152
0.7220367278797997,0.5569864777849324
0.7218045112781954,0.5563425627817128
0.7224080267558528,0.5563425627817128
0.7242246437552389,0.5563425627817128
0.7239932885906041,0.5556986477784932
0.7252100840336134,0.5556986477784932
0.7258200168208578,0.5556986477784932
0.7255892255892256,0.5550547327752736
0.7262005054759899,0.5550547327752736
0.7268128161888702,0.5550547327752736
0.7265822784810126,0.5544108177720541
0.7271959459459459,0.5544108177720541
0.727810650887574,0.5544108177720541
0.7284263959390863,0.5544108177720541
0.7281964436917866,0.5537669027688346
0.7288135593220338,0.5537669027688346
0.7306711979609176,0.5537669027688346
0.7304421768707483,0.553122987765615
0.731063829787234,0.553122987765615
0.7308347529812607,0.5524790727623954
0.7306052855924978,0.5518351577591758
0.7303754266211604,0.5511912427559562
0.730999146029035,0.5511912427559562
0.7316239316239316,0.5511912427559562
0.7322497861420018,0.5511912427559562
0.7320205479452054,0.5505473277527366
0.7317909168808912,0.549903412749517
0.7315608919382505,0.5492594977462975
0.7321888412017168,0.5492594977462975
0.7328178694158075,0.5492594977462975
0.73407917383821,0.5492594977462975
0.7347114556416882,0.5492594977462975
0.7344827586206897,0.5486155827430779
0.7351164797238999,0.5486155827430779
0.7357512953367875,0.5486155827430779
0.7355229040622299,0.5479716677398584
0.736159169550173,0.5479716677398584
0.7367965367965368,0.5479716677398584
0.7374350086655113,0.5479716677398584
0.738074588031223,0.5479716677398584
0.7378472222222222,0.5473277527366388
0.7382608695652174,0.5466838377334192
0.7380330722367275,0.5460399227301996
0.7378048780487805,0.54539600772698
0.7384481255448997,0.54539600772698
0.7382198952879581,0.5447520927237605
0.7379912663755459,0.5441081777205409
0.7386363636363636,0.5441081777205409
0.7384076990376203,0.5434642627173213
0.7381786339754816,0.5428203477141017
0.7388255915863278,0.5428203477141017
0.7394736842105263,0.5428203477141017
0.7392449517120281,0.5421764327108821
0.7398945518453427,0.5421764327108821
0.7405452946350044,0.5421764327108821
0.7403169014084507,0.5415325177076626
0.7416225749559083,0.5415325177076626
0.7422771403353927,0.5415325177076626
0.7429328621908127,0.5415325177076626
0.7446808510638298,0.5408886027044431
0.7453416149068323,0.5408886027044431
0.7451154529307282,0.5402446877012235
0.7457777777777778,0.5402446877012235
0.74644128113879,0.5402446877012235
0.7462154942119323,0.5396007726980039
0.7459893048128342,0.5389568576947843
0.7457627118644068,0.5383129426915647
0.7455357142857143,0.5376690276883451
0.7462019660411081,0.5376690276883451
0.7468694096601073,0.5376690276883451
0.7466427931960609,0.5370251126851255
0.7473118279569892,0.5370251126851255
0.747085201793722,0.536381197681906
0.7468581687612208,0.5357372826786864
0.7475292003593891,0.5357372826786864
0.7482014388489209,0.5357372826786864
0.7479747974797479,0.5350933676754669
0.7477477477477478,0.5344494526722473
0.7484220018034266,0.5344494526722473
0.7490974729241877,0.5344494526722473
0.7488708220415538,0.5338055376690277
0.7486437613019892,0.5331616226658081
0.7493212669683258,0.5331616226658081
0.75,0.5331616226658081
0.7506799637352675,0.5331616226658081
0.7504537205081669,0.5325177076625885
0.7511353315168029,0.5325177076625885
0.7518181818181818,0.5325177076625885
0.7522768670309654,0.531873792659369
0.7520510483135825,0.5312298776561494
0.7527372262773723,0.5312298776561494
0.7525114155251141,0.5305859626529298
0.753199268738574,0.5305859626529298
0.7529734675205856,0.5299420476497102
0.7536630036630036,0.5299420476497102
0.7534372135655362,0.5292981326464906
0.7541284403669725,0.5292981326464906
0.7545955882352942,0.5286542176432711
0.7552897884084636,0.5286542176432711
0.7550644567219152,0.5280103026400516
0.7557603686635944,0.5280103026400516
0.7564575645756457,0.5280103026400516
0.7562326869806094,0.527366387636832
0.7569316081330869,0.527366387636832
0.7567067530064755,0.5267224726336124
0.7564814814814815,0.5260785576303928
0.7571825764596849,0.5260785576303928
0.7578849721706865,0.5260785576303928
0.7576601671309192,0.5254346426271732
0.758364312267658,0.5254346426271732
0.7597765363128491,0.5254346426271732
0.7604846225535881,0.5254346426271732
0.7611940298507462,0.5254346426271732
0.7619047619047619,0.5254346426271732
0.7616822429906542,0.5247907276239536
0.7614593077642656,0.524146812620734
0.7621722846441947,0.524146812620734
0.7628865979381443,0.524146812620734
0.7626641651031895,0.5235028976175145
0.7624413145539906,0.5228589826142949
0.7631578947368421,0.5228589826142949
0.7638758231420508,0.5228589826142949
0.7645951035781544,0.5228589826142949
0.764373232799246,0.5222150676110754
0.7641509433962265,0.5215711526078558
0.7648725212464589,0.5215711526078558
0.7646502835538752,0.5209272376046362
0.7653736991485336,0.5209272376046362
0.7651515151515151,0.5202833226014166
0.7649289099526067,0.519639407598197
0.7647058823529411,0.5189954925949775
0.7654320987654321,0.5189954925949775
0.7652091254752852,0.5183515775917579
0.7659372026641293,0.5183515775917579
0.7657142857142857,0.5177076625885383
0.765490943755958,0.5170637475853187
0.7662213740458015,0.5170637475853187
0.7659980897803247,0.5164198325820991
0.7667304015296367,0.5164198325820991
0.7674641148325358,0.5164198325820991
0.7681992337164751,0.5164198325820991
0.7689357622243528,0.5164198325820991
0.7687140115163148,0.5157759175788796
0.7694524495677233,0.5157759175788796
0.7701923076923077,0.5157759175788796
0.7699711260827719,0.51513200257566
0.7707129094412332,0.51513200257566
0.7714561234329798,0.51513200257566
0.7722007722007722,0.51513200257566
0.7719806763285024,0.5144880875724405
0.7717601547388782,0.5138441725692209
0.7728155339805826,0.5125563425627817
0.7735665694849369,0.5125563425627817
0.7733463035019456,0.5119124275595621
0.7726829268292683,0.5099806825499034
0.7734375,0.5099806825499034
0.7732160312805474,0.5093367675466839
0.773972602739726,0.5093367675466839
0.7737512242899118,0.5086928525434643
0.7752698724239451,0.5086928525434643
0.775049115913556,0.5080489375402447
0.775811209439528,0.5080489375402447
0.7755905511811023,0.5074050225370251
0.7763546798029557,0.5074050225370251
0.7778874629812438,0.5074050225370251
0.7776679841897233,0.5067611075338055
0.7784371909000989,0.5067611075338055
0.7782178217821782,0.506117192530586
0.7789890981169475,0.506117192530586
0.7797619047619048,0.506117192530586
0.7795431976166832,0.5054732775273664
0.7793240556660039,0.5048293625241468
0.7800995024875622,0.5048293625241468
0.7798804780876494,0.5041854475209272
0.7796610169491526,0.5035415325177076
0.780439121756487,0.5035415325177076
0.7812187812187812,0.5035415325177076
0.781,0.5028976175144881
0.7817817817817818,0.5028976175144881
0.782565130260521,0.5028976175144881
0.7823470411233701,0.5022537025112686
0.7831325301204819,0.5022537025112686
0.7839195979899497,0.5022537025112686
0.783702213279678,0.501609787508049
0.7844914400805639,0.501609787508049
0.7842741935483871,0.5009658725048294
0.7850655903128153,0.5009658725048294
0.7858585858585858,0.5009658725048294
0.7856420626895855,0.5003219575016098
0.7864372469635628,0.5003219575016098
0.7872340425531915,0.5003219575016098
0.7880324543610547,0.5003219575016098
0.7888324873096447,0.5003219575016098
0.7896341463414634,0.5003219575016098
0.7894201424211598,0.4996780424983902
0.7892057026476579,0.4990341274951706
0.7889908256880734,0.4983902124919511
0.789795918367347,0.4983902124919511
0.7911975435005117,0.4977462974887315
0.7928205128205128,0.4977462974887315
0.7926078028747433,0.4971023824855119
0.7932098765432098,0.49645846748229233
0.7929969104016478,0.49581455247907275
0.7938144329896907,0.49581455247907275
0.7946336429308566,0.49581455247907275
0.7954545454545454,0.49581455247907275
0.795243019648397,0.4951706374758532
0.7950310559006211,0.49452672247263363
0.794818652849741,0.49388280746941404
0.7946058091286307,0.49323889246619446
0.7954309449636553,0.49323889246619446
0.7962577962577962,0.49323889246619446
0.7970863683662851,0.49323889246619446
0.7979166666666667,0.49323889246619446
0.7987486965589156,0.49323889246619446
0.799163179916318,0.49195106245975534
0.8,0.49195106245975534
0.80083857442348,0.49195106245975534
0.8016789087093389,0.49195106245975534
0.8014705882352942,0.49130714745653575
0.8023133543638276,0.49130714745653575
0.8031578947368421,0.49130714745653575
0.8048523206751055,0.49130714745653575
0.8074074074074075,0.49130714745653575
0.8082627118644068,0.49130714745653575
0.8080593849416755,0.49066323245331617
0.8089171974522293,0.49066323245331617
0.8087141339001063,0.4900193174500966
0.8093716719914803,0.489375402446877
0.8102345415778252,0.489375402446877
0.8110992529348986,0.489375402446877
0.811965811965812,0.489375402446877
0.8128342245989305,0.489375402446877
0.8126338329764454,0.48873148744365746
0.8143776824034334,0.48873148744365746
0.8141783029001074,0.4880875724404379
0.8150537634408602,0.4880875724404379
0.8159311087190527,0.4880875724404379
0.8168103448275862,0.4880875724404379
0.8176914778856527,0.4880875724404379
0.8185745140388769,0.4880875724404379
0.8183783783783783,0.4874436574372183
0.8181818181818182,0.4867997424339987
0.8179848320693391,0.4861558274307791
0.8188720173535792,0.4861558274307791
0.8186753528773073,0.4855119124275596
0.8195652173913044,0.4855119124275596
0.8204570184983678,0.4855119124275596
0.8202614379084967,0.48486799742434
0.8211559432933478,0.48486799742434
0.8209606986899564,0.4842240824211204
0.8207650273224044,0.48358016741790083
0.8216630196936543,0.48358016741790083
0.8225629791894852,0.48358016741790083
0.823271130625686,0.48293625241468124
0.823076923076923,0.4822923374114617
0.8248898678414097,0.4822923374114617
0.824696802646086,0.4816484224082421
0.82560706401766,0.4816484224082421
0.825414364640884,0.48100450740502254
0.8263274336283186,0.48100450740502254
0.8272425249169435,0.48100450740502254
0.8281596452328159,0.48100450740502254
0.8290788013318535,0.48100450740502254
0.83,0.48100450740502254
0.8309232480533927,0.48100450740502254
0.8318485523385301,0.48100450740502254
0.8327759197324415,0.48100450740502254
0.8325892857142857,0.48036059240180295
0.8324022346368715,0.47971667739858337
0.8322147651006712,0.47907276239536384
0.8335208098987626,0.4771410173857051
0.8344594594594594,0.4771410173857051
0.8342728297632469,0.4764971023824855
0.835214446952596,0.4764971023824855
0.8350282485875706,0.47585318737926596
0.8359728506787331,0.47585318737926596
0.8357870894677236,0.4752092723760464
0.8367346938775511,0.4752092723760464
0.8376844494892168,0.4752092723760464
0.8375,0.4745653573728268
0.8373151308304891,0.4739214423696072
0.837129840546697,0.4732775273663876
0.84,0.4732775273663876
0.8409610983981693,0.4732775273663876
0.8407789232531501,0.4726336123631681
0.8405963302752294,0.4719896973599485
0.8415614236509759,0.4719896973599485
0.8413793103448276,0.4713457823567289
0.8411967779056386,0.47070186735350933
0.8410138248847926,0.47005795235028974
0.8419838523644751,0.47005795235028974
0.8418013856812933,0.4694140373470702
0.8416184971098266,0.4687701223438506
0.8425925925925926,0.4687701223438506
0.8424101969872537,0.46812620734063104
0.8433874709976799,0.46812620734063104
0.8443670150987224,0.46812620734063104
0.8441860465116279,0.46748229233741145
0.8451688009313155,0.46748229233741145
0.8461538461538461,0.46748229233741145
0.8457943925233645,0.46619446233097234
0.8467836257309942,0.46619446233097234
0.8466042154566745,0.46555054732775275
0.8464243845252052,0.46490663232453316
0.8474178403755869,0.46490663232453316
0.8472385428907168,0.4642627173213136
0.8482352941176471,0.4642627173213136
0.8480565371024735,0.463618802318094
0.847877358490566,0.46297488731487446
0.8498817966903073,0.46297488731487446
0.850887573964497,0.46297488731487446
0.8518957345971564,0.46297488731487446
0.8529062870699882,0.46297488731487446
0.8527315914489311,0.4623309723116549
0.8537455410225921,0.4623309723116549
0.8535714285714285,0.4616870573084353
0.8545887961859356,0.4616870573084353
0.8554360812425329,0.4610431423052157
0.8552631578947368,0.4603992273019961
0.8573141486810552,0.4603992273019961
0.8571428571428571,0.4597553122987766
0.8592057761732852,0.4597553122987766
0.8602409638554217,0.4597553122987766
0.8612786489746683,0.4597553122987766
0.8623188405797102,0.4597553122987766
0.8621523579201935,0.459111397295557
0.8631961259079903,0.459111397295557
0.8642424242424243,0.459111397295557
0.8652912621359223,0.459111397295557
0.8663426488456865,0.459111397295557
0.8673965936739659,0.459111397295557
0.8684531059683313,0.459111397295557
0.8682926829268293,0.4584674822923374
0.8693528693528694,0.4584674822923374
0.8704156479217604,0.4584674822923374
0.8714810281517748,0.4584674822923374
0.8736196319018404,0.4584674822923374
0.8746928746928747,0.4584674822923374
0.8757687576875769,0.4584674822923374
0.8768472906403941,0.4584674822923374
0.8766954377311961,0.4578235672891178
0.8765432098765432,0.45717965228589824
0.8763906056860321,0.4565357372826787
0.8773234200743495,0.4558918222794591
0.8795031055900621,0.4558918222794591
0.8793532338308457,0.45524790727623954
0.8804483188044832,0.45524790727623954
0.8815461346633416,0.45524790727623954
0.8826466916354557,0.45524790727623954
0.88375,0.45524790727623954
0.8848560700876095,0.45524790727623954
0.8847117794486216,0.45460399227301995
0.8845671267252195,0.45396007726980037
0.885678391959799,0.45396007726980037
0.8855345911949686,0.45331616226658084
0.8852459016393442,0.45202833226014166
0.8863636363636364,0.45202833226014166
0.8874841972187105,0.45202833226014166
0.8873417721518987,0.4513844172569221
0.8871989860583016,0.4507405022537025
0.8883248730964467,0.4507405022537025
0.8905852417302799,0.4507405022537025
0.8903061224489796,0.4494526722472634
0.8914431673052363,0.4494526722472634
0.8913043478260869,0.4488087572440438
0.8924455825864277,0.4488087572440438
0.8935897435897436,0.4488087572440438
0.8947368421052632,0.4488087572440438
0.8946015424164524,0.4481648422408242
0.8957528957528957,0.4481648422408242
0.8969072164948454,0.4481648422408242
0.8980645161290323,0.4481648422408242
0.8992248062015504,0.4481648422408242
0.8990944372574385,0.4475209272376046
0.8989637305699482,0.4468770122343851
0.8988326848249028,0.4462330972311655
0.9,0.4462330972311655
0.9011703511053316,0.4462330972311655
0.9022164276401564,0.4455891822279459
0.9033942558746736,0.4455891822279459
0.9045751633986928,0.4455891822279459
0.9044502617801047,0.4449452672247263
0.9056356487549148,0.4449452672247263
0.905511811023622,0.44430135222150674
0.9067017082785808,0.44430135222150674
0.906578947368421,0.4436574372182872
0.9077733860342556,0.4436574372182872
0.9089709762532981,0.4436574372182872
0.9088507265521797,0.4430135222150676
0.909933774834437,0.44236960721184804
0.9098143236074271,0.44172569220862845
0.9096945551128818,0.44108177720540886
0.9095744680851063,0.44043786220218933
0.9094540612516645,0.43979394719896975
0.9106666666666666,0.43979394719896975
0.910547396528705,0.43915003219575016
0.910427807486631,0.4385061171925306
0.9103078982597055,0.437862202189311
0.9115281501340483,0.437862202189311
0.912751677852349,0.437862202189311
0.9152086137281292,0.437862202189311
0.9150943396226415,0.43721828718609146
0.9163292847503374,0.43721828718609146
0.9175675675675675,0.43721828718609146
0.9174560216508796,0.4365743721828719
0.9186991869918699,0.4365743721828719
0.9199457259158752,0.4365743721828719
0.9211956521739131,0.4365743721828719
0.9223433242506812,0.4359304571796523
0.9236016371077762,0.4359304571796523
0.9234972677595629,0.4352865421764327
0.9247606019151847,0.4352865421764327
0.9246575342465754,0.4346426271732131
0.9245541838134431,0.4339987121699936
0.9258241758241759,0.4339987121699936
0.9257221458046767,0.433354797166774
0.926896551724138,0.4327108821635544
0.9267955801104972,0.4320669671603348
0.9280774550484094,0.4320669671603348
0.9279778393351801,0.43142305215711524
0.9278779472954231,0.4307791371538957
0.9277777777777778,0.4301352221506761
0.9290681502086231,0.4301352221506761
0.9303621169916435,0.4301352221506761
0.9302649930264993,0.42949130714745654
0.9301675977653632,0.42884739214423695
0.9300699300699301,0.42820347714101736
0.9299719887955182,0.42755956213779783
0.9312762973352033,0.42755956213779783
0.9325842696629213,0.42755956213779783
0.9324894514767933,0.42691564713457825
0.9323943661971831,0.42627173213135866
0.9322990126939351,0.4256278171281391
0.9322033898305084,0.4249839021249195
0.9321074964639321,0.42433998712169996
0.93342776203966,0.42433998712169996
0.9333333333333333,0.42369607211848037
0.9332386363636364,0.4230521571152608
0.9331436699857752,0.4224082421120412
0.9344729344729344,0.4224082421120412
0.9358059914407989,0.4224082421120412
0.9357142857142857,0.4217643271088216
0.9356223175965666,0.4211204121056021
0.9369627507163324,0.4211204121056021
0.9383070301291249,0.4211204121056021
0.9382183908045977,0.4204764971023825
0.9381294964028777,0.4198325820991629
0.9394812680115274,0.4198325820991629
0.9393939393939394,0.4191886670959433
0.9407514450867052,0.4191886670959433
0.9406657018813314,0.41854475209272374
0.9420289855072463,0.41854475209272374
0.941944847605225,0.4179008370895042
0.9418604651162791,0.4172569220862846
0.9417758369723436,0.41661300708306503
0.9416909620991254,0.41596909207984545
0.9416058394160584,0.41532517707662586
0.9415204678362573,0.41468126207340633
0.9414348462664714,0.41403734707018675
0.9412628487518355,0.4127495170637476
0.9411764705882353,0.412105602060528
0.9410898379970545,0.41146168705730846
0.9424778761061947,0.41146168705730846
0.9423929098966026,0.41081777205408887
0.9437869822485208,0.41081777205408887
0.9437037037037037,0.4101738570508693
0.9436201780415431,0.4095299420476497
0.9435364041604755,0.4088860270444301
0.9434523809523809,0.4082421120412106
0.9433681073025335,0.407598197037991
0.9432835820895522,0.4069542820347714
0.9431988041853513,0.4063103670315518
0.9446107784431138,0.4063103670315518
0.9445277361319341,0.40566645202833224
0.9444444444444444,0.4050225370251127
0.9458646616541353,0.4050225370251127
0.947289156626506,0.4050225370251127
0.9487179487179487,0.4050225370251127
0.9486404833836858,0.4043786220218931
0.9485627836611196,0.40373470701867353
0.95,0.40373470701867353
0.9514415781487102,0.40373470701867353
0.9513677811550152,0.40309079201545395
0.9512937595129376,0.40244687701223436
0.9512195121951219,0.40180296200901483
0.9511450381679389,0.40115904700579524
0.9510703363914373,0.40051513200257566
0.9525267993874426,0.40051513200257566
0.9539877300613497,0.40051513200257566
0.9539170506912442,0.39987121699935607
0.9553846153846154,0.39987121699935607
0.9553158705701078,0.3992273019961365
0.9567901234567902,0.3992273019961365
0.9582689335394127,0.3992273019961365
0.958204334365325,0.39858338699291695
0.958139534883721,0.39793947198969737
0.9596273291925466,0.39793947198969737
0.9595645412130638,0.3972955569864778
0.9610591900311527,0.3972955569864778
0.9609984399375975,0.3966516419832582
0.9625,0.3966516419832582
0.9624413145539906,0.3960077269800386
0.9639498432601881,0.3960077269800386
0.9654631083202512,0.3960077269800386
0.9669811320754716,0.3960077269800386
0.9684542586750788,0.3953638119768191
0.9684044233807267,0.3947198969735995
0.9683544303797469,0.3940759819703799
0.9683042789223455,0.3934320669671603
0.9698412698412698,0.3934320669671603
0.9728434504792333,0.3921442369607212
0.9744,0.3921442369607212
0.9759615384615384,0.3921442369607212
0.9759229534510433,0.3915003219575016
0.9758842443729904,0.39085640695428203
0.9774557165861514,0.39085640695428203
0.9774193548387097,0.39021249195106245
0.9773828756058158,0.38956857694784286
0.9773462783171522,0.38892466194462333
0.9773095623987034,0.38828074694140374
0.9772727272727273,0.38763683193818416
0.9788617886178862,0.38763683193818416
0.9788273615635179,0.38699291693496457
0.9787928221859706,0.386349001931745
0.9787581699346405,0.38570508692852545
0.9787234042553191,0.38506117192530587
0.978688524590164,0.3844172569220863
0.9786535303776683,0.3837733419188667
0.9802631578947368,0.3837733419188667
0.9802306425041186,0.3831294269156471
0.9801980198019802,0.3824855119124276
0.9801652892561984,0.381841596909208
0.9801324503311258,0.3811976819059884
0.9817578772802653,0.3811976819059884
0.9833887043189369,0.3811976819059884
0.9833610648918469,0.3805537669027688
0.985,0.3805537669027688
0.9849749582637729,0.37990985189954923
0.9849498327759197,0.3792659368963297
0.9865996649916248,0.3792659368963297
0.9865771812080537,0.3786220218931101
0.9865546218487395,0.37797810688989053
0.9865319865319865,0.37733419188667094
0.9865092748735245,0.37669027688345136
0.9864864864864865,0.3760463618802318
0.9864636209813875,0.37540244687701224
0.9864406779661017,0.37475853187379266
0.9864176570458404,0.37411461687057307
0.9863945578231292,0.3734707018673535
0.9863713798977853,0.37282678686413395
0.9880546075085325,0.37282678686413395
0.9880341880341881,0.37218287186091437
0.988013698630137,0.3715389568576948
0.9879931389365352,0.3708950418544752
0.9879725085910653,0.3702511268512556
0.9879518072289156,0.3696072118480361
0.9879310344827587,0.3689632968448165
0.9879101899827288,0.3683193818415969
0.9878892733564014,0.3676754668383773
0.9878682842287695,0.36703155183515773
0.9878472222222222,0.3663876368319382
0.9878260869565217,0.3657437218287186
0.9895470383275261,0.3657437218287186
0.9912739965095986,0.3657437218287186
0.9912587412587412,0.36509980682549903
0.9912434325744308,0.36445589182227944
0.9912280701754386,0.36381197681905986
0.9912126537785588,0.3631680618158403
0.9911971830985915,0.36252414681262074
0.9911816578483245,0.36188023180940115
0.991166077738516,0.36123631680618157
0.9911504424778761,0.360592401802962
0.9911347517730497,0.35994848679974245
0.9911190053285968,0.35930457179652286
0.9911032028469751,0.3586606567933033
0.9910873440285205,0.3580167417900837
0.9910714285714286,0.3573728267868641
0.9910554561717353,0.3567289117836446
0.9910394265232975,0.356084996780425
0.9910233393177738,0.3554410817772054
0.9910071942446043,0.3547971667739858
0.990990990990991,0.3541532517707663
0.9909747292418772,0.3535093367675467
0.9909584086799277,0.3528654217643271
0.9909420289855072,0.35222150676110753
0.9909255898366606,0.35157759175788794
0.990909090909091,0.3509336767546684
0.9908925318761385,0.3502897617514488
0.9908759124087592,0.34964584674822924
0.9908592321755028,0.34900193174500965
0.9908424908424909,0.34835801674179007
0.9908256880733946,0.34771410173857054
0.9908088235294118,0.34707018673535095
0.990791896869245,0.34642627173213136
0.9907749077490775,0.3457823567289118
0.9907578558225508,0.3451384417256922
0.9907407407407407,0.34449452672247266
0.9925788497217068,0.34449452672247266
0.9944237918215614,0.34449452672247266
0.994413407821229,0.3438506117192531
0.9944029850746269,0.3432066967160335
0.994392523364486,0.3425627817128139
0.9943820224719101,0.3419188667095943
0.9943714821763602,0.3412749517063748
0.9943609022556391,0.3406310367031552
0.9943502824858758,0.3399871216999356
0.9943396226415094,0.339343206696716
0.994328922495274,0.33869929169349644
0.9962121212121212,0.33869929169349644
0.9962049335863378,0.3380553766902769
0.9961977186311787,0.3374114616870573
0.9961904761904762,0.33676754668383774
0.9961832061068703,0.33612363168061815
0.9961759082217974,0.33547971667739857
0.9961685823754789,0.33483580167417903
0.9961612284069098,0.33419188667095945
0.9961538461538462,0.33354797166773986
0.9961464354527938,0.3329040566645203
0.9961389961389961,0.3322601416613007
0.9961315280464217,0.33161622665808116
0.9961240310077519,0.3309723116548616
0.996116504854369,0.330328396651642
0.9961089494163424,0.3296844816484224
0.9961013645224172,0.3290405666452028
0.99609375,0.3283966516419833
0.9960861056751468,0.3277527366387637
0.996078431372549,0.3271088216355441
0.9960707269155207,0.3264649066323245
0.9960629921259843,0.32582099162910494
0.9960552268244576,0.3251770766258854
0.9960474308300395,0.3245331616226658
0.996039603960396,0.32388924661944624
0.996031746031746,0.32324533161622665
0.9960238568588469,0.32260141661300706
0.9960159362549801,0.32195750160978753
0.9960079840319361,0.32131358660656795
0.996,0.32066967160334836
0.9959919839679359,0.3200257566001288
0.9959839357429718,0.3193818415969092
0.9959758551307847,0.31873792659368966
0.9959677419354839,0.31809401159047007
0.9959595959595959,0.3174500965872505
0.9959514170040485,0.3168061815840309
0.9959432048681541,0.3161622665808113
0.9979674796747967,0.3161622665808113
0.9979633401221996,0.3155183515775918
0.9979591836734694,0.3148744365743722
0.9979508196721312,0.313586606567933
0.997946611909651,0.31294269156471344
0.9979423868312757,0.3122987765614939
0.9979381443298969,0.3116548615582743
0.9979338842975206,0.31101094655505473
0.9979296066252588,0.31036703155183515
0.9979253112033195,0.30972311654861556
0.997920997920998,0.30907920154539603
0.9978991596638656,0.30585962652929816
0.9978947368421053,0.30521571152607857
0.9978858350951374,0.3039278815196394
0.9978813559322034,0.3032839665164198
0.9978768577494692,0.3026400515132003
0.9978540772532188,0.2994204764971024
0.9978494623655914,0.2987765614938828
0.9978448275862069,0.29813264649066323
0.9978401727861771,0.29748873148744365
0.9978118161925602,0.2936252414681262
0.9978021978021978,0.29233741146168707
0.9977973568281938,0.2916934964584675
0.9977924944812362,0.2910495814552479
0.9977876106194691,0.2904056664520283
0.9977827050997783,0.2897617514488088
0.9977678571428571,0.28783000643915
0.9977578475336323,0.2865421764327109
0.9977528089887641,0.2858982614294913
0.997737556561086,0.28396651641983256
0.9977324263038548,0.28332260141661303
0.9977116704805492,0.2807469414037347
0.9977064220183486,0.28010302640051515
0.9977011494252873,0.27945911139729557
0.9976958525345622,0.278815196394076
0.9976905311778291,0.2781712813908564
0.9976689976689976,0.2755956213779781
0.9976635514018691,0.2749517063747585
0.9976580796252927,0.27430779137153893
0.9976525821596244,0.2736638763683194
1.0,0.2736638763683194
1.0,0.2730199613650998
1.0,0.27237604636188023
1.0,0.27173213135866064
1.0,0.27108821635544106
1.0,0.27044430135222153
1.0,0.26851255634256277
1.0,0.2646490663232453
1.0,0.2640051513200258
1.0,0.2633612363168062
1.0,0.2627173213135866
1.0,0.262073406310367
1.0,0.26142949130714743
1.0,0.2607855763039279
1.0,0.2601416613007083
1.0,0.25949774629748873
1.0,0.25885383129426914
1.0,0.25820991629104956
1.0,0.25756600128783
1.0,0.25692208628461044
1.0,0.25627817128139085
1.0,0.25563425627817127
1.0,0.2549903412749517
1.0,0.25434642627173215
1.0,0.25370251126851256
1.0,0.253058596265293
1.0,0.2524146812620734
1.0,0.2517707662588538
1.0,0.2504829362524147
1.0,0.2498390212491951
1.0,0.24919510624597555
1.0,0.24855119124275596
1.0,0.23953638119768192
1.0,0.23889246619446233
1.0,0.23824855119124275
1.0,0.2376046361880232
1.0,0.2369607211848036
1.0,0.23502897617514487
1.0,0.2343850611719253
1.0,0.23374114616870573
1.0,0.23309723116548617
1.0,0.23245331616226658
1.0,0.231809401159047
1.0,0.23116548615582744
1.0,0.23052157115260785
1.0,0.2298776561493883
1.0,0.2292337411461687
1.0,0.22730199613650998
1.0,0.22665808113329042
1.0,0.22601416613007083
1.0,0.22537025112685125
1.0,0.2247263361236317
1.0,0.2240824211204121
1.0,0.22279459111397296
1.0,0.22215067611075337
1.0,0.2215067611075338
1.0,0.22086284610431423
1.0,0.22021893110109467
1.0,0.21957501609787508
1.0,0.2189311010946555
1.0,0.21828718609143594
1.0,0.2163554410817772
1.0,0.21571152607855762
1.0,0.21506761107533806
1.0,0.21442369607211847
1.0,0.21377978106889892
1.0,0.21184803605924019
1.0,0.21056020605280104
1.0,0.20927237604636187
1.0,0.2086284610431423
1.0,0.20798454603992272
1.0,0.20283322601416612
1.0,0.20154539600772697
1.0,0.20090148100450742
1.0,0.20025756600128783
1.0,0.19961365099806824
1.0,0.19896973599484868
1.0,0.1983258209916291
1.0,0.19768190598840954
1.0,0.19703799098518995
1.0,0.19510624597553122
1.0,0.19446233097231166
1.0,0.19381841596909208
1.0,0.1931745009658725
1.0,0.19253058596265293
1.0,0.19188667095943335
1.0,0.1912427559562138
1.0,0.1905988409529942
1.0,0.18995492594977462
1.0,0.18931101094655506
1.0,0.18866709594333547
1.0,0.1880231809401159
1.0,0.18737926593689633
1.0,0.18673535093367674
1.0,0.18609143593045718
1.0,0.1854475209272376
1.0,0.18480360592401804
1.0,0.18415969092079845
1.0,0.18351577591757887
1.0,0.1828718609143593
1.0,0.18222794591113972
1.0,0.18158403090792016
1.0,0.18094011590470058
1.0,0.180296200901481
1.0,0.17965228589826143
1.0,0.17707662588538314
1.0,0.17643271088216356
1.0,0.17578879587894397
1.0,0.1751448808757244
1.0,0.17450096587250483
1.0,0.17321313586606568
1.0,0.1725692208628461
1.0,0.17192530585962654
1.0,0.17128139085640695
1.0,0.1706374758531874
1.0,0.16741790083708952
1.0,0.16613007083065034
1.0,0.1654861558274308
1.0,0.1622665808113329
1.0,0.16097875080489377
1.0,0.15904700579523504
1.0,0.1577591757887959
1.0,0.1571152607855763
1.0,0.15582743077913716
1.0,0.15518351577591757
1.0,0.15453960077269802
1.0,0.15389568576947843
1.0,0.15325177076625884
1.0,0.15260785576303929
1.0,0.1519639407598197
1.0,0.15132002575660014
1.0,0.15067611075338055
1.0,0.15003219575016097
1.0,0.1493882807469414
1.0,0.14745653573728268
1.0,0.1468126207340631
1.0,0.14616870573084353
1.0,0.14552479072762395
1.0,0.1448808757244044
1.0,0.1442369607211848
1.0,0.14359304571796522
1.0,0.14294913071474566
1.0,0.14230521571152607
1.0,0.14166130070830651
1.0,0.14101738570508693
1.0,0.13972955569864778
1.0,0.1390856406954282
1.0,0.13779781068898905
1.0,0.13715389568576947
1.0,0.1365099806825499
1.0,0.13586606567933032
1.0,0.13457823567289118
1.0,0.1339343206696716
1.0,0.13007083065035416
1.0,0.12813908564069543
1.0,0.12749517063747584
1.0,0.11654861558274308
1.0,0.11332904056664521
1.0,0.11268512556342562
1.0,0.11204121056020605
1.0,0.09851899549259498
1.0,0.0978750804893754
1.0,0.09594333547971667
1.0,0.09465550547327753
1.0,0.0927237604636188
1.0,0.09207984546039923
1.0,0.09079201545396008
1.0,0.0901481004507405
1.0,0.08564069542820348
1.0,0.0849967804249839
1.0,0.07920154539600772
1.0,0.07791371538956858
1.0,0.07083065035415326
1.0,0.07018673535093367
1.0,0.06374758531873792
1.0,0.06310367031551835
1.0,0.061171925305859624
1.0,0.030264005151320026
1.0,0.02704443013522215
1.0,0.026400515132002575
1.0,0.02446877012234385
1.0,0.0231809401159047
1.0,0.018673535093367676
1.0,0.0180296200901481
1.0,0.0025756600128783
1.0,0.00128783000643915
1.0,0.000643915003219575
1.0,0.0
