fpr,tpr
0.0,0.0
0.0,0.000643915003219575
0.0,0.022537025112685124
2.0832899314597614e-05,0.0231809401159047
2.0832899314597614e-05,0.02704443013522215
4.166579862919523e-05,0.02704443013522215
4.166579862919523e-05,0.028332260141661302
6.249869794379283e-05,0.028332260141661302
6.249869794379283e-05,0.0360592401802962
8.333159725839046e-05,0.0360592401802962
8.333159725839046e-05,0.03992273019961365
8.333159725839046e-05,0.0412105602060528
8.333159725839046e-05,0.04249839021249195
0.00010416449657298807,0.04249839021249195
0.00010416449657298807,0.044430135222150675
0.00012499739588758566,0.044430135222150675
0.00012499739588758566,0.0489375402446877
0.0001458302952021833,0.0489375402446877
0.0001458302952021833,0.05215711526078558
0.0001666631945167809,0.05215711526078558
0.0001666631945167809,0.062459755312298776
0.0001874960938313785,0.062459755312298776
0.0001874960938313785,0.06825499034127495
0.00020832899314597613,0.06889890534449453
0.00020832899314597613,0.07340631036703155
0.00022916189246057373,0.07340631036703155
0.00022916189246057373,0.07405022537025113
0.0002499947917751713,0.07405022537025113
0.0002499947917751713,0.07598197037990985
0.0002499947917751713,0.07726980038634901
0.0002499947917751713,0.07855763039278815
0.0002499947917751713,0.0798454603992273
0.0002499947917751713,0.08177720540888603
0.000270827691089769,0.08177720540888603
0.000270827691089769,0.0901481004507405
0.0002916605904043666,0.0901481004507405
0.0002916605904043666,0.09079201545396008
0.00031249348971896417,0.09079201545396008
0.00031249348971896417,0.0927237604636188
0.0003333263890335618,0.0927237604636188
0.0003333263890335618,0.09594333547971667
0.0003541592883481594,0.09658725048293625
0.0003541592883481594,0.09980682549903412
0.000374992187662757,0.09980682549903412
0.000374992187662757,0.10495814552479073
0.00043749088560654986,0.10495814552479073
0.00043749088560654986,0.10688989053444946
0.0005208224828649403,0.10688989053444946
0.0005208224828649403,0.1081777205408886
0.0005208224828649403,0.11010946555054733
0.000541655382179538,0.1107533805537669
0.0006041540801233308,0.1107533805537669
0.0006041540801233308,0.11268512556342562
0.0006249869794379283,0.11268512556342562
0.0006249869794379283,0.11461687057308435
0.000645819878752526,0.11461687057308435
0.000645819878752526,0.1184803605924018
0.0006666527780671236,0.1184803605924018
0.0006666527780671236,0.12169993560849968
0.0007083185766963188,0.12169993560849968
0.0007083185766963188,0.12298776561493883
0.000749984375325514,0.12298776561493883
0.000749984375325514,0.1313586606567933
0.0007708172746401117,0.1313586606567933
0.0007708172746401117,0.1320025756600129
0.0007916501739547092,0.1320025756600129
0.0007916501739547092,0.13264649066323245
0.0008124830732693069,0.13264649066323245
0.0008124830732693069,0.1339343206696716
0.0008333159725839045,0.1339343206696716
0.0008333159725839045,0.1390856406954282
0.0008541488718985021,0.1390856406954282
0.0008541488718985021,0.1468126207340631
0.0008749817712130997,0.1468126207340631
0.0008749817712130997,0.15132002575660014
0.0008958146705276974,0.15132002575660014
0.0008958146705276974,0.1519639407598197
0.0009166475698422949,0.1519639407598197
0.0009166475698422949,0.15518351577591757
0.0009374804691568926,0.15518351577591757
0.0009374804691568926,0.15647134578235672
0.0009583133684714902,0.15647134578235672
0.0009583133684714902,0.1571152607855763
0.0009999791671006853,0.1571152607855763
0.0009999791671006853,0.15904700579523504
0.001020812066415283,0.15904700579523504
0.001020812066415283,0.16097875080489377
0.0010416449657298806,0.16097875080489377
0.0010416449657298806,0.1648422408242112
0.0010624778650444781,0.1648422408242112
0.0010624778650444781,0.1654861558274308
0.001083310764359076,0.1654861558274308
0.001083310764359076,0.16806181584030908
0.0011041436636736734,0.16806181584030908
0.0011041436636736734,0.16870573084352866
0.001124976562988271,0.16870573084352866
0.001124976562988271,0.17192530585962654
0.0011458094623028687,0.17192530585962654
0.0011458094623028687,0.1725692208628461
0.0011666423616174663,0.1725692208628461
0.0011666423616174663,0.1751448808757244
0.0012291410595612591,0.1751448808757244
0.0012291410595612591,0.17643271088216356
0.0012499739588758567,0.17643271088216356
0.0012499739588758567,0.1777205408886027
0.001291639757505052,0.1777205408886027
0.001291639757505052,0.17965228589826143
0.0013124726568196495,0.17965228589826143
0.0013124726568196495,0.18158403090792016
0.0013333055561342473,0.18158403090792016
0.0013333055561342473,0.18415969092079845
0.0013541384554488448,0.18415969092079845
0.0013541384554488448,0.18609143593045718
0.0013749713547634424,0.18609143593045718
0.0013749713547634424,0.18673535093367674
0.0013958042540780401,0.18673535093367674
0.0013958042540780401,0.18866709594333547
0.0014166371533926377,0.18866709594333547
0.0014166371533926377,0.18931101094655506
0.0014374700527072352,0.18995492594977462
0.0014374700527072352,0.1905988409529942
0.001499968750651028,0.1905988409529942
0.001499968750651028,0.19381841596909208
0.0015208016499656258,0.19381841596909208
0.0015208016499656258,0.19446233097231166
0.0015416345492802234,0.19446233097231166
0.0015416345492802234,0.19639407598197037
0.001562467448594821,0.19639407598197037
0.001562467448594821,0.19703799098518995
0.0016041332472240162,0.19703799098518995
0.0016041332472240162,0.19896973599484868
0.0016249661465386137,0.19896973599484868
0.0016249661465386137,0.20283322601416612
0.0016457990458532113,0.2034771410173857
0.001666631945167809,0.2034771410173857
0.001666631945167809,0.20476497102382485
0.0016874648444824066,0.20476497102382485
0.0016874648444824066,0.206052801030264
0.0017082977437970041,0.206052801030264
0.0017082977437970041,0.20798454603992272
0.001729130643111602,0.20798454603992272
0.001729130643111602,0.2086284610431423
0.0017499635424261994,0.20927237604636187
0.0017499635424261994,0.21056020605280104
0.001770796441740797,0.21056020605280104
0.001770796441740797,0.21377978106889892
0.0017916293410553947,0.21377978106889892
0.0017916293410553947,0.21571152607855762
0.0018124622403699923,0.21571152607855762
0.0018124622403699923,0.21764327108821635
0.0018541280389991876,0.21764327108821635
0.0018541280389991876,0.21828718609143594
0.0018749609383137851,0.21828718609143594
0.0018749609383137851,0.2189311010946555
0.0019791254348867733,0.2189311010946555
0.0019791254348867733,0.21957501609787508
0.0019999583342013706,0.21957501609787508
0.0019999583342013706,0.22086284610431423
0.0020207912335159684,0.22086284610431423
0.0020207912335159684,0.22215067611075337
0.002041624132830566,0.22215067611075337
0.0020624570321451634,0.22279459111397296
0.0020624570321451634,0.22537025112685125
0.002083289931459761,0.22537025112685125
0.002083289931459761,0.2292337411461687
0.0021249557300889563,0.2292337411461687
0.0021249557300889563,0.2298776561493883
0.002145788629403554,0.2298776561493883
0.002145788629403554,0.23374114616870573
0.002166621528718152,0.23374114616870573
0.002166621528718152,0.23502897617514487
0.002208287327347347,0.23502897617514487
0.002208287327347347,0.2369607211848036
0.0022291202266619447,0.2369607211848036
0.0022291202266619447,0.24018029620090148
0.0022707860252911397,0.24018029620090148
0.0022707860252911397,0.24146812620734062
0.002312451823920335,0.24146812620734062
0.002312451823920335,0.2427559562137798
0.0023541176225495303,0.2427559562137798
0.0023541176225495303,0.24339987121699935
0.0023957834211787254,0.24339987121699935
0.002416616320493323,0.24339987121699935
0.002416616320493323,0.24404378622021894
0.0024374492198079205,0.24404378622021894
0.0024374492198079205,0.24533161622665808
0.0024582821191225183,0.24533161622665808
0.0024582821191225183,0.24661944623309723
0.002479115018437116,0.24661944623309723
0.002479115018437116,0.2517707662588538
0.0024999479177517134,0.2517707662588538
0.0024999479177517134,0.253058596265293
0.002520780817066311,0.253058596265293
0.002520780817066311,0.25563425627817127
0.002520780817066311,0.25692208628461044
0.002541613716380909,0.25692208628461044
0.002541613716380909,0.25820991629104956
0.002562446615695506,0.25820991629104956
0.002562446615695506,0.25885383129426914
0.002583279515010104,0.25885383129426914
0.002583279515010104,0.25949774629748873
0.0026041124143247017,0.25949774629748873
0.0026041124143247017,0.2601416613007083
0.002624945313639299,0.2601416613007083
0.002624945313639299,0.2607855763039279
0.002687444011583092,0.2607855763039279
0.002687444011583092,0.26142949130714743
0.0027291098102122874,0.26142949130714743
0.0027291098102122874,0.2627173213135866
0.0027707756088414825,0.2627173213135866
0.0027707756088414825,0.26658081133290407
0.0027916085081560803,0.26658081133290407
0.0027916085081560803,0.26722472633612365
0.0028124414074706776,0.26722472633612365
0.0028124414074706776,0.2678686413393432
0.002895773004729068,0.2678686413393432
0.002895773004729068,0.26915647134578236
0.002916605904043666,0.26915647134578236
0.002916605904043666,0.27108821635544106
0.0029374388033582633,0.27108821635544106
0.0029374388033582633,0.2749517063747585
0.002958271702672861,0.2749517063747585
0.002958271702672861,0.2755956213779781
0.002999937501302056,0.2755956213779781
0.002999937501302056,0.2768834513844173
0.003062436199245849,0.2768834513844173
0.003062436199245849,0.2775273663876368
0.0030832690985604467,0.2775273663876368
0.0030832690985604467,0.2781712813908564
0.0031041019978750445,0.2781712813908564
0.0031041019978750445,0.278815196394076
0.003124934897189642,0.278815196394076
0.003124934897189642,0.28139085640695427
0.0031457677965042396,0.28139085640695427
0.0031457677965042396,0.28203477141017386
0.0031874335951334347,0.28203477141017386
0.0031874335951334347,0.28332260141661303
0.0032082664944480324,0.28332260141661303
0.0032082664944480324,0.28461043142305215
0.0032499322930772275,0.28461043142305215
0.0032499322930772275,0.28525434642627173
0.0032707651923918253,0.28525434642627173
0.0032707651923918253,0.28718609143593044
0.0032915980917064226,0.28718609143593044
0.0033124309910210203,0.28783000643915
0.003333263890335618,0.28783000643915
0.003333263890335618,0.2891178364455892
0.0033540967896502154,0.2891178364455892
0.0033540967896502154,0.2904056664520283
0.003374929688964813,0.2904056664520283
0.003374929688964813,0.2910495814552479
0.003395762588279411,0.2910495814552479
0.003395762588279411,0.29233741146168707
0.003437428386908606,0.29233741146168707
0.003437428386908606,0.2936252414681262
0.003458261286223204,0.2936252414681262
0.003458261286223204,0.29426915647134577
0.003541592883481594,0.29426915647134577
0.003541592883481594,0.29684481648422406
0.0035832586821107895,0.29684481648422406
0.0035832586821107895,0.29813264649066323
0.0036874231786837774,0.29813264649066323
0.0036874231786837774,0.2987765614938828
0.0037290889773129725,0.2987765614938828
0.0037290889773129725,0.30006439150032194
0.0037499218766275703,0.30006439150032194
0.0037499218766275703,0.3026400515132003
0.003770754775942168,0.3026400515132003
0.003770754775942168,0.3032839665164198
0.003854086373200558,0.3032839665164198
0.003874919272515156,0.3039278815196394
0.0038957521718297537,0.3039278815196394
0.0038957521718297537,0.30585962652929816
0.003916585071144351,0.30585962652929816
0.003916585071144351,0.3071474565357373
0.003979083769088144,0.3071474565357373
0.003979083769088144,0.30972311654861556
0.004041582467031937,0.30972311654861556
0.004041582467031937,0.31101094655505473
0.004083248265661132,0.31101094655505473
0.004083248265661132,0.3116548615582743
0.004124914064290327,0.3116548615582743
0.004124914064290327,0.313586606567933
0.004145746963604925,0.313586606567933
0.004145746963604925,0.3142305215711526
0.004166579862919522,0.3142305215711526
0.004166579862919522,0.3155183515775918
0.004208245661548718,0.3155183515775918
0.004208245661548718,0.3161622665808113
0.004229078560863316,0.3161622665808113
0.004229078560863316,0.31809401159047007
0.00427074435949251,0.31809401159047007
0.00427074435949251,0.31873792659368966
0.004291577258807108,0.31873792659368966
0.004291577258807108,0.3200257566001288
0.004374908856065498,0.3200257566001288
0.004374908856065498,0.32131358660656795
0.0044374075540092916,0.32131358660656795
0.0044374075540092916,0.32260141661300706
0.004458240453323889,0.32260141661300706
0.004458240453323889,0.32324533161622665
0.004479073352638487,0.32324533161622665
0.004479073352638487,0.32582099162910494
0.004499906251953084,0.32582099162910494
0.004520739151267682,0.3264649066323245
0.0045415720505822795,0.3264649066323245
0.0045415720505822795,0.3290405666452028
0.004562404949896877,0.3290405666452028
0.004562404949896877,0.3296844816484224
0.00462490364784067,0.3296844816484224
0.00462490364784067,0.3322601416613007
0.004645736547155267,0.3322601416613007
0.004645736547155267,0.3329040566645203
0.004687402345784463,0.3329040566645203
0.004708235245099061,0.3329040566645203
0.004708235245099061,0.33419188667095945
0.004791566842357451,0.33419188667095945
0.004791566842357451,0.33483580167417903
0.004833232640986646,0.33483580167417903
0.004833232640986646,0.33547971667739857
0.004874898439615841,0.33547971667739857
0.004874898439615841,0.33612363168061815
0.004895731338930439,0.33612363168061815
0.0049165642382450365,0.33676754668383774
0.004937397137559634,0.33676754668383774
0.004937397137559634,0.3374114616870573
0.004958230036874232,0.3374114616870573
0.004958230036874232,0.33869929169349644
0.0050207287348180245,0.33869929169349644
0.0050207287348180245,0.339343206696716
0.005041561634132622,0.339343206696716
0.005041561634132622,0.3399871216999356
0.00506239453344722,0.3399871216999356
0.00506239453344722,0.3406310367031552
0.005083227432761818,0.3406310367031552
0.005083227432761818,0.34449452672247266
0.005124893231391012,0.34449452672247266
0.005124893231391012,0.3451384417256922
0.005187391929334806,0.3451384417256922
0.005187391929334806,0.34642627173213136
0.005229057727964,0.34642627173213136
0.005229057727964,0.34771410173857054
0.005291556425907794,0.34771410173857054
0.005291556425907794,0.34900193174500965
0.005333222224536989,0.34900193174500965
0.005333222224536989,0.34964584674822924
0.005354055123851586,0.34964584674822924
0.005354055123851586,0.3502897617514488
0.0053957209224807815,0.3502897617514488
0.0053957209224807815,0.3535093367675467
0.005437386721109977,0.3535093367675467
0.005437386721109977,0.356084996780425
0.005479052519739172,0.356084996780425
0.0054998854190537695,0.3567289117836446
0.0055832170163121605,0.3567289117836446
0.0055832170163121605,0.3573728267868641
0.005624882814941355,0.3573728267868641
0.005624882814941355,0.3580167417900837
0.005645715714255953,0.3580167417900837
0.005645715714255953,0.3586606567933033
0.005666548613570551,0.3586606567933033
0.005666548613570551,0.35930457179652286
0.005708214412199746,0.35930457179652286
0.005708214412199746,0.35994848679974245
0.005770713110143539,0.35994848679974245
0.005770713110143539,0.360592401802962
0.005854044707401929,0.360592401802962
0.005854044707401929,0.3631680618158403
0.0058748776067165265,0.3631680618158403
0.0058748776067165265,0.36381197681905986
0.005895710506031124,0.36381197681905986
0.005895710506031124,0.3663876368319382
0.005958209203974918,0.3663876368319382
0.005958209203974918,0.36703155183515773
0.005999875002604112,0.36703155183515773
0.005999875002604112,0.3676754668383773
0.0060623737005479055,0.3676754668383773
0.0060623737005479055,0.3683193818415969
0.0061040394991771,0.3683193818415969
0.0061040394991771,0.3696072118480361
0.006124872398491698,0.3696072118480361
0.006124872398491698,0.3715389568576948
0.006145705297806296,0.3715389568576948
0.006145705297806296,0.37218287186091437
0.006187371096435491,0.37218287186091437
0.006187371096435491,0.37282678686413395
0.006229036895064686,0.37282678686413395
0.006229036895064686,0.3734707018673535
0.006270702693693881,0.3734707018673535
0.006270702693693881,0.37411461687057307
0.0063540342909522715,0.37411461687057307
0.0063540342909522715,0.37475853187379266
0.006374867190266869,0.37475853187379266
0.006374867190266869,0.37797810688989053
0.006416532988896065,0.37797810688989053
0.006416532988896065,0.3786220218931101
0.006437365888210663,0.3786220218931101
0.006437365888210663,0.3824855119124276
0.006479031686839857,0.3824855119124276
0.006479031686839857,0.3837733419188667
0.006499864586154455,0.3837733419188667
0.006499864586154455,0.3844172569220863
0.0065415303847836505,0.3844172569220863
0.0065415303847836505,0.38506117192530587
0.006562363284098248,0.38506117192530587
0.006562363284098248,0.38699291693496457
0.006749859377929626,0.38699291693496457
0.006749859377929626,0.38892466194462333
0.0068331909751880165,0.38892466194462333
0.0068331909751880165,0.38956857694784286
0.006937355471761005,0.38956857694784286
0.006937355471761005,0.39021249195106245
0.006958188371075602,0.39021249195106245
0.006958188371075602,0.3915003219575016
0.0070206870690193955,0.3915003219575016
0.0070206870690193955,0.39278815196394073
0.007041519968333993,0.39278815196394073
0.007041519968333993,0.3940759819703799
0.007104018666277786,0.3940759819703799
0.007104018666277786,0.3947198969735995
0.007145684464906981,0.3947198969735995
0.007145684464906981,0.3953638119768191
0.007187350263536177,0.3953638119768191
0.007187350263536177,0.3960077269800386
0.007208183162850774,0.3960077269800386
0.007208183162850774,0.3966516419832582
0.007354013458052957,0.3966516419832582
0.007354013458052957,0.3992273019961365
0.007458177954625945,0.3992273019961365
0.007458177954625945,0.40051513200257566
0.007479010853940543,0.40051513200257566
0.007479010853940543,0.40115904700579524
0.007562342451198933,0.40115904700579524
0.007562342451198933,0.40180296200901483
0.007708172746401116,0.40180296200901483
0.007708172746401116,0.40244687701223436
0.007729005645715714,0.40244687701223436
0.007729005645715714,0.40309079201545395
0.007749838545030312,0.40309079201545395
0.007749838545030312,0.40373470701867353
0.0078540030416033,0.40373470701867353
0.0078540030416033,0.4050225370251127
0.007895668840232494,0.40566645202833224
0.007895668840232494,0.4063103670315518
0.007916501739547093,0.4063103670315518
0.007916501739547093,0.4069542820347714
0.007979000437490886,0.4069542820347714
0.007979000437490886,0.4082421120412106
0.007999833336805482,0.4082421120412106
0.007999833336805482,0.41081777205408887
0.008041499135434678,0.41081777205408887
0.008041499135434678,0.41146168705730846
0.008083164934063873,0.41146168705730846
0.008083164934063873,0.4127495170637476
0.008103997833378472,0.4127495170637476
0.008103997833378472,0.41468126207340633
0.008124830732693069,0.41468126207340633
0.008124830732693069,0.41532517707662586
0.008145663632007666,0.41532517707662586
0.008145663632007666,0.41661300708306503
0.008145663632007666,0.4179008370895042
0.008145663632007666,0.41854475209272374
0.008353992625153643,0.41854475209272374
0.008353992625153643,0.4191886670959433
0.00837482552446824,0.4191886670959433
0.00837482552446824,0.4198325820991629
0.008395658423782837,0.4198325820991629
0.008395658423782837,0.4204764971023825
0.008458157121726631,0.4204764971023825
0.008458157121726631,0.4217643271088216
0.008520655819670424,0.4217643271088216
0.008520655819670424,0.4224082421120412
0.00854148871898502,0.4224082421120412
0.00854148871898502,0.4230521571152608
0.008603987416928815,0.4230521571152608
0.008603987416928815,0.42369607211848037
0.008645653215558009,0.42369607211848037
0.008645653215558009,0.42433998712169996
0.008687319014187204,0.42433998712169996
0.008687319014187204,0.4249839021249195
0.008791483510760192,0.4249839021249195
0.008791483510760192,0.4256278171281391
0.00881231641007479,0.4256278171281391
0.00881231641007479,0.42627173213135866
0.008853982208703984,0.42627173213135866
0.008874815108018583,0.42627173213135866
0.008874815108018583,0.42755956213779783
0.00889564800733318,0.42755956213779783
0.00889564800733318,0.42820347714101736
0.008937313805962376,0.42820347714101736
0.008937313805962376,0.42884739214423695
0.009041478302535363,0.42884739214423695
0.009041478302535363,0.42949130714745654
0.009083144101164559,0.42949130714745654
0.009083144101164559,0.43142305215711524
0.00916647569842295,0.43142305215711524
0.00916647569842295,0.4320669671603348
0.009208141497052146,0.4320669671603348
0.009228974396366742,0.4320669671603348
0.009228974396366742,0.433354797166774
0.00924980729568134,0.433354797166774
0.00924980729568134,0.4339987121699936
0.009270640194995938,0.4339987121699936
0.009270640194995938,0.4346426271732131
0.009291473094310535,0.4346426271732131
0.009291473094310535,0.4359304571796523
0.009312305993625133,0.4359304571796523
0.009312305993625133,0.4365743721828719
0.009374804691568926,0.4365743721828719
0.009374804691568926,0.437862202189311
0.009416470490198121,0.437862202189311
0.009416470490198121,0.4385061171925306
0.00949980208745651,0.4385061171925306
0.00949980208745651,0.43915003219575016
0.009541467886085706,0.43915003219575016
0.009541467886085706,0.43979394719896975
0.009583133684714902,0.43979394719896975
0.009583133684714902,0.44043786220218933
0.009728963979917085,0.44043786220218933
0.009728963979917085,0.44108177720540886
0.00977062977854628,0.44108177720540886
0.00977062977854628,0.44172569220862845
0.009812295577175476,0.44172569220862845
0.009812295577175476,0.44236960721184804
0.009833128476490073,0.44236960721184804
0.009833128476490073,0.4436574372182872
0.00985396137580467,0.4436574372182872
0.00985396137580467,0.4449452672247263
0.009895627174433866,0.4449452672247263
0.009895627174433866,0.4462330972311655
0.009916460073748464,0.4462330972311655
0.009916460073748464,0.4468770122343851
0.009937292973063061,0.4468770122343851
0.009937292973063061,0.4475209272376046
0.009978958771692257,0.4475209272376046
0.009978958771692257,0.4481648422408242
0.010041457469636049,0.4481648422408242
0.010041457469636049,0.45009658725048296
0.010083123268265244,0.45009658725048296
0.010083123268265244,0.45202833226014166
0.010270619362096623,0.45202833226014166
0.010270619362096623,0.45267224726336125
0.01029145226141122,0.45267224726336125
0.01029145226141122,0.45331616226658084
0.010333118060040416,0.45331616226658084
0.010395616757984208,0.45331616226658084
0.010395616757984208,0.45460399227301995
0.010437282556613404,0.45460399227301995
0.010437282556613404,0.45524790727623954
0.010458115455928,0.45524790727623954
0.010458115455928,0.4558918222794591
0.010520614153871795,0.4558918222794591
0.010520614153871795,0.4565357372826787
0.010624778650444783,0.4565357372826787
0.010624778650444783,0.45717965228589824
0.010666444449073978,0.45717965228589824
0.010708110247703172,0.45717965228589824
0.010770608945646966,0.45717965228589824
0.010770608945646966,0.4584674822923374
0.010791441844961563,0.4584674822923374
0.010791441844961563,0.459111397295557
0.010833107643590759,0.459111397295557
0.010833107643590759,0.4597553122987766
0.010895606341534551,0.4597553122987766
0.010895606341534551,0.4603992273019961
0.011103935334680527,0.4603992273019961
0.011103935334680527,0.4610431423052157
0.01124976562988271,0.4610431423052157
0.01124976562988271,0.4616870573084353
0.011291431428511906,0.4616870573084353
0.011291431428511906,0.46297488731487446
0.011312264327826503,0.46297488731487446
0.011312264327826503,0.463618802318094
0.011374763025770297,0.463618802318094
0.011374763025770297,0.46490663232453316
0.011416428824399492,0.46490663232453316
0.011416428824399492,0.46555054732775275
0.011478927522343285,0.46555054732775275
0.011478927522343285,0.46619446233097234
0.01152059332097248,0.46619446233097234
0.011562259119601674,0.46619446233097234
0.011562259119601674,0.46683837733419187
0.01160392491823087,0.46683837733419187
0.01160392491823087,0.46812620734063104
0.011645590716860065,0.46812620734063104
0.011645590716860065,0.4694140373470702
0.011749755213433053,0.4694140373470702
0.011749755213433053,0.4719896973599485
0.011791421012062249,0.4719896973599485
0.011791421012062249,0.4726336123631681
0.01187475260932064,0.4726336123631681
0.01187475260932064,0.4739214423696072
0.011937251307264432,0.4739214423696072
0.011937251307264432,0.4745653573728268
0.011999750005208224,0.4745653573728268
0.011999750005208224,0.47585318737926596
0.012020582904522823,0.47585318737926596
0.012020582904522823,0.4771410173857051
0.012062248703152017,0.4771410173857051
0.012062248703152017,0.47778493238892467
0.012124747401095811,0.47778493238892467
0.012124747401095811,0.47842884739214425
0.012145580300410408,0.47842884739214425
0.012145580300410408,0.47907276239536384
0.012249744796983396,0.47907276239536384
0.012249744796983396,0.48036059240180295
0.012437240890814775,0.48036059240180295
0.012437240890814775,0.48100450740502254
0.01247890668944397,0.48100450740502254
0.01247890668944397,0.4822923374114617
0.012499739588758567,0.4822923374114617
0.012499739588758567,0.48293625241468124
0.012541405387387763,0.48293625241468124
0.012541405387387763,0.48358016741790083
0.012583071186016958,0.48358016741790083
0.012583071186016958,0.4842240824211204
0.012603904085331555,0.4842240824211204
0.012603904085331555,0.48486799742434
0.012624736984646154,0.48486799742434
0.012624736984646154,0.4855119124275596
0.01264556988396075,0.4855119124275596
0.01264556988396075,0.4867997424339987
0.012666402783275348,0.4867997424339987
0.012666402783275348,0.4874436574372183
0.012728901481219142,0.4874436574372183
0.012728901481219142,0.48873148744365746
0.012770567279848337,0.48873148744365746
0.012853898877106727,0.48873148744365746
0.012853898877106727,0.4900193174500966
0.012874731776421325,0.4900193174500966
0.012874731776421325,0.49130714745653575
0.012916397575050519,0.49130714745653575
0.012916397575050519,0.49195106245975534
0.013020562071623509,0.49195106245975534
0.013020562071623509,0.49323889246619446
0.013103893668881898,0.49323889246619446
0.013103893668881898,0.4951706374758532
0.013124726568196497,0.4951706374758532
0.013124726568196497,0.4971023824855119
0.01316639236682569,0.4971023824855119
0.01316639236682569,0.4983902124919511
0.013249723964084081,0.4983902124919511
0.013249723964084081,0.4990341274951706
0.013291389762713277,0.4990341274951706
0.013291389762713277,0.5003219575016098
0.013333055561342472,0.5003219575016098
0.013333055561342472,0.5009658725048294
0.013478885856544656,0.5009658725048294
0.013478885856544656,0.501609787508049
0.013562217453803045,0.501609787508049
0.013562217453803045,0.5022537025112686
0.013728880648319827,0.5022537025112686
0.013728880648319827,0.5035415325177076
0.013749713547634424,0.5035415325177076
0.013749713547634424,0.5048293625241468
0.013833045144892815,0.5048293625241468
0.013833045144892815,0.506117192530586
0.013916376742151204,0.506117192530586
0.013916376742151204,0.5067611075338055
0.0139580425407804,0.5067611075338055
0.0139580425407804,0.5080489375402447
0.013978875440094999,0.5080489375402447
0.013978875440094999,0.5086928525434643
0.013999708339409596,0.5086928525434643
0.014020541238724192,0.5093367675466839
0.014062207037353388,0.5093367675466839
0.014062207037353388,0.510624597553123
0.014083039936667987,0.510624597553123
0.014103872835982583,0.5112685125563425
0.014124705735297182,0.5112685125563425
0.014166371533926376,0.5112685125563425
0.014208037332555571,0.5112685125563425
0.014208037332555571,0.5125563425627817
0.014249703131184767,0.5125563425627817
0.014270536030499364,0.5125563425627817
0.014270536030499364,0.5132002575660013
0.014291368929813962,0.5132002575660013
0.014291368929813962,0.5138441725692209
0.014353867627757755,0.5138441725692209
0.014353867627757755,0.5144880875724405
0.014437199225016146,0.5144880875724405
0.014437199225016146,0.5157759175788796
0.014478865023645341,0.5157759175788796
0.014478865023645341,0.5164198325820991
0.01456219662090373,0.5164198325820991
0.014603862419532926,0.5164198325820991
0.014603862419532926,0.5170637475853187
0.014624695318847525,0.5177076625885383
0.014645528218162122,0.5177076625885383
0.014645528218162122,0.5183515775917579
0.014666361117476719,0.5183515775917579
0.014666361117476719,0.5189954925949775
0.014874690110622696,0.5189954925949775
0.014874690110622696,0.5202833226014166
0.015020520405824878,0.5202833226014166
0.015020520405824878,0.5209272376046362
0.015062186204454073,0.5209272376046362
0.015062186204454073,0.5215711526078558
0.015103852003083269,0.5215711526078558
0.015103852003083269,0.5228589826142949
0.015124684902397866,0.5228589826142949
0.015124684902397866,0.524146812620734
0.015145517801712464,0.524146812620734
0.015145517801712464,0.5247907276239536
0.01518718360034166,0.5247907276239536
0.01518718360034166,0.5254346426271732
0.015228849398970856,0.5254346426271732
0.015228849398970856,0.5260785576303928
0.015249682298285452,0.5260785576303928
0.015249682298285452,0.527366387636832
0.01527051519760005,0.527366387636832
0.015312180996229245,0.527366387636832
0.015312180996229245,0.5280103026400516
0.01535384679485844,0.5280103026400516
0.01535384679485844,0.5286542176432711
0.015374679694173037,0.5286542176432711
0.015374679694173037,0.5292981326464906
0.015437178392116831,0.5292981326464906
0.015437178392116831,0.5299420476497102
0.015478844190746027,0.5299420476497102
0.015478844190746027,0.5305859626529298
0.015624674485948209,0.5305859626529298
0.015624674485948209,0.5312298776561494
0.015666340284577404,0.5312298776561494
0.015666340284577404,0.5331616226658081
0.01579133768046499,0.5331616226658081
0.01579133768046499,0.5344494526722473
0.015833003479094186,0.5344494526722473
0.015833003479094186,0.5357372826786864
0.015937167975667174,0.5357372826786864
0.015937167975667174,0.536381197681906
0.015978833774296368,0.536381197681906
0.015978833774296368,0.5370251126851255
0.016020499572925565,0.5370251126851255
0.016020499572925565,0.5376690276883451
0.01606216537155476,0.5376690276883451
0.01606216537155476,0.5389568576947843
0.016082998270869356,0.5389568576947843
0.016082998270869356,0.5396007726980039
0.016124664069498553,0.5396007726980039
0.016124664069498553,0.5402446877012235
0.016166329868127747,0.5402446877012235
0.016166329868127747,0.5408886027044431
0.016187162767442344,0.5408886027044431
0.016187162767442344,0.5415325177076626
0.016249661465386138,0.5415325177076626
0.016249661465386138,0.5421764327108821
0.016270494364700735,0.5421764327108821
0.016270494364700735,0.5428203477141017
0.016353825961959126,0.5428203477141017
0.01639549176058832,0.5428203477141017
0.01641632465990292,0.5428203477141017
0.016457990458532114,0.5428203477141017
0.016499656257161308,0.5428203477141017
0.016499656257161308,0.5434642627173213
0.0165829878544197,0.5434642627173213
0.0165829878544197,0.5441081777205409
0.016603820753734296,0.5441081777205409
0.016603820753734296,0.54539600772698
0.016645486552363493,0.54539600772698
0.016645486552363493,0.5460399227301996
0.016728818149621884,0.5460399227301996
0.016728818149621884,0.5473277527366388
0.01674965104893648,0.5473277527366388
0.01674965104893648,0.5479716677398584
0.01683298264619487,0.5479716677398584
0.01683298264619487,0.5486155827430779
0.016978812941397053,0.5486155827430779
0.016978812941397053,0.5492594977462975
0.017166309035228432,0.5492594977462975
0.017166309035228432,0.5505473277527366
0.01718714193454303,0.5505473277527366
0.01718714193454303,0.5511912427559562
0.01720797483385763,0.5511912427559562
0.01720797483385763,0.5524790727623954
0.017228807733172227,0.5524790727623954
0.017228807733172227,0.5537669027688346
0.01727047353180142,0.5537669027688346
0.017312139330430618,0.5537669027688346
0.017478802524947396,0.5537669027688346
0.017478802524947396,0.5556986477784932
0.01762463282014958,0.5556986477784932
0.01762463282014958,0.5563425627817128
0.017687131518093372,0.5563425627817128
0.017687131518093372,0.5595621377978107
0.01772879731672257,0.5595621377978107
0.01772879731672257,0.5608499678042499
0.017853794712610154,0.5608499678042499
0.017853794712610154,0.5614938828074694
0.01791629341055395,0.5614938828074694
0.01791629341055395,0.562137797810689
0.01797879210849774,0.562137797810689
0.01797879210849774,0.5627817128139085
0.018020457907126936,0.5627817128139085
0.018020457907126936,0.5640695428203477
0.01806212370575613,0.5640695428203477
0.01806212370575613,0.5647134578235673
0.01820795400095831,0.5647134578235673
0.01820795400095831,0.5653573728267869
0.0183329513968459,0.5653573728267869
0.0183329513968459,0.5672891178364456
0.018374617195475094,0.5672891178364456
0.01841628299410429,0.5672891178364456
0.01841628299410429,0.5679330328396651
0.018437115893418888,0.5679330328396651
0.018437115893418888,0.5685769478428847
0.01847878169204808,0.5685769478428847
0.01847878169204808,0.5692208628461043
0.018541280389991876,0.5692208628461043
0.018541280389991876,0.5698647778493239
0.01858294618862107,0.5698647778493239
0.018603779087935667,0.5705086928525435
0.018603779087935667,0.5717965228589826
0.018624611987250267,0.5717965228589826
0.018624611987250267,0.5724404378622022
0.018832940980396243,0.5724404378622022
0.018832940980396243,0.5730843528654218
0.01885377387971084,0.5730843528654218
0.01885377387971084,0.5737282678686413
0.018916272577654634,0.5737282678686413
0.018916272577654634,0.5743721828718609
0.01893710547696923,0.5743721828718609
0.01893710547696923,0.5756600128783
0.01902043707422762,0.5756600128783
0.019062102872856816,0.5756600128783
0.01912460157080061,0.5756600128783
0.01912460157080061,0.5763039278815196
0.0191871002687444,0.5763039278815196
0.0191871002687444,0.5769478428847392
0.019207933168058997,0.5769478428847392
0.019207933168058997,0.5775917578879588
0.019228766067373598,0.5775917578879588
0.019228766067373598,0.5782356728911784
0.019312097664631985,0.5782356728911784
0.019312097664631985,0.578879587894398
0.019395429261890376,0.578879587894398
0.019395429261890376,0.5795235028976176
0.019416262161204977,0.5795235028976176
0.019416262161204977,0.580167417900837
0.019437095060519573,0.580167417900837
0.019437095060519573,0.5814552479072762
0.01945792795983417,0.5814552479072762
0.01945792795983417,0.5827430779137154
0.019478760859148767,0.5827430779137154
0.019478760859148767,0.5840309079201546
0.019520426657777964,0.5840309079201546
0.019520426657777964,0.5853187379265937
0.019624591154350952,0.5853187379265937
0.019624591154350952,0.5859626529298133
0.019666256952980146,0.5859626529298133
0.019666256952980146,0.5866065679330328
0.019687089852294743,0.5866065679330328
0.019687089852294743,0.5872504829362524
0.01972875565092394,0.5872504829362524
0.01972875565092394,0.587894397939472
0.019749588550238537,0.587894397939472
0.019749588550238537,0.5891822279459111
0.019812087248182328,0.5891822279459111
0.019812087248182328,0.5898261429491307
0.01983292014749693,0.5898261429491307
0.01983292014749693,0.5904700579523503
0.019874585946126122,0.5904700579523503
0.019874585946126122,0.5911139729555699
0.019957917543384513,0.5911139729555699
0.019957917543384513,0.5924018029620091
0.01997875044269911,0.5924018029620091
0.01997875044269911,0.5930457179652285
0.020020416241328307,0.5930457179652285
0.020020416241328307,0.5936896329684481
0.020103747838586695,0.5936896329684481
0.020103747838586695,0.5943335479716677
0.02031207683173267,0.5943335479716677
0.02031207683173267,0.5956213779781069
0.02041624132830566,0.5956213779781069
0.02041624132830566,0.596909207984546
0.020457907126934856,0.596909207984546
0.020457907126934856,0.5975531229877656
0.02068706901939543,0.5975531229877656
0.02068706901939543,0.5994848679974243
0.020707901918710026,0.5994848679974243
0.020707901918710026,0.6001287830006439
0.020749567717339223,0.6001287830006439
0.020749567717339223,0.6007726980038635
0.020791233515968417,0.6007726980038635
0.020791233515968417,0.601416613007083
0.020832899314597614,0.601416613007083
0.020832899314597614,0.6033483580167418
0.020916230911856,0.6033483580167418
0.020916230911856,0.6039922730199614
0.020978729609799796,0.6039922730199614
0.020978729609799796,0.604636188023181
0.02104122830774359,0.604636188023181
0.02104122830774359,0.60592401802962
0.02110372700568738,0.60592401802962
0.02110372700568738,0.6078557630392788
0.021207891502260368,0.6078557630392788
0.021207891502260368,0.6084996780424984
0.02129122309951876,0.6084996780424984
0.02129122309951876,0.609143593045718
0.021353721797462553,0.609143593045718
0.021353721797462553,0.6097875080489376
0.021520384991979332,0.6097875080489376
0.021520384991979332,0.6104314230521571
0.02156205079060853,0.6104314230521571
0.02156205079060853,0.6110753380553767
0.021582883689923126,0.6110753380553767
0.021582883689923126,0.6117192530585963
0.021603716589237723,0.6117192530585963
0.021603716589237723,0.6123631680618158
0.02164538238786692,0.6123631680618158
0.02164538238786692,0.6130070830650354
0.02170788108581071,0.6130070830650354
0.02170788108581071,0.613650998068255
0.021853711381012896,0.613650998068255
0.021853711381012896,0.6142949130714745
0.022062040374158872,0.6142949130714745
0.022062040374158872,0.6155827430779137
0.022103706172788066,0.6155827430779137
0.022145371971417263,0.6155827430779137
0.022228703568675654,0.6155827430779137
0.022228703568675654,0.6175144880875725
0.022541197058394618,0.6175144880875725
0.022541197058394618,0.6181584030907921
0.02260369575633841,0.6181584030907921
0.02260369575633841,0.6188023180940115
0.022728693152225997,0.6188023180940115
0.022728693152225997,0.6200901481004507
0.022749526051540594,0.6200901481004507
0.022749526051540594,0.6207340631036703
0.02277035895085519,0.6207340631036703
0.02277035895085519,0.6213779781068899
0.022812024749484384,0.6213779781068899
0.022812024749484384,0.6220218931101095
0.02287452344742818,0.6220218931101095
0.02287452344742818,0.6226658081133291
0.022895356346742776,0.6226658081133291
0.022895356346742776,0.6233097231165486
0.02295785504468657,0.6233097231165486
0.02295785504468657,0.6239536381197682
0.022999520843315763,0.6239536381197682
0.022999520843315763,0.6245975531229878
0.02314535113851795,0.6245975531229878
0.02314535113851795,0.6252414681262073
0.02320784983646174,0.6252414681262073
0.02320784983646174,0.6258853831294269
0.023249515635090937,0.6258853831294269
0.023249515635090937,0.6265292981326465
0.023270348534405533,0.6265292981326465
0.023270348534405533,0.6278171281390856
0.02337451303097852,0.6278171281390856
0.02337451303097852,0.6284610431423052
0.023499510426866106,0.6284610431423052
0.023499510426866106,0.6291049581455248
0.023520343326180703,0.6291049581455248
0.023520343326180703,0.6297488731487444
0.023603674923439094,0.6297488731487444
0.023603674923439094,0.6310367031551836
0.02364534072206829,0.6310367031551836
0.02364534072206829,0.631680618158403
0.023707839420012082,0.631680618158403
0.023707839420012082,0.6323245331616226
0.023770338117955876,0.6323245331616226
0.023770338117955876,0.6329684481648422
0.023791171017270473,0.6329684481648422
0.023791171017270473,0.6342562781712814
0.02383283681589967,0.6342562781712814
0.02383283681589967,0.634900193174501
0.023874502614528864,0.634900193174501
0.023874502614528864,0.6355441081777206
0.023957834211787255,0.6355441081777206
0.02399950001041645,0.6355441081777206
0.024103664506989437,0.6355441081777206
0.024103664506989437,0.6368319381841597
0.02422866190287702,0.6368319381841597
0.02422866190287702,0.6374758531873793
0.024291160600820816,0.6374758531873793
0.024291160600820816,0.6387636831938184
0.024436990896023,0.6387636831938184
0.024436990896023,0.639407598197038
0.02468698568779817,0.639407598197038
0.02468698568779817,0.6400515132002575
0.024749484385741965,0.6400515132002575
0.024749484385741965,0.6413393432066967
0.02477031728505656,0.6413393432066967
0.02477031728505656,0.6419832582099163
0.024999479177517134,0.6419832582099163
0.024999479177517134,0.6426271732131359
0.02506197787546093,0.6426271732131359
0.02506197787546093,0.6432710882163555
0.02512447657340472,0.6432710882163555
0.02512447657340472,0.6439150032195751
0.025186975271348513,0.6439150032195751
0.025186975271348513,0.6452028332260141
0.025249473969292308,0.6452028332260141
0.025249473969292308,0.6458467482292337
0.02558280035832587,0.6458467482292337
0.025603633257640465,0.6464906632324533
0.02572863065352805,0.6464906632324533
0.02572863065352805,0.6471345782356729
0.02581196225078644,0.6471345782356729
0.02581196225078644,0.6477784932388925
0.025874460948730235,0.6477784932388925
0.025874460948730235,0.6484224082421121
0.026041124143247017,0.6484224082421121
0.026041124143247017,0.6497102382485512
0.0261869544384492,0.6497102382485512
0.0261869544384492,0.6503541532517708
0.026291118935022187,0.6503541532517708
0.026291118935022187,0.6516419832582099
0.02633278473365138,0.6516419832582099
0.02633278473365138,0.6522858982614295
0.02645778212953897,0.6522858982614295
0.02645778212953897,0.6542176432710882
0.026478615028853566,0.6542176432710882
0.026478615028853566,0.6548615582743078
0.026499447928168163,0.6548615582743078
0.026499447928168163,0.6555054732775274
0.02654111372679736,0.6555054732775274
0.02654111372679736,0.656149388280747
0.026624445324055748,0.656149388280747
0.026624445324055748,0.6567933032839666
0.026666111122684945,0.6567933032839666
0.026666111122684945,0.657437218287186
0.026749442719943336,0.657437218287186
0.026749442719943336,0.6580811332904056
0.026770275619257933,0.6580811332904056
0.026770275619257933,0.6593689632968448
0.026853607216516324,0.6593689632968448
0.026853607216516324,0.6600128783000644
0.026895273015145518,0.6600128783000644
0.026895273015145518,0.660656793303284
0.026916105914460114,0.660656793303284
0.026916105914460114,0.6613007083065036
0.02693693881377471,0.6613007083065036
0.02693693881377471,0.6638763683193818
0.027020270411033102,0.6638763683193818
0.027020270411033102,0.6645202833226014
0.0270619362096623,0.6645202833226014
0.0270619362096623,0.665164198325821
0.02724943230349368,0.665164198325821
0.02724943230349368,0.6658081133290406
0.027291098102122872,0.6658081133290406
0.027291098102122872,0.6664520283322601
0.027436928397325054,0.6664520283322601
0.027436928397325054,0.6670959433354797
0.02747859419595425,0.6670959433354797
0.02747859419595425,0.6677398583386993
0.027520259994583445,0.6677398583386993
0.027520259994583445,0.6683837733419189
0.027541092893898046,0.6683837733419189
0.027541092893898046,0.6690276883451385
0.027603591591841836,0.6690276883451385
0.027603591591841836,0.6696716033483581
0.02772858898772942,0.6696716033483581
0.02772858898772942,0.6703155183515775
0.02774942188704402,0.6703155183515775
0.02774942188704402,0.6709594333547971
0.027936917980875397,0.6709594333547971
0.027957750880189997,0.6716033483580167
0.027957750880189997,0.6722472633612363
0.027978583779504594,0.6722472633612363
0.027978583779504594,0.6728911783644559
0.028061915376762985,0.6728911783644559
0.028061915376762985,0.6735350933676755
0.02833274306785275,0.6735350933676755
0.02833274306785275,0.6748229233741146
0.028395241765796546,0.6748229233741146
0.028395241765796546,0.6754668383773342
0.02845774046374034,0.6754668383773342
0.02845774046374034,0.6767546683837733
0.028582737859627925,0.6767546683837733
0.028582737859627925,0.6773985833869929
0.02862440365825712,0.6773985833869929
0.02862440365825712,0.6780424983902125
0.0287910668527739,0.6780424983902125
0.0287910668527739,0.678686413393432
0.028832732651403094,0.678686413393432
0.028853565550717695,0.678686413393432
0.028853565550717695,0.6799742433998712
0.02887439845003229,0.6799742433998712
0.02887439845003229,0.6806181584030908
0.02889523134934689,0.6806181584030908
0.028936897147976082,0.6806181584030908
0.02906189454386367,0.6806181584030908
0.02912439324180746,0.6806181584030908
0.029207724839065852,0.6806181584030908
0.029207724839065852,0.6812620734063104
0.02922855773838045,0.6812620734063104
0.02922855773838045,0.68190598840953
0.02924939063769505,0.68190598840953
0.02924939063769505,0.6825499034127496
0.029666048623987,0.6825499034127496
0.029666048623987,0.6838377334191886
0.0296868815233016,0.6838377334191886
0.0296868815233016,0.6844816484224082
0.029749380221245392,0.6844816484224082
0.029749380221245392,0.6851255634256278
0.029811878919189183,0.6851255634256278
0.029811878919189183,0.686413393432067
0.02983271181850378,0.686413393432067
0.02983271181850378,0.6870573084352866
0.029936876315076768,0.6870573084352866
0.029936876315076768,0.6877012234385061
0.029999375013020562,0.6877012234385061
0.03002020791233516,0.6883451384417257
0.030041040811649756,0.6883451384417257
0.030041040811649756,0.6889890534449453
0.030082706610278953,0.6889890534449453
0.030082706610278953,0.6896329684481648
0.03010353950959355,0.6896329684481648
0.03010353950959355,0.6902768834513844
0.030166038207537344,0.6902768834513844
0.030166038207537344,0.6915647134578236
0.03024936980479573,0.6915647134578236
0.03024936980479573,0.6922086284610431
0.030332701402054123,0.6922086284610431
0.03037436720068332,0.6922086284610431
0.030416032999312514,0.6922086284610431
0.030416032999312514,0.6934964584674823
0.03045769879794171,0.6934964584674823
0.03045769879794171,0.6941403734707019
0.030499364596570905,0.6941403734707019
0.030603529093143893,0.6941403734707019
0.030603529093143893,0.6947842884739215
0.030666027791087687,0.6947842884739215
0.030666027791087687,0.6954282034771411
0.030728526489031478,0.6954282034771411
0.030728526489031478,0.6960721184803605
0.030749359388346074,0.6960721184803605
0.030749359388346074,0.6967160334835801
0.03079102518697527,0.6967160334835801
0.03079102518697527,0.6973599484867997
0.030853523884919066,0.6973599484867997
0.030853523884919066,0.6980038634900193
0.030916022582862857,0.6980038634900193
0.030916022582862857,0.6986477784932389
0.030957688381492054,0.6986477784932389
0.030957688381492054,0.6992916934964585
0.031020187079435844,0.6992916934964585
0.031020187079435844,0.6999356084996781
0.031124351576008832,0.6999356084996781
0.031124351576008832,0.7005795235028976
0.03116601737463803,0.7005795235028976
0.03116601737463803,0.7012234385061172
0.031186850273952627,0.7012234385061172
0.031186850273952627,0.7018673535093368
0.031249348971896417,0.7018673535093368
0.031249348971896417,0.7025112685125563
0.0313951792670986,0.7025112685125563
0.0313951792670986,0.7031551835157759
0.031436845065727796,0.7031551835157759
0.031436845065727796,0.7037990985189955
0.03147851086435699,0.7037990985189955
0.03147851086435699,0.7044430135222151
0.031561842461615384,0.7044430135222151
0.031561842461615384,0.7057308435286542
0.03189516885064894,0.7057308435286542
0.03189516885064894,0.7063747585318738
0.03199933334722193,0.7063747585318738
0.03199933334722193,0.7070186735350934
0.03202016624653653,0.7070186735350934
0.03202016624653653,0.707662588538313
0.032082664944480324,0.707662588538313
0.032082664944480324,0.708950418544752
0.0322909939376263,0.708950418544752
0.0322909939376263,0.7095943335479716
0.032603487427345264,0.7095943335479716
0.032603487427345264,0.7102382485511912
0.03268681902460365,0.7102382485511912
0.03272848482323285,0.7102382485511912
0.03272848482323285,0.7108821635544108
0.03283264931980584,0.7108821635544108
0.03283264931980584,0.7128139085640696
0.03285348221912043,0.7128139085640696
0.03285348221912043,0.7134578235672892
0.03293681381637883,0.7134578235672892
0.03293681381637883,0.7141017385705087
0.032999312514322615,0.7141017385705087
0.032999312514322615,0.716677398583387
0.033020145413637216,0.716677398583387
0.033020145413637216,0.7173213135866066
0.0331034770108956,0.7173213135866066
0.0331034770108956,0.7192530585962653
0.033270140205412385,0.7192530585962653
0.033270140205412385,0.7198969735994849
0.033311806004041586,0.7198969735994849
0.033311806004041586,0.7205408886027045
0.03333263890335618,0.7205408886027045
0.03333263890335618,0.721184803605924
0.033415970500614574,0.721184803605924
0.033415970500614574,0.7218287186091435
0.033540967896502155,0.7218287186091435
0.033540967896502155,0.7224726336123631
0.033561800795816756,0.7224726336123631
0.033561800795816756,0.7231165486155827
0.03370763109101894,0.7231165486155827
0.03370763109101894,0.7237604636188023
0.03374929688964813,0.7237604636188023
0.03374929688964813,0.7250482936252415
0.033811795587591925,0.7256922086284611
0.033832628486906526,0.7256922086284611
0.033832628486906526,0.7263361236316807
0.03387429428553572,0.7263361236316807
0.03387429428553572,0.7269800386349002
0.03422845357388388,0.7269800386349002
0.03422845357388388,0.7282678686413393
0.03445761546634445,0.7282678686413393
0.03445761546634445,0.7289117836445589
0.03468677735880502,0.7289117836445589
0.03468677735880502,0.7295556986477785
0.03470761025811962,0.7295556986477785
0.03470761025811962,0.7301996136509981
0.034999270848523986,0.7301996136509981
0.034999270848523986,0.7308435286542176
0.03504093664715319,0.7308435286542176
0.03504093664715319,0.7314874436574372
0.035124268244411574,0.7314874436574372
0.035124268244411574,0.7321313586606568
0.03516593404304077,0.7321313586606568
0.03516593404304077,0.7327752736638764
0.035270098539613756,0.7327752736638764
0.035270098539613756,0.734707018673535
0.03529093143892836,0.734707018673535
0.03529093143892836,0.7353509336767546
0.03533259723755755,0.7353509336767546
0.03533259723755755,0.7359948486799742
0.03545759463344514,0.7359948486799742
0.03545759463344514,0.7366387636831938
0.03558259202933272,0.7366387636831938
0.03558259202933272,0.7372826786864134
0.03572842232453491,0.7372826786864134
0.03572842232453491,0.737926593689633
0.0358325868211079,0.737926593689633
0.0358325868211079,0.7392144236960722
0.03587425261973709,0.7392144236960722
0.03587425261973709,0.7398583386992917
0.035895085519051684,0.7398583386992917
0.035915918418366284,0.7405022537025112
0.03595758421699548,0.7405022537025112
0.03595758421699548,0.74243399871217
0.03610341451219766,0.74243399871217
0.03610341451219766,0.7443657437218287
0.036436740901231224,0.7443657437218287
0.036436740901231224,0.7450096587250483
0.0366659027936918,0.7450096587250483
0.0366659027936918,0.7456535737282679
0.036728401491635594,0.7456535737282679
0.036728401491635594,0.7462974887314875
0.03679090018957938,0.7462974887314875
0.03679090018957938,0.746941403734707
0.036853398887523175,0.746941403734707
0.036853398887523175,0.7488731487443657
0.03706172788066915,0.7488731487443657
0.03706172788066915,0.7495170637475853
0.037103393679298345,0.7495170637475853
0.037103393679298345,0.7501609787508049
0.03729088977312973,0.7501609787508049
0.03729088977312973,0.7508048937540245
0.037374221370388115,0.7508048937540245
0.037374221370388115,0.7514488087572441
0.037665881960792486,0.7514488087572441
0.037665881960792486,0.7520927237604637
0.03770754775942168,0.7520927237604637
0.03770754775942168,0.7533805537669027
0.03772838065873628,0.7533805537669027
0.03772838065873628,0.7540244687701223
0.03779087935668007,0.7540244687701223
0.03779087935668007,0.7546683837733419
0.03808253994708444,0.7546683837733419
0.03808253994708444,0.7553122987765615
0.03814503864502823,0.7553122987765615
0.03814503864502823,0.7559562137797811
0.038311701839545007,0.7559562137797811
0.038311701839545007,0.7566001287830006
0.038415866336117994,0.7566001287830006
0.038415866336117994,0.7578879587894398
0.03860336242994938,0.7578879587894398
0.03860336242994938,0.7585318737926594
0.03862419532926397,0.7585318737926594
0.03862419532926397,0.759175788795879
0.038728359825836965,0.759175788795879
0.038728359825836965,0.760463618802318
0.03881169142309535,0.760463618802318
0.03881169142309535,0.7611075338055376
0.03893668881898294,0.7611075338055376
0.03893668881898294,0.7617514488087572
0.03912418491281432,0.7617514488087572
0.03912418491281432,0.7623953638119768
0.03914501781212892,0.7623953638119768
0.03914501781212892,0.7630392788151964
0.03918668361075811,0.7630392788151964
0.03918668361075811,0.763683193818416
0.0392908481073311,0.763683193818416
0.0392908481073311,0.7643271088216356
0.03933251390596029,0.7643271088216356
0.03933251390596029,0.7662588538312942
0.039478344201162474,0.7662588538312942
0.039478344201162474,0.7669027688345138
0.03960334159705006,0.7669027688345138
0.03960334159705006,0.7675466838377334
0.039770004791566844,0.7675466838377334
0.039770004791566844,0.768190598840953
0.04020749567717339,0.768190598840953
0.04020749567717339,0.7688345138441726
0.04037415887169017,0.7688345138441726
0.04037415887169017,0.7694784288473921
0.04039499177100477,0.7694784288473921
0.04039499177100477,0.7701223438506117
0.040686652361409135,0.7701223438506117
0.040686652361409135,0.7707662588538313
0.040957480052498905,0.7707662588538313
0.040957480052498905,0.7720540888602705
0.041249140642903276,0.7720540888602705
0.041249140642903276,0.77269800386349
0.04133247224016166,0.77269800386349
0.04133247224016166,0.7733419188667096
0.04158246703193683,0.7733419188667096
0.04158246703193683,0.7739858338699291
0.04197829211891419,0.7739858338699291
0.04197829211891419,0.7746297488731487
0.04214495531343097,0.7746297488731487
0.04214495531343097,0.7752736638763683
0.04237411720589154,0.7752736638763683
0.04237411720589154,0.7759175788795879
0.042519947501093724,0.7759175788795879
0.042519947501093724,0.7765614938828075
0.042686610695610507,0.7765614938828075
0.042686610695610507,0.7778493238892467
0.042936605487385676,0.7778493238892467
0.042936605487385676,0.7784932388924662
0.04314493448053166,0.7784932388924662
0.04314493448053166,0.7791371538956857
0.04345742797025062,0.7791371538956857
0.04345742797025062,0.7797810688989053
0.04379075435928418,0.7797810688989053
0.04379075435928418,0.7804249839021249
0.04389491885585717,0.7804249839021249
0.04389491885585717,0.7810688989053445
0.04393658465448636,0.7810688989053445
0.04393658465448636,0.7817128139085641
0.04420741234557613,0.7817128139085641
0.04420741234557613,0.7830006439150032
0.04424907814420533,0.7830006439150032
0.04424907814420533,0.7836445589182228
0.044644903231182684,0.7836445589182228
0.044644903231182684,0.784932388924662
0.04476990062707027,0.784932388924662
0.04476990062707027,0.7855763039278815
0.045040728318160035,0.7855763039278815
0.045040728318160035,0.7862202189311011
0.045311556009249805,0.7862202189311011
0.045353221807879006,0.7862202189311011
0.045353221807879006,0.7868641339343206
0.0453740547071936,0.7868641339343206
0.04541572050582279,0.7868641339343206
0.04547821920376659,0.7868641339343206
0.04549905210308119,0.7875080489375402
0.04549905210308119,0.7881519639407598
0.045582383700339575,0.7881519639407598
0.045582383700339575,0.7887958789439794
0.04576987979417096,0.7887958789439794
0.04576987979417096,0.789439793947199
0.04601987458594613,0.789439793947199
0.04601987458594613,0.7907276239536382
0.04606154038457532,0.7907276239536382
0.04606154038457532,0.7920154539600772
0.04608237328388992,0.7920154539600772
0.04608237328388992,0.7926593689632968
0.046124039082519115,0.7926593689632968
0.046124039082519115,0.7933032839665164
0.046249036478406697,0.7933032839665164
0.046249036478406697,0.793947198969736
0.0462698693777213,0.793947198969736
0.0462698693777213,0.7945911139729556
0.04631153517635049,0.7945911139729556
0.04631153517635049,0.7952350289761752
0.046374033874294285,0.7952350289761752
0.046374033874294285,0.7958789439793947
0.04681152475990084,0.7958789439793947
0.04681152475990084,0.7965228589826143
0.04697818795441762,0.7965228589826143
0.04697818795441762,0.7978106889890535
0.04701985375304681,0.7978106889890535
0.04701985375304681,0.798454603992273
0.047186516947563595,0.798454603992273
0.047186516947563595,0.7990985189954926
0.04724901564550738,0.7990985189954926
0.04724901564550738,0.7997424339987121
0.047686506531113934,0.7997424339987121
0.047686506531113934,0.8003863490019317
0.047707339430428534,0.8003863490019317
0.04774900522905773,0.8003863490019317
0.04789483552425991,0.8003863490019317
0.04789483552425991,0.8010302640051513
0.0479990000208329,0.8010302640051513
0.0479990000208329,0.8016741790083709
0.04804066581946209,0.8016741790083709
0.04804066581946209,0.8023180940115905
0.04806149871877669,0.8023180940115905
0.04806149871877669,0.8029620090148101
0.04808233161809129,0.8029620090148101
0.04808233161809129,0.8042498390212492
0.048103164517405886,0.8042498390212492
0.048103164517405886,0.8048937540244687
0.048207329013978874,0.8048937540244687
0.048207329013978874,0.8081133290405667
0.04845732380575404,0.8081133290405667
0.04845732380575404,0.8087572440437862
0.04851982250369784,0.8087572440437862
0.04851982250369784,0.8094011590470058
0.04868648569821462,0.8094011590470058
0.04868648569821462,0.8100450740502254
0.04904064498656278,0.8100450740502254
0.04904064498656278,0.810688989053445
0.049415637174225535,0.810688989053445
0.049415637174225535,0.8113329040566645
0.049707297764629906,0.8113329040566645
0.049707297764629906,0.8119768190598841
0.04981146226120289,0.8119768190598841
0.04981146226120289,0.8126207340631036
0.04983229516051749,0.8126207340631036
0.04983229516051749,0.8132646490663232
0.04999895835503427,0.8132646490663232
0.04999895835503427,0.8139085640695428
0.05006145705297806,0.8139085640695428
0.05006145705297806,0.8145524790727624
0.05110310201870794,0.8145524790727624
0.05110310201870794,0.815196394075982
0.05139476260911231,0.815196394075982
0.05139476260911231,0.8158403090792016
0.05218641278306702,0.8158403090792016
0.05218641278306702,0.8164842240824212
0.05224891148101081,0.8164842240824212
0.05224891148101081,0.8171281390856407
0.052394741776213,0.8171281390856407
0.05243640757484219,0.8171281390856407
0.052582237870044374,0.8171281390856407
0.052582237870044374,0.8177720540888602
0.05266556946730276,0.8177720540888602
0.05266556946730276,0.8184159690920798
0.05268640236661736,0.8184159690920798
0.052728068165246555,0.8184159690920798
0.05281139976250495,0.8184159690920798
0.05281139976250495,0.8190598840952994
0.05287389846044874,0.8190598840952994
0.05287389846044874,0.819703799098519
0.05333222224536989,0.819703799098519
0.05333222224536989,0.8203477141017386
0.053394720943313684,0.8203477141017386
0.053394720943313684,0.8209916291049582
0.05368638153371805,0.8209916291049582
0.05368638153371805,0.8216355441081777
0.05370721443303265,0.8216355441081777
0.05370721443303265,0.8222794591113973
0.053811378929605636,0.8222794591113973
0.053811378929605636,0.8229233741146169
0.05393637632549322,0.8229233741146169
0.05393637632549322,0.8235672891178365
0.05474885939876253,0.8235672891178365
0.05474885939876253,0.824211204121056
0.05491552259327931,0.824211204121056
0.05491552259327931,0.8248551191242756
0.054978021291223096,0.8248551191242756
0.054978021291223096,0.8254990341274951
0.05533218057957126,0.8254990341274951
0.055373846378200454,0.8254990341274951
0.05545717797545884,0.8254990341274951
0.05545717797545884,0.8261429491307147
0.0558530030624362,0.8261429491307147
0.055894668861065394,0.8261429491307147
0.05639465844461574,0.8261429491307147
0.05639465844461574,0.8267868641339343
0.05645715714255953,0.8267868641339343
0.05645715714255953,0.8274307791371539
0.05649882294118873,0.8274307791371539
0.05649882294118873,0.8280746941403735
0.05654048873981792,0.8280746941403735
0.05654048873981792,0.8287186091435931
0.05679048353159309,0.8287186091435931
0.05679048353159309,0.8293625241468127
0.05691548092748068,0.8293625241468127
0.05691548092748068,0.8300064391500322
0.05699881252473907,0.8300064391500322
0.05704047832336826,0.8300064391500322
0.05704047832336826,0.8306503541532517
0.05706131122268286,0.8306503541532517
0.05706131122268286,0.8312942691564713
0.05720714151788504,0.8312942691564713
0.05720714151788504,0.8319381841596909
0.05745713630966021,0.8319381841596909
0.05745713630966021,0.8325820991629105
0.057498802108289414,0.8325820991629105
0.057498802108289414,0.8338699291693497
0.0575613008062332,0.8338699291693497
0.0575613008062332,0.8345138441725692
0.05770713110143539,0.8345138441725692
0.05770713110143539,0.8351577591757888
0.05776962979937918,0.8351577591757888
0.05776962979937918,0.8358016741790084
0.057894627195266765,0.8358016741790084
0.057894627195266765,0.8370895041854475
0.058436282577446305,0.8370895041854475
0.058436282577446305,0.8377334191886671
0.05851961417470469,0.8377334191886671
0.05851961417470469,0.8383773341918866
0.05854044707401929,0.8383773341918866
0.05854044707401929,0.8390212491951062
0.058665444469906874,0.8390212491951062
0.058665444469906874,0.8396651641983258
0.05879044186579446,0.8396651641983258
0.05879044186579446,0.8403090792015454
0.05881127476510906,0.8403090792015454
0.05881127476510906,0.840952994204765
0.05897793795962584,0.840952994204765
0.05897793795962584,0.8415969092079846
0.05901960375825504,0.8415969092079846
0.05901960375825504,0.8422408242112042
0.059332097247974,0.8422408242112042
0.059332097247974,0.8428847392144238
0.05939459594591779,0.8428847392144238
0.05939459594591779,0.8435286542176432
0.05943626174454699,0.8435286542176432
0.05943626174454699,0.8441725692208628
0.05993625132809733,0.8441725692208628
0.05993625132809733,0.8448164842240824
0.06031124351576009,0.8448164842240824
0.06031124351576009,0.8461043142305216
0.06033207641507469,0.8461043142305216
0.06033207641507469,0.8467482292337412
0.06047790671027687,0.8467482292337412
0.06047790671027687,0.8473921442369607
0.06099872919314181,0.8473921442369607
0.06099872919314181,0.8480360592401803
0.06176954646778192,0.8480360592401803
0.06176954646778192,0.8486799742433999
0.06181121226641112,0.8486799742433999
0.06218620445407387,0.8486799742433999
0.06218620445407387,0.849967804249839
0.06235286764859065,0.849967804249839
0.06235286764859065,0.8506117192530586
0.062498697943792834,0.8506117192530586
0.062498697943792834,0.8512556342562781
0.06272785983625341,0.8512556342562781
0.06272785983625341,0.8518995492594977
0.06287369013145559,0.8518995492594977
0.06287369013145559,0.8525434642627173
0.06335284681569134,0.8525434642627173
0.06335284681569134,0.8531873792659369
0.06337367971500593,0.8531873792659369
0.06337367971500593,0.8538312942691565
0.06356117580883731,0.8538312942691565
0.06356117580883731,0.8544752092723761
0.06397783379512927,0.8544752092723761
0.06401949959375847,0.8544752092723761
0.06499864586154455,0.8544752092723761
0.06499864586154455,0.8551191242755957
0.06510281035811753,0.8551191242755957
0.06510281035811753,0.8557630392788153
0.06531113935126351,0.8557630392788153
0.06531113935126351,0.8564069542820347
0.06583196183412846,0.8564069542820347
0.06587362763275766,0.8564069542820347
0.06643611591425179,0.8564069542820347
0.06643611591425179,0.8576947842884739
0.06649861461219558,0.8576947842884739
0.06649861461219558,0.8583386992916935
0.06706110289368972,0.8583386992916935
0.06706110289368972,0.8589826142949131
0.06733193058477949,0.8589826142949131
0.06733193058477949,0.8596265292981327
0.06739442928272328,0.8596265292981327
0.06739442928272328,0.8602704443013522
0.0680610820607904,0.8602704443013522
0.0680610820607904,0.8609143593045718
0.06901939542926189,0.8609143593045718
0.06901939542926189,0.8615582743077914
0.06966521530801442,0.8615582743077914
0.0697277140059582,0.8615582743077914
0.07293598050040624,0.8615582743077914
0.07297764629903544,0.8615582743077914
0.07304014499697922,0.8615582743077914
0.07308181079560842,0.8615582743077914
0.0732693068894398,0.8615582743077914
0.07331097268806899,0.8615582743077914
0.07372763067436094,0.8615582743077914
0.07376929647299015,0.8615582743077914
0.07383179517093394,0.8615582743077914
0.07383179517093394,0.8622021893110109
0.07410262286202371,0.8622021893110109
0.07410262286202371,0.8628461043142305
0.07435261765379889,0.8628461043142305
0.07435261765379889,0.8634900193174501
0.07462344534488864,0.8634900193174501
0.07466511114351784,0.8634900193174501
0.0750817691298098,0.8634900193174501
0.0750817691298098,0.8641339343206696
0.07524843232432658,0.8641339343206696
0.07529009812295577,0.8641339343206696
0.07608174829691049,0.8641339343206696
0.07612341409553967,0.8641339343206696
0.07658173788046083,0.8641339343206696
0.07658173788046083,0.8647778493238892
0.07662340367909001,0.8647778493238892
0.07662340367909001,0.8654217643271088
0.07776921314139289,0.8654217643271088
0.07776921314139289,0.8660656793303284
0.07816503822837025,0.8660656793303284
0.07816503822837025,0.866709594333548
0.07818587112768484,0.866709594333548
0.07818587112768484,0.8673535093367676
0.07899835420095415,0.8673535093367676
0.07899835420095415,0.8679974243399872
0.07916501739547092,0.8679974243399872
0.07920668319410012,0.8679974243399872
0.07933168058998771,0.8679974243399872
0.07933168058998771,0.8686413393432066
0.07949834378450449,0.8686413393432066
0.07949834378450449,0.8692852543464262
0.07972750567696506,0.8692852543464262
0.07976917147559426,0.8692852543464262
0.08014416366325701,0.8692852543464262
0.08014416366325701,0.8699291693496458
0.08024832815983,0.8699291693496458
0.0802899939584592,0.8699291693496458
0.08062332034749276,0.8699291693496458
0.08066498614612196,0.8699291693496458
0.0811858086289869,0.8699291693496458
0.08122747442761609,0.8699291693496458
0.08220662069540217,0.8699291693496458
0.08224828649403138,0.8699291693496458
0.08262327868169413,0.8699291693496458
0.08262327868169413,0.8705730843528654
0.08272744317826712,0.8705730843528654
0.08272744317826712,0.871216999356085
0.0829774379700423,0.871216999356085
0.0829774379700423,0.8718609143593046
0.08353992625153643,0.8718609143593046
0.08353992625153643,0.8725048293625242
0.08360242494948023,0.8725048293625242
0.08364409074810941,0.8725048293625242
0.0837899210433116,0.8725048293625242
0.0837899210433116,0.8731487443657437
0.0838107539426262,0.8731487443657437
0.0838107539426262,0.8737926593689633
0.0838315868419408,0.8737926593689633
0.0838315868419408,0.8744365743721829
0.08447740672069332,0.8744365743721829
0.08451907251932252,0.8744365743721829
0.08508156080081665,0.8744365743721829
0.08514405949876044,0.8744365743721829
0.08562321618299619,0.8744365743721829
0.08566488198162538,0.8744365743721829
0.08578987937751296,0.8744365743721829
0.08583154517614217,0.8744365743721829
0.08601904126997355,0.8744365743721829
0.08606070706860273,0.8744365743721829
0.08693568883981584,0.8744365743721829
0.08693568883981584,0.8750804893754024
0.08716485073227641,0.8750804893754024
0.08720651653090561,0.8750804893754024
0.08762317451719756,0.8750804893754024
0.08766484031582675,0.8750804893754024
0.08785233640965813,0.8750804893754024
0.08789400220828733,0.8750804893754024
0.08862315368429824,0.8750804893754024
0.08862315368429824,0.875724404378622
0.08872731818087123,0.875724404378622
0.08872731818087123,0.8763683193818416
0.08912314326784859,0.8763683193818416
0.08916480906647778,0.8763683193818416
0.0898731276431741,0.8763683193818416
0.0899147934418033,0.8763683193818416
0.09045644882398284,0.8763683193818416
0.09049811462261202,0.8763683193818416
0.09058144621987042,0.8763683193818416
0.09062311201849961,0.8763683193818416
0.09083144101164559,0.8763683193818416
0.09087310681027479,0.8763683193818416
0.09135226349451053,0.8763683193818416
0.09135226349451053,0.8770122343850612
0.09174808858148789,0.8770122343850612
0.09178975438011708,0.8770122343850612
0.09183142017874628,0.8770122343850612
0.09183142017874628,0.8776561493882807
0.09187308597737547,0.8776561493882807
0.09195641757463387,0.8776561493882807
0.09195641757463387,0.8783000643915003
0.0924772400574988,0.8783000643915003
0.092518905856128,0.8783000643915003
0.09274806774858857,0.8783000643915003
0.09278973354721777,0.8783000643915003
0.0933522218287119,0.8783000643915003
0.09339388762734109,0.8783000643915003
0.09385221141226224,0.8783000643915003
0.09389387721089144,0.8783000643915003
0.09472719318347535,0.8783000643915003
0.09476885898210453,0.8783000643915003
0.09481052478073373,0.8783000643915003
0.09485219057936294,0.8783000643915003
0.09489385637799212,0.8783000643915003
0.09493552217662132,0.8783000643915003
0.09495635507593592,0.8783000643915003
0.09499802087456512,0.8783000643915003
0.09535218016291327,0.8783000643915003
0.09539384596154246,0.8783000643915003
0.09643549092727235,0.8783000643915003
0.09647715672590154,0.8783000643915003
0.09668548571904752,0.8783000643915003
0.09668548571904752,0.8789439793947199
0.09678965021562051,0.8789439793947199
0.09678965021562051,0.8795878943979395
0.09737297139642924,0.8795878943979395
0.09741463719505844,0.8795878943979395
0.09891460594570946,0.8795878943979395
0.09895627174433866,0.8795878943979395
0.09908126914022625,0.8795878943979395
0.09908126914022625,0.8802318094011591
0.09970625611966417,0.8802318094011591
0.09970625611966417,0.8808757244043787
0.09976875481760797,0.8808757244043787
0.09981042061623716,0.8808757244043787
0.10203954084289911,0.8808757244043787
0.10203954084289911,0.8815196394075981
0.10241453303056186,0.8815196394075981
0.10245619882919106,0.8815196394075981
0.10266452782233704,0.8815196394075981
0.10270619362096622,0.8815196394075981
0.10312285160725818,0.8815196394075981
0.10316451740588738,0.8815196394075981
0.10708110247703173,0.8815196394075981
0.10712276827566092,0.8815196394075981
0.10718526697360471,0.8815196394075981
0.10722693277223391,0.8815196394075981
0.10812274744276161,0.8815196394075981
0.10816441324139081,0.8815196394075981
0.10864356992562654,0.8815196394075981
0.10868523572425574,0.8815196394075981
0.10872690152288494,0.8815196394075981
0.10876856732151413,0.8815196394075981
0.10924772400574988,0.8815196394075981
0.10928938980437908,0.8815196394075981
0.11162267452761401,0.8815196394075981
0.1116643403262432,0.8815196394075981
0.1117685048228162,0.8815196394075981
0.11181017062144538,0.8815196394075981
0.11199766671527676,0.8815196394075981
0.11199766671527676,0.8821635544108177
0.11203933251390596,0.8821635544108177
0.11210183121184976,0.8821635544108177
0.11224766150705194,0.8821635544108177
0.11228932730568113,0.8821635544108177
0.1125393220974563,0.8821635544108177
0.1125809878960855,0.8821635544108177
0.11316430907689423,0.8821635544108177
0.11320597487552343,0.8821635544108177
0.1134768025666132,0.8821635544108177
0.11351846836524239,0.8821635544108177
0.11399762504947814,0.8821635544108177
0.11403929084810734,0.8821635544108177
0.11462261202891606,0.8821635544108177
0.11462261202891606,0.8828074694140373
0.11472677652548906,0.8828074694140373
0.11476844232411824,0.8828074694140373
0.11578925439053353,0.8828074694140373
0.11583092018916273,0.8828074694140373
0.11626841107476928,0.8828074694140373
0.11631007687339848,0.8828074694140373
0.11635174267202766,0.8828074694140373
0.11639340847065686,0.8828074694140373
0.11668506906106123,0.8828074694140373
0.11672673485969043,0.8828074694140373
0.11703922834940939,0.8828074694140373
0.11708089414803859,0.8828074694140373
0.11760171663090352,0.8828074694140373
0.11764338242953272,0.8828074694140373
0.11828920230828524,0.8828074694140373
0.11828920230828524,0.8834513844172569
0.11843503260348742,0.8834513844172569
0.11847669840211662,0.8834513844172569
0.11941417887127352,0.8834513844172569
0.11945584466990271,0.8834513844172569
0.12066415283014938,0.8834513844172569
0.12070581862877856,0.8834513844172569
0.12078915022603695,0.8834513844172569
0.12189329388971062,0.8834513844172569
0.12193495968833983,0.8834513844172569
0.1222057873794296,0.8834513844172569
0.1222474531780588,0.8834513844172569
0.12226828607737339,0.8834513844172569
0.12230995187600259,0.8834513844172569
0.12312243494927189,0.8834513844172569
0.12316410074790109,0.8834513844172569
0.12368492323076602,0.8834513844172569
0.12372658902939522,0.8834513844172569
0.123893252223912,0.8834513844172569
0.1239349180225412,0.8834513844172569
0.12468490239786671,0.8834513844172569
0.12472656819649591,0.8834513844172569
0.1247682339951251,0.8834513844172569
0.12485156559238349,0.8834513844172569
0.12526822357867545,0.8834513844172569
0.12537238807524842,0.8834513844172569
0.12539322097456304,0.8834513844172569
0.12543488677319223,0.8834513844172569
0.125497385471136,0.8834513844172569
0.12553905126976522,0.8834513844172569
0.1256848815649674,0.8834513844172569
0.1257265473635966,0.8834513844172569
0.1258307118601696,0.8834513844172569
0.12587237765879877,0.8834513844172569
0.12672652653069727,0.8834513844172569
0.12676819232932648,0.8834513844172569
0.12693485552384326,0.8834513844172569
0.12697652132247245,0.8834513844172569
0.12733068061082062,0.8834513844172569
0.1273723464094498,0.8834513844172569
0.12770567279848336,0.8834513844172569
0.12774733859711257,0.8834513844172569
0.12799733338888772,0.8834513844172569
0.12808066498614612,0.8834513844172569
0.12853898877106726,0.8834513844172569
0.12853898877106726,0.8840952994204765
0.12945563634090956,0.8840952994204765
0.12949730213953875,0.8840952994204765
0.13078894189704382,0.8840952994204765
0.130830607695673,0.8840952994204765
0.13101810378950438,0.8840952994204765
0.13110143538676278,0.8840952994204765
0.13305972792233495,0.8840952994204765
0.13312222662027876,0.8840952994204765
0.1344138663777838,0.8840952994204765
0.1344971979750422,0.8840952994204765
0.13480969146476116,0.8840952994204765
0.13485135726339034,0.8840952994204765
0.1352263494510531,0.8840952994204765
0.1352680152496823,0.8840952994204765
0.13576800483323265,0.8840952994204765
0.13580967063186183,0.8840952994204765
0.13587216932980564,0.8840952994204765
0.13591383512843483,0.8840952994204765
0.1359971667256932,0.8840952994204765
0.1359971667256932,0.8847392144236961
0.13601799962500782,0.8847392144236961
0.1361013312222662,0.8847392144236961
0.13728880648319827,0.8847392144236961
0.13733047228182746,0.8847392144236961
0.13739297097977127,0.8847392144236961
0.13745546967771505,0.8847392144236961
0.13780962896606322,0.8847392144236961
0.1378512947646924,0.8847392144236961
0.13910126872356826,0.8847392144236961
0.13914293452219745,0.8847392144236961
0.13933043061602884,0.8847392144236961
0.13937209641465803,0.8847392144236961
0.13939292931397262,0.8847392144236961
0.1394345951126018,0.8847392144236961
0.1396220912064332,0.8847392144236961
0.1396637570050624,0.8847392144236961
0.139684589904377,0.8847392144236961
0.13972625570300617,0.8847392144236961
0.13980958730026458,0.8847392144236961
0.13985125309889376,0.8847392144236961
0.13991375179683757,0.8847392144236961
0.13995541759546676,0.8847392144236961
0.13997625049478135,0.8847392144236961
0.14001791629341057,0.8847392144236961
0.14024707818587112,0.8847392144236961
0.14028874398450034,0.8847392144236961
0.14080956646736525,0.8847392144236961
0.14085123226599447,0.8847392144236961
0.14164288243994916,0.8847392144236961
0.14168454823857837,0.8847392144236961
0.14203870752692652,0.8847392144236961
0.14208037332555573,0.8847392144236961
0.143101185391971,0.8847392144236961
0.1431428511906002,0.8847392144236961
0.14324701568717318,0.8847392144236961
0.14328868148580237,0.8847392144236961
0.14389283556592572,0.8847392144236961
0.1439345013645549,0.8847392144236961
0.1439970000624987,0.8847392144236961
0.1440594987604425,0.8847392144236961
0.14422616195495927,0.8847392144236961
0.14426782775358846,0.8847392144236961
0.1447678173371388,0.8847392144236961
0.144809483135768,0.8847392144236961
0.1448303160350826,0.8847392144236961
0.1448303160350826,0.8853831294269157
0.14495531343097018,0.8853831294269157
0.1449969792295994,0.8853831294269157
0.14537197141726213,0.8853831294269157
0.14541363721589134,0.8853831294269157
0.1455178017124643,0.8853831294269157
0.14555946751109353,0.8853831294269157
0.1456011333097227,0.8853831294269157
0.1456011333097227,0.8860270444301352
0.1457261307056103,0.8860270444301352
0.1457677965042395,0.8860270444301352
0.14614278869190225,0.8860270444301352
0.14618445449053144,0.8860270444301352
0.14637195058436284,0.8860270444301352
0.14641361638299202,0.8860270444301352
0.14697610466448616,0.8860270444301352
0.14701777046311534,0.8860270444301352
0.14710110206037375,0.8860270444301352
0.14714276785900293,0.8860270444301352
0.14755942584529488,0.8860270444301352
0.1476010916439241,0.8860270444301352
0.1476219245432387,0.8860270444301352
0.14766359034186788,0.8860270444301352
0.14772608903981166,0.8860270444301352
0.14776775483844087,0.8860270444301352
0.1482885773213058,0.8860270444301352
0.1482885773213058,0.8866709594333548
0.14874690110622696,0.8866709594333548
0.14878856690485615,0.8866709594333548
0.14889273140142914,0.8866709594333548
0.14893439720005833,0.8866709594333548
0.14939272098497947,0.8866709594333548
0.14943438678360868,0.8866709594333548
0.14953855128018168,0.8866709594333548
0.14958021707881086,0.8866709594333548
0.14960104997812546,0.8866709594333548
0.14964271577675464,0.8866709594333548
0.1500593737630466,0.8866709594333548
0.1501010395616758,0.8866709594333548
0.15030936855482177,0.8866709594333548
0.15035103435345096,0.8866709594333548
0.15122601612466408,0.8866709594333548
0.15126768192329326,0.8866709594333548
0.15147601091643925,0.8866709594333548
0.15151767671506844,0.8866709594333548
0.15162184121164143,0.8866709594333548
0.15166350701027062,0.8866709594333548
0.15168433990958521,0.8866709594333548
0.15176767150684362,0.8866709594333548
0.15220516239245016,0.8866709594333548
0.15224682819107935,0.8866709594333548
0.1526426532780567,0.8866709594333548
0.1527051519760005,0.8866709594333548
0.1528509822712027,0.8866709594333548
0.15289264806983188,0.8866709594333548
0.1533926376533822,0.8866709594333548
0.15343430345201142,0.8866709594333548
0.15416345492802233,0.8866709594333548
0.15420512072665152,0.8866709594333548
0.15420512072665152,0.8873148744365744
0.15468427741088728,0.8873148744365744
0.15474677610883106,0.8873148744365744
0.1552467656923814,0.8873148744365744
0.1552884314910106,0.8873148744365744
0.1553925959875836,0.8873148744365744
0.15543426178621278,0.8873148744365744
0.15589258557113395,0.8873148744365744
0.15593425136976313,0.8873148744365744
0.15605924876565072,0.8873148744365744
0.1561425803629091,0.8873148744365744
0.1563300764567405,0.8873148744365744
0.15637174225536968,0.8873148744365744
0.15662173704714485,0.8873148744365744
0.15666340284577404,0.8873148744365744
0.15670506864440323,0.8873148744365744
0.15670506864440323,0.8879587894397939
0.15674673444303244,0.8879587894397939
0.15680923314097622,0.8879587894397939
0.15685089893960544,0.8879587894397939
0.1570383950334368,0.8879587894397939
0.157080060832066,0.8879587894397939
0.1579550426032791,0.8879587894397939
0.15803837420053748,0.8879587894397939
0.1581217057977959,0.8879587894397939
0.15818420449573967,0.8879587894397939
0.15826753609299807,0.8879587894397939
0.15830920189162725,0.8879587894397939
0.15864252828066083,0.8879587894397939
0.1587675256765484,0.8879587894397939
0.15924668236078415,0.8879587894397939
0.15928834815941334,0.8879587894397939
0.1595591758505031,0.8879587894397939
0.1596008416491323,0.8879587894397939
0.1596425074477615,0.8879587894397939
0.1596841732463907,0.8879587894397939
0.15985083644090747,0.8879587894397939
0.1598925022395367,0.8879587894397939
0.16030916022582864,0.8879587894397939
0.16035082602445783,0.8879587894397939
0.1606424866148622,0.8879587894397939
0.1607258182121206,0.8879587894397939
0.16107997750046874,0.8879587894397939
0.16112164329909792,0.8879587894397939
0.16116330909772714,0.8879587894397939
0.16122580779567092,0.8879587894397939
0.16126747359430013,0.8879587894397939
0.16130913939292932,0.8879587894397939
0.1613299722922439,0.8879587894397939
0.1613716380908731,0.8879587894397939
0.16180912897647964,0.8879587894397939
0.16185079477510886,0.8879587894397939
0.16257994625111977,0.8879587894397939
0.16262161204974895,0.8879587894397939
0.16280910814358035,0.8879587894397939
0.16285077394220954,0.8879587894397939
0.16291327264015332,0.8879587894397939
0.16295493843878253,0.8879587894397939
0.16299660423741172,0.8879587894397939
0.16305910293535553,0.8879587894397939
0.16339242932438908,0.8879587894397939
0.16343409512301826,0.8879587894397939
0.16347576092164748,0.8879587894397939
0.16351742672027667,0.8879587894397939
0.16366325701547885,0.8879587894397939
0.16370492281410803,0.8879587894397939
0.1640590821024562,0.8879587894397939
0.1641007479010854,0.8879587894397939
0.16412158080039999,0.8879587894397939
0.1641632465990292,0.8879587894397939
0.16505906126955688,0.8879587894397939
0.16510072706818607,0.8879587894397939
0.16520489156475907,0.8879587894397939
0.16524655736338825,0.8879587894397939
0.16568404824899483,0.8879587894397939
0.165725714047624,0.8879587894397939
0.16593404304076997,0.8879587894397939
0.1659757088393992,0.8879587894397939
0.16635070102706193,0.8879587894397939
0.16635070102706193,0.8886027044430135
0.1667048603154101,0.8886027044430135
0.16676735901335388,0.8886027044430135
0.16737151309347723,0.8886027044430135
0.1674131788921064,0.8886027044430135
0.1674548446907356,0.8886027044430135
0.1674965104893648,0.8886027044430135
0.1676215078852524,0.8886027044430135
0.1676631736838816,0.8886027044430135
0.16801733297222973,0.8886027044430135
0.16805899877085895,0.8886027044430135
0.1684756567571509,0.8886027044430135
0.1684756567571509,0.8892466194462331
0.16878815024686986,0.8892466194462331
0.16882981604549904,0.8892466194462331
0.16970479781671216,0.8892466194462331
0.16978812941397053,0.8892466194462331
0.17039228349409388,0.8892466194462331
0.17047561509135226,0.8892466194462331
0.17051728088998147,0.8892466194462331
0.17055894668861066,0.8892466194462331
0.17093393887627342,0.8892466194462331
0.1709756046749026,0.8892466194462331
0.1710381033728464,0.8892466194462331
0.17135059686256537,0.8892466194462331
0.17139226266119456,0.8892466194462331
0.17155892585571134,0.8892466194462331
0.17160059165434052,0.8892466194462331
0.1719755838420033,0.8892466194462331
0.1720380825399471,0.8892466194462331
0.17220474573446387,0.8892466194462331
0.17228807733172224,0.8892466194462331
0.17249640632486823,0.8892466194462331
0.17253807212349742,0.8892466194462331
0.17255890502281201,0.8892466194462331
0.17260057082144123,0.8892466194462331
0.1727880669152726,0.8892466194462331
0.17282973271390178,0.8892466194462331
0.1728922314118456,0.8892466194462331
0.17293389721047478,0.8892466194462331
0.17320472490156455,0.8892466194462331
0.17324639070019374,0.8892466194462331
0.17332972229745214,0.8892466194462331
0.17337138809608132,0.8892466194462331
0.17357971708922731,0.8892466194462331
0.1736213828878565,0.8892466194462331
0.1737463802837441,0.8892466194462331
0.17378804608237328,0.8892466194462331
0.17401720797483386,0.8892466194462331
0.17405887377346305,0.8892466194462331
0.17418387116935063,0.8892466194462331
0.17422553696797982,0.8892466194462331
0.1745588633570134,0.8892466194462331
0.1746005291556426,0.8892466194462331
0.17462136205495718,0.8892466194462331
0.174683860752901,0.8892466194462331
0.17482969104810317,0.8892466194462331
0.17487135684673236,0.8892466194462331
0.17491302264536154,0.8892466194462331
0.17499635424261994,0.8892466194462331
0.17507968583987835,0.8892466194462331
0.17516301743713672,0.8892466194462331
0.17545467802754108,0.8892466194462331
0.1754963438261703,0.8892466194462331
0.17553800962479948,0.8892466194462331
0.17557967542342867,0.8892466194462331
0.17587133601383304,0.8892466194462331
0.17591300181246225,0.8892466194462331
0.17595466761109144,0.8892466194462331
0.17599633340972062,0.8892466194462331
0.17601716630903522,0.8892466194462331
0.17607966500697902,0.8892466194462331
0.17643382429532717,0.8892466194462331
0.17649632299327098,0.8892466194462331
0.17653798879190016,0.8892466194462331
0.17657965459052935,0.8892466194462331
0.17682964938230453,0.8892466194462331
0.17689214808024833,0.8892466194462331
0.1769754796775067,0.8892466194462331
0.17703797837545052,0.8892466194462331
0.17741297056311328,0.8892466194462331
0.17745463636174247,0.8892466194462331
0.1780171246432366,0.8892466194462331
0.1780587904418658,0.8892466194462331
0.17868377742130373,0.8892466194462331
0.17872544321993292,0.8892466194462331
0.1787462761192475,0.8892466194462331
0.1787879419178767,0.8892466194462331
0.1788504406158205,0.8892466194462331
0.17891293931376429,0.8892466194462331
0.1789754380117081,0.8892466194462331
0.17903793670965187,0.8892466194462331
0.17910043540759568,0.8892466194462331
0.17914210120622487,0.8892466194462331
0.17928793150142705,0.8892466194462331
0.17932959730005624,0.8892466194462331
0.17951709339388763,0.8892466194462331
0.179600424991146,0.8892466194462331
0.17987125268223578,0.8892466194462331
0.179912918480865,0.8892466194462331
0.17999625007812337,0.8892466194462331
0.18003791587675258,0.8892466194462331
0.18045457386304453,0.8892466194462331
0.18049623966167372,0.8892466194462331
0.18110039374179704,0.8892466194462331
0.18114205954042625,0.8892466194462331
0.18126705693631381,0.8892466194462331
0.18130872273494303,0.8892466194462331
0.1816003833253474,0.8892466194462331
0.18166288202329117,0.8892466194462331
0.18176704651986417,0.8892466194462331
0.18180871231849335,0.8892466194462331
0.1823295348013583,0.8892466194462331
0.1823712005999875,0.8892466194462331
0.1824336992979313,0.8892466194462331
0.18247536509656048,0.8892466194462331
0.18264202829107726,0.8892466194462331
0.18268369408970647,0.8892466194462331
0.18274619278765025,0.8892466194462331
0.18276702568696485,0.8892466194462331
0.18280869148559406,0.8892466194462331
0.18287119018353784,0.8892466194462331
0.1830586862773692,0.8892466194462331
0.18310035207599842,0.8892466194462331
0.18332951396845898,0.8892466194462331
0.1833711797670882,0.8892466194462331
0.18370450615612174,0.8892466194462331
0.18376700485406555,0.8892466194462331
0.18387116935063852,0.8892466194462331
0.18391283514926773,0.8892466194462331
0.18393366804858233,0.8892466194462331
0.18397533384721151,0.8892466194462331
0.18403783254515532,0.8892466194462331
0.1840794983437845,0.8892466194462331
0.1841211641424137,0.8892466194462331
0.18416282994104288,0.8892466194462331
0.18441282473281806,0.8892466194462331
0.18441282473281806,0.8898905344494527
0.18447532343076187,0.8898905344494527
0.18451698922939105,0.8898905344494527
0.18474615112185164,0.8898905344494527
0.18482948271911,0.8898905344494527
0.18537113810128955,0.8898905344494527
0.18541280389991877,0.8898905344494527
0.18572529738963772,0.8898905344494527
0.1857669631882669,0.8898905344494527
0.1858919605841545,0.8898905344494527
0.18593362638278368,0.8898905344494527
0.18616278827524427,0.8898905344494527
0.18620445407387345,0.8898905344494527
0.18651694756359244,0.8898905344494527
0.18655861336222163,0.8898905344494527
0.18699610424782817,0.8898905344494527
0.18703777004645736,0.8898905344494527
0.18718360034165954,0.8898905344494527
0.18722526614028875,0.8898905344494527
0.1877877544217829,0.8898905344494527
0.18785025311972667,0.8898905344494527
0.18797525051561426,0.8898905344494527
0.18803774921355806,0.8898905344494527
0.18814191371013103,0.8898905344494527
0.18820441240807484,0.8898905344494527
0.1885169058977938,0.8898905344494527
0.18855857169642298,0.8898905344494527
0.18899606258202953,0.8898905344494527
0.18907939417928793,0.8898905344494527
0.1893293889710631,0.8898905344494527
0.1893710547696923,0.8898905344494527
0.18982937855461346,0.8898905344494527
0.18987104435324265,0.8898905344494527
0.18991271015187183,0.8898905344494527
0.18995437595050102,0.8898905344494527
0.19045436553405137,0.8898905344494527
0.19049603133268056,0.8898905344494527
0.19064186162788274,0.8898905344494527
0.19068352742651196,0.8898905344494527
0.19082935772171414,0.8898905344494527
0.19087102352034332,0.8898905344494527
0.1911626841107477,0.8898905344494527
0.19120434990937688,0.8898905344494527
0.19157934209703964,0.8898905344494527
0.19162100789566883,0.8898905344494527
0.191871002687444,0.8898905344494527
0.1919335013853878,0.8898905344494527
0.1927251515593425,0.8898905344494527
0.19276681735797171,0.8898905344494527
0.1928709818545447,0.8898905344494527
0.1929334805524885,0.8898905344494527
0.19299597925043227,0.8898905344494527
0.19303764504906148,0.8898905344494527
0.19312097664631986,0.8898905344494527
0.19316264244494907,0.8898905344494527
0.19320430824357826,0.8898905344494527
0.19324597404220745,0.8898905344494527
0.1936417991291848,0.8898905344494527
0.193683464927814,0.8898905344494527
0.1937042978271286,0.8898905344494527
0.1937459636257578,0.8898905344494527
0.19380846232370158,0.8898905344494527
0.19401679131684757,0.8898905344494527
0.19405845711547676,0.8898905344494527
0.19414178871273516,0.8898905344494527
0.19420428741067894,0.8898905344494527
0.1946001124976563,0.8898905344494527
0.19464177829628548,0.8898905344494527
0.19505843628257744,0.8898905344494527
0.19512093498052124,0.8898905344494527
0.1963292431407679,0.8898905344494527
0.1963917418387117,0.8898905344494527
0.19651673923459928,0.8898905344494527
0.19651673923459928,0.8905344494526722
0.19672506822774524,0.8905344494526722
0.19676673402637446,0.8905344494526722
0.1972250578112956,0.8905344494526722
0.19726672360992478,0.8905344494526722
0.1973292223078686,0.8905344494526722
0.19741255390512696,0.8905344494526722
0.19753755130101455,0.8905344494526722
0.19757921709964377,0.8905344494526722
0.19797504218662113,0.8905344494526722
0.1980167079852503,0.8905344494526722
0.1980375408845649,0.8905344494526722
0.1981625382804525,0.8905344494526722
0.19828753567634008,0.8905344494526722
0.19832920147496927,0.8905344494526722
0.19851669756880064,0.8905344494526722
0.19855836336742985,0.8905344494526722
0.19860002916605904,0.8905344494526722
0.19864169496468823,0.8905344494526722
0.19916251744755317,0.8905344494526722
0.19920418324618236,0.8905344494526722
0.20022499531259766,0.8905344494526722
0.20026666111122685,0.8905344494526722
0.20045415720505821,0.8905344494526722
0.20049582300368743,0.8905344494526722
0.20174579696256328,0.8905344494526722
0.20178746276119247,0.8905344494526722
0.20187079435845087,0.8911783644558918
0.20205829045228224,0.8911783644558918
0.20209995625091143,0.8911783644558918
0.20212078915022605,0.8911783644558918
0.20220412074748442,0.8911783644558918
0.20239161684131582,0.8911783644558918
0.202433282639945,0.8911783644558918
0.20259994583446178,0.8911783644558918
0.20264161163309097,0.8911783644558918
0.20297493802212455,0.8911783644558918
0.20301660382075373,0.8911783644558918
0.2031832670152705,0.8911783644558918
0.20322493281389972,0.8911783644558918
0.20355825920293327,0.8911783644558918
0.20359992500156246,0.8911783644558918
0.20368325659882086,0.8911783644558918
0.20372492239745005,0.8911783644558918
0.20472490156455073,0.8911783644558918
0.20476656736317994,0.8911783644558918
0.20480823316180913,0.8911783644558918
0.20480823316180913,0.8918222794591114
0.20484989896043831,0.8918222794591114
0.20489156475906753,0.8918222794591114
0.20526655694673027,0.8918222794591114
0.20530822274535948,0.8918222794591114
0.20553738463782004,0.8918222794591114
0.20557905043644925,0.8918222794591114
0.2058290452282244,0.8918222794591114
0.20587071102685361,0.8918222794591114
0.20607904001999958,0.8918222794591114
0.2061207058186288,0.8918222794591114
0.20614153871794338,0.8918222794591114
0.20618320451657257,0.8918222794591114
0.20626653611383097,0.8918222794591114
0.20632903481177475,0.8918222794591114
0.2068290243953251,0.8918222794591114
0.2068706901939543,0.8918222794591114
0.20691235599258348,0.8918222794591114
0.2069748546905273,0.8918222794591114
0.20707901918710026,0.8918222794591114
0.20712068498572947,0.8918222794591114
0.20749567717339223,0.8918222794591114
0.20753734297202142,0.8918222794591114
0.20824566154871774,0.8918222794591114
0.20830816024666152,0.8918222794591114
0.20834982604529073,0.8918222794591114
0.2086206537363805,0.8918222794591114
0.2086623195350097,0.8918222794591114
0.20887064852815565,0.8918222794591114
0.20891231432678486,0.8918222794591114
0.20905814462198705,0.8918222794591114
0.20909981042061623,0.8918222794591114
0.20922480781650382,0.8918222794591114
0.20930813941376222,0.8918222794591114
0.20966229870211037,0.8918222794591114
0.20970396450073958,0.8918222794591114
0.20976646319868336,0.8918222794591114
0.20980812899731255,0.8918222794591114
0.20982896189662714,0.8918222794591114
0.20987062769525636,0.8918222794591114
0.2103289514801775,0.8918222794591114
0.21037061727880668,0.8918222794591114
0.21097477135893003,0.8918222794591114
0.21101643715755922,0.8918222794591114
0.21147476094248036,0.8918222794591114
0.21151642674110957,0.8918222794591114
0.21159975833836794,0.8918222794591114
0.21166225703631175,0.8918222794591114
0.2118705860294577,0.8918222794591114
0.21191225182808693,0.8918222794591114
0.2119747505260307,0.8918222794591114
0.2120164163246599,0.8918222794591114
0.2120997479219183,0.8918222794591114
0.21214141372054748,0.8918222794591114
0.21222474531780589,0.8918222794591114
0.21226641111643507,0.8918222794591114
0.21241224141163725,0.8918222794591114
0.21241224141163725,0.892466194462331
0.21257890460615403,0.892466194462331
0.21266223620341243,0.892466194462331
0.21314139288764816,0.892466194462331
0.21318305868627738,0.892466194462331
0.2137663798670861,0.892466194462331
0.21382887856502988,0.892466194462331
0.2138705443636591,0.892466194462331
0.21391221016228829,0.892466194462331
0.21403720755817587,0.892466194462331
0.21407887335680506,0.892466194462331
0.21445386554446783,0.892466194462331
0.214495531343097,0.892466194462331
0.2147455261348722,0.892466194462331
0.21478719193350138,0.892466194462331
0.21532884731568092,0.892466194462331
0.21537051311431013,0.892466194462331
0.21593300139580426,0.892466194462331
0.21597466719443345,0.892466194462331
0.21612049748963563,0.892466194462331
0.21616216328826482,0.892466194462331
0.21620382908689403,0.892466194462331
0.21624549488552322,0.892466194462331
0.21626632778483781,0.892466194462331
0.216307993583467,0.892466194462331
0.2164954896772984,0.892466194462331
0.21653715547592758,0.892466194462331
0.21659965417387136,0.892466194462331
0.21664131997250058,0.892466194462331
0.21674548446907357,0.892466194462331
0.21678715026770276,0.892466194462331
0.2171413095560509,0.892466194462331
0.2172038082539947,0.892466194462331
0.2172246411533093,0.892466194462331
0.2172663069519385,0.892466194462331
0.21768296493823044,0.892466194462331
0.21776629653548885,0.892466194462331
0.21782879523343263,0.892466194462331
0.21787046103206184,0.892466194462331
0.21799545842794943,0.892466194462331
0.2180787900252078,0.892466194462331
0.21830795191766839,0.892466194462331
0.21830795191766839,0.8931101094655506
0.21847461511218516,0.8931101094655506
0.21851628091081435,0.8931101094655506
0.21857877960875816,0.8931101094655506
0.21862044540738734,0.8931101094655506
0.2189329388971063,0.8931101094655506
0.21897460469573551,0.8931101094655506
0.2189954375950501,0.8931101094655506
0.21907876919230848,0.8931101094655506
0.2191204349909377,0.8931101094655506
0.21916210078956688,0.8931101094655506
0.21924543238682528,0.8931101094655506
0.21928709818545447,0.8931101094655506
0.21945376137997125,0.8931101094655506
0.21949542717860043,0.8931101094655506
0.21957875877585883,0.8931101094655506
0.21962042457448802,0.8931101094655506
0.21970375617174642,0.8931101094655506
0.2197454219703756,0.8931101094655506
0.22003708256077997,0.8931101094655506
0.2200787483594092,0.8931101094655506
0.22012041415803837,0.8931101094655506
0.22016207995666756,0.8931101094655506
0.22041207474844274,0.8931101094655506
0.22045374054707192,0.8931101094655506
0.2205995708422741,0.8931101094655506
0.22064123664090332,0.8931101094655506
0.2206829024395325,0.8931101094655506
0.22074540113747632,0.8931101094655506
0.2208287327347347,0.8931101094655506
0.22087039853336388,0.8931101094655506
0.22105789462719527,0.8931101094655506
0.22109956042582446,0.8931101094655506
0.22122455782171205,0.8931101094655506
0.22126622362034123,0.8931101094655506
0.22145371971417263,0.8931101094655506
0.22145371971417263,0.8937540244687702
0.221537051311431,0.8937540244687702
0.2216203829086894,0.8937540244687702
0.221641215808004,0.8937540244687702
0.2216828816066332,0.8937540244687702
0.22264119497510468,0.8937540244687702
0.2226828607737339,0.8937540244687702
0.22297452136413826,0.8937540244687702
0.22301618716276744,0.8937540244687702
0.22312035165934044,0.8937540244687702
0.22316201745796962,0.8937540244687702
0.22326618195454262,0.8937540244687702
0.2233078477531718,0.8937540244687702
0.2234120122497448,0.8937540244687702
0.223453678048374,0.8937540244687702
0.22359950834357617,0.8937540244687702
0.22364117414220538,0.8937540244687702
0.22370367284014916,0.8937540244687702
0.22374533863877835,0.8937540244687702
0.2242869940209579,0.8937540244687702
0.22432865981958708,0.8937540244687702
0.22453698881273307,0.8937540244687702
0.22457865461136226,0.8937540244687702
0.22459948751067685,0.8937540244687702
0.22464115330930606,0.8937540244687702
0.22524530738942938,0.8937540244687702
0.22528697318805857,0.8937540244687702
0.22551613508051915,0.8937540244687702
0.22555780087914834,0.8937540244687702
0.2259952917647549,0.8937540244687702
0.2260577904626987,0.8937540244687702
0.22618278785858628,0.8937540244687702
0.22622445365721547,0.8937540244687702
0.22637028395241765,0.8937540244687702
0.22641194975104686,0.8937540244687702
0.22645361554967605,0.8937540244687702
0.22649528134830524,0.8937540244687702
0.2269119393345972,0.8937540244687702
0.226974438032541,0.8937540244687702
0.22705776962979937,0.8937540244687702
0.2270994354284286,0.8937540244687702
0.22714110122705777,0.8937540244687702
0.22714110122705777,0.8943979394719896
0.22718276702568696,0.8943979394719896
0.22722443282431615,0.8943979394719896
0.22726609862294536,0.8943979394719896
0.22749526051540592,0.8943979394719896
0.22753692631403513,0.8943979394719896
0.22755775921334973,0.8943979394719896
0.2275994250119789,0.8943979394719896
0.2276827566092373,0.8943979394719896
0.2277452553071811,0.8943979394719896
0.2278494198037541,0.8943979394719896
0.2279327514010125,0.8943979394719896
0.22837024228661904,0.8943979394719896
0.22841190808524822,0.8943979394719896
0.22849523968250662,0.8943979394719896
0.2285369054811358,0.8943979394719896
0.22901606216537154,0.8943979394719896
0.22905772796400076,0.8950418544752092
0.22922439115851753,0.8950418544752092
0.22926605695714672,0.8950418544752092
0.22993270973521385,0.8950418544752092
0.22997437553384303,0.8950418544752092
0.2302243703256182,0.8950418544752092
0.2302243703256182,0.8956857694784288
0.2303285348221912,0.8956857694784288
0.2303702006208204,0.8956857694784288
0.2305576967146518,0.8956857694784288
0.23062019541259557,0.8956857694784288
0.23084935730505615,0.8956857694784288
0.23089102310368534,0.8956857694784288
0.23103685339888752,0.8956857694784288
0.2310785191975167,0.8956857694784288
0.2312868481906627,0.8956857694784288
0.23132851398929188,0.8956857694784288
0.2320576654653028,0.8956857694784288
0.232099331263932,0.8956857694784288
0.23291181433720132,0.8956857694784288
0.2329743130351451,0.8956857694784288
0.23324514072623487,0.8956857694784288
0.23330763942417868,0.8956857694784288
0.23334930522280786,0.8956857694784288
0.23337013812212246,0.8956857694784288
0.23341180392075164,0.8956857694784288
0.23362013291389763,0.8956857694784288
0.23366179871252682,0.8956857694784288
0.2337867961084144,0.8956857694784288
0.2338284619070436,0.8956857694784288
0.23395345930293118,0.8956857694784288
0.2339951251015604,0.8956857694784288
0.23403679090018958,0.8956857694784288
0.23412012249744796,0.8956857694784288
0.2355784254494698,0.8956857694784288
0.2356617570467282,0.8956857694784288
0.23584925314055957,0.8956857694784288
0.23584925314055957,0.8963296844816484
0.23618257952959312,0.8963296844816484
0.23622424532822234,0.8963296844816484
0.2363075769254807,0.8963296844816484
0.23634924272410993,0.8963296844816484
0.2364325743213683,0.8963296844816484
0.2364742401199975,0.8963296844816484
0.2366200704151997,0.8963296844816484
0.23670340201245807,0.8963296844816484
0.23678673360971647,0.8963296844816484
0.23684923230766025,0.8963296844816484
0.23689089810628947,0.8963296844816484
0.23693256390491865,0.8963296844816484
0.23697422970354784,0.8963296844816484
0.23701589550217703,0.8963296844816484
0.23712005999875002,0.8963296844816484
0.23712005999875002,0.896973599484868
0.2371617257973792,0.896973599484868
0.2373908876898398,0.896973599484868
0.23743255348846898,0.896973599484868
0.23784921147476093,0.896973599484868
0.23791171017270474,0.896973599484868
0.23795337597133392,0.896973599484868
0.23799504176996314,0.896973599484868
0.23801587466927773,0.896973599484868
0.23805754046790692,0.896973599484868
0.23837003395762588,0.896973599484868
0.23845336555488428,0.896973599484868
0.23862002874940105,0.896973599484868
0.23868252744734483,0.896973599484868
0.23889085644049082,0.896973599484868
0.23893252223912,0.896973599484868
0.2389533551384346,0.896973599484868
0.23899502093706382,0.896973599484868
0.2390991854336368,0.896973599484868
0.239140851232266,0.896973599484868
0.2398700027082769,0.896973599484868
0.2399116685069061,0.896973599484868
0.2399533343055353,0.896973599484868
0.2399950001041645,0.896973599484868
0.24049498968771485,0.896973599484868
0.24053665548634404,0.896973599484868
0.2409324805733214,0.896973599484868
0.24101581217057977,0.896973599484868
0.24111997666715276,0.896973599484868
0.24116164246578195,0.896973599484868
0.24124497406304035,0.896973599484868
0.24128663986166954,0.896973599484868
0.24132830566029875,0.896973599484868
0.24136997145892794,0.896973599484868
0.24151580175413012,0.896973599484868
0.2415574675527593,0.896973599484868
0.2417866294452199,0.896973599484868
0.24182829524384908,0.896973599484868
0.24197412553905126,0.896973599484868
0.24201579133768047,0.896973599484868
0.24205745713630966,0.896973599484868
0.24209912293493885,0.896973599484868
0.24216162163288266,0.896973599484868
0.24220328743151184,0.896973599484868
0.24226578612945562,0.896973599484868
0.24232828482739943,0.896973599484868
0.24234911772671403,0.896973599484868
0.2423907835253432,0.896973599484868
0.2425782796191746,0.896973599484868
0.2426199454178038,0.896973599484868
0.24311993500135415,0.896973599484868
0.24316160079998334,0.896973599484868
0.24320326659861252,0.896973599484868
0.24324493239724174,0.896973599484868
0.24372408908147747,0.896973599484868
0.24372408908147747,0.8976175144880876
0.24376575488010666,0.8976175144880876
0.24407824836982564,0.8976175144880876
0.24411991416845483,0.8976175144880876
0.24453657215474678,0.8976175144880876
0.24457823795337597,0.8976175144880876
0.24474490114789274,0.8976175144880876
0.24478656694652196,0.8976175144880876
0.2451615591341847,0.8976175144880876
0.2451615591341847,0.8982614294913072
0.2452032249328139,0.8982614294913072
0.2452448907314431,0.8989053444945267
0.24541155392595987,0.8989053444945267
0.24545321972458908,0.8989053444945267
0.24559905001979127,0.8989053444945267
0.24564071581842045,0.8989053444945267
0.24566154871773505,0.8989053444945267
0.24570321451636423,0.8989053444945267
0.2461615383012854,0.8989053444945267
0.24620320409991459,0.8989053444945267
0.246286535697173,0.8989053444945267
0.24632820149580217,0.8989053444945267
0.24634903439511677,0.8989053444945267
0.24639070019374595,0.8989053444945267
0.24657819628757735,0.8989053444945267
0.24661986208620654,0.8989053444945267
0.24684902397866712,0.8989053444945267
0.2469115226766109,0.8989053444945267
0.2469740213745547,0.8989053444945267
0.2470156871731839,0.8989053444945267
0.24707818587112768,0.8989053444945267
0.2471198516697569,0.8989053444945267
0.24745317805879044,0.8989053444945267
0.24749484385741963,0.8989053444945267
0.2477240057498802,0.8989053444945267
0.2477656715485094,0.8989053444945267
0.24811983083685757,0.8989053444945267
0.24816149663548676,0.8989053444945267
0.24839065852794734,0.8989053444945267
0.24843232432657653,0.8989053444945267
0.2484739901252057,0.8989053444945267
0.24853648882314952,0.8989053444945267
0.24855732172246411,0.8989053444945267
0.24855732172246411,0.8995492594977463
0.24905731130601447,0.8995492594977463
0.24909897710464365,0.8995492594977463
0.24920314160121665,0.8995492594977463
0.24924480739984584,0.8995492594977463
0.24936980479573342,0.8995492594977463
0.24945313639299183,0.8995492594977463
0.24947396929230642,0.8995492594977463
0.2495156350909356,0.8995492594977463
0.2495364679902502,0.8995492594977463
0.24957813378887939,0.8995492594977463
0.24970313118476697,0.8995492594977463
0.2497447969833962,0.8995492594977463
0.24980729568133997,0.8995492594977463
0.24984896147996916,0.8995492594977463
0.24989062727859837,0.8995492594977463
0.24993229307722756,0.8995492594977463
0.24997395887585674,0.8995492594977463
0.25001562467448596,0.8995492594977463
0.25003645757380055,0.8995492594977463
0.25007812337242974,0.8995492594977463
0.2501614549696881,0.8995492594977463
0.2502031207683173,0.8995492594977463
0.2503072852648903,0.8995492594977463
0.2503489510635195,0.8995492594977463
0.25066144455323847,0.8995492594977463
0.25070311035186765,0.8995492594977463
0.2507656090498115,0.8995492594977463
0.2508072748484407,0.8995492594977463
0.25186975271348516,0.8995492594977463
0.25193225141142894,0.8995492594977463
0.25234890939772087,0.8995492594977463
0.25239057519635005,0.8995492594977463
0.2528905647799004,0.8995492594977463
0.25297389637715884,0.8995492594977463
0.25347388596070913,0.8995492594977463
0.2535155517593383,0.8995492594977463
0.2536822149538551,0.8995492594977463
0.2537238807524843,0.8995492594977463
0.25380721234974274,0.8995492594977463
0.2538488781483719,0.8995492594977463
0.2539322097456303,0.8995492594977463
0.2539322097456303,0.9001931745009659
0.2540155413428887,0.9001931745009659
0.25405720714151786,0.9001931745009659
0.2541822045374055,0.9001931745009659
0.25426553613466385,0.9001931745009659
0.25439053353055147,0.9001931745009659
0.25443219932918065,0.9001931745009659
0.254515530926439,0.9001931745009659
0.2545571967250682,0.9001931745009659
0.2547863586175288,0.9001931745009659
0.254828024416158,0.9001931745009659
0.25530718110039374,0.9001931745009659
0.2553905126976521,0.9001931745009659
0.2556405074894273,0.9001931745009659
0.2557030061873711,0.9001931745009659
0.2557446719860003,0.9001931745009659
0.2557863377846295,0.9001931745009659
0.25607799837503387,0.9001931745009659
0.25611966417366305,0.9001931745009659
0.25630716026749445,0.9001931745009659
0.25634882606612364,0.9001931745009659
0.2564738234620112,0.9001931745009659
0.2565154892606404,0.9001931745009659
0.256848815649674,0.9001931745009659
0.2568904814483032,0.9001931745009659
0.2570988104414491,0.9001931745009659
0.25714047624007835,0.9001931745009659
0.2574113039311681,0.9001931745009659
0.2574738026291119,0.9001931745009659
0.25776546321951627,0.9001931745009659
0.25780712901814545,0.9001931745009659
0.25801545801129144,0.9001931745009659
0.25805712380992063,0.9001931745009659
0.2581612883064936,0.9001931745009659
0.2582029541051228,0.9001931745009659
0.2582654528030666,0.9001931745009659
0.2583071186016958,0.9001931745009659
0.2583904501989542,0.9001931745009659
0.2583904501989542,0.9008370895041854
0.25882794108456075,0.9008370895041854
0.2589112726818191,0.9008370895041854
0.25964042415783006,0.9008370895041854
0.25968208995645925,0.9008370895041854
0.25986958605029065,0.9008370895041854
0.25991125184891983,0.9008370895041854
0.26036957563384094,0.9008370895041854
0.2604320743317848,0.9008370895041854
0.2606195704256161,0.9008370895041854
0.26074456782150374,0.9008370895041854
0.2609112310160205,0.9008370895041854
0.26095289681464967,0.9008370895041854
0.26118205870711025,0.9008370895041854
0.26122372450573944,0.9008370895041854
0.2612653903043687,0.9008370895041854
0.26130705610299787,0.9008370895041854
0.2617445469886044,0.9008370895041854
0.2617862127872336,0.9008370895041854
0.261869544384492,0.9008370895041854
0.2619112101831212,0.9008370895041854
0.2621195391762672,0.9008370895041854
0.26216120497489637,0.9008370895041854
0.26222370367284015,0.9008370895041854
0.26226536947146933,0.9008370895041854
0.2623070352700985,0.9008370895041854
0.2623487010687277,0.9008370895041854
0.2627653590550197,0.9008370895041854
0.26286952355159265,0.9008370895041854
0.2635570092289744,0.9008370895041854
0.2636403408262328,0.9008370895041854
0.26411949751046854,0.9008370895041854
0.2641611633090977,0.9008370895041854
0.2644111581008729,0.9008370895041854
0.2644528238995021,0.9008370895041854
0.2646403199933335,0.9008370895041854
0.26470281869127726,0.9008370895041854
0.26472365159059186,0.9008370895041854
0.26476531738922104,0.9008370895041854
0.26489031478510866,0.9008370895041854
0.26493198058373785,0.9008370895041854
0.2650569779796254,0.9008370895041854
0.2650986437782546,0.9008370895041854
0.26536947146934436,0.9008370895041854
0.2654111372679736,0.9008370895041854
0.2658694610528947,0.9008370895041854
0.2659319597508385,0.9008370895041854
0.26668194412616403,0.9008370895041854
0.2667236099247932,0.9008370895041854
0.26689027311931,0.9008370895041854
0.2669319389179392,0.9008370895041854
0.2671402679110852,0.9008370895041854
0.2671819337097144,0.9008370895041854
0.2677652548905231,0.9008370895041854
0.2678069206891523,0.9008370895041854
0.2680152496822983,0.9008370895041854
0.26805691548092747,0.9008370895041854
0.26809858127955666,0.9008370895041854
0.2681610799775005,0.9008370895041854
0.2685569050644778,0.9008370895041854
0.268598570863107,0.9008370895041854
0.2686402366617362,0.9008370895041854
0.2686819024603654,0.9008370895041854
0.2687235682589946,0.9008370895041854
0.2687652340576238,0.9008370895041854
0.2688693985541968,0.9008370895041854
0.26891106435282597,0.9008370895041854
0.26893189725214056,0.9008370895041854
0.26897356305076975,0.9008370895041854
0.26920272494323033,0.9008370895041854
0.2692443907418595,0.9008370895041854
0.26934855523843254,0.9008370895041854
0.26939022103706173,0.9008370895041854
0.2694318868356909,0.9008370895041854
0.2694735526343201,0.9008370895041854
0.26955688423157853,0.9008370895041854
0.2695985500302077,0.9008370895041854
0.2696610487281515,0.9008370895041854
0.2697027145267807,0.9008370895041854
0.26993187641924127,0.9008370895041854
0.26997354221787045,0.9008370895041854
0.27003604091581423,0.9008370895041854
0.27009853961375807,0.9008370895041854
0.27014020541238726,0.9008370895041854
0.2703485344055332,0.9008370895041854
0.27039020020416243,0.9008370895041854
0.27051519760005,0.9008370895041854
0.2705568633986792,0.9008370895041854
0.2706401949959376,0.9008370895041854
0.2707026936938814,0.9008370895041854
0.2707443594925106,0.9008370895041854
0.27078602529113976,0.9008370895041854
0.27080685819045436,0.9008370895041854
0.27084852398908354,0.9008370895041854
0.27097352138497116,0.9008370895041854
0.27101518718360035,0.9008370895041854
0.27107768588154413,0.9008370895041854
0.2711193516801733,0.9008370895041854
0.2713485135726339,0.9008370895041854
0.2713901793712631,0.9008370895041854
0.2715985083644091,0.9008370895041854
0.27164017416303826,0.9008370895041854
0.27166100706235286,0.9008370895041854
0.27170267286098204,0.9008370895041854
0.2719735005520718,0.9008370895041854
0.2719943334513864,0.901481004507405
0.2725984875315098,0.901481004507405
0.27264015333013897,0.901481004507405
0.27272348492739734,0.901481004507405
0.27276515072602653,0.901481004507405
0.2730359784171163,0.901481004507405
0.2730776442157455,0.901481004507405
0.27334847190683526,0.901481004507405
0.27339013770546444,0.901481004507405
0.27370263119518345,0.901481004507405
0.27374429699381264,0.901481004507405
0.2738901272890148,0.901481004507405
0.273931793087644,0.901481004507405
0.27395262598695863,0.901481004507405
0.2739942917855878,0.901481004507405
0.27418178787941916,0.901481004507405
0.2742234536780484,0.901481004507405
0.2743067852753068,0.9021249195106246
0.27441094977187974,0.9021249195106246
0.27445261557050893,0.9021249195106246
0.27478594195954253,0.9021249195106246
0.2748276077581717,0.9021249195106246
0.27501510385200306,0.9021249195106246
0.2750567696506323,0.9021249195106246
0.2750984354492615,0.9021249195106246
0.27518176704651987,0.9021249195106246
0.2754942605362388,0.9021249195106246
0.275535926334868,0.9021249195106246
0.27601508301910377,0.9021249195106246
0.27605674881773296,0.9021249195106246
0.276160913314306,0.9021249195106246
0.27620257911293516,0.9021249195106246
0.2763275765088227,0.9021249195106246
0.2763692423074519,0.9021249195106246
0.27649423970333953,0.9021249195106246
0.2765775713005979,0.9021249195106246
0.27689006479031686,0.9021249195106246
0.27693173058894605,0.9021249195106246
0.2772025582800358,0.9021249195106246
0.277244224078665,0.9021249195106246
0.2773692214745526,0.9021249195106246
0.2774108872731818,0.9021249195106246
0.2774733859711256,0.9021249195106246
0.2775150517697548,0.9021249195106246
0.2775358846690694,0.9021249195106246
0.2775983833670132,0.9021249195106246
0.27795254265536135,0.9021249195106246
0.27799420845399053,0.9021249195106246
0.2784525322389117,0.9021249195106246
0.2784941980375409,0.9021249195106246
0.2787025270306869,0.9021249195106246
0.27874419282931606,0.9021249195106246
0.27880669152725984,0.9021249195106246
0.27884835732588903,0.9021249195106246
0.2790983521176642,0.9021249195106246
0.2791816837149226,0.9021249195106246
0.27941084560738316,0.9021249195106246
0.27945251140601235,0.9021249195106246
0.27966084039915834,0.9021249195106246
0.2797025061977875,0.9021249195106246
0.2801816628820233,0.9021249195106246
0.2802233286806525,0.9021249195106246
0.2803691589758547,0.9021249195106246
0.28041082477448387,0.9021249195106246
0.280556655069686,0.9021249195106246
0.280556655069686,0.9027688345138442
0.28059832086831527,0.9027688345138442
0.28063998666694445,0.9027688345138442
0.28084831566009044,0.9027688345138442
0.28088998145871963,0.9027688345138442
0.28136913814295533,0.9027688345138442
0.2814108039415846,0.9027688345138442
0.28153580133747214,0.9027688345138442
0.2815774671361013,0.9027688345138442
0.28172329743130353,0.9027688345138442
0.2817649632299327,0.9027688345138442
0.2818691277265057,0.9027688345138442
0.2819107935251349,0.9027688345138442
0.2819524593237641,0.9027688345138442
0.2819941251223933,0.9027688345138442
0.28230661861211226,0.9027688345138442
0.28234828441074145,0.9027688345138442
0.2824107831086852,0.9027688345138442
0.2824524489073144,0.9027688345138442
0.2828274410949772,0.9027688345138442
0.282889939792921,0.9027688345138442
0.2833274306785275,0.9027688345138442
0.2833274306785275,0.9034127495170637
0.2837649215641341,0.9034127495170637
0.28382742026207786,0.9034127495170637
0.28491073102643694,0.9034127495170637
0.2849523968250661,0.9034127495170637
0.28501489552300996,0.9034127495170637
0.2854523864086165,0.9034127495170637
0.28549405220724566,0.9034127495170637
0.28568154830107706,0.9034127495170637
0.28572321409970625,0.9034127495170637
0.28593154309285224,0.9034127495170637
0.2859732088914814,0.9034127495170637
0.285994041790796,0.9034127495170637
0.2860357075894252,0.9034127495170637
0.2860773733880544,0.9034127495170637
0.28611903918668363,0.9034127495170637
0.2863690339784588,0.9034127495170637
0.286410699777088,0.9034127495170637
0.28649403137434637,0.9034127495170637
0.28653569717297556,0.9034127495170637
0.28655653007229015,0.9034127495170637
0.28659819587091934,0.9034127495170637
0.28670236036749236,0.9034127495170637
0.28674402616612155,0.9034127495170637
0.2869106893606383,0.9034127495170637
0.28695235515926754,0.9034127495170637
0.28718151705172806,0.9034127495170637
0.2872440157496719,0.9034127495170637
0.28751484344076167,0.9034127495170637
0.28753567634007626,0.9040566645202833
0.28759817503802004,0.9040566645202833
0.28763984083664923,0.9040566645202833
0.2877231724339076,0.9040566645202833
0.2877231724339076,0.9047005795235029
0.2878273369304806,0.9047005795235029
0.2878898356284244,0.9047005795235029
0.288118997520885,0.9047005795235029
0.2881606633195142,0.9047005795235029
0.28824399491677255,0.9047005795235029
0.28828566071540174,0.9047005795235029
0.2887023187016937,0.9047005795235029
0.2887439845003229,0.9047005795235029
0.2887856502989521,0.9047005795235029
0.2888273160975813,0.9047005795235029
0.2895564675735922,0.9047005795235029
0.289618966271536,0.9047005795235029
0.2896606320701652,0.9047005795235029
0.2897022978687944,0.9047005795235029
0.29016062165371553,0.9047005795235029
0.2902022874523447,0.9047005795235029
0.29026478615028856,0.9047005795235029
0.29030645194891774,0.9047005795235029
0.2905356138413783,0.9047005795235029
0.2905772796400075,0.9047005795235029
0.2913064311160184,0.9047005795235029
0.29134809691464764,0.9047005795235029
0.2914105956125914,0.9047005795235029
0.2914939272098498,0.9047005795235029
0.291535593008479,0.9047005795235029
0.291639757505052,0.9047005795235029
0.2917022562029958,0.9047005795235029
0.2918689193975125,0.9047005795235029
0.29191058519614177,0.9047005795235029
0.2922647444844899,0.9047005795235029
0.2923480760817483,0.9047005795235029
0.29241057477969207,0.9047005795235029
0.2924522405783213,0.9047005795235029
0.2924939063769505,0.9047005795235029
0.2925355721755797,0.9047005795235029
0.29268140247078184,0.9047005795235029
0.2927230682694111,0.9047005795235029
0.29345221974542196,0.9047005795235029
0.29349388554405115,0.9047005795235029
0.29351471844336574,0.9047005795235029
0.293556384241995,0.9047005795235029
0.29363971583925336,0.9047005795235029
0.29368138163788254,0.9047005795235029
0.29384804483239935,0.9047005795235029
0.29386887773171394,0.9053444945267225
0.2941397054228037,0.9053444945267225
0.2941813712214329,0.9053444945267225
0.2944313660132081,0.9053444945267225
0.29447303181183726,0.9053444945267225
0.29453553050978104,0.9053444945267225
0.2945771963084102,0.9053444945267225
0.2950146871940168,0.9053444945267225
0.295056352992646,0.9053444945267225
0.29530634778442116,0.9053444945267225
0.29534801358305035,0.9053444945267225
0.2954313451803087,0.9053444945267225
0.2954730109789379,0.9053444945267225
0.29553550967688175,0.9053444945267225
0.29557717547551093,0.9053444945267225
0.29595216766317367,0.9053444945267225
0.29599383346180286,0.9053444945267225
0.29601466636111745,0.9053444945267225
0.2960771650590613,0.9053444945267225
0.29630632695152187,0.9053444945267225
0.29638965854878024,0.9053444945267225
0.2965354888439824,0.9053444945267225
0.2965771546426116,0.9053444945267225
0.29680631653507217,0.9053444945267225
0.296868815233016,0.9053444945267225
0.29709797712547653,0.9053444945267225
0.2971396429241058,0.9053444945267225
0.2975979667090269,0.9053444945267225
0.2975979667090269,0.9059884095299421
0.2976187996083415,0.9059884095299421
0.29766046540697066,0.9059884095299421
0.2983896168829816,0.9059884095299421
0.2984312826816108,0.9059884095299421
0.2985146142788692,0.9059884095299421
0.2985562800774984,0.9059884095299421
0.29897293806379033,0.9059884095299421
0.2990146038624195,0.9059884095299421
0.2990562696610487,0.9059884095299421
0.29909793545967794,0.9059884095299421
0.2991604341576217,0.9059884095299421
0.2992020999562509,0.9059884095299421
0.29953542634528446,0.9059884095299421
0.29957709214391365,0.9059884095299421
0.2996395908418575,0.9059884095299421
0.29968125664048667,0.9059884095299421
0.2998479198350034,0.9059884095299421
0.29991041853294725,0.9059884095299421
0.30059790421032895,0.9059884095299421
0.30066040290827273,0.9059884095299421
0.3010353950959355,0.9059884095299421
0.3010770608945647,0.9059884095299421
0.30126455698839605,0.9059884095299421
0.3013062227870253,0.9059884095299421
0.30136872148496907,0.9059884095299421
0.30143122018291285,0.9059884095299421
0.30147288598154204,0.9059884095299421
0.3015353846794858,0.9059884095299421
0.3017228807733172,0.9059884095299421
0.3017645465719464,0.9059884095299421
0.3019520426657778,0.9059884095299421
0.301993708464407,0.9059884095299421
0.30249369804795734,0.9059884095299421
0.3025353638465865,0.9059884095299421
0.30311868502739525,0.9059884095299421
0.30318118372533903,0.9059884095299421
0.3032228495239683,0.9059884095299421
0.30326451532259746,0.9059884095299421
0.30328534822191205,0.9059884095299421
0.30332701402054124,0.9059884095299421
0.30351451011437264,0.9059884095299421
0.3035561759130018,0.9059884095299421
0.3040561654965522,0.9059884095299421
0.30409783129518136,0.9059884095299421
0.30418116289243974,0.9059884095299421
0.3042228286910689,0.9059884095299421
0.3042853273890127,0.9059884095299421
0.30432699318764195,0.9059884095299421
0.30457698797941707,0.9059884095299421
0.3046186537780463,0.9059884095299421
0.3046394866773609,0.9059884095299421
0.3046811524759901,0.9059884095299421
0.3047019853753047,0.9059884095299421
0.30476448407324847,0.9059884095299421
0.30484781567050684,0.9059884095299421
0.3048894814691361,0.9059884095299421
0.305097810462282,0.9059884095299421
0.30513947626091126,0.9059884095299421
0.30520197495885504,0.9059884095299421
0.3052436407574842,0.9059884095299421
0.3053894710526864,0.9059884095299421
0.3054311368513156,0.9059884095299421
0.3054728026499448,0.9059884095299421
0.3055353013478886,0.9059884095299421
0.30601445803212435,0.9059884095299421
0.30607695673006813,0.9059884095299421
0.3062019541259557,0.9059884095299421
0.30624361992458493,0.9059884095299421
0.3062852857232141,0.9059884095299421
0.3063686173204725,0.9059884095299421
0.30643111601841627,0.9059884095299421
0.30647278181704546,0.9059884095299421
0.3067852753067644,0.9059884095299421
0.3067852753067644,0.9066323245331617
0.30680610820607906,0.9066323245331617
0.30684777400470825,0.9066323245331617
0.30691027270265203,0.9066323245331617
0.3069311056019666,0.9066323245331617
0.3069727714005958,0.9066323245331617
0.3070561029978542,0.9066323245331617
0.30709776879648343,0.9066323245331617
0.3072019332930564,0.9066323245331617
0.3072435990916856,0.9066323245331617
0.30755609258140454,0.9066323245331617
0.3075977583800337,0.9066323245331617
0.3078477531718089,0.9066323245331617
0.3078894189704381,0.9066323245331617
0.30791025186975274,0.9066323245331617
0.3079727505676965,0.9066323245331617
0.30830607695673007,0.9066323245331617
0.30834774275535926,0.9066323245331617
0.30841024145330304,0.9066323245331617
0.30853523884919065,0.9066323245331617
0.30857690464781984,0.9066323245331617
0.3087019020437074,0.9066323245331617
0.30874356784233664,0.9066323245331617
0.3088060665402804,0.9066323245331617
0.3088477323389096,0.9066323245331617
0.30913939292931397,0.9066323245331617
0.30918105872794316,0.9066323245331617
0.30924355742588694,0.9066323245331617
0.30932688902314537,0.9066323245331617
0.30938938772108915,0.9066323245331617
0.30943105351971834,0.9066323245331617
0.3094935522176621,0.9066323245331617
0.3095352180162913,0.9072762395363811
0.3097852128080665,0.9072762395363811
0.3098268786066957,0.9072762395363811
0.3098893773046395,0.9072762395363811
0.3099518760025833,0.9072762395363811
0.3101185391971001,0.9072762395363811
0.31016020499572927,0.9072762395363811
0.3103477010895606,0.9072762395363811
0.31038936688818985,0.9072762395363811
0.310535197183392,0.9072762395363811
0.3106185287806504,0.9072762395363811
0.3106601945792796,0.9072762395363811
0.3107018603779088,0.9072762395363811
0.3108268577737964,0.9072762395363811
0.31086852357242556,0.9072762395363811
0.310951855169684,0.9072762395363811
0.3109935209683132,0.9072762395363811
0.31122268286077376,0.9072762395363811
0.31130601445803213,0.9072762395363811
0.3114518447532343,0.9072762395363811
0.31149351055186353,0.9072762395363811
0.3117851711422679,0.9072762395363811
0.3118268369408971,0.9072762395363811
0.31186850273952627,0.9072762395363811
0.31191016853815545,0.9072762395363811
0.31193100143747005,0.9072762395363811
0.3120143330347284,0.9072762395363811
0.31207683173267226,0.9072762395363811
0.31216016332993063,0.9072762395363811
0.3130143122018291,0.9072762395363811
0.3130143122018291,0.9079201545396007
0.31313930959771674,0.9079201545396007
0.31318097539634593,0.9079201545396007
0.3133268056915481,0.9079201545396007
0.31336847149017727,0.9079201545396007
0.3134518030874357,0.9079201545396007
0.3134934688860649,0.9079201545396007
0.3135143017853795,0.9079201545396007
0.31355596758400867,0.9079201545396007
0.31359763338263785,0.9079201545396007
0.3136809649798962,0.9079201545396007
0.3142851190600196,0.9079201545396007
0.314368450657278,0.9079201545396007
0.31447261515385094,0.9079201545396007
0.3145351138517948,0.9079201545396007
0.31457677965042397,0.9079201545396007
0.31461844544905315,0.9079201545396007
0.31463927834836775,0.9079201545396007
0.31468094414699693,0.9079201545396007
0.3147642757442553,0.9079201545396007
0.31480594154288455,0.9079201545396007
0.31486844024082833,0.9079201545396007
0.3150767692339743,0.9079201545396007
0.3151184350326035,0.9079201545396007
0.31541009562300787,0.9079201545396007
0.31545176142163706,0.9079201545396007
0.31566009041478305,0.9079201545396007
0.31570175621341223,0.9079201545396007
0.3157434220120414,0.9079201545396007
0.3157850878106706,0.9079201545396007
0.3160350826024458,0.9079201545396007
0.31607674840107497,0.9079201545396007
0.3166392366825691,0.9079201545396007
0.3166809024811983,0.9079201545396007
0.3167225682798275,0.9079201545396007
0.3167642340784567,0.9079201545396007
0.31693089727297347,0.9079201545396007
0.31697256307160265,0.9079201545396007
0.31728505656132167,0.9079201545396007
0.31732672235995085,0.9079201545396007
0.3177017145476136,0.9079201545396007
0.3177433803462428,0.9079201545396007
0.3178475448428158,0.9079201545396007
0.317889210641445,0.9079201545396007
0.3179308764400742,0.9079201545396007
0.3179308764400742,0.9085640695428203
0.31824336992979313,0.9085640695428203
0.3182850357284223,0.9085640695428203
0.3183683673256807,0.9085640695428203
0.31841003312430993,0.9085640695428203
0.3184933647215683,0.9085640695428203
0.3185350305201975,0.9085640695428203
0.3186600279160851,0.9085640695428203
0.3187016937147143,0.9085640695428203
0.31882669111060186,0.9085640695428203
0.31886835690923104,0.9085640695428203
0.3193058477948376,0.9085640695428203
0.3193475135934668,0.9085640695428203
0.31968083998250035,0.9085640695428203
0.31972250578112954,0.9085640695428203
0.31988916897564634,0.9085640695428203
0.31993083477427553,0.9085640695428203
0.32065998625028647,0.9085640695428203
0.32070165204891565,0.9085640695428203
0.3208058165454886,0.9085640695428203
0.3208474823441178,0.9085640695428203
0.321097477135893,0.9085640695428203
0.3212224745317806,0.9085640695428203
0.32149330222287037,0.9085640695428203
0.32153496802149956,0.9085640695428203
0.32161829961875793,0.9085640695428203
0.32172246411533095,0.9085640695428203
0.3218474615112185,0.9085640695428203
0.3218682944105331,0.9085640695428203
0.3219307931084769,0.9085640695428203
0.32197245890710613,0.9085640695428203
0.3220766234036791,0.9085640695428203
0.3221182892023083,0.9085640695428203
0.32215995500093747,0.9085640695428203
0.32220162079956666,0.9085640695428203
0.3222641194975105,0.9085640695428203
0.3222849523968251,0.9085640695428203
0.3223057852961397,0.9092079845460399
0.32236828399408346,0.9092079845460399
0.32240994979271265,0.9092079845460399
0.3225141142892856,0.9092079845460399
0.32257661298722945,0.9092079845460399
0.3227432761817462,0.9092079845460399
0.3228682735776338,0.9092079845460399
0.32326409866461114,0.9092079845460399
0.32330576446324033,0.9092079845460399
0.32347242765775713,0.9092079845460399
0.3235140934563863,0.9092079845460399
0.3237015895502177,0.9092079845460399
0.3237640882481615,0.9092079845460399
0.3237849211474761,0.9092079845460399
0.32384741984541987,0.9092079845460399
0.32422241203308266,0.9092079845460399
0.32426407783171185,0.9092079845460399
0.3243682423282848,0.9092079845460399
0.324409908126914,0.9092079845460399
0.3244515739255432,0.9092079845460399
0.32449323972417243,0.9092079845460399
0.324514072623487,0.9092079845460399
0.3245557384221162,0.9092079845460399
0.32493073060977895,0.9092079845460399
0.3250140622070374,0.9092079845460399
0.32511822670361035,0.9092079845460399
0.32515989250223953,0.9092079845460399
0.32580571238099204,0.9092079845460399
0.3258473781796213,0.9092079845460399
0.32590987687756506,0.9092079845460399
0.32595154267619425,0.9092079845460399
0.3260765400720818,0.9092079845460399
0.32611820587071105,0.9092079845460399
0.3263057019645424,0.9092079845460399
0.3263473677631716,0.9092079845460399
0.32643069936043,0.9092079845460399
0.3265140309576884,0.9092079845460399
0.326534863857003,0.9092079845460399
0.32661819545426135,0.9092079845460399
0.32676402574946356,0.9092079845460399
0.32684735734672193,0.9092079845460399
0.3268681902460365,0.9092079845460399
0.3269098560446657,0.9092079845460399
0.32695152184329496,0.9092079845460399
0.32699318764192414,0.9092079845460399
0.32703485344055333,0.9092079845460399
0.3270765192391825,0.9092079845460399
0.3273473469302723,0.9092079845460399
0.3273473469302723,0.9098518995492595
0.32745151142684525,0.9098518995492595
0.3274931772254745,0.9098518995492595
0.3275556759234183,0.9098518995492595
0.3277431720172496,0.9098518995492595
0.32782650361450805,0.9098518995492595
0.3279515010103956,0.9098518995492595
0.3279515010103956,0.9104958145524791
0.3280139997083394,0.9104958145524791
0.3280973313055978,0.9104958145524791
0.328347326097373,0.9104958145524791
0.3283889918960022,0.9104958145524791
0.32865981958709195,0.9104958145524791
0.32870148538572114,0.9104958145524791
0.32945146976104667,0.9104958145524791
0.32949313555967585,0.9104958145524791
0.3295973000562488,0.9104958145524791
0.329638965854878,0.9104958145524791
0.3298681277473386,0.9104958145524791
0.3299097935459678,0.9104958145524791
0.3300972896397992,0.9104958145524791
0.33013895543842836,0.9104958145524791
0.33030561863294516,0.9104958145524791
0.33036811733088894,0.9104958145524791
0.33040978312951813,0.9104958145524791
0.3304722818274619,0.9104958145524791
0.3307222766192371,0.9104958145524791
0.3307639424178663,0.9104958145524791
0.33097227141101226,0.9104958145524791
0.33101393720964145,0.9104958145524791
0.33113893460552907,0.9104958145524791
0.33118060040415825,0.9104958145524791
0.3321597466719443,0.9104958145524791
0.3321805795712589,0.9111397295556987
0.3323472427657757,0.9111397295556987
0.3323889085644049,0.9111397295556987
0.33263890335618007,0.9111397295556987
0.33268056915480926,0.9111397295556987
0.33272223495343844,0.9111397295556987
0.3327639007520677,0.9111397295556987
0.33284723234932606,0.9111397295556987
0.33288889814795525,0.9111397295556987
0.33307639424178664,0.9111397295556987
0.33311806004041583,0.9111397295556987
0.333472219328764,0.9111397295556987
0.33351388512739316,0.9111397295556987
0.33370138122122456,0.9111397295556987
0.33374304701985374,0.9111397295556987
0.3339930418116289,0.9111397295556987
0.3340347076102581,0.9111397295556987
0.33438886689860625,0.9111397295556987
0.3344305326972355,0.9111397295556987
0.33476385908626904,0.9111397295556987
0.3348471906835274,0.9111397295556987
0.3350971854753026,0.9111397295556987
0.3351388512739318,0.9111397295556987
0.3352221828711902,0.9111397295556987
0.3352638486698194,0.9111397295556987
0.3353263473677632,0.9111397295556987
0.3353263473677632,0.9117836445589182
0.33545134476365074,0.9117836445589182
0.3354930105622799,0.9117836445589182
0.3357430053540551,0.9117836445589182
0.33578467115268434,0.9117836445589182
0.33580550405199894,0.9117836445589182
0.3358471698506281,0.9117836445589182
0.33601383304514487,0.9117836445589182
0.3360554988437741,0.9117836445589182
0.3365554884273244,0.9117836445589182
0.3365971542259536,0.9117836445589182
0.33730547280264994,0.9117836445589182
0.33734713860127913,0.9117836445589182
0.33793045978208786,0.9117836445589182
0.3379929584800317,0.9117836445589182
0.33813878877523385,0.9117836445589182
0.33818045457386303,0.9117836445589182
0.33834711776837983,0.9117836445589182
0.338388783567009,0.9117836445589182
0.3386179454594696,0.9117836445589182
0.3386179454594696,0.9124275595621378
0.3390554363450761,0.9124275595621378
0.3390554363450761,0.9130714745653574
0.33909710214370536,0.9130714745653574
0.33920126664027833,0.9130714745653574
0.3392429324389075,0.9130714745653574
0.3394512614320535,0.9130714745653574
0.3394929272306827,0.9130714745653574
0.33986791941834543,0.9130714745653574
0.3399095852169746,0.9130714745653574
0.34003458261286224,0.9130714745653574
0.3400762484114914,0.9130714745653574
0.340097081310806,0.9130714745653574
0.3401387471094352,0.9130714745653574
0.34020124580737904,0.9130714745653574
0.3402429116060082,0.9130714745653574
0.34040957480052497,0.9130714745653574
0.34045124059915416,0.9130714745653574
0.34070123539092934,0.9130714745653574
0.3407429011895586,0.9130714745653574
0.34080539988750236,0.9130714745653574
0.3412428907731089,0.9130714745653574
0.34128455657173806,0.9130714745653574
0.3413262223703673,0.9130714745653574
0.3413678881689965,0.9130714745653574
0.34151371846419865,0.9130714745653574
0.34155538426282783,0.9130714745653574
0.3415970500614571,0.9130714745653574
0.34163871586008626,0.9130714745653574
0.3418262119539176,0.9130714745653574
0.34186787775254684,0.9130714745653574
0.34190954355117603,0.9130714745653574
0.3419512093498052,0.9130714745653574
0.34359700839565843,0.9130714745653574
0.3436386741942876,0.9130714745653574
0.3436595070936022,0.9130714745653574
0.3437011728922314,0.9130714745653574
0.3453469719380846,0.9130714745653574
0.3453886377367138,0.9130714745653574
0.345430303535343,0.9130714745653574
0.345430303535343,0.9137153895685769
0.34547196933397223,0.9137153895685769
0.345534468031916,0.9137153895685769
0.3455553009312306,0.9137153895685769
0.3455969667298598,0.9137153895685769
0.3457636299243766,0.9137153895685769
0.3458052957230058,0.9137153895685769
0.3458261286223204,0.9137153895685769
0.34586779442094956,0.9137153895685769
0.34588862732026415,0.9137153895685769
0.34593029311889334,0.9137153895685769
0.34613862211203933,0.9137153895685769
0.3461802879106685,0.9137153895685769
0.3463886169038145,0.9137153895685769
0.3464302827024437,0.9137153895685769
0.34672194329284806,0.9137153895685769
0.34676360909147724,0.9137153895685769
0.34678444199079184,0.9137153895685769
0.34684694068873567,0.9137153895685769
0.3473885960709152,0.9137153895685769
0.3474302618695444,0.9137153895685769
0.3474719276681736,0.9137153895685769
0.3475135934668028,0.9137153895685769
0.34774275535926336,0.9137153895685769
0.34778442115789254,0.9137153895685769
0.3479094185537801,0.9137153895685769
0.34795108435240935,0.9137153895685769
0.3481594133455553,0.9137153895685769
0.3482010791441845,0.9137153895685769
0.3482635778421283,0.9137153895685769
0.3483260765400721,0.9137153895685769
0.34880523322430784,0.9137153895685769
0.34884689902293703,0.9137153895685769
0.3489093977208808,0.9137153895685769
0.34895106351951,0.9137153895685769
0.34947188600237494,0.9137153895685769
0.34951355180100413,0.9137153895685769
0.34961771629757715,0.9137153895685769
0.34965938209620634,0.9137153895685769
0.3497010478948355,0.9137153895685769
0.3497427136934647,0.9137153895685769
0.35111768504822816,0.9137153895685769
0.35115935084685734,0.9137153895685769
0.3514093456386325,0.9137153895685769
0.3514510114372617,0.9137153895685769
0.3515760088331493,0.9137153895685769
0.3516593404304077,0.9137153895685769
0.3517010062290369,0.9137153895685769
0.35174267202766607,0.9137153895685769
0.35176350492698066,0.9137153895685769
0.3518051707256099,0.9137153895685769
0.35203433261807043,0.9137153895685769
0.3520759984166997,0.9137153895685769
0.35215933001395805,0.9137153895685769
0.35215933001395805,0.9143593045717965
0.35222182871190183,0.9143593045717965
0.352263494510531,0.9143593045717965
0.3526593195975084,0.9143593045717965
0.3527426511947668,0.9143593045717965
0.3529301472885982,0.9143593045717965
0.35297181308722736,0.9143593045717965
0.35318014208037335,0.9143593045717965
0.35322180787900254,0.9143593045717965
0.3532634736776317,0.9143593045717965
0.3533051394762609,0.9143593045717965
0.35363846586529446,0.9143593045717965
0.35368013166392365,0.9143593045717965
0.3537634632611821,0.9143593045717965
0.35384679485844045,0.9143593045717965
0.35390929355638423,0.9143593045717965
0.3539509593550134,0.9143593045717965
0.353971792254328,0.9143593045717965
0.353971792254328,0.9150032195750161
0.35399262515364266,0.9150032195750161
0.35405512385158644,0.9150032195750161
0.3541176225495302,0.9150032195750161
0.354180121247474,0.9150032195750161
0.3543259515426762,0.9150032195750161
0.35438845024062,0.9150032195750161
0.3546176121330806,0.9150032195750161
0.35465927793170976,0.9150032195750161
0.35484677402554116,0.9150032195750161
0.35493010562279953,0.9150032195750161
0.3550759359180017,0.9150032195750161
0.3551176017166309,0.9150032195750161
0.3551384346159455,0.9150032195750161
0.3551801004145747,0.9150032195750161
0.3554092623070353,0.9150032195750161
0.3554509281056645,0.9150032195750161
0.355992583487844,0.9150032195750161
0.3560342492864732,0.9150032195750161
0.3567217349638549,0.9150032195750161
0.35676340076248414,0.9150032195750161
0.35726339034603444,0.9150032195750161
0.35736755484260746,0.9150032195750161
0.3577217141309556,0.9150032195750161
0.3577633799295848,0.9150032195750161
0.357805045728214,0.9150032195750161
0.35784671152684316,0.9150032195750161
0.35818003791587677,0.9150032195750161
0.35822170371450596,0.9150032195750161
0.3592216828816066,0.9150032195750161
0.35926334868023585,0.9150032195750161
0.3595966750692694,0.9150032195750161
0.3596383408678986,0.9150032195750161
0.35972167246515696,0.9150032195750161
0.35976333826378615,0.9150032195750161
0.35999250015624673,0.9150032195750161
0.3600341659548759,0.9150032195750161
0.3602424949480219,0.9150032195750161
0.3602841607466511,0.9150032195750161
0.3610341451219766,0.9150032195750161
0.3610758109206058,0.9150032195750161
0.3610966438199204,0.9150032195750161
0.3611383096185496,0.9150032195750161
0.3612633070144372,0.9150032195750161
0.36155496760484157,0.9150032195750161
0.36159663340347076,0.9150032195750161
0.36167996500072913,0.9150032195750161
0.3617216307993584,0.9150032195750161
0.3620966229870211,0.9150032195750161
0.3621799545842795,0.9150032195750161
0.36224245328222326,0.9150032195750161
0.3622841190808525,0.9150032195750161
0.3623049519801671,0.9150032195750161
0.3623466177787963,0.9150032195750161
0.3629924376575488,0.9150032195750161
0.363034103456178,0.9150032195750161
0.36326326534863856,0.9150032195750161
0.36332576404658234,0.9150032195750161
0.3635965917376721,0.9150032195750161
0.3636382575363013,0.9150032195750161
0.36417991291848084,0.9150032195750161
0.3642215787171101,0.9150032195750161
0.3642424116164247,0.9150032195750161
0.36428407741505386,0.9150032195750161
0.36449240640819985,0.9150032195750161
0.36449240640819985,0.9156471345782357
0.36453407220682904,0.9156471345782357
0.3646799025020312,0.9156471345782357
0.3647215683006604,0.9156471345782357
0.3648257327972334,0.9156471345782357
0.3648673985958626,0.9156471345782357
0.36513822628695236,0.9156471345782357
0.36517989208558155,0.9156471345782357
0.36522155788421073,0.9156471345782357
0.36522155788421073,0.9162910495814552
0.3653048894814691,0.9162910495814552
0.36534655528009835,0.9162910495814552
0.36540905397804213,0.9162910495814552
0.36540905397804213,0.9169349645846748
0.36624236995062603,0.9169349645846748
0.3662840357492552,0.9169349645846748
0.3663257015478844,0.9169349645846748
0.3663673673465136,0.9169349645846748
0.3665131976417158,0.9169349645846748
0.3665340305410304,0.9175788795878944
0.366554863440345,0.9175788795878944
0.3665965292389742,0.9175788795878944
0.3671173517218391,0.9175788795878944
0.3671590175204683,0.9175788795878944
0.3673881794129289,0.9175788795878944
0.3674298452115581,0.9175788795878944
0.3674506781108727,0.9175788795878944
0.36749234390950186,0.9175788795878944
0.3675340097081311,0.9175788795878944
0.3675756755067603,0.9175788795878944
0.3676173413053895,0.9175788795878944
0.36765900710401866,0.9175788795878944
0.3677840044999062,0.9175788795878944
0.36784650319785006,0.9175788795878944
0.36788816899647925,0.9175788795878944
0.36792983479510843,0.9175788795878944
0.36795066769442303,0.9175788795878944
0.3680339992916814,0.9175788795878944
0.36811733088893983,0.9175788795878944
0.368158996687569,0.9175788795878944
0.3681798295868836,0.9175788795878944
0.3682423282848274,0.9175788795878944
0.3682839940834566,0.9175788795878944
0.36832565988208577,0.9175788795878944
0.3683881585800296,0.9175788795878944
0.36849232307660257,0.9175788795878944
0.36853398887523175,0.9175788795878944
0.36855482177454635,0.9175788795878944
0.36859648757317554,0.9175788795878944
0.36915897585466967,0.9175788795878944
0.3692423074519281,0.9175788795878944
0.3692839732505573,0.9175788795878944
0.36934647194850106,0.9175788795878944
0.36938813774713025,0.9175788795878944
0.36938813774713025,0.918222794591114
0.36942980354575944,0.918222794591114
0.36951313514301787,0.918222794591114
0.36955480094164705,0.918222794591114
0.36963813253890543,0.918222794591114
0.3696797983375346,0.918222794591114
0.3700547905251974,0.918222794591114
0.3700964563238266,0.918222794591114
0.37020062082039956,0.918222794591114
0.37020062082039956,0.9188667095943336
0.3708047749005229,0.9188667095943336
0.3709506051957251,0.9188667095943336
0.3711172683902419,0.9188667095943336
0.3711381012895565,0.9195106245975532
0.37120059998750027,0.9195106245975532
0.371367263182017,0.9195106245975532
0.37140892898064626,0.9195106245975532
0.37149226057790463,0.9195106245975532
0.37149226057790463,0.9201545396007726
0.3715547592758484,0.9201545396007726
0.3715964250744776,0.9201545396007726
0.37190891856419656,0.9201545396007726
0.3719505843628258,0.9201545396007726
0.3723880752484323,0.9201545396007726
0.3724297410470615,0.9201545396007726
0.3726797358388367,0.9201545396007726
0.37272140163746587,0.9201545396007726
0.3728255661340389,0.9201545396007726
0.3728672319326681,0.9201545396007726
0.37305472802649947,0.9201545396007726
0.37309639382512866,0.9201545396007726
0.37315889252307244,0.9201545396007726
0.3732005583217016,0.9201545396007726
0.37357555050936436,0.9201545396007726
0.3736172163079936,0.9201545396007726
0.37374221370388117,0.9201545396007726
0.37382554530113954,0.9201545396007726
0.37392970979771256,0.9201545396007726
0.37397137559634175,0.9201545396007726
0.3740963729922293,0.9201545396007726
0.37415887169017314,0.9201545396007726
0.3743255348846899,0.9201545396007726
0.3743672006833191,0.9201545396007726
0.3749088560654986,0.9201545396007726
0.3749505218641278,0.9201545396007726
0.37570050623945334,0.9201545396007726
0.3757421720380825,0.9201545396007726
0.3759296681319139,0.9201545396007726
0.3759713339305431,0.9201545396007726
0.3760546655278015,0.9201545396007726
0.3761379971250599,0.9201545396007726
0.3769921459969584,0.9201545396007726
0.3770754775942168,0.9201545396007726
0.3772629736880482,0.9201545396007726
0.37730463948667736,0.9201545396007726
0.37732547238599196,0.9201545396007726
0.37738797108393574,0.9201545396007726
0.37747130268119417,0.9201545396007726
0.37751296847982335,0.9201545396007726
0.3776379658757109,0.9201545396007726
0.3776796316743401,0.9201545396007726
0.3777837961709131,0.9201545396007726
0.3778254619695423,0.9201545396007726
0.3780129580633737,0.9201545396007726
0.3780546238620029,0.9201545396007726
0.3780962896606321,0.9201545396007726
0.37813795545926127,0.9201545396007726
0.37832545155309266,0.9201545396007726
0.37836711735172185,0.9201545396007726
0.3788462740359576,0.9201545396007726
0.3788879398345868,0.9201545396007726
0.37938792941813715,0.9201545396007726
0.37942959521676634,0.9201545396007726
0.3794712610153955,0.9201545396007726
0.3795129268140247,0.9201545396007726
0.3797420887064853,0.9201545396007726
0.3798045874044291,0.9201545396007726
0.37986708610237285,0.9201545396007726
0.37990875190100204,0.9201545396007726
0.3801379137934626,0.9201545396007726
0.3801795795920918,0.9201545396007726
0.38022124539072105,0.9201545396007726
0.38026291118935024,0.9201545396007726
0.3804087414845524,0.9201545396007726
0.3804504072831816,0.9201545396007726
0.38053373888044,0.9201545396007726
0.3805754046790692,0.9201545396007726
0.3807629007729006,0.9201545396007726
0.3808045665715298,0.9201545396007726
0.3812003916585071,0.9201545396007726
0.3812420574571363,0.9201545396007726
0.38186704443657427,0.9201545396007726
0.38190871023520345,0.9201545396007726
0.382033707631091,0.9201545396007726
0.3820753734297202,0.9201545396007726
0.3823045353221808,0.9201545396007726
0.38234620112080997,0.9201545396007726
0.38238786691943916,0.9201545396007726
0.3824295327180684,0.9201545396007726
0.38276285910710195,0.9201545396007726
0.38280452490573114,0.9201545396007726
0.3829086894023041,0.9201545396007726
0.3829503552009333,0.9201545396007726
0.3833253473885961,0.9201545396007726
0.38336701318722527,0.9201545396007726
0.38338784608653986,0.9201545396007726
0.38347117768379824,0.9201545396007726
0.3845961542467865,0.9201545396007726
0.38463782004541575,0.9201545396007726
0.3847003187433595,0.9201545396007726
0.3847419845419887,0.9201545396007726
0.3848669819378763,0.9201545396007726
0.3849086477365055,0.9201545396007726
0.38515864252828064,0.9201545396007726
0.38524197412553907,0.9201545396007726
0.38551280181662884,0.9201545396007726
0.38551280181662884,0.9207984546039922
0.385762796608404,0.9207984546039922
0.3858044624070332,0.9207984546039922
0.3858461282056624,0.9207984546039922
0.38590862690360617,0.9207984546039922
0.3864919480844149,0.9207984546039922
0.3865336138830441,0.9207984546039922
0.3866794441782463,0.9207984546039922
0.38678360867481926,0.9207984546039922
0.38711693506385286,0.9207984546039922
0.38715860086248205,0.9207984546039922
0.3872835982583696,0.9207984546039922
0.3873460969563134,0.9207984546039922
0.3874294285535718,0.9207984546039922
0.387471094352201,0.9207984546039922
0.3881585800295827,0.9207984546039922
0.3881585800295827,0.9214423696072118
0.38863773671381846,0.9214423696072118
0.38867940251244765,0.9214423696072118
0.3890960604987396,0.9214423696072118
0.3891377262973688,0.9214423696072118
0.3893668881898294,0.9214423696072118
0.3894085539884586,0.9214423696072118
0.3894293868877732,0.9214423696072118
0.38947105268640236,0.9214423696072118
0.38951271848503155,0.9214423696072118
0.38951271848503155,0.9220862846104314
0.38965854878023376,0.9220862846104314
0.38970021457886295,0.9220862846104314
0.38974188037749213,0.9220862846104314
0.3897835461761213,0.9220862846104314
0.3899918751692673,0.9220862846104314
0.3900752067665257,0.9220862846104314
0.39038770025624464,0.9220862846104314
0.39038770025624464,0.922730199613651
0.39047103185350307,0.922730199613651
0.39051269765213226,0.922730199613651
0.39053353055144685,0.9233741146168706
0.3906168621487052,0.9233741146168706
0.3906585279473344,0.9233741146168706
0.39097102143705337,0.9233741146168706
0.3910751859336264,0.9233741146168706
0.3914501781212891,0.9233741146168706
0.3914710110206037,0.9240180296200902
0.3917835045103227,0.9240180296200902
0.3917835045103227,0.9246619446233098
0.39215849669798547,0.9246619446233098
0.39220016249661466,0.9246619446233098
0.39222099539592925,0.9246619446233098
0.39226266119455844,0.9246619446233098
0.3923043269931876,0.9246619446233098
0.3923459927918168,0.9246619446233098
0.3925334888856482,0.9246619446233098
0.3925751546842774,0.9246619446233098
0.3927209849794796,0.9246619446233098
0.3927209849794796,0.9253058596265293
0.3935751338513781,0.9253058596265293
0.3936167996500073,0.9253058596265293
0.39392929313972624,0.9253058596265293
0.39397095893835543,0.9253058596265293
0.3946376117164226,0.9253058596265293
0.3946792775150518,0.9253058596265293
0.3952625986958605,0.9253058596265293
0.3953042644944897,0.9253058596265293
0.39563759088352324,0.9253058596265293
0.3956792566821525,0.9253058596265293
0.39582508697735463,0.9253058596265293
0.3958667527759838,0.9253058596265293
0.39597091727255684,0.9253058596265293
0.39601258307118603,0.9253058596265293
0.396116747567759,0.9253058596265293
0.3961792462657028,0.9253058596265293
0.396220912064332,0.9253058596265293
0.3962625778629612,0.9253058596265293
0.3963667423595342,0.9253058596265293
0.39642924105747795,0.9253058596265293
0.39649173975542173,0.9253058596265293
0.396533405554051,0.9253058596265293
0.39667923584925313,0.9253058596265293
0.3967209016478823,0.9253058596265293
0.3970333951376013,0.9253058596265293
0.3970750609362305,0.9253058596265293
0.39730422282869104,0.9253058596265293
0.39730422282869104,0.9259497746297489
0.3975542176204662,0.9259497746297489
0.3975958834190954,0.9259497746297489
0.397720880814983,0.9259497746297489
0.3977625466136122,0.9259497746297489
0.39847086519030855,0.9259497746297489
0.39851253098893774,0.9259497746297489
0.3986166954855107,0.9259497746297489
0.3988041915793421,0.9259497746297489
0.3988666902772859,0.9259497746297489
0.39926251536426327,0.9259497746297489
0.39930418116289246,0.9259497746297489
0.39953334305535304,0.9259497746297489
0.3995750088539822,0.9259497746297489
0.399741672048499,0.9259497746297489
0.39980417074644276,0.9259497746297489
0.39992916814233037,0.9259497746297489
0.39997083394095956,0.9259497746297489
0.40022082873273473,0.9259497746297489
0.4002624945313639,0.9259497746297489
0.4004916564238245,0.9259497746297489
0.4005333222224537,0.9259497746297489
0.40082498281285805,0.9259497746297489
0.40086664861148724,0.9265936896329684
0.4014291368929814,0.9265936896329684
0.4014708026916106,0.9265936896329684
0.40161663298681277,0.9265936896329684
0.40165829878544196,0.9265936896329684
0.40180412908064417,0.9265936896329684
0.40188746067790254,0.9265936896329684
0.40203329097310475,0.9265936896329684
0.40207495677173394,0.9265936896329684
0.4023249515635091,0.9265936896329684
0.4023666173621383,0.9265936896329684
0.40263744505322807,0.9265936896329684
0.40267911085185726,0.9265936896329684
0.40269994375117185,0.9265936896329684
0.4028249411470594,0.9265936896329684
0.40292910564363243,0.9265936896329684
0.40292910564363243,0.927237604636188
0.4029707714422616,0.927237604636188
0.4030332701402054,0.927237604636188
0.4032415991333514,0.927237604636188
0.4032832649319806,0.927237604636188
0.40353325972375576,0.927237604636188
0.40357492552238494,0.927237604636188
0.4036374242203287,0.927237604636188
0.40367909001895796,0.9278815196394076
0.4039082519114185,0.9278815196394076
0.40394991771004773,0.9278815196394076
0.40397075060936233,0.9278815196394076
0.4040124164079915,0.9278815196394076
0.4040540822066207,0.9278815196394076
0.4040957480052499,0.9278815196394076
0.4041165809045645,0.9278815196394076
0.40415824670319367,0.9278815196394076
0.40432490989771047,0.9278815196394076
0.40432490989771047,0.9285254346426272
0.4044915730922272,0.9285254346426272
0.40453323889085646,0.9285254346426272
0.40534572196412577,0.9285254346426272
0.40538738776275496,0.9285254346426272
0.4055957167559009,0.9285254346426272
0.40563738255453013,0.9285254346426272
0.4057623799504177,0.9285254346426272
0.4058040457490469,0.9285254346426272
0.40607487344013665,0.9285254346426272
0.40611653923876584,0.9285254346426272
0.40624153663465346,0.9285254346426272
0.40628320243328264,0.9291693496458467
0.40632486823191183,0.9291693496458467
0.406366534030541,0.9291693496458467
0.4065956959230016,0.9291693496458467
0.4066373617216308,0.9291693496458467
0.40688735651340596,0.9291693496458467
0.40692902231203515,0.9291693496458467
0.40728318160038335,0.9291693496458467
0.40732484739901254,0.9291693496458467
0.4075748421907877,0.9291693496458467
0.4076373408887315,0.9291693496458467
0.40799150017707964,0.9291693496458467
0.4080539988750234,0.9291693496458467
0.4082623278681694,0.9291693496458467
0.4083039936667986,0.9291693496458467
0.40861648715651755,0.9291693496458467
0.40861648715651755,0.9298132646490663
0.40863732005583214,0.9298132646490663
0.40872065165309057,0.9298132646490663
0.4093664715318431,0.9298132646490663
0.40940813733047227,0.9298132646490663
0.4095123018270453,0.9298132646490663
0.4095331347263599,0.9304571796522859
0.4099706256119664,0.9304571796522859
0.4100122914105956,0.9304571796522859
0.41003312430991024,0.9304571796522859
0.4100747901085394,0.9304571796522859
0.410095623007854,0.9304571796522859
0.4101789546051124,0.9304571796522859
0.41024145330305617,0.9304571796522859
0.41028311910168536,0.9304571796522859
0.41042894939688757,0.9304571796522859
0.41042894939688757,0.9311010946555055
0.41047061519551675,0.9311010946555055
0.41063727839003356,0.9311010946555055
0.41069977708797734,0.9311010946555055
0.4107414428866065,0.9311010946555055
0.4107414428866065,0.9317450096587251
0.4108456073831795,0.9317450096587251
0.4109289389804379,0.9317450096587251
0.4110122705776963,0.9317450096587251
0.4110747692756401,0.9317450096587251
0.4111581008728985,0.9317450096587251
0.4111997666715277,0.9317450096587251
0.41136642986604444,0.9317450096587251
0.4114080956646737,0.9317450096587251
0.41169975625507804,0.9317450096587251
0.41174142205370723,0.9317450096587251
0.41232474323451596,0.9317450096587251
0.41236640903314514,0.9317450096587251
0.41257473802629113,0.9317450096587251
0.4126580696235495,0.9317450096587251
0.4130955605091561,0.9317450096587251
0.41313722630778527,0.9317450096587251
0.41342888689818963,0.9317450096587251
0.4134705526968188,0.9317450096587251
0.4136997145892794,0.9317450096587251
0.4136997145892794,0.9323889246619447
0.4144080331659757,0.9323889246619447
0.41444969896460493,0.9323889246619447
0.4149705214474698,0.9323889246619447
0.41501218724609906,0.9323889246619447
0.41509551884335744,0.9323889246619447
0.4151371846419866,0.9323889246619447
0.4151996833399304,0.9323889246619447
0.4152413491385596,0.9323889246619447
0.4156163413262224,0.9323889246619447
0.41565800712485157,0.9323889246619447
0.41572050582279535,0.9323889246619447
0.4158038374200537,0.9323889246619447
0.41611633090977274,0.9323889246619447
0.4161579967084019,0.9323889246619447
0.4163871586008625,0.9323889246619447
0.4164288243994917,0.9323889246619447
0.416824649486469,0.9323889246619447
0.4168663152850982,0.9323889246619447
0.4169913126809858,0.9323889246619447
0.4169913126809858,0.9330328396651641
0.417241307472761,0.9330328396651641
0.417241307472761,0.9336767546683837
0.41742880356659234,0.9336767546683837
0.41747046936522153,0.9336767546683837
0.41761629966042374,0.9336767546683837
0.4176579654590529,0.9336767546683837
0.4180537905460303,0.9336767546683837
0.4180954563446595,0.9336767546683837
0.4185746130288952,0.9336767546683837
0.41863711172683904,0.9336767546683837
0.41863711172683904,0.9343206696716033
0.4191371013103894,0.9343206696716033
0.4191371013103894,0.9349645846748229
0.41940792900147916,0.9349645846748229
0.41947042769942294,0.9349645846748229
0.4195329263973667,0.9349645846748229
0.4195954250953105,0.9349645846748229
0.4200120830816025,0.9349645846748229
0.42005374888023167,0.9349645846748229
0.42028291077269225,0.9349645846748229
0.42028291077269225,0.9356084996780425
0.42034540947063603,0.9356084996780425
0.4203870752692652,0.9356084996780425
0.4204287410678944,0.9356084996780425
0.4204704068665236,0.9356084996780425
0.4208245661548718,0.9356084996780425
0.420866231953501,0.9356084996780425
0.4208870648528156,0.9356084996780425
0.42097039645007395,0.9356084996780425
0.42101206224870313,0.9356084996780425
0.4210537280473323,0.9356084996780425
0.4212412241411637,0.9356084996780425
0.4212828899397929,0.9356084996780425
0.42194954271786006,0.9356084996780425
0.42203287431511843,0.9356084996780425
0.422157871711006,0.9356084996780425
0.42219953750963524,0.9356084996780425
0.42261619549592716,0.9356084996780425
0.42265786129455635,0.9356084996780425
0.42280369158975856,0.9356084996780425
0.42284535738838774,0.9356084996780425
0.42286619028770234,0.9356084996780425
0.4229078560863315,0.9356084996780425
0.4229703547842753,0.9356084996780425
0.42305368638153373,0.9356084996780425
0.4231786837774213,0.9356084996780425
0.4232203495760505,0.9356084996780425
0.4233245140726235,0.9356084996780425
0.4233870127705673,0.9356084996780425
0.42351201016645484,0.9356084996780425
0.4235536759650841,0.9356084996780425
0.4235953417637133,0.9356084996780425
0.42363700756234246,0.9356084996780425
0.42369950626028624,0.9356084996780425
0.4237411720589154,0.9356084996780425
0.423970333951376,0.9356084996780425
0.4240119997500052,0.9356084996780425
0.4241369971458928,0.9356084996780425
0.424178662944522,0.9356084996780425
0.4245953209308139,0.9356084996780425
0.42472031832670154,0.9356084996780425
0.4250119789171059,0.9356084996780425
0.4250536447157351,0.9356084996780425
0.42511614341367887,0.9356084996780425
0.42515780921230806,0.9356084996780425
0.42519947501093724,0.9356084996780425
0.4256161329972292,0.9356084996780425
0.4256577987958584,0.9356084996780425
0.4260327909835212,0.9356084996780425
0.4260744567821504,0.9356084996780425
0.42622028707735254,0.9356084996780425
0.42626195287598173,0.9356084996780425
0.4266577779629591,0.9356084996780425
0.4267202766609029,0.9356084996780425
0.4267411095602175,0.9356084996780425
0.4267827753588467,0.9356084996780425
0.4268869398554197,0.9356084996780425
0.4269286056540489,0.9356084996780425
0.42724109914376784,0.9356084996780425
0.4273035978417116,0.9356084996780425
0.4275744255328014,0.9356084996780425
0.4276160913314306,0.9356084996780425
0.4277619216266328,0.9356084996780425
0.427803587425262,0.9356084996780425
0.42803274931772256,0.9356084996780425
0.42811608091498093,0.9356084996780425
0.42890773108893565,0.9356084996780425
0.42894939688756484,0.9356084996780425
0.4290118955855086,0.9356084996780425
0.4290535613841378,0.9356084996780425
0.42913689298139623,0.9356084996780425
0.4291785587800254,0.9356084996780425
0.429407720672486,0.9356084996780425
0.4294702193704298,0.9356084996780425
0.4298452115580925,0.9356084996780425
0.4298868773567217,0.9356084996780425
0.42990771025603636,0.9356084996780425
0.42997020895398014,0.9356084996780425
0.4301368721484969,0.9356084996780425
0.4301785379471261,0.9356084996780425
0.4302202037457553,0.9356084996780425
0.4302827024436991,0.9356084996780425
0.4303243682423283,0.9356084996780425
0.43065769463136183,0.9356084996780425
0.430699360429991,0.9356084996780425
0.43084519072519323,0.9356084996780425
0.430907689423137,0.9356084996780425
0.43101185391971003,0.9356084996780425
0.4310535197183392,0.9356084996780425
0.43138684610737277,0.9356084996780425
0.43147017770463114,0.9356084996780425
0.4319285014895523,0.9356084996780425
0.4319701672881815,0.9356084996780425
0.4320326659861253,0.9356084996780425
0.43207433178475446,0.9356084996780425
0.43226182787858586,0.9356084996780425
0.43234515947584423,0.9356084996780425
0.43242849107310266,0.9356084996780425
0.43247015687173185,0.9356084996780425
0.4328659819587092,0.9356084996780425
0.43290764775733837,0.9356084996780425
0.4335951334347201,0.9356084996780425
0.4336367992333493,0.9356084996780425
0.4337826295285515,0.9356084996780425
0.4338242953271807,0.9356084996780425
0.43399095852169745,0.9356084996780425
0.4340326243203267,0.9356084996780425
0.4343034520114164,0.9356084996780425
0.43438678360867483,0.9356084996780425
0.43499093768879815,0.9356084996780425
0.43503260348742734,0.9356084996780425
0.4353450969771463,0.9356084996780425
0.4354075956750901,0.9356084996780425
0.4354909272723485,0.9356084996780425
0.4355325930709777,0.9356084996780425
0.4357617549634383,0.9356084996780425
0.43580342076206746,0.9356084996780425
0.43599091685589886,0.9356084996780425
0.43603258265452804,0.9356084996780425
0.436553405137393,0.9356084996780425
0.4365950709360222,0.9356084996780425
0.4376158830024374,0.9356084996780425
0.43767838170038126,0.9356084996780425
0.4379700422907856,0.9356084996780425
0.4380117080894148,0.9356084996780425
0.4380950396866732,0.9356084996780425
0.43813670548530237,0.9356084996780425
0.4382408699818754,0.9356084996780425
0.4382408699818754,0.9362524146812621
0.43836586737776295,0.9362524146812621
0.43840753317639214,0.9362524146812621
0.4388866898606279,0.9362524146812621
0.4389283556592571,0.9362524146812621
0.4391158517530885,0.9362524146812621
0.43922001624966145,0.9362524146812621
0.4401366638195038,0.9362524146812621
0.44019916251744756,0.9362524146812621
0.44040749151059355,0.9362524146812621
0.44044915730922274,0.9362524146812621
0.44086581529551466,0.9362524146812621
0.44092831399345844,0.9362524146812621
0.4409491468927731,0.9362524146812621
0.44105331138934606,0.9362524146812621
0.44132413908043583,0.9362524146812621
0.441365804879065,0.9362524146812621
0.4414283035770088,0.9362524146812621
0.44190746026124456,0.9362524146812621
0.44190746026124456,0.9368963296844817
0.44196995895918834,0.9368963296844817
0.4420116247578175,0.9368963296844817
0.44232411824753654,0.9368963296844817
0.4423657840461657,0.9368963296844817
0.4423866169454803,0.9368963296844817
0.4424282827441095,0.9368963296844817
0.44280327493177224,0.9368963296844817
0.44288660652903067,0.9368963296844817
0.4433240974146372,0.9368963296844817
0.4433657632132664,0.9368963296844817
0.44459490427282766,0.9368963296844817
0.44467823587008604,0.9368963296844817
0.4449282306618612,0.9368963296844817
0.4449698964604904,0.9368963296844817
0.445094893856378,0.9368963296844817
0.4451365596550072,0.9368963296844817
0.4452198912522656,0.9368963296844817
0.44526155705089476,0.9368963296844817
0.44530322284952395,0.9368963296844817
0.44534488864815314,0.9368963296844817
0.4455532176412991,0.9368963296844817
0.4455948834399283,0.9368963296844817
0.4458448782317035,0.9368963296844817
0.4459282098289619,0.9368963296844817
0.4459907085269057,0.9368963296844817
0.4460323743255349,0.9368963296844817
0.4460532072248495,0.9368963296844817
0.44609487302347867,0.9375402446877013
0.44611570592279326,0.9375402446877013
0.4461782046207371,0.9375402446877013
0.4462198704193663,0.9375402446877013
0.4467823587008604,0.9375402446877013
0.4468240244994896,0.9375402446877013
0.44732401408303996,0.9375402446877013
0.44736567988166914,0.9375402446877013
0.44782400366659025,0.9375402446877013
0.4478865023645341,0.9375402446877013
0.44799066686110706,0.9375402446877013
0.44803233265973624,0.9375402446877013
0.4482823274515114,0.9375402446877013
0.4483239932501406,0.9375402446877013
0.4494489698131289,0.9375402446877013
0.4494906356117581,0.9375402446877013
0.4495948001083311,0.9375402446877013
0.44963646590696027,0.9375402446877013
0.45005312389325225,0.9375402446877013
0.45009478969188144,0.9375402446877013
0.45049061477885877,0.9375402446877013
0.45053228057748795,0.9375402446877013
0.4505947792754318,0.9375402446877013
0.45067811087269016,0.9375402446877013
0.4509906043624091,0.9375402446877013
0.4510322701610383,0.9375402446877013
0.4510947688589821,0.9375402446877013
0.4511572675569259,0.9375402446877013
0.4511989333555551,0.9375402446877013
0.4512197662548697,0.9375402446877013
0.4512614320534989,0.9375402446877013
0.45136559655007186,0.9375402446877013
0.4514489281473303,0.9375402446877013
0.45155309264390325,0.9375402446877013
0.45159475844253244,0.9375402446877013
0.452032249328139,0.9375402446877013
0.4520739151267682,0.9375402446877013
0.4520947480260828,0.9375402446877013
0.452136413824712,0.9375402446877013
0.4524905731130601,0.9375402446877013
0.4524905731130601,0.9381841596909208
0.45261557050894774,0.9381841596909208
0.4526989021062061,0.9381841596909208
0.4527822337034645,0.9381841596909208
0.45282389950209373,0.9381841596909208
0.45328222328701484,0.9381841596909208
0.453323889085644,0.9381841596909208
0.45336555488427327,0.9381841596909208
0.45344888648153164,0.9381841596909208
0.4535113851794754,0.9381841596909208
0.4535530509781046,0.9381841596909208
0.4536155496760484,0.9381841596909208
0.45365721547467763,0.9381841596909208
0.45403220766234037,0.9381841596909208
0.45409470636028415,0.9381841596909208
0.45415720505822793,0.9381841596909208
0.4541988708568572,0.9381841596909208
0.4541988708568572,0.9394719896973599
0.45430303535343014,0.9394719896973599
0.4543447011520593,0.9394719896973599
0.4546155288431491,0.9394719896973599
0.4546780275410929,0.9394719896973599
0.4547405262390367,0.9394719896973599
0.4547821920376659,0.9394719896973599
0.4550321868294411,0.9394719896973599
0.45507385262807026,0.9394719896973599
0.4552821816212162,0.9394719896973599
0.45532384741984544,0.9394719896973599
0.4553863461177892,0.9394719896973599
0.4554280119164184,0.9394719896973599
0.4554696777150476,0.9394719896973599
0.4555113435136768,0.9394719896973599
0.4555738422116206,0.9394719896973599
0.4556363409095644,0.9394719896973599
0.45592800149996876,0.9394719896973599
0.45596966729859795,0.9394719896973599
0.4562404949896877,0.9394719896973599
0.4562821607883169,0.9394719896973599
0.457261307056103,0.9394719896973599
0.4572821399554176,0.9401159047005795
0.4581362888273161,0.9401159047005795
0.4581987875252599,0.9401159047005795
0.4582404533238891,0.9401159047005795
0.45828211912251826,0.9401159047005795
0.4590112705985292,0.9401159047005795
0.45909460219578757,0.9401159047005795
0.4594279285848212,0.9401159047005795
0.45946959438345036,0.9401159047005795
0.4598029207724839,0.9401159047005795
0.4598445865711131,0.9401159047005795
0.4598862523697423,0.9401159047005795
0.4599279181683715,0.9401159047005795
0.4599904168663153,0.9401159047005795
0.4600320826649445,0.9401159047005795
0.46024041165809043,0.9401159047005795
0.46032374325534886,0.9401159047005795
0.4604487406512364,0.9401159047005795
0.4604904064498656,0.9401159047005795
0.46057373804712404,0.9401159047005795
0.4606154038457532,0.9401159047005795
0.460886231536843,0.9401159047005795
0.4609278973354722,0.9401159047005795
0.4616153830128539,0.9401159047005795
0.4616570488114831,0.9401159047005795
0.46221953709297725,0.9401159047005795
0.46226120289160644,0.9401159047005795
0.4625736963813254,0.9401159047005795
0.4626361950792692,0.9401159047005795
0.46265702797858377,0.9401159047005795
0.46269869377721295,0.9401159047005795
0.4627611924751568,0.9401159047005795
0.462802858273786,0.9401159047005795
0.46311535176350493,0.9401159047005795
0.4631570175621341,0.9401159047005795
0.4632403491593925,0.9401159047005795
0.46330284785733633,0.9401159047005795
0.4635736755484261,0.9401159047005795
0.4636153413470553,0.9401159047005795
0.4636570071456845,0.9401159047005795
0.46371950584362825,0.9401159047005795
0.46376117164225744,0.9401159047005795
0.46413616382992023,0.9401159047005795
0.4641778296285494,0.9401159047005795
0.46469865211141437,0.9401159047005795
0.46476115080935815,0.9401159047005795
0.46482364950730193,0.9401159047005795
0.4648653153059311,0.9401159047005795
0.46517780879565007,0.9401159047005795
0.46521947459427926,0.9401159047005795
0.4652611403929085,0.9401159047005795
0.4653028061915377,0.9401159047005795
0.46536530488948147,0.9401159047005795
0.46540697068811065,0.9401159047005795
0.46542780358742525,0.9401159047005795
0.46546946938605444,0.9401159047005795
0.4657194641778296,0.9401159047005795
0.4657611299764588,0.9401159047005795
0.46638611695589677,0.9401159047005795
0.46644861565384055,0.9401159047005795
0.46651111435178433,0.9401159047005795
0.4665527801504135,0.9401159047005795
0.4665736130497281,0.9401159047005795
0.46661527884835735,0.9401159047005795
0.46726109872710986,0.9401159047005795
0.4673652632236828,0.9401159047005795
0.4675735922168288,0.9401159047005795
0.467615258015458,0.9401159047005795
0.4680110831024354,0.9401159047005795
0.4680110831024354,0.9407598197037991
0.46817774629695214,0.9407598197037991
0.4682194120955813,0.9407598197037991
0.46836524239078353,0.9407598197037991
0.4684485739880419,0.9407598197037991
0.4686360700818733,0.9407598197037991
0.4686777358805025,0.9407598197037991
0.46899022937022145,0.9407598197037991
0.46899022937022145,0.9414037347070187
0.4690527280681652,0.9414037347070187
0.46909439386679447,0.9414037347070187
0.46911522676610906,0.9420476497102382
0.46913605966542365,0.9420476497102382
0.46917772546405284,0.9420476497102382
0.469323555759255,0.9420476497102382
0.46936522155788424,0.9420476497102382
0.4695110518530864,0.9420476497102382
0.4695527176517156,0.9420476497102382
0.4696777150476032,0.9420476497102382
0.469740213745547,0.9420476497102382
0.4700735401345805,0.9420476497102382
0.4701360388325243,0.9420476497102382
0.4703652007249849,0.9420476497102382
0.4703652007249849,0.9426915647134578
0.47042769942292867,0.9426915647134578
0.4704901981208725,0.9426915647134578
0.4705735297181309,0.9426915647134578
0.47065686131538925,0.9426915647134578
0.4713651798920856,0.9426915647134578
0.4714068456907148,0.9426915647134578
0.47192766817357973,0.9426915647134578
0.4719693339722089,0.9426915647134578
0.4721984958646695,0.9426915647134578
0.47228182746192787,0.9426915647134578
0.47269848544821985,0.9426915647134578
0.4728026499447928,0.9426915647134578
0.47338597112560155,0.9426915647134578
0.47342763692423073,0.9426915647134578
0.4738234620112081,0.9426915647134578
0.4738234620112081,0.9433354797166774
0.4739692923064103,0.9433354797166774
0.47401095810503946,0.9433354797166774
0.47415678840024167,0.9433354797166774
0.47419845419887086,0.9433354797166774
0.47428178579612923,0.9433354797166774
0.4743234515947584,0.9433354797166774
0.4746776108831066,0.9433354797166774
0.4746776108831066,0.943979394719897
0.474760942480365,0.943979394719897
0.4748026082789942,0.943979394719897
0.47484427407762336,0.943979394719897
0.4748859398762526,0.943979394719897
0.47521926626528616,0.943979394719897
0.47526093206391534,0.943979394719897
0.4754900939563759,0.943979394719897
0.4755525926543197,0.943979394719897
0.4756567571508927,0.943979394719897
0.47569842294952186,0.943979394719897
0.47601091643924087,0.943979394719897
0.47605258223787006,0.943979394719897
0.4774483864919481,0.943979394719897
0.4774900522905773,0.943979394719897
0.47759421678715025,0.943979394719897
0.47763588258577944,0.943979394719897
0.4780525405720714,0.943979394719897
0.4780942063707006,0.943979394719897
0.479990000208329,0.943979394719897
0.4800316660069582,0.943979394719897
0.4805524884898231,0.943979394719897
0.4805941542884523,0.943979394719897
0.48071915168433993,0.943979394719897
0.4807608174829691,0.943979394719897
0.4808858148788567,0.943979394719897
0.48092748067748586,0.943979394719897
0.4810108122747443,0.943979394719897
0.4810524780733735,0.943979394719897
0.48109414387200267,0.943979394719897
0.48113580967063185,0.943979394719897
0.4812191412678902,0.943979394719897
0.48126080706651947,0.943979394719897
0.48130247286514866,0.943979394719897
0.48134413866377784,0.943979394719897
0.48151080185829465,0.943979394719897
0.48151080185829465,0.9446233097231166
0.4816774650528114,0.9446233097231166
0.4817191308514406,0.9446233097231166
0.48205245724047413,0.9446233097231166
0.48211495593841797,0.9446233097231166
0.4824899481260807,0.9446233097231166
0.48259411262265367,0.9446233097231166
0.4829274390116873,0.9446233097231166
0.48296910481031646,0.9446233097231166
0.4831149351055186,0.9446233097231166
0.4831566009041478,0.9446233097231166
0.4833232640986646,0.9446233097231166
0.4833649298972938,0.9446233097231166
0.4834690943938668,0.9446233097231166
0.483510760192496,0.9446233097231166
0.4839690839774171,0.9446233097231166
0.48401074977604636,0.9446233097231166
0.4843024103664507,0.9446233097231166
0.4843857419637091,0.9446233097231166
0.48453157225891125,0.9446233097231166
0.4846149038561697,0.9446233097231166
0.4851565592383492,0.9446233097231166
0.4851982250369784,0.9446233097231166
0.48615653840544987,0.9446233097231166
0.4862190371033937,0.9446233097231166
0.4862815358013375,0.9446233097231166
0.48632320159996667,0.9446233097231166
0.48659402929105644,0.9446233097231166
0.4866356950896856,0.9446233097231166
0.4866565279890002,0.9446233097231166
0.4866981937876294,0.9446233097231166
0.4869065227807754,0.9446233097231166
0.4869481885794046,0.9446233097231166
0.487031520176663,0.9446233097231166
0.4870731859752922,0.9446233097231166
0.48723984916980895,0.9446233097231166
0.48728151496843813,0.9446233097231166
0.4875315097602133,0.9446233097231166
0.4875731755588425,0.9446233097231166
0.4877398387533593,0.9446233097231166
0.4877815045519885,0.9446233097231166
0.48828149413553884,0.9446233097231166
0.488323159934168,0.9446233097231166
0.4883439928334826,0.9446233097231166
0.4883856586321118,0.9446233097231166
0.48842732443074105,0.9446233097231166
0.48846899022937024,0.9446233097231166
0.4886564863232016,0.9446233097231166
0.4886981521218308,0.9446233097231166
0.4888023166184038,0.9446233097231166
0.488843982417033,0.9446233097231166
0.4891773088060665,0.9446233097231166
0.4892189746046957,0.9446233097231166
0.4902189537717964,0.9446233097231166
0.4903022853690548,0.9446233097231166
0.4903231182683694,0.9446233097231166
0.4903647840669986,0.9446233097231166
0.4905314472615154,0.9446233097231166
0.49057311306014456,0.9446233097231166
0.49084394075123433,0.9446233097231166
0.4908856065498635,0.9446233097231166
0.49119810003958253,0.9446233097231166
0.4912397658382117,0.9446233097231166
0.4913022645361555,0.9446233097231166
0.4913439303347847,0.9446233097231166
0.4913439303347847,0.9452672247263362
0.4914897606299869,0.9452672247263362
0.4915314264286161,0.9452672247263362
0.49163559092518905,0.9452672247263362
0.49167725672381823,0.9452672247263362
0.4919064186162788,0.9452672247263362
0.491948084414908,0.9452672247263362
0.492052248911481,0.9452672247263362
0.4920939147101102,0.9452672247263362
0.492156413408054,0.9452672247263362
0.4921980792066832,0.9452672247263362
0.4922814108039416,0.9452672247263362
0.4923647424012,0.9452672247263362
0.49240640819982917,0.9452672247263362
0.49242724109914376,0.9452672247263362
0.49246890689777295,0.9452672247263362
0.4928230661861211,0.9452672247263362
0.49286473198475034,0.9452672247263362
0.49330222287035685,0.9452672247263362
0.49334388866898604,0.9452672247263362
0.493760546655278,0.9452672247263362
0.4938230453532218,0.9452672247263362
0.493968875648424,0.9452672247263362
0.4940522072456824,0.9452672247263362
0.49413553884294076,0.9452672247263362
0.49417720464156994,0.9452672247263362
0.4942188704401992,0.9452672247263362
0.4942605362388284,0.9452672247263362
0.49434386783608675,0.9452672247263362
0.49438553363471593,0.9452672247263362
0.4948438574196371,0.9452672247263362
0.4949271890168955,0.9452672247263362
0.4957605049894794,0.9452672247263362
0.49580217078810856,0.9452672247263362
0.49582300368742316,0.9452672247263362
0.4958646694860524,0.9452672247263362
0.4959063352846816,0.9452672247263362
0.4959480010833108,0.9452672247263362
0.4963854919689173,0.9452672247263362
0.49642715776754653,0.9452672247263362
0.4967813170558947,0.9452672247263362
0.49682298285452386,0.9452672247263362
0.4971354763442428,0.9452672247263362
0.4971979750421866,0.9452672247263362
0.4972188079415012,0.9452672247263362
0.49726047374013044,0.9452672247263362
0.49728130663944503,0.9452672247263362
0.4973646382367034,0.9452672247263362
0.49751046853190556,0.9452672247263362
0.4975521343305348,0.9452672247263362
0.4980104581154559,0.9452672247263362
0.4980521239140851,0.9452672247263362
0.49813545551134353,0.9452672247263362
0.4981771213099727,0.9452672247263362
0.4986354450948939,0.9452672247263362
0.49869794379283766,0.9452672247263362
0.4991771004770734,0.9452672247263362
0.4992395991750172,0.9452672247263362
0.49955209266473616,0.9452672247263362
0.49959375846336534,0.9452672247263362
0.49973958875856755,0.9452672247263362
0.49978125455719674,0.9452672247263362
0.5006145705297806,0.9452672247263362
0.5006562363284098,0.9452672247263362
0.500697902127039,0.9452672247263362
0.5007395679256682,0.9452672247263362
0.500802066623612,0.9452672247263362
0.5008437324222412,0.9452672247263362
0.5011978917105894,0.9452672247263362
0.5011978917105894,0.9459111397295557
0.5013437220057916,0.9459111397295557
0.5013853878044208,0.9459111397295557
0.5019687089852295,0.9459111397295557
0.5020103747838587,0.9459111397295557
0.5020728734818025,0.9459111397295557
0.5021145392804317,0.9459111397295557
0.5021978708776901,0.9459111397295557
0.5022395366763193,0.9459111397295557
0.502927022353701,0.9459111397295557
0.5030103539509594,0.9459111397295557
0.50323951584342,0.9459111397295557
0.5032811816420492,0.9459111397295557
0.5036353409303973,0.9459111397295557
0.5036770067290265,0.9459111397295557
0.5040936647153185,0.9459111397295557
0.5041353305139477,0.9459111397295557
0.5042394950105206,0.9459111397295557
0.5042811608091499,0.9459111397295557
0.5043436595070936,0.9459111397295557
0.5043853253057228,0.9459111397295557
0.5049894793858462,0.9459111397295557
0.5050519780837899,0.9459111397295557
0.5053436386741943,0.9459111397295557
0.5053853044728235,0.9459111397295557
0.5059894585529469,0.9459111397295557
0.5060519572508906,0.9459111397295557
0.5061769546467781,0.9459111397295557
0.5062186204454074,0.9459111397295557
0.506239453344722,0.9459111397295557
0.5062811191433512,0.9459111397295557
0.5064686152371826,0.9459111397295557
0.5065102810358117,0.9459111397295557
0.5066144455323848,0.9459111397295557
0.5066769442303285,0.9459111397295557
0.5066977771296431,0.9459111397295557
0.5067394429282723,0.9459111397295557
0.5071769338138788,0.9459111397295557
0.507218599612508,0.9459111397295557
0.5086144038665861,0.9459111397295557
0.5086352367659007,0.9465550547327752
0.5087602341617883,0.9465550547327752
0.5088018999604175,0.9465550547327752
0.5090518947521927,0.9465550547327752
0.5090935605508219,0.9465550547327752
0.5095310514364284,0.9465550547327752
0.5095727172350576,0.9465550547327752
0.5103852003083269,0.9465550547327752
0.5104268661069561,0.9465550547327752
0.5105518635028437,0.9465550547327752
0.5105935293014728,0.9465550547327752
0.5106560279994167,0.9465550547327752
0.5106976937980459,0.9465550547327752
0.5110935188850232,0.9465550547327752
0.5111351846836524,0.9465550547327752
0.5116976729651466,0.9465550547327752
0.5117601716630904,0.9465550547327752
0.511885169058978,0.9465550547327752
0.5119685006562363,0.9465550547327752
0.5120934980521239,0.9465550547327752
0.5121351638507531,0.9465550547327752
0.5125101560384159,0.9465550547327752
0.5125518218370451,0.9465550547327752
0.5127184850315618,0.9465550547327752
0.5127809837295056,0.9465550547327752
0.5128851482260787,0.9465550547327752
0.5129268140247079,0.9465550547327752
0.5130101456219662,0.9465550547327752
0.5130518114205954,0.9465550547327752
0.51307264431991,0.9465550547327752
0.5131143101185393,0.9465550547327752
0.5132184746151122,0.9465550547327752
0.5132601404137414,0.9465550547327752
0.5141976208828982,0.9465550547327752
0.5142601195808421,0.9465550547327752
0.5154475948417742,0.9465550547327752
0.5154892606404033,0.9465550547327752
0.5156767567342347,0.9465550547327752
0.5157600883314931,0.9465550547327752
0.5158225870294368,0.9465550547327752
0.515864252828066,0.9465550547327752
0.5159059186266953,0.9465550547327752
0.5159475844253245,0.9465550547327752
0.516489239807504,0.9465550547327752
0.5165309056061332,0.9465550547327752
0.5170308951896836,0.9465550547327752
0.5170725609883128,0.9465550547327752
0.5171558925855712,0.9465550547327752
0.5172600570821442,0.9465550547327752
0.5173225557800879,0.9465550547327752
0.5173850544780317,0.9465550547327752
0.5174267202766609,0.9465550547327752
0.5174683860752901,0.9465550547327752
0.517530884773234,0.9465550547327752
0.5177600466656944,0.9465550547327752
0.5178017124643236,0.9465550547327752
0.5178433782629529,0.9465550547327752
0.5179267098602113,0.9465550547327752
0.5180517072560988,0.9465550547327752
0.518093373054728,0.9465550547327752
0.5181767046519864,0.9465550547327752
0.5182183704506156,0.9465550547327752
0.5186558613362222,0.9465550547327752
0.5186975271348514,0.9465550547327752
0.5194891773088061,0.9465550547327752
0.5195308431074352,0.9465550547327752
0.5199266681944126,0.9465550547327752
0.5199683339930418,0.9465550547327752
0.5200308326909856,0.9465550547327752
0.5200724984896148,0.9465550547327752
0.5200933313889294,0.9465550547327752
0.5201349971875586,0.9465550547327752
0.5203849919793337,0.9465550547327752
0.5204266577779629,0.9465550547327752
0.521614133038895,0.9465550547327752
0.5216766317368389,0.9465550547327752
0.5219891252265578,0.9465550547327752
0.5220516239245016,0.9465550547327752
0.5221141226224454,0.9465550547327752
0.5221141226224454,0.9471989697359948
0.522239120018333,0.9471989697359948
0.5222807858169621,0.9471989697359948
0.5226974438032541,0.9471989697359948
0.5227391096018833,0.9471989697359948
0.5229266056957147,0.9471989697359948
0.5229682714943439,0.9471989697359948
0.5233432636820067,0.9471989697359948
0.5234682610778942,0.9471989697359948
0.5241765796545905,0.9471989697359948
0.5242182454532197,0.9471989697359948
0.5243015770504781,0.9471989697359948
0.5243432428491073,0.9471989697359948
0.5245099060436241,0.9471989697359948
0.5245515718422533,0.9471989697359948
0.5246349034395117,0.9471989697359948
0.5246765692381409,0.9471989697359948
0.5248015666340284,0.9471989697359948
0.5248432324326576,0.9471989697359948
0.5252807233182643,0.9471989697359948
0.5253223891168934,0.9471989697359948
0.5254057207141518,0.9471989697359948
0.5254057207141518,0.9478428847392144
0.525551551009354,0.9478428847392144
0.5255932168079832,0.9478428847392144
0.5258432115997583,0.9478428847392144
0.5258848773983875,0.9478428847392144
0.5259057102977022,0.9478428847392144
0.5259473760963314,0.9478428847392144
0.5262390366867357,0.9478428847392144
0.5262807024853648,0.9478428847392144
0.527051519760005,0.9478428847392144
0.5270723526593196,0.948486799742434
0.5274265119476678,0.948486799742434
0.527468177746297,0.948486799742434
0.5275306764442408,0.948486799742434
0.52757234224287,0.948486799742434
0.5279890002291618,0.948486799742434
0.5280306660277911,0.948486799742434
0.5293639715839253,0.948486799742434
0.5294056373825545,0.948486799742434
0.5306556113414304,0.948486799742434
0.5306972771400595,0.948486799742434
0.5308014416366326,0.948486799742434
0.5308431074352618,0.948486799742434
0.5311764338242954,0.948486799742434
0.5312597654215537,0.948486799742434
0.5313847628174413,0.948486799742434
0.5314264286160705,0.948486799742434
0.5315305931126435,0.948486799742434
0.5315722589112727,0.948486799742434
0.5322597445886544,0.948486799742434
0.5323014103872836,0.948486799742434
0.5329263973667215,0.948486799742434
0.5329680631653507,0.948486799742434
0.5335930501447886,0.948486799742434
0.5336347159434178,0.948486799742434
0.5344471990166871,0.948486799742434
0.5344888648153163,0.948486799742434
0.534509697714631,0.948486799742434
0.5345513635132602,0.948486799742434
0.5346763609091477,0.948486799742434
0.5347180267077769,0.948486799742434
0.5347388596070916,0.948486799742434
0.5347805254057207,0.948486799742434
0.5352805149892711,0.948486799742434
0.5353221807879003,0.948486799742434
0.5354263452844732,0.948486799742434
0.5354680110831025,0.948486799742434
0.5356346742776192,0.948486799742434
0.5356763400762484,0.948486799742434
0.5361346638611696,0.948486799742434
0.5361763296597988,0.948486799742434
0.5363013270556863,0.948486799742434
0.5363429928543155,0.948486799742434
0.5364263244515739,0.948486799742434
0.5364679902502031,0.948486799742434
0.5366763192433491,0.948486799742434
0.5367388179412929,0.948486799742434
0.5369054811358097,0.948486799742434
0.5369471469344389,0.948486799742434
0.5371763088268995,0.948486799742434
0.5372179746255287,0.948486799742434
0.5374263036186746,0.948486799742434
0.5374679694173038,0.948486799742434
0.5378221287056519,0.948486799742434
0.5379054603029103,0.948486799742434
0.5380096247994833,0.948486799742434
0.5380096247994833,0.9491307147456536
0.5384471156850898,0.9491307147456536
0.5384471156850898,0.9497746297488732
0.5387804420741235,0.9497746297488732
0.5388221078727526,0.9497746297488732
0.5389262723693257,0.9497746297488732
0.5389679381679549,0.9497746297488732
0.539009603966584,0.9497746297488732
0.5390512697652132,0.9497746297488732
0.5391137684631571,0.9497746297488732
0.5391554342617862,0.9497746297488732
0.5397595883419095,0.9497746297488732
0.5398012541405387,0.9497746297488732
0.5398637528384825,0.9497746297488732
0.5399470844357409,0.9497746297488732
0.5399887502343701,0.9497746297488732
0.5408012333076394,0.9497746297488732
0.5408428991062686,0.9497746297488732
0.5413220557905044,0.9497746297488732
0.5413637215891336,0.9497746297488732
0.5414262202870773,0.9497746297488732
0.5414678860857065,0.9497746297488732
0.5415303847836503,0.9497746297488732
0.5417803795754255,0.9497746297488732
0.5418220453740548,0.9497746297488732
0.5419470427699423,0.9497746297488732
0.5419887085685715,0.9497746297488732
0.5421970375617174,0.9497746297488732
0.5422387033603466,0.9497746297488732
0.5425511968500656,0.9497746297488732
0.5425928626486948,0.9497746297488732
0.5428220245411554,0.9497746297488732
0.5428636903397845,0.9497746297488732
0.5436345076144247,0.9497746297488732
0.5436761734130539,0.9497746297488732
0.5443428261911211,0.9497746297488732
0.5443844919897503,0.9497746297488732
0.5444053248890648,0.9497746297488732
0.5444678235870086,0.9497746297488732
0.5445094893856378,0.9497746297488732
0.544551155184267,0.9497746297488732
0.5459886252369742,0.9497746297488732
0.5460302910356034,0.9497746297488732
0.5461969542301202,0.9497746297488732
0.5462802858273786,0.9497746297488732
0.5464261161225807,0.9497746297488732
0.5465094477198392,0.9497746297488732
0.5468011083102435,0.9497746297488732
0.5468427741088727,0.9497746297488732
0.5469469386054457,0.9497746297488732
0.5469886044040749,0.9497746297488732
0.5472594320951647,0.9497746297488732
0.5473635965917377,0.9497746297488732
0.5474469281889961,0.9497746297488732
0.5474885939876253,0.9497746297488732
0.5477177558800859,0.9497746297488732
0.547759421678715,0.9497746297488732
0.547759421678715,0.9504185447520928
0.5479469177725464,0.9504185447520928
0.5479885835711756,0.9504185447520928
0.5482385783629508,0.9504185447520928
0.5482802441615799,0.9504185447520928
0.5484052415574675,0.9504185447520928
0.5484469073560968,0.9504185447520928
0.5485510718526697,0.9504185447520928
0.5486135705506135,0.9504185447520928
0.5489052311410179,0.9504185447520928
0.548946896939647,0.9504185447520928
0.5495302181204558,0.9504185447520928
0.5495927168183996,0.9504185447520928
0.5496343826170288,0.9504185447520928
0.549676048415658,0.9504185447520928
0.5497177142142872,0.9504185447520928
0.5502177037978375,0.9504185447520928
0.5502593695964667,0.9504185447520928
0.5505718630861857,0.9504185447520928
0.5506135288848149,0.9504185447520928
0.5508843565759046,0.9504185447520928
0.5509260223745339,0.9504185447520928
0.5511135184683652,0.9504185447520928
0.5511135184683652,0.9510624597553123
0.551176017166309,0.9510624597553123
0.5512176829649382,0.9510624597553123
0.5512801816628821,0.9510624597553123
0.5513218474615112,0.9510624597553123
0.551384346159455,0.9510624597553123
0.5514260119580842,0.9510624597553123
0.551488510656028,0.9510624597553123
0.5515301764546572,0.9510624597553123
0.5517176725484886,0.9510624597553123
0.5517593383471178,0.9510624597553123
0.5521759963334097,0.9510624597553123
0.5521759963334097,0.9517063747585319
0.5525509885210724,0.9517063747585319
0.5525926543197017,0.9517063747585319
0.5531759755005105,0.9517063747585319
0.5532176412991396,0.9517063747585319
0.5541342888689819,0.9517063747585319
0.554175954667611,0.9517063747585319
0.5548426074456783,0.9517063747585319
0.5548842732443074,0.9517063747585319
0.5549467719422512,0.9517063747585319
0.5549884377408804,0.9517063747585319
0.5555300931230599,0.9517063747585319
0.5555717589216891,0.9517063747585319
0.5556342576196329,0.9517063747585319
0.5556759234182621,0.9517063747585319
0.555884252411408,0.9517063747585319
0.5559675840086665,0.9517063747585319
0.5565092393908461,0.9517063747585319
0.5565509051894753,0.9517063747585319
0.5566967354846774,0.9517063747585319
0.5567592341826212,0.9517063747585319
0.5579675423428678,0.9517063747585319
0.558009208141497,0.9517063747585319
0.5583425345305306,0.9517063747585319
0.5583842003291598,0.9517063747585319
0.5587175267181934,0.9517063747585319
0.5587591925168226,0.9517063747585319
0.5588008583154518,0.9517063747585319
0.5589258557113393,0.9517063747585319
0.5590925189058561,0.9517063747585319
0.5591341847044853,0.9517063747585319
0.559717505885294,0.9517063747585319
0.5597800045832378,0.9517063747585319
0.5598633361804962,0.9517063747585319
0.5599050019791254,0.9517063747585319
0.5599466677777546,0.9517063747585319
0.5600924980729568,0.9517063747585319
0.560134163871586,0.9517063747585319
0.5601549967709006,0.9517063747585319
0.5601966625695298,0.9517063747585319
0.5602174954688444,0.9517063747585319
0.5602591612674735,0.9517063747585319
0.5603008270661027,0.9517063747585319
0.560342492864732,0.9517063747585319
0.5604258244619904,0.9517063747585319
0.5604883231599341,0.9517063747585319
0.560550821857878,0.9517063747585319
0.5608008166496531,0.9517063747585319
0.5610299785421137,0.9517063747585319
0.5610716443407429,0.9517063747585319
0.5612174746359451,0.9517063747585319
0.5612591404345743,0.9517063747585319
0.5613008062332034,0.9517063747585319
0.5614049707297765,0.9517063747585319
0.5614883023270348,0.9517063747585319
0.5615091352263495,0.9523502897617514
0.5617799629174393,0.9523502897617514
0.5618216287160684,0.9523502897617514
0.5621132893064728,0.9523502897617514
0.5621132893064728,0.952994204764971
0.5631757671715173,0.952994204764971
0.5632174329701465,0.952994204764971
0.5634049290639779,0.952994204764971
0.5634049290639779,0.9536381197681906
0.5634257619632924,0.9536381197681906
0.5634674277619216,0.9536381197681906
0.56355075935918,0.9536381197681906
0.5635924251578092,0.9536381197681906
0.5639257515468428,0.9536381197681906
0.563967417345472,0.9536381197681906
0.5652798900022916,0.9536381197681906
0.5653215558009208,0.9536381197681906
0.565467386096123,0.9536381197681906
0.5655090518947522,0.9536381197681906
0.5661548717735048,0.9536381197681906
0.566196537572134,0.9536381197681906
0.5669881877460886,0.9536381197681906
0.5670506864440324,0.9536381197681906
0.5671131851419762,0.9536381197681906
0.5671965167392345,0.9536381197681906
0.5672173496385492,0.9536381197681906
0.5673006812358076,0.9536381197681906
0.5673423470344368,0.9536381197681906
0.5673840128330659,0.9536381197681906
0.5676548405241557,0.9536381197681906
0.5676965063227849,0.9536381197681906
0.5678423366179871,0.9536381197681906
0.5678840024166163,0.9536381197681906
0.5684464906981105,0.9536381197681906
0.5684881564967397,0.9536381197681906
0.568779817087144,0.9536381197681906
0.5688423157850878,0.9536381197681906
0.5689673131809754,0.9536381197681906
0.5690089789796046,0.9536381197681906
0.5691131434761776,0.9536381197681906
0.5691548092748068,0.9536381197681906
0.5695506343617841,0.9536381197681906
0.5695923001604133,0.9536381197681906
0.5696547988583571,0.9536381197681906
0.5696964646569863,0.9536381197681906
0.5697797962542447,0.9536381197681906
0.5698214620528739,0.9536381197681906
0.5700089581467053,0.9536381197681906
0.5700506239453345,0.9536381197681906
0.5701131226432783,0.9536381197681906
0.5701547884419075,0.9536381197681906
0.5705714464281995,0.9536381197681906
0.5706339451261432,0.9536381197681906
0.571113101810379,0.9536381197681906
0.5711547676090082,0.9536381197681906
0.5714880939980417,0.9536381197681906
0.5715505926959855,0.9536381197681906
0.5716964229911877,0.9536381197681906
0.5717380887898169,0.9536381197681906
0.5717589216891314,0.9536381197681906
0.5718214203870753,0.9536381197681906
0.5721755796754234,0.9536381197681906
0.5722172454740526,0.9536381197681906
0.5723422428699402,0.9536381197681906
0.5723839086685694,0.9536381197681906
0.5724672402658278,0.9536381197681906
0.572508906064457,0.9536381197681906
0.5727589008562322,0.9536381197681906
0.5727589008562322,0.9542820347714102
0.5735297181308723,0.9542820347714102
0.5735713839295015,0.9542820347714102
0.5737380471240182,0.9542820347714102
0.5738630445199059,0.9542820347714102
0.5744880314993438,0.9542820347714102
0.5745713630966022,0.9549259497746297
0.5746338617945459,0.9549259497746297
0.5746755275931752,0.9549259497746297
0.5752796816732985,0.9549259497746297
0.5753421803712423,0.9549259497746297
0.5754671777671299,0.9549259497746297
0.575508843565759,0.9549259497746297
0.575508843565759,0.9555698647778493
0.5756963396595904,0.9555698647778493
0.5757380054582196,0.9555698647778493
0.5759046686527364,0.9555698647778493
0.5759463344513656,0.9555698647778493
0.5763213266390284,0.9555698647778493
0.5763838253369722,0.9555698647778493
0.5764879898335451,0.9555698647778493
0.5765296556321743,0.9555698647778493
0.5767588175246349,0.9555698647778493
0.5768004833232641,0.9555698647778493
0.5782379533759713,0.9555698647778493
0.5782796191746006,0.9555698647778493
0.5784462823691173,0.9555698647778493
0.5784879481677465,0.9555698647778493
0.5785296139663757,0.9555698647778493
0.5785921126643195,0.9555698647778493
0.5789671048519822,0.9555698647778493
0.5790087706506114,0.9555698647778493
0.5791129351471844,0.9555698647778493
0.5791546009458136,0.9555698647778493
0.5793629299389597,0.9555698647778493
0.5794045957375888,0.9555698647778493
0.5799879169183976,0.9555698647778493
0.5800295827170268,0.9555698647778493
0.5800504156163413,0.9555698647778493
0.5800920814149705,0.9555698647778493
0.5804254078040041,0.9555698647778493
0.5804670736026333,0.9555698647778493
0.5818003791587675,0.9555698647778493
0.5818420449573968,0.9555698647778493
0.5826753609299806,0.9555698647778493
0.5827170267286098,0.9555698647778493
0.5829253557217557,0.9555698647778493
0.582967021520385,0.9555698647778493
0.5831545176142163,0.9555698647778493
0.5831961834128455,0.9555698647778493
0.5832170163121602,0.9555698647778493
0.5832586821107894,0.9555698647778493
0.5833628466073624,0.9555698647778493
0.5834045124059916,0.9555698647778493
0.5834878440032499,0.9555698647778493
0.5835295098018791,0.9555698647778493
0.5835503427011938,0.9555698647778493
0.583592008499823,0.9555698647778493
0.5836336742984521,0.9555698647778493
0.5837170058957105,0.9555698647778493
0.5840711651840587,0.9555698647778493
0.5841128309826878,0.9555698647778493
0.5845294889689798,0.9555698647778493
0.5845294889689798,0.9562137797810689
0.5852378075456761,0.9562137797810689
0.5852794733443053,0.9562137797810689
0.5852794733443053,0.9568576947842885
0.5855294681360805,0.9568576947842885
0.5855711339347097,0.9568576947842885
0.585862794525114,0.9568576947842885
0.5859252932230579,0.9568576947842885
0.5864252828066082,0.9568576947842885
0.5865086144038666,0.9568576947842885
0.5868627736922147,0.9568576947842885
0.5869044394908439,0.9568576947842885
0.5872377658798775,0.9568576947842885
0.5872794316785067,0.9568576947842885
0.5875294264702818,0.9568576947842885
0.587571092268911,0.9568576947842885
0.5876544238661695,0.9568576947842885
0.5876960896647987,0.9568576947842885
0.5877169225641132,0.9568576947842885
0.5877585883627424,0.9568576947842885
0.588196079248349,0.9568576947842885
0.5882377450469782,0.9568576947842885
0.5885502385366972,0.9568576947842885
0.5885919043353264,0.9568576947842885
0.5891127268181913,0.9568576947842885
0.5891543926168205,0.9568576947842885
0.5892168913147643,0.9568576947842885
0.5892585571133935,0.9568576947842885
0.589383554509281,0.9568576947842885
0.5894252203079102,0.9568576947842885
0.5897793795962584,0.9568576947842885
0.5897793795962584,0.9575016097875081
0.5899877085894044,0.9575016097875081
0.5900502072873481,0.9575016097875081
0.5902585362804942,0.9575016097875081
0.5903002020791234,0.9575016097875081
0.5905710297702131,0.9575016097875081
0.5906960271661007,0.9575016097875081
0.5912793483469094,0.9575016097875081
0.5913210141455386,0.9575016097875081
0.5914460115414262,0.9575016097875081
0.5914876773400554,0.9575016097875081
0.59150851023937,0.9575016097875081
0.5915501760379992,0.9575016097875081
0.5919460011249765,0.9575016097875081
0.5919876669236057,0.9575016097875081
0.5920918314201787,0.9575016097875081
0.5921334972188079,0.9575016097875081
0.5922168288160663,0.9575016097875081
0.5922584946146955,0.9575016097875081
0.5924668236078415,0.9575016097875081
0.5924668236078415,0.9581455247907277
0.5927793170975605,0.9581455247907277
0.5928209828961897,0.9581455247907277
0.5928834815941335,0.9581455247907277
0.5929251473927627,0.9581455247907277
0.5929459802920772,0.9581455247907277
0.5929876460907064,0.9581455247907277
0.5930709776879648,0.9581455247907277
0.593112643486594,0.9581455247907277
0.5944251161434136,0.9581455247907277
0.5944667819420428,0.9581455247907277
0.5945709464386159,0.9581455247907277
0.594612612237245,0.9581455247907277
0.5948001083310764,0.9581455247907277
0.5948417741297056,0.9581455247907277
0.5951542676194246,0.9581455247907277
0.5951959334180538,0.9581455247907277
0.5952584321159976,0.9581455247907277
0.5953000979146268,0.9581455247907277
0.5958417532968063,0.9581455247907277
0.5958834190954355,0.9581455247907277
0.59694589696048,0.9581455247907277
0.5969875627591091,0.9581455247907277
0.5976750484364909,0.9581455247907277
0.5977167142351201,0.9581455247907277
0.5977167142351201,0.9587894397939472
0.5982375367179851,0.9587894397939472
0.5982792025166143,0.9587894397939472
0.5986333618049624,0.9587894397939472
0.5986750276035916,0.9587894397939472
0.5993208474823442,0.9587894397939472
0.5993625132809733,0.9587894397939472
0.5996541738713776,0.9587894397939472
0.599737505468636,0.9587894397939472
0.6002166621528718,0.9587894397939472
0.600258327951501,0.9587894397939472
0.6017791296014666,0.9587894397939472
0.6018207954000958,0.9587894397939472
0.6022374533863878,0.9587894397939472
0.602279119185017,0.9587894397939472
0.6023624507822753,0.9587894397939472
0.6024041165809045,0.9587894397939472
0.6024457823795337,0.9587894397939472
0.6024874481781629,0.9587894397939472
0.6030499364596571,0.9587894397939472
0.6031332680569155,0.9587894397939472
0.6040499156267578,0.9587894397939472
0.6041332472240162,0.9587894397939472
0.6042165788212746,0.9587894397939472
0.6042165788212746,0.9594333547971667
0.6053623882835775,0.9594333547971667
0.6054248869815212,0.9594333547971667
0.6056332159746672,0.9594333547971667
0.6056748817732964,0.9594333547971667
0.6057165475719256,0.9594333547971667
0.6057582133705548,0.9594333547971667
0.6063623674506781,0.9594333547971667
0.6064040332493074,0.9594333547971667
0.6069665215308014,0.9594333547971667
0.6070290202287453,0.9594333547971667
0.6070498531280598,0.9594333547971667
0.607091518926689,0.9594333547971667
0.6073415137184642,0.9594333547971667
0.6073831795170934,0.9594333547971667
0.607612341409554,0.9594333547971667
0.6076540072081832,0.9594333547971667
0.6083623257848795,0.9594333547971667
0.6084039915835087,0.9594333547971667
0.6085914876773401,0.9594333547971667
0.6085914876773401,0.9600772698003863
0.6088206495698006,0.9600772698003863
0.6088206495698006,0.9607211848036059
0.6088623153684298,0.9607211848036059
0.6093623049519802,0.9607211848036059
0.6094039707506094,0.9607211848036059
0.6107581092060582,0.9607211848036059
0.6107997750046874,0.9607211848036059
0.6113622632861815,0.9607211848036059
0.6114039290848108,0.9607211848036059
0.6115080935813837,0.9607211848036059
0.6115914251786421,0.9607211848036059
0.6118830857690465,0.9607211848036059
0.6119247515676757,0.9607211848036059
0.6121330805608216,0.9607211848036059
0.6121747463594508,0.9607211848036059
0.6136122164121581,0.9607211848036059
0.6136538822107873,0.9607211848036059
0.6143830336867981,0.9607211848036059
0.6144246994854274,0.9607211848036059
0.6145080310826858,0.9607211848036059
0.6145080310826858,0.9613650998068255
0.6149246890689777,0.9613650998068255
0.614966354867607,0.9613650998068255
0.6150705193641799,0.9613650998068255
0.6151330180621237,0.9613650998068255
0.6153830128538988,0.9613650998068255
0.6154455115518427,0.9613650998068255
0.6154663444511572,0.9613650998068255
0.6155080102497864,0.9613650998068255
0.616257994625112,0.9613650998068255
0.6162996604237412,0.9613650998068255
0.6164246578196287,0.9613650998068255
0.6164663236182579,0.9613650998068255
0.6167371513093477,0.9613650998068255
0.6167788171079769,0.9613650998068255
0.6171954750942689,0.9613650998068255
0.6172788066915272,0.9613650998068255
0.617757963375763,0.9613650998068255
0.6177996291743922,0.9613650998068255
0.6189662715360097,0.9613650998068255
0.6190079373346389,0.9613650998068255
0.6191954334284703,0.9613650998068255
0.6192370992270995,0.9613650998068255
0.6195912585154476,0.9613650998068255
0.619674590112706,0.9613650998068255
0.6205704047832337,0.9613650998068255
0.6206120705818629,0.9613650998068255
0.6207162350784359,0.9613650998068255
0.6207579008770651,0.9613650998068255
0.6209037311722673,0.9613650998068255
0.6209037311722673,0.9620090148100451
0.6215495510510197,0.9620090148100451
0.6215495510510197,0.9626529298132647
0.621591216849649,0.9626529298132647
0.6216328826482782,0.9626529298132647
0.6217370471448511,0.9626529298132647
0.6217787129434803,0.9626529298132647
0.6219662090373117,0.9626529298132647
0.6220078748359409,0.9626529298132647
0.6220495406345701,0.9626529298132647
0.6220912064331993,0.9626529298132647
0.6221120393325139,0.9626529298132647
0.6221120393325139,0.9632968448164843
0.6224036999229182,0.9632968448164843
0.6225078644194912,0.9632968448164843
0.6227161934126373,0.9632968448164843
0.6227578592112665,0.9632968448164843
0.6232370158955022,0.9632968448164843
0.6233203474927606,0.9632968448164843
0.6240911647674007,0.9632968448164843
0.6241328305660299,0.9632968448164843
0.6243411595591758,0.9632968448164843
0.6243828253578051,0.9632968448164843
0.624486989854378,0.9632968448164843
0.6245286556530072,0.9632968448164843
0.6249453136392992,0.9632968448164843
0.6249453136392992,0.9639407598197038
0.6249661465386138,0.9639407598197038
0.625007812337243,0.9645846748229234
0.6254036374242203,0.9645846748229234
0.6254453032228495,0.9645846748229234
0.6261744546988605,0.9645846748229234
0.6262161204974896,0.9645846748229234
0.6268827732755567,0.9645846748229234
0.6269244390741859,0.9645846748229234
0.6270911022687027,0.9645846748229234
0.627132768067332,0.9645846748229234
0.6271952667652757,0.9645846748229234
0.6272369325639049,0.9645846748229234
0.6277785879460844,0.9645846748229234
0.6278202537447136,0.9645846748229234
0.6280285827378597,0.9645846748229234
0.6280285827378597,0.9652285898261429
0.6280494156371742,0.9652285898261429
0.6280910814358034,0.9652285898261429
0.6286327368179829,0.9652285898261429
0.6286952355159268,0.9652285898261429
0.628736901314556,0.9652285898261429
0.6287785671131851,0.9652285898261429
0.6288618987104435,0.9652285898261429
0.6289035645090727,0.9652285898261429
0.6290493948042749,0.9652285898261429
0.6290910606029041,0.9652285898261429
0.6291743922001625,0.9652285898261429
0.6292160579987917,0.9652285898261429
0.6302993687631507,0.9652285898261429
0.6304243661590384,0.9652285898261429
0.6308826899439595,0.9652285898261429
0.6308826899439595,0.9658725048293625
0.6323409928959813,0.9658725048293625
0.6323826586946105,0.9658725048293625
0.6326534863857003,0.9658725048293625
0.6326951521843295,0.9658725048293625
0.6330076456740484,0.9658725048293625
0.6330493114726776,0.9658725048293625
0.6333201391637674,0.9658725048293625
0.6333826378617112,0.9658725048293625
0.6346117789212725,0.9658725048293625
0.6346117789212725,0.9665164198325821
0.6357367554842608,0.9665164198325821
0.63577842128289,0.9665164198325821
0.6358617528801483,0.9665164198325821
0.6359034186787775,0.9665164198325821
0.6359242515780921,0.9665164198325821
0.6359659173767214,0.9665164198325821
0.6363825753630132,0.9665164198325821
0.6364242411616424,0.9665164198325821
0.6371533926376534,0.9665164198325821
0.6371950584362825,0.9665164198325821
0.6374658861273723,0.9665164198325821
0.6374658861273723,0.9671603348358017
0.6379658757109227,0.9671603348358017
0.6380075415095519,0.9671603348358017
0.6389658548780234,0.9671603348358017
0.6390075206766526,0.9671603348358017
0.6390700193745964,0.9671603348358017
0.6391116851732256,0.9671603348358017
0.6400074998437533,0.9671603348358017
0.6400491656423825,0.9671603348358017
0.6406741526218204,0.9671603348358017
0.6407158184204496,0.9671603348358017
0.6408408158163371,0.9671603348358017
0.6408824816149663,0.9671603348358017
0.6416116330909772,0.9671603348358017
0.6416532988896064,0.9671603348358017
0.6419657923793254,0.9671603348358017
0.6420074581779546,0.9671603348358017
0.6422366200704152,0.9671603348358017
0.6422782858690443,0.9671603348358017
0.642299118768359,0.9671603348358017
0.642299118768359,0.9678042498390212
0.642403283264932,0.9678042498390212
0.6424449490635612,0.9678042498390212
0.6428824399491677,0.9678042498390212
0.6429241057477969,0.9678042498390212
0.6432574321368305,0.9678042498390212
0.6432990979354597,0.9678042498390212
0.6435282598279203,0.9678042498390212
0.643590758525864,0.9678042498390212
0.6441949126059874,0.9678042498390212
0.6442365784046166,0.9678042498390212
0.6446115705922794,0.9678042498390212
0.6446532363909085,0.9678042498390212
0.6448823982833691,0.9678042498390212
0.6449240640819983,0.9678042498390212
0.6449240640819983,0.9684481648422408
0.6450490614778859,0.9684481648422408
0.6450907272765151,0.9684481648422408
0.6455282181621216,0.9684481648422408
0.6455698839607508,0.9684481648422408
0.6457365471552676,0.9684481648422408
0.6457782129538968,0.9684481648422408
0.6458407116518405,0.9684481648422408
0.6458823774504698,0.9684481648422408
0.646132372242245,0.9684481648422408
0.6461740380408741,0.9684481648422408
0.6463198683360764,0.9684481648422408
0.6463615341347055,0.9684481648422408
0.6469031895168851,0.9684481648422408
0.6469448553155143,0.9684481648422408
0.6477365054894689,0.9684481648422408
0.6477781712880981,0.9684481648422408
0.649028145246974,0.9684481648422408
0.6490698110456032,0.9684481648422408
0.6496114664277828,0.9684481648422408
0.6496739651257265,0.9684481648422408
0.6503614508031083,0.9684481648422408
0.6504031166017374,0.9684481648422408
0.6511114351784337,0.9684481648422408
0.651153100977063,0.9684481648422408
0.6518822524530739,0.9684481648422408
0.651923918251703,0.9684481648422408
0.6519447511510177,0.9684481648422408
0.6519864169496469,0.9684481648422408
0.6529655632174329,0.9684481648422408
0.6530072290160621,0.9684481648422408
0.6532780567071519,0.9684481648422408
0.6533197225057811,0.9684481648422408
0.6535072185996125,0.9684481648422408
0.6535072185996125,0.9690920798454604
0.6537780462907022,0.9690920798454604
0.6538197120893314,0.9690920798454604
0.6539863752838483,0.9690920798454604
0.6540280410824775,0.9690920798454604
0.654361367471511,0.9690920798454604
0.6544030332701402,0.9690920798454604
0.6555905085310723,0.9690920798454604
0.6556321743297014,0.9690920798454604
0.6561113310139373,0.9690920798454604
0.6561529968125664,0.9690920798454604
0.6572154746776109,0.9690920798454604
0.6572571404762401,0.9690920798454604
0.6580696235495094,0.9690920798454604
0.6581112893481386,0.9690920798454604
0.6590487698172954,0.9690920798454604
0.6590904356159246,0.9690920798454604
0.6592987646090707,0.9690920798454604
0.6592987646090707,0.96973599484868
0.6595279265015312,0.96973599484868
0.6595695923001604,0.96973599484868
0.6596320909981042,0.96973599484868
0.6596737567967333,0.96973599484868
0.661090393950126,0.96973599484868
0.661090393950126,0.9703799098518996
0.6617570467281931,0.9703799098518996
0.6617987125268223,0.9703799098518996
0.6630695193850128,0.9703799098518996
0.663111185183642,0.9703799098518996
0.663319514176788,0.9703799098518996
0.6633611799754172,0.9703799098518996
0.6637361721630799,0.9703799098518996
0.6637778379617091,0.9703799098518996
0.6639445011562259,0.9703799098518996
0.6639861669548551,0.9703799098518996
0.6640486656527989,0.9703799098518996
0.6643403262432033,0.9703799098518996
0.6643819920418325,0.9703799098518996
0.6646528197329222,0.9703799098518996
0.6646944855315514,0.9703799098518996
0.6655486344034499,0.9703799098518996
0.6655903002020791,0.9703799098518996
0.6661527884835733,0.9703799098518996
0.6661944542822025,0.9703799098518996
0.667611091435595,0.9703799098518996
0.6676527572342242,0.9703799098518996
0.6678194204287411,0.9703799098518996
0.6678194204287411,0.9710238248551192
0.6679027520259995,0.9710238248551192
0.6679444178246287,0.9710238248551192
0.6679652507239433,0.9710238248551192
0.6680069165225725,0.9710238248551192
0.6689027311931002,0.9710238248551192
0.6689443969917294,0.9710238248551192
0.6695068852732234,0.9710238248551192
0.6695485510718526,0.9710238248551192
0.6695902168704818,0.9710238248551192
0.6696318826691111,0.9710238248551192
0.6696943813670548,0.9710238248551192
0.669736047165684,0.9710238248551192
0.6699443761588301,0.9710238248551192
0.6699860419574593,0.9710238248551192
0.6701110393533468,0.9710238248551192
0.670152705151976,0.9710238248551192
0.6710693527218183,0.9710238248551192
0.6711110185204475,0.9710238248551192
0.6711735172183912,0.9710238248551192
0.6712360159163351,0.9710238248551192
0.6713610133122226,0.9710238248551192
0.6714026791108518,0.9710238248551192
0.6722568279827503,0.9710238248551192
0.6722984937813795,0.9710238248551192
0.6726109872710985,0.9710238248551192
0.6726526530697278,0.9710238248551192
0.672840149163559,0.9710238248551192
0.6728818149621882,0.9710238248551192
0.6730484781567051,0.9710238248551192
0.6731109768546488,0.9710238248551192
0.6736942980354576,0.9710238248551192
0.673777629632716,0.9710238248551192
0.6739442928272328,0.9710238248551192
0.673985958625862,0.9710238248551192
0.6740692902231203,0.9710238248551192
0.6741109560217495,0.9710238248551192
0.6743609508135248,0.9710238248551192
0.674402616612154,0.9710238248551192
0.6744651153100977,0.9710238248551192
0.6745067811087269,0.9710238248551192
0.674548446907356,0.9710238248551192
0.6752359325847378,0.9710238248551192
0.675277598383367,0.9710238248551192
0.6753192641819962,0.9710238248551192
0.6753192641819962,0.9716677398583387
0.6753609299806254,0.9716677398583387
0.6754442615778838,0.9716677398583387
0.6757775879669173,0.9716677398583387
0.6758192537655465,0.9716677398583387
0.6759025853628049,0.9716677398583387
0.6759442511614341,0.9716677398583387
0.6767359013353889,0.9716677398583387
0.676777567134018,0.9716677398583387
0.6769025645299056,0.9716677398583387
0.6769442303285348,0.9716677398583387
0.6773192225161976,0.9716677398583387
0.6773608883148268,0.9716677398583387
0.6773817212141414,0.9716677398583387
0.6773817212141414,0.9723116548615582
0.6775692173079727,0.9723116548615582
0.6775692173079727,0.9729555698647778
0.6780067081935793,0.9729555698647778
0.6780483739922085,0.9729555698647778
0.6789233557634216,0.9729555698647778
0.6789650215620507,0.9729555698647778
0.6790691860586238,0.9729555698647778
0.6790691860586238,0.9735994848679974
0.6802774942188704,0.9735994848679974
0.6803191600174996,0.9735994848679974
0.6803608258161288,0.9735994848679974
0.6804024916147581,0.9735994848679974
0.680506656111331,0.9735994848679974
0.6805483219099602,0.9735994848679974
0.6807983167017354,0.9735994848679974
0.6808399825003646,0.9735994848679974
0.682006624861982,0.9735994848679974
0.6820482906606112,0.9735994848679974
0.6822357867544426,0.9735994848679974
0.6822774525530718,0.9735994848679974
0.6823816170496448,0.9735994848679974
0.682423282848274,0.9735994848679974
0.6826524447407346,0.9735994848679974
0.6826524447407346,0.974243399871217
0.6832565988208579,0.974243399871217
0.6832982646194871,0.974243399871217
0.6835065936126331,0.974243399871217
0.6835065936126331,0.9748873148744366
0.6838399200016666,0.9748873148744366
0.6839024186996104,0.9748873148744366
0.68444407408179,0.9748873148744366
0.6845065727797337,0.9748873148744366
0.6856315493427221,0.9748873148744366
0.6856732151413513,0.9748873148744366
0.6858190454365534,0.9748873148744366
0.6858607112351826,0.9748873148744366
0.6859232099331264,0.9748873148744366
0.6859648757317556,0.9748873148744366
0.6864648653153059,0.9748873148744366
0.6865273640132498,0.9748873148744366
0.6867565259057103,0.9748873148744366
0.6867773588050249,0.9755312298776562
0.6870898522947438,0.9755312298776562
0.6871523509926877,0.9755312298776562
0.6876731734755526,0.9755312298776562
0.6877148392741818,0.9755312298776562
0.6892981396220912,0.9755312298776562
0.6893398054207204,0.9755312298776562
0.6894648028166079,0.9755312298776562
0.6895273015145518,0.9755312298776562
0.6901731213933043,0.9755312298776562
0.6902147871919335,0.9755312298776562
0.6908814399700006,0.9755312298776562
0.6909231057686298,0.9755312298776562
0.6911522676610904,0.9755312298776562
0.6911939334597196,0.9755312298776562
0.6914230953521802,0.9755312298776562
0.6914647611508093,0.9755312298776562
0.6915480927480677,0.9755312298776562
0.6916522572446407,0.9755312298776562
0.6918397533384721,0.9755312298776562
0.6918814191371013,0.9755312298776562
0.6921939126268203,0.9755312298776562
0.6922355784254495,0.9755312298776562
0.6925064061165392,0.9755312298776562
0.6925480719151684,0.9755312298776562
0.6926939022103706,0.9755312298776562
0.6928397325055728,0.9755312298776562
0.692881398304202,0.9755312298776562
0.6931522259952918,0.9755312298776562
0.693193891793921,0.9755312298776562
0.6941105393637632,0.9755312298776562
0.6941105393637632,0.9761751448808758
0.694173038061707,0.9761751448808758
0.6942147038603362,0.9761751448808758
0.694589696047999,0.9761751448808758
0.6946313618466282,0.9768190598840953
0.6951730172288078,0.9768190598840953
0.6952146830274369,0.9768190598840953
0.6953396804233245,0.9768190598840953
0.6953813462219537,0.9768190598840953
0.6954855107185267,0.9768190598840953
0.6955271765171559,0.9768190598840953
0.695777171308931,0.9768190598840953
0.695777171308931,0.9774629748873149
0.6960479990000208,0.9774629748873149
0.69608966479865,0.9774629748873149
0.6961313305972793,0.9774629748873149
0.6961729963959085,0.9774629748873149
0.6963604924897397,0.9774629748873149
0.696402158288369,0.9774629748873149
0.6964854898856274,0.9774629748873149
0.6965271556842566,0.9774629748873149
0.6965688214828858,0.9774629748873149
0.696610487281515,0.9774629748873149
0.6969438136705486,0.9774629748873149
0.6969854794691778,0.9774629748873149
0.6972354742609529,0.9774629748873149
0.6973188058582113,0.9774629748873149
0.6974229703547843,0.9774629748873149
0.6974646361534135,0.9774629748873149
0.6987771088102331,0.9774629748873149
0.6988187746088623,0.9774629748873149
0.6988396075081769,0.9774629748873149
0.6988812733068062,0.9774629748873149
0.6989437720047499,0.9774629748873149
0.6990271036020083,0.9774629748873149
0.6994645944876149,0.9774629748873149
0.6995062602862441,0.9774629748873149
0.6995479260848733,0.9774629748873149
0.6995479260848733,0.9781068898905344
0.6996520905814462,0.9781068898905344
0.6996520905814462,0.978750804893754
0.6999229182725359,0.978750804893754
0.6999645840711651,0.978750804893754
0.7000062498697944,0.978750804893754
0.7000687485677382,0.978750804893754
0.7001729130643112,0.978750804893754
0.7002145788629404,0.978750804893754
0.700443740755401,0.978750804893754
0.7005062394533447,0.978750804893754
0.7009853961375805,0.978750804893754
0.7009853961375805,0.9793947198969736
0.7012145580300411,0.9793947198969736
0.7012145580300411,0.9800386349001932
0.7012562238286703,0.9800386349001932
0.7012978896272994,0.9800386349001932
0.7016728818149622,0.9800386349001932
0.7016728818149622,0.9806825499034127
0.7017562134122206,0.9806825499034127
0.7018187121101643,0.9806825499034127
0.7019228766067374,0.9806825499034127
0.7019228766067374,0.9813264649066323
0.701943709506052,0.9813264649066323
0.7020062082039957,0.9813264649066323
0.7020687069019396,0.9813264649066323
0.7021103727005688,0.9813264649066323
0.7024436990896022,0.9813264649066323
0.7025061977875461,0.9813264649066323
0.7026311951834336,0.9813264649066323
0.7026728609820628,0.9813264649066323
0.7030686860690403,0.9813264649066323
0.7031103518676695,0.9813264649066323
0.7034020124580738,0.9813264649066323
0.703443678256703,0.9813264649066323
0.7034645111560176,0.9813264649066323
0.703547842753276,0.9813264649066323
0.7037561717464219,0.9813264649066323
0.7037978375450511,0.9813264649066323
0.7042561613299723,0.9813264649066323
0.7043186600279161,0.9813264649066323
0.7048186496114665,0.9813264649066323
0.7048603154100956,0.9813264649066323
0.7057977958792525,0.9813264649066323
0.7058394616778817,0.9813264649066323
0.7068811066436116,0.9813264649066323
0.7068811066436116,0.9819703799098519
0.7069436053415554,0.9819703799098519
0.7069852711401846,0.9819703799098519
0.707172767234016,0.9819703799098519
0.7072144330326452,0.9819703799098519
0.7074644278244203,0.9819703799098519
0.7075269265223642,0.9819703799098519
0.7076102581196225,0.9819703799098519
0.7076519239182517,0.9819703799098519
0.7081102477031729,0.9819703799098519
0.7081519135018021,0.9819703799098519
0.7090268952730151,0.9819703799098519
0.7090893939709589,0.9819703799098519
0.7091102268702736,0.9819703799098519
0.7091518926689028,0.9819703799098519
0.7094227203599925,0.9819703799098519
0.7094643861586217,0.9819703799098519
0.7096310493531385,0.9819703799098519
0.7096727151517677,0.9819703799098519
0.7098185454469699,0.9819703799098519
0.7098602112455991,0.9819703799098519
0.7104018666277786,0.9819703799098519
0.7104018666277786,0.9826142949130715
0.7110268536072165,0.9826142949130715
0.7110685194058457,0.9826142949130715
0.7112351826003624,0.9826142949130715
0.7112976812983063,0.9826142949130715
0.7117976708818566,0.9826142949130715
0.7118393366804858,0.9826142949130715
0.7121726630695194,0.9826142949130715
0.7122351617674632,0.9826142949130715
0.7123184933647215,0.9826142949130715
0.7123809920626654,0.9826142949130715
0.7127768171496427,0.9826142949130715
0.7128184829482719,0.9826142949130715
0.7136101331222267,0.9826142949130715
0.7136517989208558,0.9826142949130715
0.7138184621153726,0.9826142949130715
0.7138601279140018,0.9826142949130715
0.7140476240078332,0.9826142949130715
0.7140892898064624,0.9826142949130715
0.7160267494427199,0.9826142949130715
0.7160684152413491,0.9826142949130715
0.7164642403283265,0.9826142949130715
0.7165059061269556,0.9826142949130715
0.7173808878981688,0.9826142949130715
0.717422553696798,0.9826142949130715
0.7179017103810337,0.9826142949130715
0.717943376179663,0.9826142949130715
0.7180475406762359,0.9826142949130715
0.7180892064748651,0.9826142949130715
0.7188391908501907,0.9826142949130715
0.7188808566488198,0.9826142949130715
0.7203183267015271,0.9826142949130715
0.7203599925001563,0.9826142949130715
0.7207558175871336,0.9826142949130715
0.7207974833857628,0.9826142949130715
0.7208183162850774,0.9826142949130715
0.7208599820837066,0.9826142949130715
0.7215891335597175,0.9826142949130715
0.7215891335597175,0.9832582099162911
0.7221307889418971,0.9832582099162911
0.7221724547405263,0.9832582099162911
0.7224849482302452,0.9832582099162911
0.722547446928189,0.9832582099162911
0.7228391075185934,0.9832582099162911
0.7229016062165372,0.9832582099162911
0.7229849378137956,0.9832582099162911
0.7230266036124248,0.9832582099162911
0.7232974313035145,0.9832582099162911
0.7233390971021437,0.9832582099162911
0.7234849273973459,0.9832582099162911
0.7235265931959751,0.9832582099162911
0.7251307264431991,0.9832582099162911
0.7251723922418283,0.9832582099162911
0.7252348909397721,0.9832582099162911
0.7253182225370305,0.9832582099162911
0.725339055436345,0.9832582099162911
0.7254015541342889,0.9832582099162911
0.7254848857315472,0.9832582099162911
0.7255265515301764,0.9832582099162911
0.7255682173288056,0.9832582099162911
0.7256098831274348,0.9832582099162911
0.7262973688048165,0.9832582099162911
0.7263598675027604,0.9832582099162911
0.7264431991000188,0.9832582099162911
0.7264848648986479,0.9832582099162911
0.7265681964959063,0.9832582099162911
0.7266098622945355,0.9832582099162911
0.7266931938917939,0.9832582099162911
0.7267348596904231,0.9832582099162911
0.7270890189787713,0.9832582099162911
0.7271306847774005,0.9832582099162911
0.7273598466698611,0.9832582099162911
0.7274431782671195,0.9832582099162911
0.727464011166434,0.9832582099162911
0.7275056769650632,0.9832582099162911
0.727776504656153,0.9832582099162911
0.7278181704547821,0.9832582099162911
0.727880669152726,0.9832582099162911
0.7279223349513552,0.9832582099162911
0.7283389929376471,0.9832582099162911
0.7283806587362763,0.9832582099162911
0.7286723193266806,0.9832582099162911
0.7287139851253099,0.9832582099162911
0.7287556509239391,0.9832582099162911
0.7287973167225683,0.9832582099162911
0.7289223141184559,0.9832582099162911
0.7289639799170851,0.9832582099162911
0.7294639695006354,0.9832582099162911
0.7295056352992646,0.9832582099162911
0.7298597945876127,0.9832582099162911
0.7299014603862419,0.9832582099162911
0.7300681235807588,0.9832582099162911
0.730109789379388,0.9832582099162911
0.730880606654028,0.9832582099162911
0.7309222724526573,0.9832582099162911
0.7322139122101623,0.9832582099162911
0.7322764109081061,0.9832582099162911
0.7324222412033082,0.9832582099162911
0.7324639070019374,0.9832582099162911
0.7326305701964543,0.9832582099162911
0.7326305701964543,0.9839021249195107
0.7329222307868586,0.9839021249195107
0.7329638965854878,0.9839021249195107
0.7330263952834316,0.9839021249195107
0.7330472281827461,0.9845460399227302
0.73310972688069,0.9845460399227302
0.7331513926793192,0.9845460399227302
0.7333180558738359,0.9845460399227302
0.7333597216724651,0.9845460399227302
0.7343180350409366,0.9845460399227302
0.7343597008395658,0.9845460399227302
0.7349846878190037,0.9845460399227302
0.735026353617633,0.9845460399227302
0.7351721839128351,0.9845460399227302
0.7352138497114643,0.9845460399227302
0.7354846774025541,0.9845460399227302
0.7355680089998125,0.9845460399227302
0.7360679985833628,0.9845460399227302
0.736109664381992,0.9845460399227302
0.7366929855628008,0.9845460399227302
0.73673465136143,0.9845460399227302
0.736942980354576,0.9845460399227302
0.7369846461532051,0.9845460399227302
0.7374221370388117,0.9845460399227302
0.7374846357367555,0.9845460399227302
0.7381929543134518,0.9845460399227302
0.738234620112081,0.9845460399227302
0.7386304451990584,0.9845460399227302
0.7386721109976876,0.9845460399227302
0.7397137559634174,0.9845460399227302
0.7397554217620467,0.9845460399227302
0.740047082352451,0.9845460399227302
0.7400887481510802,0.9845460399227302
0.7402137455469677,0.9845460399227302
0.7402554113455969,0.9845460399227302
0.7407137351305181,0.9845460399227302
0.7407554009291473,0.9845460399227302
0.7410678944188662,0.9845460399227302
0.7411095602174955,0.9845460399227302
0.7415053853044729,0.9845460399227302
0.741547051103102,0.9845460399227302
0.7417137142976188,0.9845460399227302
0.741755380096248,0.9845460399227302
0.74217203808254,0.9845460399227302
0.74217203808254,0.9851899549259497
0.7424011999750005,0.9851899549259497
0.7424636986729443,0.9851899549259497
0.7429636882564946,0.9851899549259497
0.7430053540551238,0.9851899549259497
0.7431095185516968,0.9851899549259497
0.7431303514510115,0.9858338699291693
0.743255348846899,0.9858338699291693
0.7432970146455282,0.9858338699291693
0.7446928188996063,0.9858338699291693
0.7447344846982354,0.9858338699291693
0.7451928084831566,0.9858338699291693
0.7452344742817858,0.9858338699291693
0.7460052915564259,0.9858338699291693
0.7461927876502573,0.9858338699291693
0.7468386075290098,0.9858338699291693
0.746880273327639,0.9858338699291693
0.747192766817358,0.9858338699291693
0.7472344326159872,0.9858338699291693
0.7474844274077623,0.9858338699291693
0.7475677590050207,0.9858338699291693
0.7476719235015937,0.9858338699291693
0.7477135893002229,0.9858338699291693
0.7481510801858294,0.9858338699291693
0.7481927459844586,0.9858338699291693
0.7485677381721214,0.9858338699291693
0.7486094039707506,0.9858338699291693
0.7489427303597842,0.9858338699291693
0.7489843961584134,0.9858338699291693
0.7491510593529301,0.9858338699291693
0.7491927251515593,0.9858338699291693
0.7493385554467615,0.9858338699291693
0.7493802212453907,0.9858338699291693
0.7494843857419637,0.9858338699291693
0.7495468844399075,0.9858338699291693
0.7498385450303119,0.9858338699291693
0.7498802108289411,0.9858338699291693
0.75019270431866,0.9858338699291693
0.7502343701172892,0.9858338699291693
0.750505197808379,0.9858338699291693
0.7505468636070082,0.9858338699291693
0.750817691298098,0.9858338699291693
0.7509843544926147,0.9858338699291693
0.751484344076165,0.9858338699291693
0.751484344076165,0.9864777849323889
0.7520884981562884,0.9864777849323889
0.7521301639549176,0.9864777849323889
0.7522759942501198,0.9864777849323889
0.752317660048749,0.9864777849323889
0.7524009916460074,0.9864777849323889
0.7524426574446366,0.9864777849323889
0.7525676548405241,0.9864777849323889
0.7526926522364118,0.9864777849323889
0.752734318035041,0.9864777849323889
0.7530468115247599,0.9864777849323889
0.7531301431220183,0.9864777849323889
0.7534426366117373,0.9864777849323889
0.7535468011083103,0.9864777849323889
0.7536717985041979,0.9864777849323889
0.753713464302827,0.9864777849323889
0.7543176183829503,0.9864777849323889
0.7543592841815796,0.9864777849323889
0.7543801170808941,0.9864777849323889
0.754442615778838,0.9864777849323889
0.7546092789733547,0.9864777849323889
0.7546509447719839,0.9864777849323889
0.7548176079665007,0.9864777849323889
0.7548592737651298,0.9864777849323889
0.7551092685569051,0.9864777849323889
0.7551926001541635,0.9864777849323889
0.7555675923418262,0.9864777849323889
0.7556092581404554,0.9864777849323889
0.7568383992000167,0.9864777849323889
0.7568800649986459,0.9864777849323889
0.7569633965959043,0.9864777849323889
0.7570050623945335,0.9864777849323889
0.7575258848773984,0.9864777849323889
0.7577758796691736,0.9864777849323889
0.7588591904335327,0.9864777849323889
0.758942522030791,0.9864777849323889
0.7590258536280494,0.9864777849323889
0.7590675194266786,0.9864777849323889
0.7602758275869252,0.9864777849323889
0.7603174933855544,0.9864777849323889
0.7603591591841836,0.9864777849323889
0.7604008249828128,0.9864777849323889
0.7607758171704756,0.9864777849323889
0.7608174829691048,0.9864777849323889
0.7609841461636216,0.9864777849323889
0.7610258119622508,0.9864777849323889
0.76106747776088,0.9864777849323889
0.7611091435595092,0.9864777849323889
0.7612341409553968,0.9864777849323889
0.761275806754026,0.9864777849323889
0.7613591383512843,0.9864777849323889
0.7614008041499135,0.9864777849323889
0.7618591279348347,0.9864777849323889
0.7619216266327785,0.9864777849323889
0.7619632924314077,0.9864777849323889
0.7621507885252391,0.9864777849323889
0.7621716214245536,0.9864777849323889
0.7622132872231828,0.9864777849323889
0.7627341097060478,0.9864777849323889
0.762775775504677,0.9864777849323889
0.7631299347930252,0.9864777849323889
0.7631716005916543,0.9864777849323889
0.7635674256786317,0.9864777849323889
0.76365075727589,0.9864777849323889
0.7638590862690361,0.9864777849323889
0.7639007520676653,0.9864777849323889
0.7641507468594404,0.9864777849323889
0.7641924126580696,0.9864777849323889
0.7642965771546426,0.9864777849323889
0.7643382429532718,0.9864777849323889
0.7645049061477885,0.9864777849323889
0.7645465719464177,0.9864777849323889
0.7649423970333952,0.9864777849323889
0.7650048957313389,0.9864777849323889
0.7651090602279119,0.9864777849323889
0.7651507260265411,0.9864777849323889
0.7652340576237995,0.9864777849323889
0.7652757234224287,0.9864777849323889
0.7653382221203725,0.9864777849323889
0.766088206495698,0.9864777849323889
0.7661507051936418,0.9864777849323889
0.7662548696902148,0.9864777849323889
0.766296535488844,0.9864777849323889
0.7665673631799338,0.9864777849323889
0.766609028978563,0.9864777849323889
0.7666506947771922,0.9864777849323889
0.7666923605758214,0.9864777849323889
0.7667756921730797,0.9864777849323889
0.7667756921730797,0.9871216999356085
0.7668173579717089,0.9871216999356085
0.7670465198641695,0.9871216999356085
0.7670881856627987,0.9871216999356085
0.7677756713401804,0.9871216999356085
0.7678173371388096,0.9871216999356085
0.7681923293264724,0.9871216999356085
0.7682339951251016,0.9871216999356085
0.7687756505072811,0.9871216999356085
0.768879815003854,0.9871216999356085
0.7689214808024832,0.9871216999356085
0.7692756400908315,0.9871216999356085
0.7693173058894607,0.9871216999356085
0.7693589716880899,0.9871216999356085
0.769400637486719,0.9871216999356085
0.7695881335805504,0.9871216999356085
0.7696297993791796,0.9871216999356085
0.7696922980771234,0.9871216999356085
0.7697339638757525,0.9871216999356085
0.7702131205599884,0.9871216999356085
0.7702547863586175,0.9871216999356085
0.7706297785462802,0.9871216999356085
0.7706714443449095,0.9871216999356085
0.7707339430428533,0.9871216999356085
0.7707964417407971,0.9871216999356085
0.7709631049353138,0.9871216999356085
0.771004770733943,0.9871216999356085
0.7710672694318869,0.9871216999356085
0.7710672694318869,0.9877656149388281
0.7711922668277744,0.9877656149388281
0.771317264223662,0.9877656149388281
0.7717130893106393,0.9877656149388281
0.7717547551092686,0.9877656149388281
0.773233890960605,0.9877656149388281
0.773233890960605,0.9884095299420477
0.7733380554571779,0.9884095299420477
0.7733797212558071,0.9884095299420477
0.7735672173496385,0.9884095299420477
0.7736088831482677,0.9884095299420477
0.7738380450407283,0.9884095299420477
0.7738797108393575,0.9884095299420477
0.7739005437386721,0.9884095299420477
0.7739422095373013,0.9884095299420477
0.7740047082352451,0.9884095299420477
0.7740672069331889,0.9884095299420477
0.774108872731818,0.9884095299420477
0.7741505385304472,0.9884095299420477
0.7744005333222225,0.9884095299420477
0.7745671965167392,0.9884095299420477
0.7746921939126268,0.9884095299420477
0.774733859711256,0.9884095299420477
0.7754630111872669,0.9884095299420477
0.7755255098852107,0.9884095299420477
0.7757338388783567,0.9884095299420477
0.7757755046769859,0.9884095299420477
0.7758796691735589,0.9884095299420477
0.7759213349721881,0.9884095299420477
0.7762963271598509,0.9884095299420477
0.77633799295848,0.9884095299420477
0.7764421574550531,0.9884095299420477
0.7765254890523114,0.9884095299420477
0.7766713193475135,0.9884095299420477
0.7767129851461428,0.9884095299420477
0.7772546405283223,0.9884095299420477
0.7773171392262661,0.9884095299420477
0.7777337972125581,0.9884095299420477
0.7777754630111873,0.9884095299420477
0.7781087894002209,0.9884095299420477
0.7781504551988501,0.9884095299420477
0.7784212828899398,0.9884095299420477
0.778462948688569,0.9884095299420477
0.7784837815878836,0.9884095299420477
0.7785462802858274,0.9884095299420477
0.7787337763796588,0.9884095299420477
0.7787962750776025,0.9884095299420477
0.77919210016458,0.9884095299420477
0.7792337659632091,0.9884095299420477
0.7793587633590967,0.9884095299420477
0.7794004291577259,0.9884095299420477
0.7794629278556696,0.9884095299420477
0.7795045936542989,0.9884095299420477
0.7795462594529281,0.9884095299420477
0.7796295910501865,0.9884095299420477
0.7796295910501865,0.9890534449452673
0.7799004187412762,0.9890534449452673
0.7799420845399054,0.9890534449452673
0.7805462386200287,0.9890534449452673
0.780587904418658,0.9890534449452673
0.7807337347138601,0.9890534449452673
0.7807754005124893,0.9890534449452673
0.781983708672736,0.9890534449452673
0.7820253744713652,0.9890534449452673
0.7821503718672528,0.9890534449452673
0.782192037665882,0.9890534449452673
0.7825670298535448,0.9890534449452673
0.782608695652174,0.9890534449452673
0.7833586800274994,0.9890534449452673
0.7835045103227016,0.9890534449452673
0.783900335409679,0.9890534449452673
0.7839420012083081,0.9890534449452673
0.7841919960000834,0.9890534449452673
0.7842753275973418,0.9890534449452673
0.7847336513822629,0.9890534449452673
0.7847961500802066,0.9890534449452673
0.7850669777712964,0.9890534449452673
0.7851503093685548,0.9890534449452673
0.7852544738651278,0.9890534449452673
0.7853169725630716,0.9890534449452673
0.7854628028582737,0.9890534449452673
0.7855669673548468,0.9890534449452673
0.785816962146622,0.9890534449452673
0.7859627924418241,0.9890534449452673
0.7860669569383971,0.9890534449452673
0.7861086227370263,0.9890534449452673
0.7864836149246891,0.9890534449452673
0.7865252807233183,0.9890534449452673
0.7867544426157789,0.9890534449452673
0.7867961084144081,0.9890534449452673
0.787108601904127,0.9890534449452673
0.7871502677027562,0.9890534449452673
0.7874419282931605,0.9890534449452673
0.7874835940917898,0.9890534449452673
0.7877960875815088,0.9890534449452673
0.7879210849773963,0.9890534449452673
0.7879627507760255,0.9890534449452673
0.7880044165746547,0.9890534449452673
0.7883794087623175,0.9890534449452673
0.788504406158205,0.9890534449452673
0.7889627299431262,0.9890534449452673
0.7890043957417554,0.9890534449452673
0.790108539405429,0.9890534449452673
0.7901502052040582,0.9890534449452673
0.7904418657944626,0.9890534449452673
0.7904835315930918,0.9890534449452673
0.7910876856732152,0.9890534449452673
0.7911293514718444,0.9890534449452673
0.7911501843711589,0.9890534449452673
0.7911918501697881,0.9890534449452673
0.7912543488677319,0.9890534449452673
0.7915043436595071,0.9890534449452673
0.7915876752567654,0.9890534449452673
0.7917126726526531,0.9890534449452673
0.7918793358471699,0.9890534449452673
0.7921084977396304,0.9890534449452673
0.7924209912293494,0.9890534449452673
0.7924834899272932,0.9890534449452673
0.7925876544238661,0.9890534449452673
0.7925876544238661,0.9896973599484868
0.792754317618383,0.9896973599484868
0.792754317618383,0.9903412749517064
0.7928376492156414,0.9903412749517064
0.7928793150142706,0.9903412749517064
0.7930043124101581,0.9903412749517064
0.793066811108102,0.9903412749517064
0.7932959730005625,0.9903412749517064
0.7934001374971354,0.9903412749517064
0.7940876231745172,0.9903412749517064
0.794150121872461,0.9903412749517064
0.7941917876710902,0.9903412749517064
0.7942751192683486,0.9903412749517064
0.7945042811608092,0.9903412749517064
0.7945459469594384,0.9903412749517064
0.7946501114560114,0.9903412749517064
0.7947334430532698,0.9903412749517064
0.7948584404491573,0.9903412749517064
0.7949001062477865,0.9903412749517064
0.7951709339388763,0.9903412749517064
0.7952125997375055,0.9903412749517064
0.7959417512135164,0.9903412749517064
0.7960042499114601,0.9903412749517064
0.7962125789046062,0.9903412749517064
0.7962542447032354,0.9903412749517064
0.7963584091998084,0.9903412749517064
0.7964625736963813,0.9903412749517064
0.7965667381929543,0.9903412749517064
0.7966292368908982,0.9903412749517064
0.7968583987833587,0.9903412749517064
0.7969000645819879,0.9903412749517064
0.7975042186621112,0.9903412749517064
0.7975458844607404,0.9903412749517064
0.7980458740442907,0.9903412749517064
0.7980875398429199,0.9903412749517064
0.7981292056415491,0.9903412749517064
0.7981708714401783,0.9903412749517064
0.7982542030374368,0.9903412749517064
0.798295868836066,0.9903412749517064
0.7984208662319535,0.9903412749517064
0.7985041978292119,0.9903412749517064
0.7993166809024812,0.9903412749517064
0.7993583467011104,0.9903412749517064
0.8000249994791775,0.9903412749517064
0.8000666652778067,0.9903412749517064
0.8003583258682111,0.9903412749517064
0.8004416574654695,0.9903412749517064
0.8009416470490198,0.9903412749517064
0.800983312847649,0.9903412749517064
0.8011708089414804,0.9903412749517064
0.8012749734380534,0.9903412749517064
0.8017332972229745,0.9903412749517064
0.8017957959209183,0.9903412749517064
0.8018791275181767,0.9903412749517064
0.8019207933168059,0.9903412749517064
0.8022124539072103,0.9903412749517064
0.8023166184037832,0.9903412749517064
0.8024624486989854,0.9903412749517064
0.8025041144976146,0.9903412749517064
0.8026499447928168,0.9903412749517064
0.802691610591446,0.9903412749517064
0.8030249369804796,0.9903412749517064
0.8030666027791088,0.9903412749517064
0.8038165871544343,0.9903412749517064
0.8039415845503218,0.9903412749517064
0.8040040832482657,0.9903412749517064
0.8041082477448387,0.9903412749517064
0.8041707464427824,0.9903412749517064
0.80429574383867,0.9903412749517064
0.8044415741338722,0.9903412749517064
0.8045457386304452,0.9903412749517064
0.804608237328389,0.9903412749517064
0.8046499031270182,0.9903412749517064
0.8046915689256474,0.9903412749517064
0.8047332347242766,0.9903412749517064
0.8048373992208495,0.9903412749517064
0.8048998979187934,0.9903412749517064
0.8050040624153664,0.9903412749517064
0.8051707256098831,0.9903412749517064
0.8053165559050853,0.9903412749517064
0.8053582217037145,0.9903412749517064
0.8056290493948043,0.9903412749517064
0.8056707151934335,0.9903412749517064
0.8058373783879502,0.9903412749517064
0.8059415428845232,0.9903412749517064
0.8061707047769838,0.9903412749517064
0.8062748692735568,0.9903412749517064
0.8068165246557364,0.9903412749517064
0.8068373575550509,0.9909851899549259
0.8069623549509385,0.9909851899549259
0.8070040207495677,0.9909851899549259
0.807608174829691,0.9909851899549259
0.8076498406283202,0.9909851899549259
0.8083998250036457,0.9909851899549259
0.8087331513926793,0.9909851899549259
0.8088789816878815,0.9909851899549259
0.8089206474865107,0.9909851899549259
0.8090873106810275,0.9909851899549259
0.8092331409762297,0.9909851899549259
0.8092539738755442,0.9909851899549259
0.8092956396741735,0.9909851899549259
0.809316472573488,0.9909851899549259
0.8093581383721172,0.9909851899549259
0.809837295056353,0.9909851899549259
0.8098789608549822,0.9909851899549259
0.8099206266536114,0.9909851899549259
0.8099831253515551,0.9909851899549259
0.810045624049499,0.9909851899549259
0.8101914543447012,0.9909851899549259
0.8102122872440157,0.9909851899549259
0.8103997833378471,0.9909851899549259
0.8104206162371618,0.9909851899549259
0.8105872794316785,0.9909851899549259
0.8110039374179705,0.9909851899549259
0.8110456032165997,0.9909851899549259
0.8111081019145434,0.9909851899549259
0.8111081019145434,0.9916291049581455
0.8111706006124872,0.9916291049581455
0.8112122664111164,0.9916291049581455
0.8118164204912398,0.9916291049581455
0.8119622507864419,0.9916291049581455
0.8120039165850711,0.9916291049581455
0.8120455823837004,0.9916291049581455
0.8121080810816441,0.9916291049581455
0.8121497468802733,0.9916291049581455
0.8122539113768463,0.9916291049581455
0.8123372429741047,0.9916291049581455
0.813462219537093,0.9916291049581455
0.813462219537093,0.9922730199613651
0.8136080498322952,0.9922730199613651
0.8136497156309244,0.9922730199613651
0.8137538801274974,0.9922730199613651
0.8137955459261266,0.9922730199613651
0.8138997104226995,0.9922730199613651
0.8139413762213287,0.9922730199613651
0.8139622091206433,0.9922730199613651
0.8140247078185872,0.9922730199613651
0.8149205224891148,0.9922730199613651
0.814962188287744,0.9922730199613651
0.8163788254411366,0.9922730199613651
0.8164204912397658,0.9922730199613651
0.816774650528114,0.9922730199613651
0.8168371492260578,0.9922730199613651
0.8171704756150914,0.9922730199613651
0.8172121414137206,0.9922730199613651
0.8173163059102936,0.9922730199613651
0.8173579717089228,0.9922730199613651
0.8174204704068665,0.9922730199613651
0.8175038020041249,0.9922730199613651
0.8178162954938438,0.9922730199613651
0.8178579612924731,0.9922730199613651
0.8178787941917877,0.9922730199613651
0.817962125789046,0.9922730199613651
0.8180037915876752,0.9922730199613651
0.8180454573863044,0.9922730199613651
0.8188371075602592,0.9922730199613651
0.8188787733588884,0.9922730199613651
0.8188996062582029,0.9922730199613651
0.8189621049561467,0.9922730199613651
0.8190454365534051,0.9922730199613651
0.819212099747922,0.9922730199613651
0.8192537655465512,0.9922730199613651
0.8192745984458657,0.9922730199613651
0.8193370971438095,0.9922730199613651
0.8193787629424387,0.9922730199613651
0.8194412616403824,0.9922730199613651
0.8196079248348993,0.9922730199613651
0.819670423532843,0.9922730199613651
0.8197120893314722,0.9922730199613651
0.8197537551301014,0.9922730199613651
0.8198370867273599,0.9922730199613651
0.8208787316930898,0.9922730199613651
0.8209412303910335,0.9922730199613651
0.8214620528738985,0.9922730199613651
0.8215037186725277,0.9922730199613651
0.8218370450615612,0.9922730199613651
0.8218787108601904,0.9922730199613651
0.8225036978396283,0.9922730199613651
0.8225661965375721,0.9922730199613651
0.8232536822149539,0.9922730199613651
0.8232953480135831,0.9922730199613651
0.8233786796108414,0.9922730199613651
0.8234203454094706,0.9922730199613651
0.8238578362950771,0.9922730199613651
0.8238995020937063,0.9922730199613651
0.8245244890731444,0.9922730199613651
0.8246078206704027,0.9922730199613651
0.8247536509656049,0.9922730199613651
0.8247953167642341,0.9922730199613651
0.8248578154621778,0.9922730199613651
0.8250453115560092,0.9922730199613651
0.8251494760525823,0.9922730199613651
0.8254619695423012,0.9922730199613651
0.8255036353409304,0.9922730199613651
0.825732797233391,0.9922730199613651
0.8257744630320202,0.9922730199613651
0.8260244578237953,0.9922730199613651
0.8261077894210537,0.9922730199613651
0.8264202829107727,0.9922730199613651
0.8264619487094019,0.9922730199613651
0.8269411053936376,0.9922730199613651
0.8269827711922668,0.9922730199613651
0.8271911001854128,0.9922730199613651
0.827232765984042,0.9922730199613651
0.8272744317826712,0.9922730199613651
0.8273160975813004,0.9922730199613651
0.8275035936751318,0.9922730199613651
0.827545259473761,0.9922730199613651
0.8278369200641653,0.9922730199613651
0.8278785858627945,0.9922730199613651
0.8278994187621092,0.9929169349645847
0.8279410845607383,0.9929169349645847
0.8279410845607383,0.9935608499678042
0.8280035832586821,0.9935608499678042
0.8280452490573114,0.9935608499678042
0.8286910689360638,0.9935608499678042
0.8287744005333222,0.9935608499678042
0.8288785650298952,0.9935608499678042
0.8289202308285244,0.9935608499678042
0.829149392720985,0.9935608499678042
0.8291910585196142,0.9935608499678042
0.8295243849086478,0.9935608499678042
0.829566050707277,0.9935608499678042
0.8297327139017937,0.9935608499678042
0.8297743797004229,0.9935608499678042
0.8302118705860294,0.9935608499678042
0.8302535363846587,0.9935608499678042
0.83044103247849,0.9935608499678042
0.8304826982771192,0.9935608499678042
0.8306076956730069,0.9935608499678042
0.8307118601695798,0.9935608499678042
0.8313160142497031,0.9935608499678042
0.8313576800483323,0.9935608499678042
0.8314410116455907,0.9935608499678042
0.8314826774442199,0.9935608499678042
0.8316493406387367,0.9935608499678042
0.8316910064373659,0.9935608499678042
0.8317951709339388,0.9935608499678042
0.8318576696318827,0.9935608499678042
0.831941001229141,0.9935608499678042
0.8319826670277702,0.9935608499678042
0.832461823712006,0.9935608499678042
0.8325034895106352,0.9935608499678042
0.8328576487989834,0.9935608499678042
0.8328993145976126,0.9935608499678042
0.8332534738859607,0.9935608499678042
0.8332951396845899,0.9935608499678042
0.834482614945522,0.9935608499678042
0.8345659465427804,0.9935608499678042
0.8350867690256453,0.9935608499678042
0.8351284348242745,0.9935608499678042
0.8353159309181059,0.9935608499678042
0.8355034270119372,0.9935608499678042
0.8355450928105664,0.9935608499678042
0.8355659257098811,0.9942047649710238
0.8356075915085103,0.9942047649710238
0.8356492573071395,0.9942047649710238
0.835982583696173,0.9942047649710238
0.8360450823941168,0.9942047649710238
0.8367742338701277,0.9942047649710238
0.8368158996687569,0.9942047649710238
0.8368367325680715,0.9942047649710238
0.8368783983667007,0.9942047649710238
0.8370867273598467,0.9942047649710238
0.8371283931584759,0.9942047649710238
0.8371492260577904,0.9942047649710238
0.8372117247557342,0.9942047649710238
0.8374200537488802,0.9942047649710238
0.8374617195475095,0.9942047649710238
0.837482552446824,0.9942047649710238
0.8375242182454532,0.9942047649710238
0.837586716943397,0.9942047649710238
0.8377533801379138,0.9942047649710238
0.837795045936543,0.9942047649710238
0.8378158788358576,0.9942047649710238
0.8378575446344868,0.9942047649710238
0.8400658319618342,0.9942047649710238
0.8401074977604633,0.9942047649710238
0.8416491323097436,0.9942047649710238
0.8417116310076873,0.9942047649710238
0.8418157955042603,0.9942047649710238
0.8419407929001479,0.9942047649710238
0.8424824482823274,0.9942047649710238
0.8425241140809566,0.9942047649710238
0.8426282785775296,0.9942047649710238
0.8426699443761588,0.9942047649710238
0.8429407720672486,0.9942047649710238
0.8429824378658778,0.9942047649710238
0.843232432657653,0.9942047649710238
0.8433365971542259,0.9942047649710238
0.8439615841336638,0.9942047649710238
0.844003249932293,0.9942047649710238
0.8440657486302369,0.9942047649710238
0.8440657486302369,0.9948486799742434
0.8445865711131018,0.9948486799742434
0.8446282369117311,0.9948486799742434
0.8447532343076186,0.9948486799742434
0.8447949001062478,0.9948486799742434
0.8448782317035062,0.9948486799742434
0.8449198975021354,0.9948486799742434
0.8452740567904835,0.9948486799742434
0.8453157225891127,0.9948486799742434
0.8455240515822587,0.9948486799742434
0.8455657173808879,0.9948486799742434
0.8458782108706069,0.9948486799742434
0.8459198766692361,0.9948486799742434
0.8460032082664944,0.9948486799742434
0.8460448740651236,0.9948486799742434
0.8468573571383929,0.9948486799742434
0.8468990229370221,0.9948486799742434
0.8472948480239995,0.9948486799742434
0.8473573467219433,0.9948486799742434
0.8482739942917856,0.9948486799742434
0.8483364929897294,0.9948486799742434
0.8490031457677965,0.9948486799742434
0.8490448115664258,0.9948486799742434
0.8496281327472345,0.9948486799742434
0.8496697985458637,0.9948486799742434
0.8497114643444929,0.9948486799742434
0.849753130143122,0.9948486799742434
0.8498989604383242,0.9948486799742434
0.8499406262369534,0.9948486799742434
0.8500447907335263,0.9948486799742434
0.8500864565321555,0.9948486799742434
0.8505239474177622,0.9948486799742434
0.8505656132163913,0.9948486799742434
0.851044769900627,0.9948486799742434
0.8510864356992562,0.9948486799742434
0.8512739317930876,0.9948486799742434
0.851357263390346,0.9948486799742434
0.8515239265848629,0.9948486799742434
0.851565592383492,0.9948486799742434
0.8521489135643008,0.9948486799742434
0.85219057936293,0.9948486799742434
0.8522530780608737,0.9948486799742434
0.8522947438595029,0.9948486799742434
0.8523780754567614,0.9948486799742434
0.8524197412553906,0.9948486799742434
0.8529822295368846,0.9948486799742434
0.8530238953355138,0.9948486799742434
0.8534405533218058,0.9948486799742434
0.853482219120435,0.9948486799742434
0.8535030520197496,0.9948486799742434
0.8535447178183788,0.9948486799742434
0.8536488823149517,0.9948486799742434
0.8536905481135809,0.9948486799742434
0.8537947126101539,0.9948486799742434
0.8538363784087831,0.9948486799742434
0.8540863732005584,0.9948486799742434
0.8541280389991875,0.9948486799742434
0.8541697047978167,0.9948486799742434
0.8543363679923335,0.9948486799742434
0.8543780337909627,0.9948486799742434
0.8543780337909627,0.995492594977463
0.8543988666902773,0.995492594977463
0.8545030311868502,0.995492594977463
0.85477385887794,0.995492594977463
0.8549196891731422,0.995492594977463
0.855086352367659,0.995492594977463
0.8551280181662883,0.995492594977463
0.8554196787566926,0.995492594977463
0.8554613445553217,0.995492594977463
0.85658632111831,0.995492594977463
0.8566279869169392,0.995492594977463
0.857002979104602,0.995492594977463
0.8570446449032312,0.995492594977463
0.8572946396950063,0.995492594977463
0.8573571383929501,0.995492594977463
0.8574613028895232,0.995492594977463
0.8575446344867815,0.995492594977463
0.8578779608758151,0.995492594977463
0.8579196266744443,0.995492594977463
0.8582737859627925,0.995492594977463
0.8583154517614217,0.995492594977463
0.8586279452511406,0.995492594977463
0.8587946084456574,0.995492594977463
0.858815441344972,0.995492594977463
0.8588987729422304,0.995492594977463
0.8589196058415449,0.995492594977463
0.8589612716401742,0.995492594977463
0.8596487573175559,0.995492594977463
0.8597112560154997,0.995492594977463
0.860107081102477,0.995492594977463
0.8601487469011062,0.995492594977463
0.8601904126997354,0.995492594977463
0.8602737442969938,0.9961365099806826
0.8604404074915106,0.9961365099806826
0.8604820732901398,0.9961365099806826
0.8609612299743755,0.9961365099806826
0.8610028957730047,0.9961365099806826
0.8613362221620383,0.9961365099806826
0.8613778879606675,0.9961365099806826
0.8618362117455887,0.9961365099806826
0.8618362117455887,0.9967804249839022
0.8624611987250266,0.9967804249839022
0.8625028645236558,0.9967804249839022
0.8628778567113186,0.9967804249839022
0.8629195225099477,0.9967804249839022
0.8629820212078915,0.9967804249839022
0.8630236870065207,0.9967804249839022
0.8640028332743068,0.9967804249839022
0.864044499072936,0.9967804249839022
0.8647528176496323,0.9967804249839022
0.8647944834482615,0.9967804249839022
0.864919480844149,0.9967804249839022
0.8654611362263286,0.9967804249839022
0.8655028020249578,0.9967804249839022
0.8665652798900023,0.9967804249839022
0.8666069456886315,0.9967804249839022
0.8666694443865752,0.9967804249839022
0.8667111101852045,0.9967804249839022
0.866940272077665,0.9967804249839022
0.8669819378762943,0.9967804249839022
0.8672319326680694,0.9967804249839022
0.8672735984666986,0.9967804249839022
0.8677319222516198,0.9967804249839022
0.8677319222516198,0.9974243399871217
0.8678152538488781,0.9974243399871217
0.8678152538488781,0.9980682549903412
0.8678569196475073,0.9980682549903412
0.8679194183454512,0.9980682549903412
0.8679610841440804,0.9980682549903412
0.8681277473385971,0.9980682549903412
0.8682944105331138,0.9980682549903412
0.8683152434324285,0.9980682549903412
0.8683569092310577,0.9980682549903412
0.8690027291098102,0.9980682549903412
0.8690443949084394,0.9980682549903412
0.8692527239015854,0.9980682549903412
0.8692943897002146,0.9980682549903412
0.8693360554988437,0.9980682549903412
0.8693985541967876,0.9980682549903412
0.8698985437803379,0.9980682549903412
0.8699402095789671,0.9980682549903412
0.8701068727734839,0.9980682549903412
0.870148538572113,0.9980682549903412
0.8707110268536072,0.9980682549903412
0.8707110268536072,0.9987121699935608
0.8712110164371576,0.9987121699935608
0.8712526822357868,0.9987121699935608
0.8722318285035728,0.9987121699935608
0.872273494302202,0.9987121699935608
0.8724401574967188,0.9987121699935608
0.8725026561946626,0.9987121699935608
0.8732109747713589,0.9987121699935608
0.8733359721672466,0.9987121699935608
0.8735443011603925,0.9987121699935608
0.8735859669590217,0.9987121699935608
0.8737526301535384,0.9987121699935608
0.8737942959521676,0.9987121699935608
0.874085956542572,0.9987121699935608
0.8741901210391451,0.9987121699935608
0.8743151184350326,0.9987121699935608
0.874398450032291,0.9987121699935608
0.8749401054144705,0.9987121699935608
0.8750026041124144,0.9987121699935608
0.8751692673069311,0.9987121699935608
0.8753359305014479,0.9987121699935608
0.8756484239911668,0.9987121699935608
0.8757109226891107,0.9987121699935608
0.876002583279515,0.9987121699935608
0.876210912272661,0.9987121699935608
0.8767942334534697,0.9987121699935608
0.8768358992520989,0.9987121699935608
0.8769192308493573,0.9987121699935608
0.876940063748672,0.9987121699935608
0.877085894043874,0.9987121699935608
0.8772317243390763,0.9987121699935608
0.8773775546342785,0.9987121699935608
0.877398387533593,0.9987121699935608
0.8774400533322222,0.9987121699935608
0.8775650507281099,0.9987121699935608
0.8777942126205704,0.9987121699935608
0.877815045519885,0.9987121699935608
0.8778567113185142,0.9987121699935608
0.8780442074123456,0.9987121699935608
0.8780858732109748,0.9987121699935608
0.8781900377075478,0.9987121699935608
0.878231703506177,0.9987121699935608
0.8791691839753338,0.9987121699935608
0.879210849773963,0.9987121699935608
0.8792733484719069,0.9987121699935608
0.879315014270536,0.9987121699935608
0.8794608445657383,0.9987121699935608
0.8795025103643674,0.9987121699935608
0.8801274973438054,0.9987121699935608
0.8801691631424345,0.9987121699935608
0.8805024895314681,0.9987121699935608
0.8805441553300973,0.9987121699935608
0.8807524843232433,0.9987121699935608
0.8807941501218725,0.9987121699935608
0.8808774817191308,0.9987121699935608
0.8809399804170747,0.9987121699935608
0.8810441449136477,0.9987121699935608
0.8811274765109061,0.9987121699935608
0.8813149726047375,0.9987121699935608
0.881439970000625,0.9987121699935608
0.8815441344971979,0.9987121699935608
0.8816274660944564,0.9987121699935608
0.8816691318930856,0.9987121699935608
0.8818774608862315,0.9987121699935608
0.8819191266848607,0.9987121699935608
0.8822316201745797,0.9987121699935608
0.8822732859732089,0.9987121699935608
0.8827941084560739,0.9987121699935608
0.8829191058519614,0.9987121699935608
0.8829816045499053,0.9987121699935608
0.8830857690464782,0.9987121699935608
0.8832107664423657,0.9987121699935608
0.883252432240995,0.9987121699935608
0.8833149309389388,0.9987121699935608
0.883356596737568,0.9987121699935608
0.8835440928313993,0.9987121699935608
0.8836065915293432,0.9987121699935608
0.8836690902272869,0.9987121699935608
0.8837315889252307,0.9987121699935608
0.8837940876231745,0.9987121699935608
0.884023249515635,0.9987121699935608
0.8840649153142642,0.9987121699935608
0.8841482469115227,0.9987121699935608
0.8842315785087811,0.9987121699935608
0.8843774088039833,0.9987121699935608
0.8845649048978146,0.9987121699935608
0.8845649048978146,0.9993560849967804
0.8847732338909606,0.9993560849967804
0.884856565488219,0.9993560849967804
0.8848982312868482,0.9993560849967804
0.8849815628841066,0.9993560849967804
0.8851273931793088,0.9993560849967804
0.885169058977938,0.9993560849967804
0.8852107247765671,0.9993560849967804
0.885273223474511,0.9993560849967804
0.8858148788566905,0.9993560849967804
0.8858982104539489,0.9993560849967804
0.8861273723464095,0.9993560849967804
0.8862107039436679,0.9993560849967804
0.8862732026416116,0.9993560849967804
0.8863357013395554,0.9993560849967804
0.8867523593258474,0.9993560849967804
0.8867940251244766,0.9993560849967804
0.8870023541176225,0.9993560849967804
0.8870440199162517,0.9993560849967804
0.8871690173121394,0.9993560849967804
0.8872315160100831,0.9993560849967804
0.8875231766004875,0.9993560849967804
0.8875856752984312,0.9993560849967804
0.8877315055936335,0.9993560849967804
0.8877940042915773,0.9993560849967804
0.8879398345867795,0.9993560849967804
0.8879815003854087,0.9993560849967804
0.8883564925730714,0.9993560849967804
0.8883981583717006,0.9993560849967804
0.8886481531634758,0.9993560849967804
0.888689818962105,0.9993560849967804
0.8887731505593633,0.9993560849967804
0.8888148163579925,0.9993560849967804
0.8889398137538801,0.9993560849967804
0.8889814795525093,0.9993560849967804
0.8890231453511385,0.9993560849967804
0.8890648111497678,0.9993560849967804
0.8891273098477115,0.9993560849967804
0.890398116705902,0.9993560849967804
0.8904189496052165,0.9993560849967804
0.8904606154038458,0.9993560849967804
0.8913564300743735,0.9993560849967804
0.8913980958730027,0.9993560849967804
0.8914397616716319,0.9993560849967804
0.891689756463407,0.9993560849967804
0.891898085456553,0.9993560849967804
0.8920022499531259,0.9993560849967804
0.8920647486510698,0.9993560849967804
0.892106414449699,0.9993560849967804
0.8921272473490136,0.9993560849967804
0.8921689131476428,0.9993560849967804
0.8922314118455865,0.9993560849967804
0.8922730776442157,0.9993560849967804
0.8923564092414742,0.9993560849967804
0.8923980750401034,0.9993560849967804
0.8924189079394179,0.9993560849967804
0.8925230724359909,0.9993560849967804
0.8925439053353055,0.9993560849967804
0.8927522343284515,0.9993560849967804
0.8928147330263952,0.9993560849967804
0.8928563988250244,0.9993560849967804
0.8930647278181705,0.9993560849967804
0.8931063936167997,0.9993560849967804
0.8931688923147434,0.9993560849967804
0.8932522239120019,0.9993560849967804
0.8932730568113164,0.9993560849967804
0.8933147226099456,0.9993560849967804
0.8935230516030916,0.9993560849967804
0.89360638320035,0.9993560849967804
0.8940438740859565,0.9993560849967804
0.8940855398845857,0.9993560849967804
0.8943147017770463,0.9993560849967804
0.8943563675756755,0.9993560849967804
0.8945855294681361,0.9993560849967804
0.8946688610653944,0.9993560849967804
0.8948771900585405,0.9993560849967804
0.8949188558571697,0.9993560849967804
0.8950855190516864,0.9993560849967804
0.8951480177496303,0.9993560849967804
0.8951896835482595,0.9993560849967804
0.8956688402324952,0.9993560849967804
0.8957105060311243,0.9993560849967804
0.895731338930439,0.9993560849967804
0.8962521614133039,0.9993560849967804
0.8963771588091914,0.9993560849967804
0.8964188246078206,0.9993560849967804
0.8966479865002812,0.9993560849967804
0.8966896522989104,0.9993560849967804
0.8967313180975396,0.9993560849967804
0.8967729838961689,0.9993560849967804
0.897335472177663,0.9993560849967804
0.8974813024728652,0.9993560849967804
0.8978354617612133,0.9993560849967804
0.8981687881502469,0.9993560849967804
0.8982312868481906,0.9993560849967804
0.8983354513447637,0.9993560849967804
0.8983771171433929,0.9993560849967804
0.898418782942022,0.9993560849967804
0.8984812816399659,0.9993560849967804
0.8985437803379096,0.9993560849967804
0.8985854461365388,0.9993560849967804
0.8986687777337972,0.9993560849967804
0.8987104435324265,0.9993560849967804
0.8989396054248869,0.9993560849967804
0.8990021041228308,0.9993560849967804
0.8991062686194038,0.9993560849967804
0.8991896002166622,0.9993560849967804
0.8994812608070665,0.9993560849967804
0.8995437595050103,0.9993560849967804
0.8997937542967854,0.9993560849967804
0.8998354200954147,0.9993560849967804
0.8998562529947293,0.9993560849967804
0.8998979187933585,0.9993560849967804
0.9000437490885607,0.9993560849967804
0.9002104122830774,0.9993560849967804
0.9002729109810212,0.9993560849967804
0.9003562425782796,0.9993560849967804
0.900439574175538,0.9993560849967804
0.9004604070748526,0.9993560849967804
0.9005020728734818,0.9993560849967804
0.9006687360679986,0.9993560849967804
0.9007312347659424,0.9993560849967804
0.9010020624570322,0.9993560849967804
0.9010437282556614,0.9993560849967804
0.9010437282556614,1.0
0.9011062269536051,1.0
0.9017520468323577,1.0
0.9022103706172788,1.0
0.902252036415908,1.0
0.9023353680131664,1.0
0.9023770338117956,1.0
0.9026270286035708,1.0
0.9026478615028853,1.0
0.9026895273015145,1.0
0.9027311931001437,1.0
0.9027728588987729,1.0
0.9028770233953459,1.0
0.9029186891939751,1.0
0.9029395220932898,1.0
0.9030020207912335,1.0
0.9037728380658736,1.0
0.903856169663132,1.0
0.9039811670590197,1.0
0.9040228328576488,1.0
0.904064498656278,1.0
0.9041061644549072,1.0
0.9043561592466823,1.0
0.9043978250453115,1.0
0.9044603237432554,1.0
0.9045644882398284,1.0
0.9046061540384576,1.0
0.9046478198370868,1.0
0.9046894856357159,1.0
0.9048144830316035,1.0
0.9048561488302327,1.0
0.9048978146288619,1.0
0.9049603133268057,1.0
0.9051269765213225,1.0
0.9052311410178955,1.0
0.9052728068165247,1.0
0.9053353055144685,1.0
0.9054811358096706,1.0
0.9055436345076144,1.0
0.9055853003062436,1.0
0.9056894648028166,1.0
0.9057936292993896,1.0
0.9058352950980187,1.0
0.9062102872856815,1.0
0.9062519530843107,1.0
0.9062936188829399,1.0
0.9063977833795129,1.0
0.9064811149767713,1.0
0.906501947876086,1.0
0.9065436136747151,1.0
0.906647778171288,1.0
0.9066894439699172,1.0
0.9068144413658049,1.0
0.9068561071644341,1.0
0.906960271661007,1.0
0.9070227703589508,1.0
0.9070436032582655,1.0
0.9096268827732755,1.0
0.9096685485719047,1.0
0.9097935459677924,1.0
0.910022707860253,1.0
0.9100435407595675,1.0
0.9100852065581967,1.0
0.9102310368533989,1.0
0.9103143684506573,1.0
0.9103977000479156,1.0
0.910481031645174,1.0
0.9105018645444887,1.0
0.910585196141747,1.0
0.9106060290410617,1.0
0.911001854128039,1.0
0.9110851857252974,1.0
0.9111268515239266,1.0
0.9114393450136455,1.0
0.9115018437115894,1.0
0.9115435095102186,1.0
0.9115851753088478,1.0
0.91173100560405,1.0
0.9119393345971959,1.0
0.9119810003958251,1.0
0.9120018332951397,1.0
0.9120643319930835,1.0
0.9120851648923981,1.0
0.9121476635903418,1.0
0.9122726609862295,1.0
0.9123143267848587,1.0
0.9123768254828024,1.0
0.9124393241807462,1.0
0.91250182287869,1.0
0.9127934834690944,1.0
0.9129601466636111,1.0
0.913022645361555,1.0
0.9131684756567572,1.0
0.9132101414553864,1.0
0.9132518072540156,1.0
0.9132934730526447,1.0
0.9133768046499031,1.0
0.9134184704485323,1.0
0.9135018020457907,1.0
0.9137934626361951,1.0
0.9138142955355096,1.0
0.9138976271327681,1.0
0.914001791629341,1.0
0.9141892877231724,1.0
0.9142309535218016,1.0
0.9142934522197455,1.0
0.9143351180183746,1.0
0.9143976167163184,1.0
0.9144809483135768,1.0
0.9145642799108352,1.0
0.9146059457094644,1.0
0.914626778608779,1.0
0.9146892773067228,1.0
0.914730943105352,1.0
0.9150851023937001,1.0
0.9151267681923293,1.0
0.9151684339909585,1.0
0.9162100789566884,1.0
0.9162934105539468,1.0
0.9163559092518906,1.0
0.9163975750505198,1.0
0.916439240849149,1.0
0.9164809066477781,1.0
0.9165225724464073,1.0
0.9165850711443512,1.0
0.916960063332014,1.0
0.9171267265265307,1.0
0.9171683923251599,1.0
0.9172933897210475,1.0
0.9173767213183058,1.0
0.9174392200162497,1.0
0.9176892148080248,1.0
0.9177100477073394,1.0
0.9178142122039125,1.0
0.9178558780025416,1.0
0.9183767004854065,1.0
0.9184183662840357,1.0
0.9185016978812941,1.0
0.9185433636799233,1.0
0.9185850294785526,1.0
0.9186475281764963,1.0
0.9188141913710131,1.0
0.9188766900689569,1.0
0.9190641861627883,1.0
0.919126684860732,1.0
0.9193558467531926,1.0
0.9193975125518218,1.0
0.9196058415449678,1.0
0.919647507343597,1.0
0.9196891731422262,1.0
0.9198766692360576,1.0
0.9200433324305743,1.0
0.9200849982292035,1.0
0.9201474969271474,1.0
0.9201891627257766,1.0
0.9202308285244057,1.0
0.9202724943230349,1.0
0.920376658819608,1.0
0.9205641549134393,1.0
0.9207099852086414,1.0
0.9207933168058999,1.0
0.9208974813024728,1.0
0.920939147101102,1.0
0.9209808128997312,1.0
0.9210641444969897,1.0
0.9211474760942481,1.0
0.9211683089935626,1.0
0.9212933063894502,1.0
0.9213766379867087,1.0
0.9214183037853378,1.0
0.9217516301743713,1.0
0.9218349617716297,1.0
0.9218766275702589,1.0
0.9220432907647758,1.0
0.9220641236640903,1.0
0.9221266223620341,1.0
0.9221474552613487,1.0
0.9223557842544947,1.0
0.9224391158517531,1.0
0.9224599487510677,1.0
0.9225224474490115,1.0
0.9225641132476406,1.0
0.9226266119455845,1.0
0.9228141080394159,1.0
0.9228974396366743,1.0
0.922959938334618,1.0
0.9230432699318765,1.0
0.9230849357305057,1.0
0.9231474344284494,1.0
0.9232099331263932,1.0
0.9232515989250224,1.0
0.9234390950188538,1.0
0.923480760817483,1.0
0.9236057582133705,1.0
0.9236265911126852,1.0
0.9237307556092581,1.0
0.9237932543072019,1.0
0.9238765859044603,1.0
0.9254598862523697,1.0
0.9255223849503136,1.0
0.9255848836482573,1.0
0.9256473823462011,1.0
0.9256890481448303,1.0
0.9257307139434595,1.0
0.9258348784400325,1.0
0.9259390429366054,1.0
0.9259807087352346,1.0
0.9260432074331785,1.0
0.9260640403324931,1.0
0.9261057061311223,1.0
0.9262098706276952,1.0
0.9263557009228974,1.0
0.9263765338222121,1.0
0.9265015312180996,1.0
0.9265431970167288,1.0
0.9266056957146727,1.0
0.926689027311931,1.0
0.9267306931105602,1.0
0.9267723589091894,1.0
0.9268140247078186,1.0
0.926897356305077,1.0
0.9269390221037062,1.0
0.9270431866002792,1.0
0.9270848523989084,1.0
0.9272931813920543,1.0
0.9273765129893127,1.0
0.9280431657673799,1.0
0.9281264973646383,1.0
0.9282098289618966,1.0
0.9282514947605258,1.0
0.9290014791358513,1.0
0.9292098081289973,1.0
0.9293556384241995,1.0
0.9294806358200871,1.0
0.9295223016187163,1.0
0.9296264661152893,1.0
0.9297514635111769,1.0
0.9297722964104914,1.0
0.9298556280077498,1.0
0.9301472885981542,1.0
0.9301889543967834,1.0
0.9302514530947272,1.0
0.9302931188933564,1.0
0.9303556175913001,1.0
0.9303764504906148,1.0
0.930418116289244,1.0
0.9304597820878732,1.0
0.9305431136851315,1.0
0.9310847690673111,1.0
0.9312097664631986,1.0
0.9312514322618278,1.0
0.9312930980604571,1.0
0.9313139309597717,1.0
0.9313555967584008,1.0
0.93139726255703,1.0
0.9315847586508614,1.0
0.9316055915501761,1.0
0.9316472573488053,1.0
0.9316680902481198,1.0
0.931709756046749,1.0
0.9317722547446928,1.0
0.9318347534426367,1.0
0.9318764192412659,1.0
0.9319389179392096,1.0
0.9319805837378388,1.0
0.9320430824357826,1.0
0.9320847482344118,1.0
0.9321472469323556,1.0
0.9322097456302993,1.0
0.9322514114289285,1.0
0.9322722443282432,1.0
0.9323764088248161,1.0
0.9325847378179621,1.0
0.9326680694152205,1.0
0.9329180642069956,1.0
0.9330013958042541,1.0
0.9330430616028833,1.0
0.9330847274015125,1.0
0.9331263932001417,1.0
0.9332097247974,1.0
0.9332722234953439,1.0
0.9333555550926023,1.0
0.9333972208912314,1.0
0.9334388866898606,1.0
0.9334597195891752,1.0
0.933522218287119,1.0
0.9335430511864337,1.0
0.9335847169850628,1.0
0.933626382783692,1.0
0.9337097143809504,1.0
0.9337722130788942,1.0
0.9338138788775234,1.0
0.9339597091727255,1.0
0.9339805420720402,1.0
0.9340222078706694,1.0
0.934043040769984,1.0
0.9341888710651861,1.0
0.9342097039645008,1.0
0.9342930355617591,1.0
0.9343138684610738,1.0
0.9344388658569613,1.0
0.9345013645549051,1.0
0.9347721922459948,1.0
0.9348346909439387,1.0
0.934918022541197,1.0
0.9351471844336576,1.0
0.9351888502322868,1.0
0.9352096831316015,1.0
0.935334680527489,1.0
0.9391054353034312,1.0
0.9391471011020603,1.0
0.9391887669006895,1.0
0.9394387616924648,1.0
0.939480427491094,1.0
0.9395220932897231,1.0
0.939584591987667,1.0
0.9397095893835545,1.0
0.9397720880814983,1.0
0.9398137538801274,1.0
0.9398345867794421,1.0
0.9403345763629924,1.0
0.9403970750609363,1.0
0.9404387408595655,1.0
0.9405012395575092,1.0
0.9405220724568238,1.0
0.9406262369533968,1.0
0.9407095685506552,1.0
0.9414803858252953,1.0
0.9415012187246099,1.0
0.9422303702006208,1.0
0.9424386991937668,1.0
0.942480364992396,1.0
0.9425220307910251,1.0
0.9425428636903398,1.0
0.9426261952875982,1.0
0.9426470281869128,1.0
0.9427511926834857,1.0
0.9427928584821149,1.0
0.9428345242807441,1.0
0.9429595216766318,1.0
0.9429803545759463,1.0
0.9450428116080914,1.0
0.9450844774067207,1.0
0.9454594695943834,1.0
0.9455428011916418,1.0
0.945584466990271,1.0
0.9456261327889003,1.0
0.9457719630841024,1.0
0.9458136288827316,1.0
0.9459802920772484,1.0
0.9461677881710797,1.0
0.9461886210703944,1.0
0.9468552738484615,1.0
0.9468969396470907,1.0
0.9469386054457198,1.0
0.947084435740922,1.0
0.9506260286244037,1.0
0.9507510260202913,1.0
0.9508760234161788,1.0
0.9508968563154935,1.0
0.952938480448324,1.0
0.9529593133476386,1.0
0.954334284702402,1.0
0.9557509218557947,1.0
0.9559800837482553,1.0
0.9560009166475698,1.0
0.9563967417345473,1.0
0.9565217391304348,1.0
0.9566050707276932,1.0
0.9566259036270077,1.0
0.9567300681235807,1.0
0.9568550655194683,1.0
0.9571467261098727,1.0
0.9572092248078165,1.0
0.957438386700277,1.0
0.9574592195995917,1.0
0.9580217078810858,1.0
0.9591050186454448,1.0
0.959146684444074,1.0
0.959980000416658,1.0
0.9600216662152872,1.0
0.9612508072748485,1.0
0.9625007812337243,1.0
0.9625632799316681,1.0
0.962667444428241,1.0
0.9646257369638133,1.0
0.9646674027624424,1.0
0.9646882356617571,1.0
0.9647507343597008,1.0
0.96479240015833,1.0
0.9648132330576447,1.0
0.9650423949501052,1.0
0.9650632278494198,1.0
0.965209058144622,1.0
0.9652715568425658,1.0
0.9655423845336556,1.0
0.965625716130914,1.0
0.9658340451240599,1.0
0.9659590425199475,1.0
0.9669590216870482,1.0
0.9672923480760818,1.0
0.971417262140372,1.0
0.9714380950396867,1.0
0.9727505676965064,1.0
0.9727714005958209,1.0
0.9728338992937647,1.0
0.9789171058936272,1.0
0.9789379387929418,1.0
0.978979604591571,1.0
0.9798962521614133,1.0
0.9799170850607279,1.0
0.9799795837586717,1.0
0.980479573342222,1.0
0.9806045707381096,1.0
0.9812295577175475,1.0
0.9812712235161768,1.0
0.9820003749921876,1.0
0.9823962000791651,1.0
0.9824586987771088,1.0
0.9828961896627154,1.0
0.9831045186558613,1.0
0.9835003437428387,1.0
0.9838753359305015,1.0
0.9839378346284452,1.0
0.9839795004270744,1.0
0.984208662319535,1.0
0.9842711610174788,1.0
0.9844586571113102,1.0
0.9844794900106247,1.0
0.9846878190037708,1.0
0.9849586466948606,1.0
0.9855836336742985,1.0
0.987000270827691,1.0
0.9870211037270057,1.0
0.989437720047499,1.0
0.989541884544072,1.0
1.0,1.0
