fpr,tpr
0.0,0.0
0.0,0.0025756600128783
0.0,0.005795235028976175
0.0,0.14294913071474566
0.0,0.1519639407598197
0.0,0.1571152607855763
0.0,0.16097875080489377
0.0,0.16291049581455247
0.0,0.16419832582099164
0.0,0.1648422408242112
0.0,0.16806181584030908
0.0,0.16870573084352866
0.0,0.1706374758531874
0.0,0.17578879587894397
0.0,0.17900837089504185
0.0,0.17965228589826143
0.0,0.18222794591113972
0.0,0.18415969092079845
0.0,0.20025756600128783
0.0,0.20154539600772697
0.0,0.2034771410173857
0.0,0.20540888602704443
0.0,0.20669671603348358
0.0,0.21249195106245974
0.0,0.21313586606567933
0.0,0.21442369607211847
0.0,0.21571152607855762
0.0,0.21957501609787508
0.0,0.22021893110109467
2.0832899314597614e-05,0.22021893110109467
2.0832899314597614e-05,0.22086284610431423
2.0832899314597614e-05,0.22279459111397296
2.0832899314597614e-05,0.22343850611719254
2.0832899314597614e-05,0.2247263361236317
2.0832899314597614e-05,0.22537025112685125
2.0832899314597614e-05,0.22858982614294912
2.0832899314597614e-05,0.2298776561493883
2.0832899314597614e-05,0.23245331616226658
2.0832899314597614e-05,0.23374114616870573
2.0832899314597614e-05,0.23502897617514487
2.0832899314597614e-05,0.23631680618158404
2.0832899314597614e-05,0.2376046361880232
2.0832899314597614e-05,0.24146812620734062
4.166579862919523e-05,0.24146812620734062
4.166579862919523e-05,0.24919510624597555
4.166579862919523e-05,0.2511268512556343
4.166579862919523e-05,0.2524146812620734
4.166579862919523e-05,0.2549903412749517
4.166579862919523e-05,0.25627817128139085
4.166579862919523e-05,0.25820991629104956
4.166579862919523e-05,0.26142949130714743
4.166579862919523e-05,0.26980038634900194
4.166579862919523e-05,0.27430779137153893
4.166579862919523e-05,0.2762395363811977
4.166579862919523e-05,0.28525434642627173
6.249869794379283e-05,0.2910495814552479
6.249869794379283e-05,0.29426915647134577
6.249869794379283e-05,0.29684481648422406
6.249869794379283e-05,0.2987765614938828
6.249869794379283e-05,0.3007083065035415
6.249869794379283e-05,0.30907920154539603
6.249869794379283e-05,0.3116548615582743
6.249869794379283e-05,0.3148744365743722
6.249869794379283e-05,0.3174500965872505
6.249869794379283e-05,0.31873792659368966
6.249869794379283e-05,0.3193818415969092
6.249869794379283e-05,0.32066967160334836
6.249869794379283e-05,0.330328396651642
8.333159725839046e-05,0.330328396651642
8.333159725839046e-05,0.3412749517063748
0.00010416449657298807,0.3412749517063748
0.00010416449657298807,0.3425627817128139
0.00010416449657298807,0.3586606567933033
0.00012499739588758566,0.3586606567933033
0.00012499739588758566,0.3631680618158403
0.0001458302952021833,0.3631680618158403
0.0001458302952021833,0.36509980682549903
0.0001666631945167809,0.36509980682549903
0.0001666631945167809,0.3663876368319382
0.00020832899314597613,0.3663876368319382
0.00020832899314597613,0.3760463618802318
0.0002499947917751713,0.3760463618802318
0.0002499947917751713,0.381841596909208
0.000270827691089769,0.381841596909208
0.000270827691089769,0.3837733419188667
0.00031249348971896417,0.38506117192530587
0.00031249348971896417,0.38699291693496457
0.0003333263890335618,0.38763683193818416
0.0003333263890335618,0.38892466194462333
0.0003333263890335618,0.39021249195106245
0.0003541592883481594,0.39021249195106245
0.000374992187662757,0.3915003219575016
0.0005208224828649403,0.3915003219575016
0.0005208224828649403,0.3947198969735995
0.000541655382179538,0.3947198969735995
0.000541655382179538,0.39858338699291695
0.0005624882814941355,0.39858338699291695
0.0005624882814941355,0.3992273019961365
0.0005624882814941355,0.40051513200257566
0.0005624882814941355,0.40115904700579524
0.0005833211808087331,0.40180296200901483
0.0005833211808087331,0.40244687701223436
0.0006041540801233308,0.40244687701223436
0.0006041540801233308,0.40373470701867353
0.0006249869794379283,0.40373470701867353
0.000645819878752526,0.4050225370251127
0.000645819878752526,0.40566645202833224
0.0006874856773817212,0.40566645202833224
0.0006874856773817212,0.4069542820347714
0.0007083185766963188,0.4069542820347714
0.0007083185766963188,0.4082421120412106
0.0007083185766963188,0.4095299420476497
0.0007083185766963188,0.41146168705730846
0.0007291514760109165,0.41146168705730846
0.0007291514760109165,0.4127495170637476
0.0007708172746401117,0.4127495170637476
0.0007708172746401117,0.41339343206696716
0.0007916501739547092,0.41339343206696716
0.0008333159725839045,0.41403734707018675
0.0008541488718985021,0.41403734707018675
0.0008541488718985021,0.41468126207340633
0.0009166475698422949,0.41532517707662586
0.0009166475698422949,0.4172569220862846
0.0009374804691568926,0.4172569220862846
0.0009374804691568926,0.4179008370895042
0.0009791462677860878,0.4179008370895042
0.0009791462677860878,0.4191886670959433
0.001020812066415283,0.4191886670959433
0.001020812066415283,0.4198325820991629
0.0010416449657298806,0.4204764971023825
0.0010416449657298806,0.4211204121056021
0.0010624778650444781,0.4211204121056021
0.0010624778650444781,0.4230521571152608
0.001083310764359076,0.4230521571152608
0.001083310764359076,0.4249839021249195
0.0011041436636736734,0.4249839021249195
0.0011041436636736734,0.42627173213135866
0.001124976562988271,0.42627173213135866
0.001124976562988271,0.42755956213779783
0.0011666423616174663,0.42820347714101736
0.0011666423616174663,0.42884739214423695
0.0012291410595612591,0.42884739214423695
0.0012291410595612591,0.42949130714745654
0.0012499739588758567,0.42949130714745654
0.0012499739588758567,0.43142305215711524
0.001291639757505052,0.43142305215711524
0.0013124726568196495,0.4320669671603348
0.0013124726568196495,0.433354797166774
0.0013333055561342473,0.433354797166774
0.0013333055561342473,0.4339987121699936
0.0013749713547634424,0.4339987121699936
0.0013749713547634424,0.4359304571796523
0.0013958042540780401,0.4359304571796523
0.0014166371533926377,0.4365743721828719
0.0014166371533926377,0.43721828718609146
0.0014791358513364305,0.43721828718609146
0.0014791358513364305,0.437862202189311
0.001499968750651028,0.4385061171925306
0.001499968750651028,0.43915003219575016
0.0015208016499656258,0.43979394719896975
0.0015208016499656258,0.44172569220862845
0.001562467448594821,0.44172569220862845
0.001562467448594821,0.4436574372182872
0.0015833003479094184,0.4436574372182872
0.0015833003479094184,0.44430135222150674
0.0016041332472240162,0.44430135222150674
0.0016041332472240162,0.4449452672247263
0.0016249661465386137,0.4449452672247263
0.0016249661465386137,0.4455891822279459
0.001666631945167809,0.4455891822279459
0.001666631945167809,0.4468770122343851
0.0017082977437970041,0.4468770122343851
0.001729130643111602,0.4468770122343851
0.001729130643111602,0.4481648422408242
0.0018541280389991876,0.4481648422408242
0.0018541280389991876,0.4513844172569221
0.0018749609383137851,0.4513844172569221
0.0019166267369429804,0.4513844172569221
0.0019166267369429804,0.45202833226014166
0.001937459636257578,0.45202833226014166
0.001937459636257578,0.45331616226658084
0.0019582925355721755,0.45331616226658084
0.0019582925355721755,0.45396007726980037
0.0019791254348867733,0.45396007726980037
0.0019791254348867733,0.45524790727623954
0.0019999583342013706,0.45524790727623954
0.0019999583342013706,0.4558918222794591
0.002041624132830566,0.4558918222794591
0.002041624132830566,0.4565357372826787
0.0020624570321451634,0.4565357372826787
0.0020624570321451634,0.45717965228589824
0.002083289931459761,0.45717965228589824
0.002083289931459761,0.4578235672891178
0.002104122830774359,0.4578235672891178
0.002145788629403554,0.4578235672891178
0.002166621528718152,0.4578235672891178
0.002166621528718152,0.4597553122987766
0.002187454428032749,0.4597553122987766
0.002187454428032749,0.4603992273019961
0.0022291202266619447,0.4610431423052157
0.0022291202266619447,0.46297488731487446
0.002249953125976542,0.46297488731487446
0.002249953125976542,0.463618802318094
0.0022916189246057375,0.463618802318094
0.0022916189246057375,0.4642627173213136
0.0023541176225495303,0.4642627173213136
0.0023957834211787254,0.4642627173213136
0.0023957834211787254,0.46619446233097234
0.002416616320493323,0.46619446233097234
0.002416616320493323,0.46683837733419187
0.0024374492198079205,0.46683837733419187
0.0024374492198079205,0.46748229233741145
0.0024582821191225183,0.46812620734063104
0.002541613716380909,0.46812620734063104
0.002583279515010104,0.46812620734063104
0.0026041124143247017,0.46812620734063104
0.0026041124143247017,0.4687701223438506
0.0027291098102122874,0.4687701223438506
0.0027291098102122874,0.4713457823567289
0.0027499427095268847,0.4713457823567289
0.0027499427095268847,0.4726336123631681
0.0027707756088414825,0.4726336123631681
0.0027707756088414825,0.4732775273663876
0.0027916085081560803,0.4732775273663876
0.0027916085081560803,0.4739214423696072
0.0027916085081560803,0.4752092723760464
0.0027916085081560803,0.47585318737926596
0.0028749401054144704,0.47585318737926596
0.0028749401054144704,0.4771410173857051
0.002979104601987459,0.4771410173857051
0.002979104601987459,0.47778493238892467
0.002999937501302056,0.47778493238892467
0.002999937501302056,0.47842884739214425
0.0031457677965042396,0.47842884739214425
0.0031457677965042396,0.48036059240180295
0.003166600695818837,0.48036059240180295
0.003166600695818837,0.4816484224082421
0.003166600695818837,0.4822923374114617
0.0032082664944480324,0.4822923374114617
0.0032082664944480324,0.48358016741790083
0.0032290993937626297,0.48358016741790083
0.0032290993937626297,0.4855119124275596
0.0032499322930772275,0.4855119124275596
0.0032499322930772275,0.4861558274307791
0.0032707651923918253,0.4861558274307791
0.0032707651923918253,0.4867997424339987
0.0032707651923918253,0.4880875724404379
0.0032915980917064226,0.4880875724404379
0.0032915980917064226,0.489375402446877
0.0033124309910210203,0.489375402446877
0.0033124309910210203,0.49066323245331617
0.0034165954875940083,0.49195106245975534
0.0034165954875940083,0.49323889246619446
0.003437428386908606,0.49323889246619446
0.003437428386908606,0.49388280746941404
0.0035832586821107895,0.49388280746941404
0.0035832586821107895,0.49581455247907275
0.003604091581425387,0.49581455247907275
0.0036249244807399846,0.49645846748229233
0.0036249244807399846,0.4983902124919511
0.0036457573800545823,0.4990341274951706
0.0036874231786837774,0.4990341274951706
0.0036874231786837774,0.5003219575016098
0.0037915876752567653,0.5003219575016098
0.0037915876752567653,0.501609787508049
0.003833253473885961,0.501609787508049
0.003833253473885961,0.5028976175144881
0.003854086373200558,0.5028976175144881
0.003854086373200558,0.5041854475209272
0.0038957521718297537,0.5041854475209272
0.0038957521718297537,0.5048293625241468
0.003937417970458949,0.5048293625241468
0.003937417970458949,0.5067611075338055
0.004166579862919522,0.5067611075338055
0.004249911460177913,0.5074050225370251
0.004291577258807108,0.5074050225370251
0.004291577258807108,0.5080489375402447
0.004312410158121706,0.5080489375402447
0.004312410158121706,0.5086928525434643
0.004333243057436304,0.5086928525434643
0.004333243057436304,0.5099806825499034
0.004374908856065498,0.5099806825499034
0.004374908856065498,0.5119124275595621
0.004395741755380096,0.5132002575660013
0.004416574654694694,0.5132002575660013
0.004458240453323889,0.5138441725692209
0.004458240453323889,0.5144880875724405
0.004479073352638487,0.5144880875724405
0.004479073352638487,0.51513200257566
0.004499906251953084,0.51513200257566
0.004499906251953084,0.5164198325820991
0.004520739151267682,0.5164198325820991
0.004520739151267682,0.5183515775917579
0.0045415720505822795,0.5183515775917579
0.0045415720505822795,0.5189954925949775
0.004583237849211475,0.5189954925949775
0.004583237849211475,0.519639407598197
0.00462490364784067,0.519639407598197
0.00462490364784067,0.5215711526078558
0.004645736547155267,0.5215711526078558
0.004666569446469865,0.5222150676110754
0.004708235245099061,0.5222150676110754
0.004708235245099061,0.5228589826142949
0.004749901043728255,0.5228589826142949
0.004770733943042853,0.5235028976175145
0.004895731338930439,0.5235028976175145
0.004895731338930439,0.5247907276239536
0.0049165642382450365,0.5260785576303928
0.00497906293618883,0.5260785576303928
0.00497906293618883,0.5267224726336124
0.004999895835503427,0.5267224726336124
0.004999895835503427,0.527366387636832
0.005041561634132622,0.527366387636832
0.005041561634132622,0.5292981326464906
0.00506239453344722,0.5292981326464906
0.00506239453344722,0.5299420476497102
0.005083227432761818,0.5299420476497102
0.005083227432761818,0.5305859626529298
0.005104060332076415,0.5305859626529298
0.005104060332076415,0.531873792659369
0.005124893231391012,0.531873792659369
0.005124893231391012,0.5325177076625885
0.00514572613070561,0.5325177076625885
0.00514572613070561,0.5331616226658081
0.005187391929334806,0.5331616226658081
0.0052082248286494034,0.5338055376690277
0.005374888023166184,0.5338055376690277
0.005374888023166184,0.536381197681906
0.005479052519739172,0.536381197681906
0.005562384116997563,0.536381197681906
0.0055832170163121605,0.5370251126851255
0.005624882814941355,0.5370251126851255
0.005624882814941355,0.5376690276883451
0.005708214412199746,0.5376690276883451
0.005791546009458136,0.5376690276883451
0.005854044707401929,0.5376690276883451
0.005854044707401929,0.5383129426915647
0.0058748776067165265,0.5383129426915647
0.00593737630466032,0.5396007726980039
0.005958209203974918,0.5396007726980039
0.005958209203974918,0.5402446877012235
0.0059790421032895145,0.5402446877012235
0.0059790421032895145,0.5408886027044431
0.005999875002604112,0.5408886027044431
0.005999875002604112,0.5415325177076626
0.0060623737005479055,0.5415325177076626
0.0060623737005479055,0.5434642627173213
0.006124872398491698,0.5434642627173213
0.006124872398491698,0.5441081777205409
0.0061665381971208934,0.5441081777205409
0.006208203995750089,0.5441081777205409
0.006249869794379284,0.5441081777205409
0.006249869794379284,0.5466838377334192
0.006291535593008479,0.5466838377334192
0.006291535593008479,0.5473277527366388
0.006312368492323077,0.5473277527366388
0.006312368492323077,0.5479716677398584
0.0063540342909522715,0.5486155827430779
0.0063540342909522715,0.549903412749517
0.0064581987875252595,0.549903412749517
0.0064581987875252595,0.5505473277527366
0.006583196183412845,0.5505473277527366
0.0066456948813566384,0.553122987765615
0.006666527780671236,0.553122987765615
0.006666527780671236,0.5537669027688346
0.00681235807587342,0.5537669027688346
0.00681235807587342,0.5544108177720541
0.006874856773817212,0.5544108177720541
0.006874856773817212,0.5550547327752736
0.00689568967313181,0.5556986477784932
0.00689568967313181,0.5563425627817128
0.006937355471761005,0.5563425627817128
0.006937355471761005,0.5569864777849324
0.006958188371075602,0.5569864777849324
0.006958188371075602,0.5582743077913715
0.006999854169704798,0.5582743077913715
0.006999854169704798,0.5589182227945911
0.007062352867648591,0.5589182227945911
0.007062352867648591,0.5595621377978107
0.007145684464906981,0.5595621377978107
0.007145684464906981,0.5608499678042499
0.007166517364221579,0.5608499678042499
0.007187350263536177,0.5614938828074694
0.007187350263536177,0.5627817128139085
0.007229016062165371,0.5627817128139085
0.007229016062165371,0.5634256278171281
0.007270681860794567,0.5634256278171281
0.007270681860794567,0.5640695428203477
0.007291514760109165,0.5640695428203477
0.007291514760109165,0.5653573728267869
0.007374846357367555,0.5653573728267869
0.00741651215599675,0.5660012878300065
0.007437345055311348,0.5660012878300065
0.007437345055311348,0.5672891178364456
0.007479010853940543,0.5672891178364456
0.007520676652569738,0.5672891178364456
0.0076040082498281284,0.5672891178364456
0.0076040082498281284,0.5679330328396651
0.007666506947771922,0.5679330328396651
0.007666506947771922,0.5685769478428847
0.007687339847086519,0.5685769478428847
0.007687339847086519,0.5692208628461043
0.007749838545030312,0.5692208628461043
0.007749838545030312,0.571152607855763
0.00777067144434491,0.571152607855763
0.007791504343659507,0.5717965228589826
0.007791504343659507,0.5724404378622022
0.007812337242974104,0.5724404378622022
0.007812337242974104,0.5730843528654218
0.007833170142288702,0.5737282678686413
0.0078540030416033,0.5737282678686413
0.0078540030416033,0.5743721828718609
0.007874835940917898,0.5743721828718609
0.00793733463886169,0.5750160978750805
0.007979000437490886,0.5750160978750805
0.007979000437490886,0.5756600128783
0.008041499135434678,0.5756600128783
0.008083164934063873,0.5756600128783
0.008103997833378472,0.5756600128783
0.008103997833378472,0.5763039278815196
0.008145663632007666,0.5769478428847392
0.008145663632007666,0.5782356728911784
0.008187329430636861,0.5782356728911784
0.008187329430636861,0.578879587894398
0.008228995229266057,0.578879587894398
0.008249828128580654,0.578879587894398
0.008249828128580654,0.5795235028976176
0.00829149392720985,0.5795235028976176
0.00837482552446824,0.5795235028976176
0.008416491323097436,0.5795235028976176
0.008437324222412033,0.5795235028976176
0.008458157121726631,0.580167417900837
0.008458157121726631,0.5808113329040566
0.008478990021041228,0.5808113329040566
0.008520655819670424,0.5808113329040566
0.008520655819670424,0.5820991629104958
0.00854148871898502,0.5820991629104958
0.00854148871898502,0.5827430779137154
0.008603987416928815,0.5827430779137154
0.008624820316243412,0.583386992916935
0.008624820316243412,0.5840309079201546
0.008666486114872607,0.5846748229233741
0.008708151913501803,0.5846748229233741
0.008708151913501803,0.5859626529298133
0.008749817712130997,0.5859626529298133
0.008833149309389388,0.5859626529298133
0.008833149309389388,0.5866065679330328
0.008874815108018583,0.5866065679330328
0.008874815108018583,0.5872504829362524
0.008916480906647779,0.5872504829362524
0.008978979604591571,0.5872504829362524
0.008999812503906168,0.587894397939472
0.009020645403220767,0.587894397939472
0.009062311201849962,0.587894397939472
0.009062311201849962,0.5898261429491307
0.00916647569842295,0.5898261429491307
0.009208141497052146,0.5898261429491307
0.009270640194995938,0.5898261429491307
0.009270640194995938,0.5904700579523503
0.00933313889293973,0.5904700579523503
0.009374804691568926,0.5904700579523503
0.009416470490198121,0.5904700579523503
0.009416470490198121,0.5917578879587895
0.009458136288827317,0.5917578879587895
0.009458136288827317,0.5924018029620091
0.00949980208745651,0.5924018029620091
0.00949980208745651,0.5930457179652285
0.009541467886085706,0.5930457179652285
0.009541467886085706,0.5936896329684481
0.009562300785400305,0.5943335479716677
0.009624799483344097,0.5943335479716677
0.009624799483344097,0.5956213779781069
0.009645632382658694,0.5956213779781069
0.009645632382658694,0.5962652929813265
0.00968729818128789,0.5962652929813265
0.00968729818128789,0.596909207984546
0.00977062977854628,0.596909207984546
0.00977062977854628,0.5975531229877656
0.009874794275119269,0.5975531229877656
0.009916460073748464,0.5988409529942048
0.009916460073748464,0.6001287830006439
0.009978958771692257,0.6001287830006439
0.009978958771692257,0.6020605280103026
0.010020624570321452,0.6020605280103026
0.010020624570321452,0.6027044430135222
0.01012478906689444,0.6027044430135222
0.010145621966209037,0.6033483580167418
0.010145621966209037,0.6052801030264006
0.010187287764838232,0.6052801030264006
0.010187287764838232,0.60592401802962
0.010270619362096623,0.60592401802962
0.010333118060040416,0.60592401802962
0.010374783858669611,0.60592401802962
0.010374783858669611,0.6072118480360592
0.010395616757984208,0.6072118480360592
0.010437282556613404,0.6072118480360592
0.010458115455928,0.6072118480360592
0.010458115455928,0.6084996780424984
0.010499781254557196,0.6084996780424984
0.010499781254557196,0.6104314230521571
0.010541447053186392,0.6104314230521571
0.010541447053186392,0.6110753380553767
0.010583112851815587,0.6117192530585963
0.010583112851815587,0.6123631680618158
0.010666444449073978,0.6123631680618158
0.010687277348388575,0.6130070830650354
0.010687277348388575,0.613650998068255
0.01072894314701777,0.613650998068255
0.010770608945646966,0.613650998068255
0.010895606341534551,0.613650998068255
0.010895606341534551,0.6149388280746941
0.010958105039478343,0.6149388280746941
0.010958105039478343,0.6155827430779137
0.011166434032624321,0.6155827430779137
0.011166434032624321,0.6162266580811333
0.011208099831253515,0.6162266580811333
0.01124976562988271,0.6162266580811333
0.011270598529197309,0.6162266580811333
0.011270598529197309,0.6168705730843529
0.011291431428511906,0.6168705730843529
0.011333097227141101,0.6181584030907921
0.011333097227141101,0.6188023180940115
0.011458094623028686,0.6188023180940115
0.011458094623028686,0.6194462330972311
0.011478927522343285,0.6194462330972311
0.011541426220287077,0.6200901481004507
0.011541426220287077,0.6207340631036703
0.01168725651548926,0.6207340631036703
0.011728922314118456,0.6207340631036703
0.011728922314118456,0.6213779781068899
0.011749755213433053,0.6213779781068899
0.011749755213433053,0.6220218931101095
0.011791421012062249,0.6220218931101095
0.011791421012062249,0.6226658081133291
0.011812253911376846,0.6226658081133291
0.011812253911376846,0.6233097231165486
0.011833086810691444,0.6239536381197682
0.011853919710006041,0.6239536381197682
0.011853919710006041,0.6245975531229878
0.011937251307264432,0.6245975531229878
0.011937251307264432,0.6252414681262073
0.011958084206579029,0.6252414681262073
0.011958084206579029,0.6258853831294269
0.011999750005208224,0.6258853831294269
0.012062248703152017,0.6278171281390856
0.012103914501781212,0.6278171281390856
0.0122080789983542,0.6284610431423052
0.012374742192870982,0.6284610431423052
0.012374742192870982,0.6291049581455248
0.01239557509218558,0.6291049581455248
0.01239557509218558,0.630392788151964
0.012437240890814775,0.630392788151964
0.012437240890814775,0.6310367031551836
0.012458073790129372,0.6310367031551836
0.012458073790129372,0.631680618158403
0.012541405387387763,0.631680618158403
0.01256223828670236,0.6323245331616226
0.01256223828670236,0.6329684481648422
0.012624736984646154,0.6329684481648422
0.012624736984646154,0.6336123631680618
0.012666402783275348,0.6336123631680618
0.012666402783275348,0.6342562781712814
0.012708068581904543,0.6342562781712814
0.012708068581904543,0.634900193174501
0.012770567279848337,0.634900193174501
0.012770567279848337,0.6355441081777206
0.01283306597779213,0.6355441081777206
0.012874731776421325,0.6361880231809401
0.012916397575050519,0.6361880231809401
0.012916397575050519,0.6368319381841597
0.012978896272994313,0.6368319381841597
0.013062227870252702,0.6368319381841597
0.013083060769567301,0.6374758531873793
0.013083060769567301,0.6381197681905988
0.013124726568196497,0.6387636831938184
0.01316639236682569,0.6387636831938184
0.013187225266140289,0.6387636831938184
0.013187225266140289,0.639407598197038
0.013249723964084081,0.639407598197038
0.013333055561342472,0.639407598197038
0.013374721359971668,0.639407598197038
0.013374721359971668,0.6406954282034771
0.013520551655173851,0.6406954282034771
0.013520551655173851,0.6413393432066967
0.01360388325243224,0.6413393432066967
0.01360388325243224,0.6419832582099163
0.013728880648319827,0.6419832582099163
0.013728880648319827,0.6432710882163555
0.013749713547634424,0.6432710882163555
0.013749713547634424,0.6439150032195751
0.013812212245578217,0.6445589182227945
0.013833045144892815,0.6445589182227945
0.013833045144892815,0.6452028332260141
0.013978875440094999,0.6452028332260141
0.013978875440094999,0.6464906632324533
0.014062207037353388,0.6464906632324533
0.014103872835982583,0.6477784932388925
0.014124705735297182,0.6477784932388925
0.014124705735297182,0.6484224082421121
0.014166371533926376,0.6484224082421121
0.014166371533926376,0.6490663232453316
0.014187204433240974,0.6490663232453316
0.014270536030499364,0.6490663232453316
0.014291368929813962,0.6490663232453316
0.014291368929813962,0.6497102382485512
0.01431220182912856,0.6497102382485512
0.014353867627757755,0.6497102382485512
0.014520530822274535,0.6497102382485512
0.01456219662090373,0.6497102382485512
0.01456219662090373,0.6516419832582099
0.014603862419532926,0.6516419832582099
0.014603862419532926,0.652929813264649
0.014645528218162122,0.6535737282678686
0.014687194016791317,0.6535737282678686
0.014687194016791317,0.6542176432710882
0.014770525614049707,0.6542176432710882
0.014770525614049707,0.6555054732775274
0.014895523009937293,0.6555054732775274
0.014937188808566489,0.6555054732775274
0.014978854607195684,0.6555054732775274
0.015020520405824878,0.6555054732775274
0.015145517801712464,0.6555054732775274
0.015145517801712464,0.6567933032839666
0.01518718360034166,0.6567933032839666
0.015249682298285452,0.6567933032839666
0.01535384679485844,0.6567933032839666
0.01535384679485844,0.657437218287186
0.015395512593487636,0.657437218287186
0.015395512593487636,0.6580811332904056
0.015437178392116831,0.6580811332904056
0.015666340284577404,0.6580811332904056
0.015666340284577404,0.6593689632968448
0.015770504781150392,0.6593689632968448
0.015770504781150392,0.660656793303284
0.01579133768046499,0.660656793303284
0.015833003479094186,0.660656793303284
0.015833003479094186,0.6613007083065036
0.015916335076352577,0.6613007083065036
0.015999666673610965,0.6613007083065036
0.016041332472240162,0.6613007083065036
0.016082998270869356,0.6613007083065036
0.01614549696881315,0.6613007083065036
0.016187162767442344,0.6613007083065036
0.016187162767442344,0.6625885383129427
0.016207995666756944,0.6625885383129427
0.016207995666756944,0.665164198325821
0.016249661465386138,0.665164198325821
0.01633299306264453,0.6664520283322601
0.01633299306264453,0.6670959433354797
0.01639549176058832,0.6670959433354797
0.016437157559217517,0.6677398583386993
0.016499656257161308,0.6677398583386993
0.016541322055790505,0.6677398583386993
0.0165621549551051,0.6677398583386993
0.0165621549551051,0.6703155183515775
0.016624653653048896,0.6703155183515775
0.016624653653048896,0.6709594333547971
0.016687152350992687,0.6709594333547971
0.016687152350992687,0.6716033483580167
0.016707985250307287,0.6716033483580167
0.01674965104893648,0.6716033483580167
0.016791316847565674,0.6716033483580167
0.016791316847565674,0.6722472633612363
0.01683298264619487,0.6722472633612363
0.01683298264619487,0.6728911783644559
0.016957980042082457,0.6728911783644559
0.016957980042082457,0.6735350933676755
0.016978812941397053,0.6735350933676755
0.01699964584071165,0.6741790083708951
0.017166309035228432,0.6741790083708951
0.01720797483385763,0.6741790083708951
0.017228807733172227,0.6741790083708951
0.017228807733172227,0.6748229233741146
0.01727047353180142,0.6748229233741146
0.017312139330430618,0.6754668383773342
0.017312139330430618,0.6767546683837733
0.01735380512905981,0.6767546683837733
0.01737463802837441,0.6773985833869929
0.017437136726318202,0.6773985833869929
0.017437136726318202,0.6793303283966516
0.017478802524947396,0.6793303283966516
0.017478802524947396,0.6799742433998712
0.01760379992083498,0.6799742433998712
0.01762463282014958,0.6806181584030908
0.01764546571946418,0.6806181584030908
0.01764546571946418,0.6812620734063104
0.017687131518093372,0.6812620734063104
0.017749630216037166,0.6812620734063104
0.017853794712610154,0.6812620734063104
0.017853794712610154,0.68190598840953
0.017937126309868545,0.68190598840953
0.017937126309868545,0.683193818415969
0.018041290806441533,0.683193818415969
0.018041290806441533,0.6844816484224082
0.01806212370575613,0.6851255634256278
0.018103789504385324,0.6851255634256278
0.018103789504385324,0.6857694784288474
0.018124622403699924,0.6857694784288474
0.018124622403699924,0.686413393432067
0.01824961979958751,0.686413393432067
0.018270452698902106,0.6870573084352866
0.018270452698902106,0.6877012234385061
0.0183329513968459,0.6877012234385061
0.0183329513968459,0.6889890534449453
0.01839545009478969,0.6889890534449453
0.018437115893418888,0.6889890534449453
0.01849961459136268,0.6889890534449453
0.01852044749067728,0.6896329684481648
0.018624611987250267,0.6896329684481648
0.018645444886564864,0.6902768834513844
0.018728776483823255,0.6902768834513844
0.018728776483823255,0.690920798454604
0.01877044228245245,0.690920798454604
0.018791275181767046,0.690920798454604
0.018832940980396243,0.690920798454604
0.018895439678340033,0.690920798454604
0.01893710547696923,0.6915647134578236
0.01904126997354222,0.6915647134578236
0.019062102872856816,0.6922086284610431
0.019082935772171412,0.6922086284610431
0.019082935772171412,0.6928525434642627
0.01910376867148601,0.6928525434642627
0.019145434470115207,0.6928525434642627
0.019145434470115207,0.6934964584674823
0.0191871002687444,0.6934964584674823
0.019228766067373598,0.6934964584674823
0.019249598966688194,0.6934964584674823
0.019249598966688194,0.6954282034771411
0.019312097664631985,0.6954282034771411
0.019312097664631985,0.6960721184803605
0.01945792795983417,0.6960721184803605
0.01945792795983417,0.6967160334835801
0.01956209245640716,0.6967160334835801
0.01956209245640716,0.6973599484867997
0.019582925355721755,0.6973599484867997
0.019603758255036352,0.6980038634900193
0.019770421449553134,0.6980038634900193
0.019770421449553134,0.6986477784932389
0.01983292014749693,0.6999356084996781
0.01989541884544072,0.6999356084996781
0.01989541884544072,0.7005795235028976
0.019957917543384513,0.7005795235028976
0.019957917543384513,0.7012234385061172
0.020041249140642904,0.7012234385061172
0.020082914939272098,0.7012234385061172
0.020103747838586695,0.7012234385061172
0.020103747838586695,0.7037990985189955
0.020124580737901295,0.7037990985189955
0.020124580737901295,0.7044430135222151
0.020207912335159683,0.7044430135222151
0.020207912335159683,0.7050869285254346
0.020270411033103477,0.7050869285254346
0.020270411033103477,0.7057308435286542
0.020374575529676465,0.7057308435286542
0.02041624132830566,0.7057308435286542
0.02058290452282244,0.7057308435286542
0.02058290452282244,0.7063747585318738
0.02068706901939543,0.7063747585318738
0.020707901918710026,0.7070186735350934
0.020707901918710026,0.707662588538313
0.02077040061665382,0.707662588538313
0.02077040061665382,0.7083065035415326
0.020874565113226808,0.7083065035415326
0.020874565113226808,0.7095943335479716
0.020895398012541404,0.7095943335479716
0.020895398012541404,0.7102382485511912
0.020999562509114392,0.7102382485511912
0.020999562509114392,0.7108821635544108
0.021166225703631174,0.7108821635544108
0.021166225703631174,0.7115260785576304
0.02122872440157497,0.7115260785576304
0.02122872440157497,0.71216999356085
0.021249557300889566,0.71216999356085
0.021249557300889566,0.7128139085640696
0.02129122309951876,0.7128139085640696
0.02129122309951876,0.7134578235672892
0.021332888898147957,0.7134578235672892
0.02137455469677715,0.7141017385705087
0.021416220495406344,0.7141017385705087
0.021416220495406344,0.7160334835801674
0.021499552092664735,0.7160334835801674
0.021499552092664735,0.716677398583387
0.021582883689923126,0.716677398583387
0.021582883689923126,0.7173213135866066
0.02164538238786692,0.7173213135866066
0.02164538238786692,0.7179652285898261
0.02172871398512531,0.7179652285898261
0.02172871398512531,0.7186091435930457
0.021770379783754505,0.7186091435930457
0.021770379783754505,0.7192530585962653
0.022103706172788066,0.7192530585962653
0.022103706172788066,0.7198969735994849
0.022207870669361054,0.7198969735994849
0.022207870669361054,0.7205408886027045
0.022332868065248642,0.7205408886027045
0.02235370096456324,0.721184803605924
0.022395366763192433,0.721184803605924
0.02243703256182163,0.7218287186091435
0.022666194454282203,0.7218287186091435
0.022666194454282203,0.7224726336123631
0.022791191850169788,0.7224726336123631
0.022791191850169788,0.7231165486155827
0.022832857648798985,0.7231165486155827
0.022832857648798985,0.7237604636188023
0.02295785504468657,0.7237604636188023
0.02295785504468657,0.7250482936252415
0.022999520843315763,0.7250482936252415
0.022999520843315763,0.7263361236316807
0.02310368533988875,0.7263361236316807
0.02310368533988875,0.7269800386349002
0.023187016937147142,0.7269800386349002
0.023187016937147142,0.7276239536381197
0.02322868273577634,0.7276239536381197
0.02329118143372013,0.7276239536381197
0.02337451303097852,0.7276239536381197
0.02337451303097852,0.7282678686413393
0.023499510426866106,0.7282678686413393
0.023499510426866106,0.7289117836445589
0.023520343326180703,0.7289117836445589
0.023520343326180703,0.7295556986477785
0.0235620091248099,0.7295556986477785
0.0235620091248099,0.7308435286542176
0.023978667111101852,0.7308435286542176
0.023978667111101852,0.7314874436574372
0.024020332909731046,0.7314874436574372
0.024020332909731046,0.7321313586606568
0.02422866190287702,0.7321313586606568
0.02422866190287702,0.7327752736638764
0.024332826399450013,0.7327752736638764
0.024332826399450013,0.733419188667096
0.02435365929876461,0.733419188667096
0.02435365929876461,0.7340631036703155
0.024374492198079207,0.7340631036703155
0.0244161579967084,0.7340631036703155
0.02460365409053978,0.7340631036703155
0.02460365409053978,0.734707018673535
0.024624486989854377,0.734707018673535
0.024624486989854377,0.7359948486799742
0.02468698568779817,0.7359948486799742
0.02468698568779817,0.7366387636831938
0.024749484385741965,0.7366387636831938
0.024749484385741965,0.7372826786864134
0.024999479177517134,0.7372826786864134
0.024999479177517134,0.737926593689633
0.02502031207683173,0.737926593689633
0.02502031207683173,0.7385705086928526
0.025082810774775526,0.7385705086928526
0.025082810774775526,0.7392144236960722
0.02520780817066311,0.7392144236960722
0.025249473969292308,0.7392144236960722
0.025311972667236098,0.7392144236960722
0.025311972667236098,0.7398583386992917
0.025332805566550695,0.7398583386992917
0.025332805566550695,0.7405022537025112
0.02539530426449449,0.7405022537025112
0.02539530426449449,0.7417900837089504
0.025541134559696674,0.7417900837089504
0.025541134559696674,0.74243399871217
0.025603633257640465,0.74243399871217
0.025645299056269662,0.74243399871217
0.025645299056269662,0.7430779137153896
0.02572863065352805,0.7430779137153896
0.02572863065352805,0.7437218287186091
0.025770296452157247,0.7437218287186091
0.025770296452157247,0.7443657437218287
0.025832795150101038,0.7443657437218287
0.025832795150101038,0.7450096587250483
0.025874460948730235,0.7450096587250483
0.025874460948730235,0.7456535737282679
0.02593695964667403,0.7456535737282679
0.02593695964667403,0.7462974887314875
0.025978625445303223,0.7462974887314875
0.025978625445303223,0.7475853187379266
0.026041124143247017,0.7475853187379266
0.026041124143247017,0.7482292337411461
0.02608278994187621,0.7488731487443657
0.02608278994187621,0.7495170637475853
0.026207787337763796,0.7495170637475853
0.026207787337763796,0.7501609787508049
0.026291118935022187,0.7501609787508049
0.026291118935022187,0.7508048937540245
0.02633278473365138,0.7508048937540245
0.02645778212953897,0.7508048937540245
0.02645778212953897,0.7514488087572441
0.026499447928168163,0.7514488087572441
0.02652028082748276,0.7520927237604637
0.02654111372679736,0.7520927237604637
0.02654111372679736,0.7540244687701223
0.026561946626111957,0.7540244687701223
0.02660361242474115,0.7540244687701223
0.02668694402199954,0.7540244687701223
0.02668694402199954,0.7553122987765615
0.02679110851857253,0.7553122987765615
0.02679110851857253,0.7566001287830006
0.026811941417887127,0.7566001287830006
0.026853607216516324,0.7566001287830006
0.02687444011583092,0.7566001287830006
0.02687444011583092,0.7578879587894398
0.026895273015145518,0.7578879587894398
0.026895273015145518,0.7585318737926594
0.02693693881377471,0.7585318737926594
0.02693693881377471,0.759175788795879
0.02697860461240391,0.759175788795879
0.02697860461240391,0.7598197037990985
0.027103602008291493,0.7598197037990985
0.027103602008291493,0.760463618802318
0.027166100706235288,0.760463618802318
0.027166100706235288,0.7611075338055376
0.027228599404179078,0.7611075338055376
0.027228599404179078,0.7617514488087572
0.02739526259869586,0.7617514488087572
0.02739526259869586,0.7623953638119768
0.02758275869252724,0.7623953638119768
0.02758275869252724,0.7630392788151964
0.027624424491156433,0.7630392788151964
0.02766609028978563,0.7630392788151964
0.02783275348430241,0.7630392788151964
0.02783275348430241,0.763683193818416
0.027895252182246203,0.763683193818416
0.027936917980875397,0.763683193818416
0.028020249578133788,0.763683193818416
0.028020249578133788,0.7643271088216356
0.028041082477448385,0.7643271088216356
0.028041082477448385,0.7649710238248552
0.028124414074706776,0.7649710238248552
0.02818691277265057,0.7649710238248552
0.028249411470594364,0.7649710238248552
0.028249411470594364,0.7656149388280747
0.028311910168538155,0.7656149388280747
0.028311910168538155,0.7662588538312942
0.028582737859627925,0.7662588538312942
0.028582737859627925,0.7675466838377334
0.02862440365825712,0.7675466838377334
0.028686902356200913,0.7675466838377334
0.028686902356200913,0.7688345138441726
0.02870773525551551,0.7688345138441726
0.028749401054144707,0.7694784288473921
0.0287910668527739,0.7694784288473921
0.028832732651403094,0.7694784288473921
0.028957730047290683,0.7694784288473921
0.028957730047290683,0.7701223438506117
0.02897856294660528,0.7701223438506117
0.02897856294660528,0.7707662588538313
0.02904106164454907,0.7707662588538313
0.02906189454386367,0.7714101738570509
0.029082727443178268,0.7714101738570509
0.029082727443178268,0.77269800386349
0.02912439324180746,0.77269800386349
0.02931188933563884,0.77269800386349
0.02931188933563884,0.7733419188667096
0.0296452157246724,0.7733419188667096
0.0296452157246724,0.7739858338699291
0.029811878919189183,0.7739858338699291
0.029811878919189183,0.7746297488731487
0.02983271181850378,0.7746297488731487
0.02983271181850378,0.7752736638763683
0.02991604341576217,0.7752736638763683
0.02995770921439137,0.7752736638763683
0.030061873710964356,0.7752736638763683
0.030082706610278953,0.7759175788795879
0.030124372408908147,0.7759175788795879
0.030124372408908147,0.7765614938828075
0.030353534301368723,0.7765614938828075
0.030353534301368723,0.7772054088860271
0.03037436720068332,0.7772054088860271
0.03037436720068332,0.7784932388924662
0.03043686589862711,0.7784932388924662
0.03043686589862711,0.7791371538956857
0.03045769879794171,0.7791371538956857
0.03045769879794171,0.7797810688989053
0.030645194891773087,0.7797810688989053
0.030645194891773087,0.7804249839021249
0.030666027791087687,0.7804249839021249
0.030666027791087687,0.7810688989053445
0.030770192287660675,0.7810688989053445
0.030770192287660675,0.7817128139085641
0.03089518968354826,0.7817128139085641
0.03089518968354826,0.7823567289117836
0.030916022582862857,0.7823567289117836
0.030957688381492054,0.7823567289117836
0.030957688381492054,0.784932388924662
0.031020187079435844,0.784932388924662
0.031020187079435844,0.7855763039278815
0.03116601737463803,0.7855763039278815
0.03116601737463803,0.7862202189311011
0.031374346367784,0.7862202189311011
0.031374346367784,0.7868641339343206
0.03204099914585113,0.7868641339343206
0.03204099914585113,0.7875080489375402
0.032061832045165724,0.7875080489375402
0.032061832045165724,0.7881519639407598
0.03210349784379492,0.7881519639407598
0.03210349784379492,0.7887958789439794
0.03216599654173871,0.7887958789439794
0.03216599654173871,0.789439793947199
0.032249328138997106,0.789439793947199
0.032249328138997106,0.7900837089504186
0.03239515843419929,0.7900837089504186
0.03239515843419929,0.7907276239536382
0.03241599133351389,0.7907276239536382
0.03241599133351389,0.7913715389568577
0.032499322930772276,0.7913715389568577
0.032499322930772276,0.7920154539600772
0.03258265452803066,0.7920154539600772
0.03258265452803066,0.7926593689632968
0.03289514801774963,0.7926593689632968
0.03289514801774963,0.7933032839665164
0.0331034770108956,0.7933032839665164
0.0331034770108956,0.793947198969736
0.033290973104726986,0.793947198969736
0.03333263890335618,0.793947198969736
0.03339513760129997,0.793947198969736
0.03339513760129997,0.7945911139729556
0.03360346659444595,0.7945911139729556
0.03364513239307514,0.7945911139729556
0.03389512718485031,0.7945911139729556
0.03393679298347951,0.7945911139729556
0.03393679298347951,0.7952350289761752
0.0340201245807379,0.7952350289761752
0.0340201245807379,0.7958789439793947
0.0340409574800525,0.7958789439793947
0.034061790379367095,0.7971667739858339
0.034082623278681695,0.7971667739858339
0.03412428907731089,0.7971667739858339
0.034207620674569277,0.7971667739858339
0.034207620674569277,0.7978106889890535
0.03427011937251307,0.7978106889890535
0.03427011937251307,0.798454603992273
0.03437428386908606,0.798454603992273
0.03437428386908606,0.7990985189954926
0.03452011416428825,0.7990985189954926
0.03452011416428825,0.7997424339987121
0.034582612862232034,0.7997424339987121
0.034582612862232034,0.8003863490019317
0.034603445761546635,0.8003863490019317
0.034603445761546635,0.8010302640051513
0.03464511156017583,0.8010302640051513
0.03464511156017583,0.8016741790083709
0.03470761025811962,0.8016741790083709
0.03470761025811962,0.8023180940115905
0.034874273452636405,0.8023180940115905
0.034895106351951,0.8029620090148101
0.034895106351951,0.8036059240180297
0.0349159392512656,0.8036059240180297
0.03497843794920939,0.8036059240180297
0.03531176433824295,0.8036059240180297
0.03531176433824295,0.8042498390212492
0.03535343013687215,0.8042498390212492
0.03545759463344514,0.8042498390212492
0.03549926043207433,0.8042498390212492
0.03560342492864732,0.8042498390212492
0.03560342492864732,0.8048937540244687
0.035645090727276514,0.8048937540244687
0.035645090727276514,0.8055376690276883
0.03570758942522031,0.8055376690276883
0.03570758942522031,0.8061815840309079
0.0358325868211079,0.8061815840309079
0.03585341972042249,0.8068254990341275
0.035895085519051684,0.8068254990341275
0.035895085519051684,0.8074694140373471
0.03604091581425387,0.8074694140373471
0.03604091581425387,0.8081133290405667
0.03612424741151226,0.8081133290405667
0.036165913210141454,0.8081133290405667
0.036186746109456054,0.8081133290405667
0.03629091060602904,0.8081133290405667
0.036332576404658236,0.8081133290405667
0.03674923439095019,0.8081133290405667
0.03679090018957938,0.8081133290405667
0.03679090018957938,0.8087572440437862
0.036853398887523175,0.8087572440437862
0.036853398887523175,0.8100450740502254
0.036978396283410764,0.8100450740502254
0.036978396283410764,0.8113329040566645
0.03699922918272536,0.8113329040566645
0.03699922918272536,0.8126207340631036
0.03718672527655674,0.8126207340631036
0.03718672527655674,0.8132646490663232
0.03741588716901731,0.8132646490663232
0.03741588716901731,0.8139085640695428
0.037665881960792486,0.8139085640695428
0.037665881960792486,0.8145524790727624
0.03768671486010708,0.8145524790727624
0.03772838065873628,0.8145524790727624
0.03779087935668007,0.8145524790727624
0.03779087935668007,0.815196394075982
0.0383742005374888,0.815196394075982
0.0383742005374888,0.8158403090792016
0.0383950334368034,0.8158403090792016
0.0383950334368034,0.8164842240824212
0.038415866336117994,0.8164842240824212
0.038415866336117994,0.8171281390856407
0.03874919272515156,0.8171281390856407
0.03874919272515156,0.8177720540888602
0.03877002562446616,0.8177720540888602
0.03877002562446616,0.8184159690920798
0.03902002041624133,0.8184159690920798
0.03902002041624133,0.8190598840952994
0.039374179704589486,0.8190598840952994
0.039374179704589486,0.819703799098519
0.03939501260390409,0.819703799098519
0.03943667840253328,0.819703799098519
0.039499177100477074,0.819703799098519
0.03954084289910627,0.819703799098519
0.03958250869773546,0.819703799098519
0.03958250869773546,0.8203477141017386
0.03970750609362305,0.8203477141017386
0.039749171892252244,0.8209916291049582
0.039770004791566844,0.8209916291049582
0.039770004791566844,0.8216355441081777
0.040019999583342014,0.8216355441081777
0.040040832482656614,0.8229233741146169
0.04020749567717339,0.8229233741146169
0.04020749567717339,0.8235672891178365
0.04031166017374638,0.8235672891178365
0.04031166017374638,0.824211204121056
0.040436657569633966,0.824211204121056
0.040457490468948566,0.8254990341274951
0.040561654965521554,0.8254990341274951
0.040561654965521554,0.8261429491307147
0.04072831816003833,0.8261429491307147
0.04072831816003833,0.8267868641339343
0.040811649757296724,0.8267868641339343
0.04085331555592592,0.8267868641339343
0.04106164454907189,0.8267868641339343
0.04106164454907189,0.8274307791371539
0.04112414324701569,0.8274307791371539
0.04116580904564488,0.8274307791371539
0.04126997354221787,0.8274307791371539
0.04131163934084706,0.8274307791371539
0.04160329993125143,0.8274307791371539
0.04170746442782442,0.8280746941403735
0.041749130226453615,0.8280746941403735
0.041832461823712,0.8280746941403735
0.04197829211891419,0.8280746941403735
0.042019957917543385,0.8280746941403735
0.042040790816857986,0.8280746941403735
0.04208245661548718,0.8280746941403735
0.04210328951480177,0.8280746941403735
0.042290785608633155,0.8280746941403735
0.042290785608633155,0.8287186091435931
0.04239495010520614,0.8287186091435931
0.04243661590383534,0.8287186091435931
0.04247828170246453,0.8287186091435931
0.04247828170246453,0.8293625241468127
0.04260327909835212,0.8293625241468127
0.04260327909835212,0.8300064391500322
0.04262411199766671,0.8300064391500322
0.04262411199766671,0.8306503541532517
0.042686610695610507,0.8306503541532517
0.042686610695610507,0.8312942691564713
0.0427699422928689,0.8312942691564713
0.042811608091498095,0.8312942691564713
0.04289493968875648,0.8312942691564713
0.042936605487385676,0.8312942691564713
0.04297827128601488,0.8312942691564713
0.043061602883273264,0.8312942691564713
0.04324909897710465,0.8312942691564713
0.04324909897710465,0.8319381841596909
0.043311597675048434,0.8319381841596909
0.043332430574363034,0.8319381841596909
0.043332430574363034,0.8325820991629105
0.04356159246682361,0.8325820991629105
0.043603258265452804,0.8325820991629105
0.043644924064082,0.8325820991629105
0.043749088560654986,0.8325820991629105
0.043853253057227974,0.8325820991629105
0.043853253057227974,0.8332260141661301
0.044019916251744756,0.8332260141661301
0.04431157684214912,0.8332260141661301
0.04443657423803671,0.8345138441725692
0.0444990729359805,0.8345138441725692
0.04458240453323889,0.8345138441725692
0.04460323743255349,0.8345138441725692
0.04460323743255349,0.8351577591757888
0.04468656902981188,0.8351577591757888
0.04472823482844107,0.8351577591757888
0.044811566425699466,0.8351577591757888
0.04495739672090165,0.8351577591757888
0.04495739672090165,0.8358016741790084
0.04497822962021625,0.8358016741790084
0.045061561217474635,0.8358016741790084
0.04514489281473302,0.8358016741790084
0.04514489281473302,0.836445589182228
0.045186558613362224,0.836445589182228
0.045186558613362224,0.8370895041854475
0.04522822441199142,0.8370895041854475
0.04526989021062061,0.8370895041854475
0.04526989021062061,0.8377334191886671
0.045311556009249805,0.8377334191886671
0.045332388908564406,0.8377334191886671
0.0453948876065082,0.8377334191886671
0.04543655340513739,0.8377334191886671
0.04543655340513739,0.8383773341918866
0.04549905210308119,0.8390212491951062
0.04562404949896877,0.8390212491951062
0.04562404949896877,0.8396651641983258
0.04576987979417096,0.8396651641983258
0.04579071269348555,0.8396651641983258
0.04579071269348555,0.8403090792015454
0.04599904168663153,0.8403090792015454
0.04604070748526072,0.8403090792015454
0.04614487198183371,0.8403090792015454
0.04618653778046291,0.8403090792015454
0.0462282035790921,0.8403090792015454
0.0462698693777213,0.840952994204765
0.046374033874294285,0.840952994204765
0.04643653257223808,0.840952994204765
0.046644861565384055,0.840952994204765
0.04670736026332785,0.840952994204765
0.046915689256473825,0.8422408242112042
0.04695735505510302,0.8422408242112042
0.04699902085373221,0.8422408242112042
0.0471031853503052,0.8422408242112042
0.047144851148934394,0.8422408242112042
0.04722818274619279,0.8422408242112042
0.04747817753796796,0.8422408242112042
0.04751984333659715,0.8422408242112042
0.04760317493385555,0.8422408242112042
0.04766567363179934,0.8422408242112042
0.047707339430428534,0.8422408242112042
0.04772817232974313,0.8422408242112042
0.047853169725630716,0.8422408242112042
0.04789483552425991,0.8422408242112042
0.047957334222203704,0.8422408242112042
0.04804066581946209,0.8422408242112042
0.04814483031603508,0.8422408242112042
0.048478156705068644,0.8422408242112042
0.04856148830232704,0.8422408242112042
0.04860315410095623,0.8422408242112042
0.048644819899585426,0.8422408242112042
0.04868648569821462,0.8422408242112042
0.04870731859752922,0.8422408242112042
0.048748984396158414,0.8422408242112042
0.048873981792046,0.8422408242112042
0.048915647590675196,0.8422408242112042
0.04904064498656278,0.8422408242112042
0.04912397658382117,0.8422408242112042
0.049144809483135765,0.8422408242112042
0.049186475281764966,0.8422408242112042
0.04933230557696715,0.8422408242112042
0.049415637174225535,0.8422408242112042
0.04947813587216933,0.8422408242112042
0.04962396616737151,0.8422408242112042
0.049707297764629906,0.8422408242112042
0.0497697964625737,0.8422408242112042
0.04983229516051749,0.8422408242112042
0.04991562675777588,0.8422408242112042
0.049936459657090475,0.8422408242112042
0.05006145705297806,0.8422408242112042
0.05014478865023645,0.8422408242112042
0.05014478865023645,0.8435286542176432
0.05033228474406783,0.8435286542176432
0.050498947938584615,0.8435286542176432
0.0506031124351576,0.8435286542176432
0.0506447782337868,0.8435286542176432
0.05066561113310139,0.8435286542176432
0.050748942730359785,0.8435286542176432
0.050998937522134954,0.8448164842240824
0.05116560071665174,0.8448164842240824
0.051290598112539325,0.8448164842240824
0.05137392970979771,0.8448164842240824
0.05143642840774151,0.8448164842240824
0.0514780942063707,0.8448164842240824
0.0514989271056853,0.8448164842240824
0.0514989271056853,0.845460399227302
0.051540592904314494,0.845460399227302
0.05158225870294369,0.845460399227302
0.05170725609883128,0.845460399227302
0.05174892189746047,0.845460399227302
0.051769754796775064,0.845460399227302
0.05189475219266265,0.845460399227302
0.051936417991291846,0.845460399227302
0.05210308118580863,0.845460399227302
0.05212391408512323,0.845460399227302
0.05216557988375242,0.845460399227302
0.05226974438032541,0.845460399227302
0.0523739088768984,0.8461043142305216
0.052478073373471386,0.8461043142305216
0.052603070769358974,0.8461043142305216
0.05264473656798817,0.8461043142305216
0.05264473656798817,0.8467482292337412
0.05283223266181954,0.8467482292337412
0.05287389846044874,0.8467482292337412
0.05293639715839253,0.8467482292337412
0.05297806295702173,0.8467482292337412
0.05297806295702173,0.8473921442369607
0.053123893252223914,0.8473921442369607
0.053123893252223914,0.8480360592401803
0.0532072248494823,0.8480360592401803
0.05331138934605529,0.8480360592401803
0.05335305514468448,0.8480360592401803
0.053394720943313684,0.8486799742433999
0.05341555384262828,0.8486799742433999
0.05341555384262828,0.8493238892466195
0.05356138413783046,0.8493238892466195
0.05362388283577425,0.8493238892466195
0.05372804733234724,0.8493238892466195
0.05383221182892023,0.8493238892466195
0.05387387762754942,0.8493238892466195
0.05391554342617862,0.8493238892466195
0.05393637632549322,0.8493238892466195
0.05399887502343701,0.8493238892466195
0.05401970792275161,0.8493238892466195
0.054040540822066205,0.849967804249839
0.05424886981521218,0.8506117192530586
0.054457198808358157,0.8506117192530586
0.054457198808358157,0.8512556342562781
0.05451969750630195,0.8512556342562781
0.05451969750630195,0.8518995492594977
0.054561363304931144,0.8518995492594977
0.05504051998916689,0.8538312942691565
0.055123851586425285,0.8538312942691565
0.05531134768025666,0.8538312942691565
0.05547801087477344,0.8538312942691565
0.05554050957271724,0.8538312942691565
0.05568633986791942,0.8538312942691565
0.05572800566654861,0.8538312942691565
0.055790504364492406,0.8538312942691565
0.055915501760379994,0.8538312942691565
0.056061332055582176,0.8538312942691565
0.056144663652840564,0.8538312942691565
0.056144663652840564,0.8544752092723761
0.056332159746671946,0.8544752092723761
0.056582154538447116,0.8551191242755957
0.056602987437761716,0.8551191242755957
0.05664465323639091,0.8551191242755957
0.05733213891377263,0.8551191242755957
0.057373804712401826,0.8551191242755957
0.0575613008062332,0.8551191242755957
0.057644632403491596,0.8551191242755957
0.05785296139663757,0.8551191242755957
0.057915460094581366,0.8551191242755957
0.05793629299389596,0.8551191242755957
0.05799879169183975,0.8551191242755957
0.05801962459115435,0.8551191242755957
0.05812378908772734,0.8551191242755957
0.05820712068498573,0.8551191242755957
0.058290452282244117,0.8551191242755957
0.05835295098018791,0.8551191242755957
0.05837378387950251,0.8551191242755957
0.058415449678131705,0.8551191242755957
0.0584987812753901,0.8551191242755957
0.05854044707401929,0.8557630392788153
0.05860294577196309,0.8557630392788153
0.05864461157059228,0.8557630392788153
0.058707110268536075,0.8557630392788153
0.05872794316785067,0.8557630392788153
0.058832107664423657,0.8557630392788153
0.05889460636236745,0.8557630392788153
0.05889460636236745,0.8564069542820347
0.05897793795962584,0.8564069542820347
0.05924876565071561,0.8564069542820347
0.0592904314493448,0.8564069542820347
0.059332097247974,0.8564069542820347
0.059352930147288596,0.8564069542820347
0.0593737630466032,0.8570508692852543
0.05941542884523239,0.8570508692852543
0.059498760442490785,0.8570508692852543
0.059498760442490785,0.8576947842884739
0.05951959334180538,0.8576947842884739
0.05958209203974917,0.8576947842884739
0.05964459073769297,0.8576947842884739
0.05968625653632216,0.8576947842884739
0.059727922334951354,0.8576947842884739
0.05976958813358055,0.8576947842884739
0.05991541842878274,0.8576947842884739
0.060019582925355724,0.8576947842884739
0.06006124872398492,0.8576947842884739
0.06008208162329951,0.8576947842884739
0.060144580321243306,0.8576947842884739
0.0601862461198725,0.8576947842884739
0.060269577717130894,0.8576947842884739
0.06031124351576009,0.8576947842884739
0.06033207641507469,0.8576947842884739
0.06047790671027687,0.8589826142949131
0.06049873960959146,0.8589826142949131
0.06074873440136664,0.8589826142949131
0.060790400199995834,0.8589826142949131
0.06083206599862503,0.8589826142949131
0.06085289889793963,0.8589826142949131
0.06089456469656882,0.8589826142949131
0.060957063394512616,0.8589826142949131
0.06114455948834399,0.8589826142949131
0.061186225286973185,0.8589826142949131
0.06164454907189434,0.8602704443013522
0.06166538197120893,0.8602704443013522
0.06176954646778192,0.8609143593045718
0.06183204516572571,0.8609143593045718
0.06187371096435491,0.8609143593045718
0.0619362096622987,0.8609143593045718
0.06208203995750088,0.8609143593045718
0.06208203995750088,0.8615582743077914
0.06231120184996146,0.8615582743077914
0.06241536634653445,0.8615582743077914
0.06243619924584905,0.8615582743077914
0.062498697943792834,0.8615582743077914
0.06251953084310743,0.8615582743077914
0.06260286244036582,0.8615582743077914
0.06262369533968043,0.8615582743077914
0.06272785983625341,0.8615582743077914
0.06287369013145559,0.8615582743077914
0.06297785462802859,0.8615582743077914
0.06310285202391616,0.8615582743077914
0.06316535072185996,0.8615582743077914
0.06324868231911836,0.8615582743077914
0.06347784421157893,0.8615582743077914
0.06349867711089352,0.8615582743077914
0.06354034290952272,0.8615582743077914
0.0637070061040395,0.8615582743077914
0.06376950480198329,0.8622021893110109
0.06389450219787088,0.8622021893110109
0.06472781817045478,0.8628461043142305
0.06481114976771317,0.8628461043142305
0.06487364846565696,0.8628461043142305
0.06489448136497156,0.8628461043142305
0.06499864586154455,0.8628461043142305
0.06510281035811753,0.8628461043142305
0.06514447615674673,0.8628461043142305
0.06533197225057812,0.8628461043142305
0.0653736380492073,0.8628461043142305
0.06554030124372409,0.8628461043142305
0.06558196704235328,0.8628461043142305
0.06560279994166789,0.8628461043142305
0.06566529863961168,0.8628461043142305
0.06568613153892627,0.8628461043142305
0.06618612112247661,0.8628461043142305
0.06622778692110581,0.8628461043142305
0.06643611591425179,0.8641339343206696
0.06651944751151018,0.8641339343206696
0.06656111331013938,0.8641339343206696
0.06660277910876856,0.8641339343206696
0.06674860940397075,0.8641339343206696
0.06708193579300431,0.8654217643271088
0.0671861002895773,0.8654217643271088
0.06729026478615029,0.8654217643271088
0.06733193058477949,0.8654217643271088
0.0679985833628466,0.8654217643271088
0.0681027478594196,0.8654217643271088
0.06824857815462178,0.8660656793303284
0.06829024395325098,0.8660656793303284
0.06833190975188017,0.8660656793303284
0.06837357555050937,0.8660656793303284
0.06845690714776775,0.8660656793303284
0.06854023874502614,0.8660656793303284
0.07287348180246245,0.8737926593689633
0.07295681339972084,0.8737926593689633
0.07299847919835004,0.8737926593689633
0.07331097268806899,0.8737926593689633
0.0733526384866982,0.8737926593689633
0.07337347138601279,0.8737926593689633
0.07354013458052958,0.8750804893754024
0.07358180037915876,0.8750804893754024
0.07362346617778796,0.8750804893754024
0.07372763067436094,0.8750804893754024
0.07385262807024853,0.875724404378622
0.07391512676819233,0.875724404378622
0.07393595966750692,0.875724404378622
0.07406095706339451,0.875724404378622
0.07408178996270912,0.875724404378622
0.07408178996270912,0.8763683193818416
0.0741859544592821,0.8763683193818416
0.07431095185516969,0.8763683193818416
0.07439428345242807,0.8763683193818416
0.07454011374763025,0.8763683193818416
0.07460261244557405,0.8763683193818416
0.07464427824420325,0.8763683193818416
0.07541509551884336,0.8763683193818416
0.07543592841815795,0.8763683193818416
0.07587341930376451,0.8770122343850612
0.07601924959896669,0.8770122343850612
0.07658173788046083,0.8789439793947199
0.07662340367909001,0.8789439793947199
0.07662340367909001,0.8795878943979395
0.07666506947771921,0.8795878943979395
0.07666506947771921,0.8802318094011591
0.07670673527634841,0.8802318094011591
0.07672756817566301,0.8802318094011591
0.07676923397429221,0.8802318094011591
0.0767900668736068,0.8808757244043787
0.07683173267223599,0.8808757244043787
0.07687339847086519,0.8808757244043787
0.07695673006812358,0.8808757244043787
0.07708172746401117,0.8808757244043787
0.07708172746401117,0.8815196394075981
0.07714422616195496,0.8815196394075981
0.07714422616195496,0.8821635544108177
0.07720672485989875,0.8821635544108177
0.07720672485989875,0.8828074694140373
0.07729005645715714,0.8828074694140373
0.07737338805441553,0.8828074694140373
0.0776233828461907,0.8828074694140373
0.07772754734276369,0.8828074694140373
0.07772754734276369,0.8834513844172569
0.07808170663111186,0.8834513844172569
0.07812337242974104,0.8834513844172569
0.07816503822837025,0.8834513844172569
0.07833170142288702,0.8834513844172569
0.07887335680506656,0.8840952994204765
0.07889418970438115,0.8840952994204765
0.07889418970438115,0.8847392144236961
0.07893585550301035,0.8847392144236961
0.07904001999958334,0.8847392144236961
0.07908168579821254,0.8847392144236961
0.0793108476906731,0.8847392144236961
0.0793108476906731,0.8853831294269157
0.07939417928793151,0.8853831294269157
0.0794358450865607,0.8853831294269157
0.07945667798587529,0.8853831294269157
0.07945667798587529,0.8860270444301352
0.07949834378450449,0.8860270444301352
0.07954000958313369,0.8860270444301352
0.07958167538176288,0.8860270444301352
0.07964417407970667,0.8860270444301352
0.07964417407970667,0.8866709594333548
0.07970667277765046,0.8866709594333548
0.07972750567696506,0.8866709594333548
0.07979000437490885,0.8873148744365744
0.07991500177079644,0.8873148744365744
0.07991500177079644,0.8879587894397939
0.08001916626736943,0.8879587894397939
0.08006083206599862,0.8879587894397939
0.08014416366325701,0.8879587894397939
0.0802691610591446,0.8879587894397939
0.08033165975708839,0.8879587894397939
0.08037332555571759,0.8879587894397939
0.08039415845503219,0.8879587894397939
0.08039415845503219,0.8886027044430135
0.08041499135434678,0.8886027044430135
0.08045665715297598,0.8886027044430135
0.08049832295160518,0.8886027044430135
0.08051915585091977,0.8892466194462331
0.08056082164954896,0.8892466194462331
0.08060248744817816,0.8892466194462331
0.08066498614612196,0.8892466194462331
0.08070665194475116,0.8892466194462331
0.08072748484406575,0.8892466194462331
0.08076915064269495,0.8892466194462331
0.08078998354200954,0.8892466194462331
0.0811649757296723,0.8898905344494527
0.08122747442761609,0.8898905344494527
0.08131080602487448,0.8898905344494527
0.08133163892418908,0.8898905344494527
0.08137330472281827,0.8898905344494527
0.08137330472281827,0.8905344494526722
0.08143580342076207,0.8905344494526722
0.08158163371596425,0.8905344494526722
0.08158163371596425,0.8911783644558918
0.08166496531322263,0.8911783644558918
0.08174829691048104,0.8911783644558918
0.08195662590362701,0.8911783644558918
0.0820191246015708,0.8911783644558918
0.0820399575008854,0.8911783644558918
0.0820816232995146,0.8911783644558918
0.0821024561988292,0.8911783644558918
0.08214412199745838,0.8911783644558918
0.08231078519197517,0.8911783644558918
0.08233161809128976,0.8911783644558918
0.08237328388991896,0.8911783644558918
0.08239411678923356,0.8911783644558918
0.08243578258786276,0.8911783644558918
0.08247744838649194,0.8911783644558918
0.08251911418512115,0.8911783644558918
0.08258161288306494,0.8911783644558918
0.08266494448032333,0.8911783644558918
0.08270661027895253,0.8911783644558918
0.08270661027895253,0.8918222794591114
0.08272744317826712,0.8918222794591114
0.08281077477552551,0.8918222794591114
0.08285244057415471,0.8918222794591114
0.0828941063727839,0.8918222794591114
0.0829357721714131,0.8918222794591114
0.08324826566113205,0.8918222794591114
0.08358159205016562,0.8918222794591114
0.08360242494948023,0.8918222794591114
0.08360242494948023,0.892466194462331
0.0837274223453678,0.892466194462331
0.083769088143997,0.892466194462331
0.08387325264056998,0.892466194462331
0.08391491843919918,0.892466194462331
0.08406074873440136,0.892466194462331
0.08414408033165975,0.892466194462331
0.08414408033165975,0.8931101094655506
0.08422741192891815,0.8931101094655506
0.08426907772754734,0.8931101094655506
0.08443574092206413,0.8931101094655506
0.0845607383179517,0.8931101094655506
0.08458157121726631,0.8931101094655506
0.0847065686131539,0.8931101094655506
0.08481073310972688,0.8931101094655506
0.08487323180767067,0.8937540244687702
0.08501906210287286,0.8937540244687702
0.08506072790150206,0.8937540244687702
0.08510239370013124,0.8937540244687702
0.08518572529738964,0.8937540244687702
0.08533155559259183,0.8937540244687702
0.08537322139122101,0.8937540244687702
0.08543572008916481,0.8937540244687702
0.08543572008916481,0.8943979394719896
0.08547738588779401,0.8943979394719896
0.08547738588779401,0.8950418544752092
0.0855190516864232,0.8950418544752092
0.0855398845857378,0.8956857694784288
0.08564404908231078,0.8956857694784288
0.08568571488093998,0.8956857694784288
0.08581071227682757,0.8956857694784288
0.08587321097477135,0.8956857694784288
0.08589404387408596,0.8956857694784288
0.08597737547134435,0.8956857694784288
0.08610237286723194,0.8956857694784288
0.08616487156517573,0.8956857694784288
0.08620653736380492,0.8956857694784288
0.08631070186037791,0.8956857694784288
0.0863315347596925,0.8963296844816484
0.0863732005583217,0.8963296844816484
0.0864565321555801,0.8963296844816484
0.0864565321555801,0.896973599484868
0.08647736505489469,0.896973599484868
0.08651903085352389,0.896973599484868
0.08658152955146768,0.896973599484868
0.08668569404804066,0.896973599484868
0.08672735984666986,0.896973599484868
0.08681069144392825,0.896973599484868
0.08695652173913043,0.896973599484868
0.08703985333638882,0.896973599484868
0.08710235203433261,0.896973599484868
0.08712318493364722,0.896973599484868
0.08716485073227641,0.896973599484868
0.08720651653090561,0.896973599484868
0.0872481823295348,0.896973599484868
0.08731068102747859,0.896973599484868
0.08741484552405158,0.896973599484868
0.08745651132268077,0.896973599484868
0.08760234161788297,0.896973599484868
0.08764400741651215,0.896973599484868
0.08766484031582675,0.896973599484868
0.08774817191308515,0.896973599484868
0.08778983771171434,0.896973599484868
0.08787316930897272,0.896973599484868
0.08787316930897272,0.8976175144880876
0.08793566800691652,0.8976175144880876
0.08801899960417492,0.8976175144880876
0.08803983250348951,0.8976175144880876
0.0880814983021187,0.8976175144880876
0.0881023312014333,0.8976175144880876
0.0881439970000625,0.8976175144880876
0.0881648298993771,0.8976175144880876
0.08820649569800629,0.8976175144880876
0.08826899439595008,0.8976175144880876
0.08831066019457928,0.8976175144880876
0.08847732338909606,0.8976175144880876
0.08851898918772526,0.8976175144880876
0.08856065498635445,0.8976175144880876
0.08856065498635445,0.8982614294913072
0.08858148788566905,0.8982614294913072
0.08864398658361285,0.8982614294913072
0.08872731818087123,0.8982614294913072
0.08876898397950042,0.8982614294913072
0.08889398137538801,0.8982614294913072
0.08889398137538801,0.8989053444945267
0.08916480906647778,0.8989053444945267
0.08920647486510698,0.8989053444945267
0.08920647486510698,0.8995492594977463
0.08928980646236537,0.8995492594977463
0.08933147226099457,0.8995492594977463
0.08945646965688214,0.8995492594977463
0.08945646965688214,0.9001931745009659
0.08947730255619675,0.9001931745009659
0.08953980125414054,0.9001931745009659
0.08960229995208434,0.9001931745009659
0.08964396575071353,0.9001931745009659
0.08970646444865732,0.9001931745009659
0.08974813024728652,0.9001931745009659
0.09024811983083686,0.9008370895041854
0.09031061852878065,0.9008370895041854
0.09035228432740984,0.9008370895041854
0.09047728172329743,0.9008370895041854
0.09051894752192663,0.9008370895041854
0.09053978042124122,0.9008370895041854
0.09053978042124122,0.901481004507405
0.09062311201849961,0.901481004507405
0.09066477781712881,0.901481004507405
0.0907897752130164,0.901481004507405
0.09081060811233099,0.901481004507405
0.09089393970958938,0.901481004507405
0.09116476740067915,0.901481004507405
0.09116476740067915,0.9021249195106246
0.09122726609862294,0.9021249195106246
0.09126893189725215,0.9021249195106246
0.09133143059519594,0.9021249195106246
0.09149809378971271,0.9021249195106246
0.092414741359555,0.9021249195106246
0.0924564071581842,0.9021249195106246
0.092518905856128,0.9021249195106246
0.09260223745338639,0.9021249195106246
0.09264390325201559,0.9021249195106246
0.09276890064790316,0.9021249195106246
0.09276890064790316,0.9027688345138442
0.09285223224516156,0.9027688345138442
0.09291473094310536,0.9027688345138442
0.09293556384241995,0.9027688345138442
0.09293556384241995,0.9034127495170637
0.09299806254036375,0.9034127495170637
0.09303972833899293,0.9034127495170637
0.09314389283556593,0.9034127495170637
0.09322722443282432,0.9034127495170637
0.09326889023145352,0.9034127495170637
0.09326889023145352,0.9040566645202833
0.09333138892939731,0.9040566645202833
0.09339388762734109,0.9040566645202833
0.09347721922459949,0.9040566645202833
0.09349805212391409,0.9040566645202833
0.09349805212391409,0.9047005795235029
0.09366471531843086,0.9047005795235029
0.09372721401637465,0.9047005795235029
0.09381054561363306,0.9047005795235029
0.09385221141226224,0.9047005795235029
0.09391471011020604,0.9047005795235029
0.09399804170746442,0.9047005795235029
0.09401887460677903,0.9047005795235029
0.09406054040540822,0.9047005795235029
0.0941438720026666,0.9047005795235029
0.0942480364992396,0.9047005795235029
0.09435220099581258,0.9047005795235029
0.09437303389512719,0.9047005795235029
0.09439386679444178,0.9053444945267225
0.09445636549238558,0.9053444945267225
0.09445636549238558,0.9059884095299421
0.09453969708964396,0.9059884095299421
0.09458136288827317,0.9059884095299421
0.09462302868690235,0.9059884095299421
0.09474802608278994,0.9059884095299421
0.09491468927730673,0.9059884095299421
0.09495635507593592,0.9059884095299421
0.09497718797525051,0.9059884095299421
0.0950396866731943,0.9059884095299421
0.0951230182704527,0.9059884095299421
0.09526884856565489,0.9059884095299421
0.09531051436428407,0.9059884095299421
0.09533134726359868,0.9059884095299421
0.09533134726359868,0.9066323245331617
0.09537301306222787,0.9066323245331617
0.09541467886085707,0.9066323245331617
0.09545634465948626,0.9066323245331617
0.09551884335743005,0.9066323245331617
0.09553967625674466,0.9066323245331617
0.09562300785400304,0.9066323245331617
0.09568550655194684,0.9072762395363811
0.09576883814920523,0.9072762395363811
0.09581050394783441,0.9072762395363811
0.09591466844440741,0.9072762395363811
0.0960188329409804,0.9072762395363811
0.09608133163892418,0.9072762395363811
0.09610216453823879,0.9072762395363811
0.09610216453823879,0.9079201545396007
0.09612299743755338,0.9079201545396007
0.09620632903481177,0.9079201545396007
0.09624799483344097,0.9079201545396007
0.09628966063207016,0.9079201545396007
0.09631049353138477,0.9085640695428203
0.09647715672590154,0.9085640695428203
0.09651882252453074,0.9085640695428203
0.09668548571904752,0.9085640695428203
0.0967688173163059,0.9085640695428203
0.09678965021562051,0.9085640695428203
0.0968938147121935,0.9092079845460399
0.09691464761150809,0.9092079845460399
0.09695631341013729,0.9092079845460399
0.09699797920876649,0.9092079845460399
0.09703964500739568,0.9092079845460399
0.09706047790671028,0.9092079845460399
0.09710214370533947,0.9092079845460399
0.09712297660465408,0.9092079845460399
0.09718547530259786,0.9092079845460399
0.09733130559780005,0.9092079845460399
0.09745630299368763,0.9092079845460399
0.09756046749026062,0.9104958145524791
0.09762296618820442,0.9104958145524791
0.0976646319868336,0.9104958145524791
0.0977271306847774,0.9104958145524791
0.09797712547655257,0.9111397295556987
0.09820628736901314,0.9111397295556987
0.09820628736901314,0.9117836445589182
0.09824795316764234,0.9117836445589182
0.09828961896627153,0.9117836445589182
0.0986021124559905,0.9117836445589182
0.09870627695256348,0.9117836445589182
0.09872710985187809,0.9124275595621378
0.09876877565050728,0.9124275595621378
0.09881044144913648,0.9124275595621378
0.09885210724776568,0.9124275595621378
0.09895627174433866,0.9124275595621378
0.09901877044228245,0.9124275595621378
0.09914376783817004,0.9124275595621378
0.09918543363679923,0.9124275595621378
0.09937292973063061,0.9124275595621378
0.09941459552925981,0.9124275595621378
0.0994770942272036,0.9124275595621378
0.0994979271265182,0.9124275595621378
0.09964375742172038,0.9124275595621378
0.09970625611966417,0.9124275595621378
0.09978958771692256,0.9124275595621378
0.09983125351555176,0.9124275595621378
0.09987291931418095,0.9124275595621378
0.09999791671006854,0.9124275595621378
0.10006041540801233,0.9124275595621378
0.10014374700527072,0.9124275595621378
0.10031041019978751,0.9124275595621378
0.10051873919293348,0.9124275595621378
0.10058123789087728,0.9124275595621378
0.10068540238745026,0.9124275595621378
0.10072706818607946,0.9124275595621378
0.10072706818607946,0.9130714745653574
0.10081039978333785,0.9130714745653574
0.10085206558196705,0.9130714745653574
0.10091456427991083,0.9130714745653574
0.10093539717922544,0.9130714745653574
0.10097706297785462,0.9130714745653574
0.10103956167579842,0.9130714745653574
0.10108122747442762,0.9130714745653574
0.10114372617237141,0.9130714745653574
0.1012062248703152,0.9130714745653574
0.10124789066894439,0.9130714745653574
0.10131038936688819,0.9130714745653574
0.10133122226620278,0.9130714745653574
0.10137288806483198,0.9130714745653574
0.10139372096414657,0.9130714745653574
0.10233120143330347,0.9150032195750161
0.10241453303056186,0.9150032195750161
0.10258119622507865,0.9150032195750161
0.10276869231891002,0.9162910495814552
0.10283119101685381,0.9162910495814552
0.10287285681548301,0.9162910495814552
0.1029561884127414,0.9162910495814552
0.10314368450657278,0.9162910495814552
0.10314368450657278,0.9169349645846748
0.10316451740588738,0.9169349645846748
0.10320618320451658,0.9169349645846748
0.10326868190246037,0.9169349645846748
0.10337284639903335,0.9169349645846748
0.10339367929834795,0.9169349645846748
0.10343534509697715,0.9169349645846748
0.10345617799629174,0.9169349645846748
0.10362284119080853,0.9169349645846748
0.1038520030832691,0.9169349645846748
0.10391450178121289,0.9169349645846748
0.10393533468052749,0.9169349645846748
0.10401866627778587,0.9169349645846748
0.10414366367367346,0.9169349645846748
0.10418532947230266,0.9169349645846748
0.10424782817024646,0.9169349645846748
0.10431032686819025,0.9169349645846748
0.10431032686819025,0.9175788795878944
0.10437282556613404,0.9175788795878944
0.10441449136476323,0.9175788795878944
0.10443532426407783,0.9175788795878944
0.10443532426407783,0.918222794591114
0.10449782296202162,0.918222794591114
0.10449782296202162,0.9188667095943336
0.10458115455928002,0.9188667095943336
0.10466448615653841,0.9188667095943336
0.10489364804899898,0.9188667095943336
0.10495614674694277,0.9188667095943336
0.10522697443803254,0.9188667095943336
0.10541447053186392,0.9188667095943336
0.10545613633049311,0.9188667095943336
0.10549780212912231,0.9188667095943336
0.1055394679277515,0.9188667095943336
0.1056227995250099,0.9188667095943336
0.10566446532363909,0.9188667095943336
0.10578946271952668,0.9188667095943336
0.10583112851815588,0.9188667095943336
0.10593529301472886,0.9188667095943336
0.10597695881335806,0.9188667095943336
0.10601862461198724,0.9188667095943336
0.10601862461198724,0.9195106245975532
0.10608112330993104,0.9195106245975532
0.10610195620924565,0.9195106245975532
0.10610195620924565,0.9201545396007726
0.10612278910856024,0.9201545396007726
0.10612278910856024,0.9207984546039922
0.10614362200787483,0.9207984546039922
0.10620612070581863,0.9214423696072118
0.10631028520239162,0.9214423696072118
0.10637278390033542,0.9214423696072118
0.10637278390033542,0.9220862846104314
0.1064352825982792,0.9220862846104314
0.10653944709485219,0.922730199613651
0.10658111289348139,0.922730199613651
0.10664361159142517,0.922730199613651
0.10664361159142517,0.9233741146168706
0.10683110768525655,0.9233741146168706
0.10689360638320035,0.9233741146168706
0.10691443928251494,0.9233741146168706
0.10695610508114414,0.9233741146168706
0.10706026957771714,0.9233741146168706
0.10712276827566092,0.9233741146168706
0.10716443407429012,0.9240180296200902
0.10726859857086311,0.9240180296200902
0.1073102643694923,0.9240180296200902
0.10739359596675069,0.9240180296200902
0.10749776046332368,0.9240180296200902
0.10751859336263828,0.9240180296200902
0.10781025395304264,0.9246619446233098
0.10781025395304264,0.9253058596265293
0.10783108685235725,0.9253058596265293
0.10791441844961563,0.9253058596265293
0.10793525134893023,0.9253058596265293
0.10797691714755943,0.9253058596265293
0.10812274744276161,0.9253058596265293
0.10816441324139081,0.9253058596265293
0.1082477448386492,0.9253058596265293
0.10831024353659299,0.9253058596265293
0.10833107643590759,0.9253058596265293
0.10837274223453679,0.9253058596265293
0.10872690152288494,0.9253058596265293
0.10901856211328931,0.9253058596265293
0.1090393950126039,0.9253058596265293
0.1090393950126039,0.9259497746297489
0.10906022791191851,0.9259497746297489
0.1091018937105477,0.9259497746297489
0.1091018937105477,0.9265936896329684
0.10916439240849149,0.9265936896329684
0.10920605820712069,0.9265936896329684
0.10935188850232287,0.9265936896329684
0.10939355430095206,0.9265936896329684
0.10941438720026667,0.9265936896329684
0.10941438720026667,0.927237604636188
0.10951855169683965,0.927237604636188
0.10960188329409803,0.927237604636188
0.10962271619341264,0.927237604636188
0.10970604779067103,0.927237604636188
0.10976854648861482,0.927237604636188
0.10978937938792942,0.9278815196394076
0.10981021228724401,0.9278815196394076
0.10989354388450241,0.9291693496458467
0.11008103997833378,0.9291693496458467
0.11008103997833378,0.9298132646490663
0.11024770317285057,0.9298132646490663
0.11024770317285057,0.9304571796522859
0.11037270056873816,0.9304571796522859
0.11041436636736734,0.9304571796522859
0.11043519926668194,0.9304571796522859
0.11047686506531114,0.9304571796522859
0.11051853086394034,0.9304571796522859
0.11051853086394034,0.9311010946555055
0.11058102956188413,0.9311010946555055
0.11064352825982791,0.9311010946555055
0.11070602695777171,0.9311010946555055
0.1108310243536593,0.9311010946555055
0.11085185725297389,0.9311010946555055
0.11085185725297389,0.9317450096587251
0.11093518885023229,0.9317450096587251
0.11120601654132206,0.9317450096587251
0.11124768233995125,0.9317450096587251
0.11126851523926586,0.9317450096587251
0.11135184683652424,0.9317450096587251
0.11137267973583884,0.9317450096587251
0.11141434553446804,0.9317450096587251
0.11147684423241183,0.9317450096587251
0.11156017582967022,0.9330328396651641
0.11168517322555781,0.9330328396651641
0.1117060061248724,0.9336767546683837
0.11174767192350159,0.9336767546683837
0.11187266931938918,0.9336767546683837
0.11191433511801838,0.9336767546683837
0.11193516801733297,0.9336767546683837
0.11197683381596217,0.9336767546683837
0.11203933251390596,0.9336767546683837
0.11208099831253515,0.9336767546683837
0.11210183121184976,0.9336767546683837
0.11218516280910815,0.9336767546683837
0.11224766150705194,0.9336767546683837
0.11228932730568113,0.9336767546683837
0.11241432470156872,0.9336767546683837
0.11245599050019792,0.9336767546683837
0.11251848919814171,0.9336767546683837
0.1125601549967709,0.9336767546683837
0.1126018207954001,0.9336767546683837
0.11268515239265849,0.9336767546683837
0.11272681819128769,0.9343206696716033
0.11276848398991687,0.9343206696716033
0.11281014978854607,0.9343206696716033
0.11287264848648987,0.9343206696716033
0.11287264848648987,0.9349645846748229
0.11289348138580446,0.9349645846748229
0.11293514718443366,0.9349645846748229
0.11303931168100664,0.9349645846748229
0.11310181037895044,0.9356084996780425
0.11314347617757964,0.9356084996780425
0.11320597487552343,0.9356084996780425
0.11324764067415262,0.9356084996780425
0.11331013937209641,0.9356084996780425
0.11335180517072561,0.9356084996780425
0.1134559696672986,0.9356084996780425
0.1134976354659278,0.9356084996780425
0.11353930126455698,0.9356084996780425
0.11358096706318618,0.9356084996780425
0.11360179996250078,0.9356084996780425
0.11364346576112998,0.9356084996780425
0.11391429345221975,0.9356084996780425
0.11395595925084893,0.9356084996780425
0.11401845794879273,0.9356084996780425
0.11408095664673652,0.9356084996780425
0.11412262244536572,0.9356084996780425
0.1142267869419387,0.9356084996780425
0.1142684527405679,0.9356084996780425
0.11453928043165768,0.9356084996780425
0.11458094623028688,0.9356084996780425
0.11460177912960147,0.9356084996780425
0.11464344492823066,0.9356084996780425
0.11466427782754526,0.9356084996780425
0.11481010812274745,0.9356084996780425
0.11485177392137663,0.9356084996780425
0.11497677131726422,0.9356084996780425
0.11508093581383722,0.9356084996780425
0.1152059332097248,0.9356084996780425
0.11526843190766858,0.9356084996780425
0.11533093060561238,0.9356084996780425
0.11551842669944376,0.9356084996780425
0.11556009249807296,0.9356084996780425
0.11558092539738755,0.9356084996780425
0.11558092539738755,0.9362524146812621
0.11562259119601676,0.9362524146812621
0.11566425699464594,0.9362524146812621
0.11583092018916273,0.9362524146812621
0.11587258598779192,0.9362524146812621
0.1159559175850503,0.9362524146812621
0.1159975833836795,0.9362524146812621
0.1161225807795671,0.9362524146812621
0.11633090977271307,0.9368963296844817
0.11645590716860066,0.9368963296844817
0.11649757296722985,0.9368963296844817
0.11653923876585905,0.9368963296844817
0.11656007166517364,0.9375402446877013
0.11662257036311743,0.9381841596909208
0.11670590196037582,0.9381841596909208
0.11703922834940939,0.9381841596909208
0.11708089414803859,0.9381841596909208
0.11716422574529697,0.9381841596909208
0.11743505343638674,0.9381841596909208
0.11745588633570134,0.9381841596909208
0.11751838503364513,0.9381841596909208
0.11766421532884731,0.9381841596909208
0.1177475469261057,0.9381841596909208
0.1177892127247349,0.9381841596909208
0.11787254432199329,0.9381841596909208
0.11795587591925168,0.9381841596909208
0.11799754171788088,0.9388280746941404
0.11801837461719547,0.9388280746941404
0.11808087331513926,0.9388280746941404
0.11814337201308306,0.9388280746941404
0.11820587071102685,0.9388280746941404
0.11822670361034145,0.9388280746941404
0.11828920230828524,0.9388280746941404
0.11837253390554363,0.9388280746941404
0.11841419970417283,0.9388280746941404
0.1186850273952626,0.9388280746941404
0.1187266931938918,0.9388280746941404
0.11885169058977937,0.9388280746941404
0.11918501697881294,0.9388280746941404
0.11926834857607133,0.9388280746941404
0.11931001437470053,0.9388280746941404
0.1195183433678465,0.9388280746941404
0.1195391762671611,0.9394719896973599
0.11991416845482386,0.9394719896973599
0.11995583425345305,0.9394719896973599
0.12001833295139684,0.9394719896973599
0.12001833295139684,0.9401159047005795
0.12005999875002604,0.9401159047005795
0.12014333034728443,0.9401159047005795
0.12016416324659902,0.9401159047005795
0.12028916064248661,0.9401159047005795
0.12030999354180122,0.9401159047005795
0.1203516593404304,0.9401159047005795
0.1203933251390596,0.9401159047005795
0.1204349909376888,0.9401159047005795
0.120476656736318,0.9401159047005795
0.12053915543426179,0.9401159047005795
0.12058082123289098,0.9401159047005795
0.12066415283014938,0.9401159047005795
0.12068498572946397,0.9401159047005795
0.12074748442740776,0.9401159047005795
0.12087248182329535,0.9401159047005795
0.12087248182329535,0.9407598197037991
0.1212683069102727,0.9407598197037991
0.1213099727089019,0.9407598197037991
0.12133080560821649,0.9407598197037991
0.12133080560821649,0.9414037347070187
0.1213516385075311,0.9414037347070187
0.1213516385075311,0.9420476497102382
0.12139330430616029,0.9420476497102382
0.12143497010478949,0.9420476497102382
0.12155996750067707,0.9420476497102382
0.12155996750067707,0.9426915647134578
0.12183079519176684,0.9426915647134578
0.12187246099039603,0.9426915647134578
0.12191412678902523,0.9426915647134578
0.12201829128559821,0.9426915647134578
0.12205995708422741,0.9426915647134578
0.12222662027874419,0.9426915647134578
0.12226828607737339,0.9426915647134578
0.12239328347326098,0.9426915647134578
0.12239328347326098,0.9433354797166774
0.12243494927189016,0.9433354797166774
0.12247661507051937,0.9433354797166774
0.1230391033520135,0.9433354797166774
0.12310160204995729,0.9433354797166774
0.12316410074790109,0.9433354797166774
0.12320576654653027,0.9433354797166774
0.12324743234515947,0.9433354797166774
0.12339326264036166,0.9433354797166774
0.12347659423762004,0.9433354797166774
0.12353909293556384,0.9433354797166774
0.12366409033145143,0.9433354797166774
0.12374742192870981,0.943979394719897
0.12385158642528281,0.943979394719897
0.123893252223912,0.943979394719897
0.12412241411637258,0.943979394719897
0.12418491281431637,0.943979394719897
0.12422657861294556,0.943979394719897
0.12422657861294556,0.9446233097231166
0.12439324180746235,0.9446233097231166
0.12445574050540614,0.9446233097231166
0.12449740630403533,0.9446233097231166
0.12453907210266453,0.9446233097231166
0.12455990500197912,0.9446233097231166
0.12462240369992292,0.9446233097231166
0.12464323659923751,0.9446233097231166
0.12464323659923751,0.9452672247263362
0.12466406949855212,0.9452672247263362
0.12466406949855212,0.9459111397295557
0.1247057352971813,0.9459111397295557
0.1248307326930689,0.9459111397295557
0.1248723984916981,0.9459111397295557
0.12505989458552946,0.9459111397295557
0.12510156038415865,0.9459111397295557
0.12514322618278786,0.9459111397295557
0.12518489198141705,0.9459111397295557
0.12526822357867545,0.9459111397295557
0.12526822357867545,0.9465550547327752
0.12543488677319223,0.9465550547327752
0.12547655257182141,0.9465550547327752
0.1256223828670236,0.9465550547327752
0.1256640486656528,0.9465550547327752
0.12608070665194476,0.9465550547327752
0.12612237245057395,0.9465550547327752
0.12614320534988854,0.9465550547327752
0.12622653694714694,0.9465550547327752
0.12624736984646154,0.9465550547327752
0.12624736984646154,0.9471989697359948
0.12630986854440532,0.9471989697359948
0.12630986854440532,0.9478428847392144
0.12639320014166372,0.9478428847392144
0.1264348659402929,0.9478428847392144
0.1265181975375513,0.9478428847392144
0.1265598633361805,0.9478428847392144
0.1265806962354951,0.9478428847392144
0.1265806962354951,0.948486799742434
0.1266640278327535,0.948486799742434
0.12672652653069727,0.948486799742434
0.12680985812795567,0.9491307147456536
0.12697652132247245,0.9491307147456536
0.12701818712110163,0.9497746297488732
0.12705985291973085,0.9497746297488732
0.12710151871836003,0.9497746297488732
0.12714318451698922,0.9497746297488732
0.1273723464094498,0.9497746297488732
0.1274765109060228,0.9497746297488732
0.12764317410053957,0.9497746297488732
0.12768483989916876,0.9497746297488732
0.12772650569779798,0.9497746297488732
0.12776817149642716,0.9497746297488732
0.12785150309368554,0.9497746297488732
0.12789316889231475,0.9497746297488732
0.12803899918751693,0.9497746297488732
0.12808066498614612,0.9497746297488732
0.1281223307847753,0.9497746297488732
0.12816399658340452,0.9497746297488732
0.1283098268786067,0.9497746297488732
0.1283514926772359,0.9497746297488732
0.12837232557655048,0.9497746297488732
0.12841399137517967,0.9497746297488732
0.12845565717380888,0.9497746297488732
0.12845565717380888,0.9504185447520928
0.12862232036832566,0.9504185447520928
0.12870565196558406,0.9504185447520928
0.12880981646215703,0.9504185447520928
0.12885148226078624,0.9504185447520928
0.12885148226078624,0.9510624597553123
0.12891398095873002,0.9510624597553123
0.12893481385804462,0.9510624597553123
0.1289556467573592,0.9517063747585319
0.1290389783546176,0.9517063747585319
0.1292681402470782,0.9523502897617514
0.12983062852857233,0.9523502897617514
0.12987229432720152,0.9523502897617514
0.1298931272265161,0.9523502897617514
0.1299764588237745,0.9523502897617514
0.1301222891189767,0.9523502897617514
0.13016395491760588,0.9523502897617514
0.13026811941417887,0.9523502897617514
0.13030978521280806,0.952994204764971
0.13033061811212265,0.952994204764971
0.13037228391075187,0.952994204764971
0.13045561550801024,0.952994204764971
0.13045561550801024,0.9536381197681906
0.13049728130663946,0.9536381197681906
0.13055978000458324,0.9536381197681906
0.13062227870252702,0.9536381197681906
0.13068477740047083,0.9536381197681906
0.1307472760984146,0.9536381197681906
0.13076810899772923,0.9536381197681906
0.1308097747963584,0.9536381197681906
0.1308722734943022,0.9536381197681906
0.1309764379908752,0.9536381197681906
0.13101810378950438,0.9536381197681906
0.13101810378950438,0.9542820347714102
0.13110143538676278,0.9542820347714102
0.13114310118539196,0.9542820347714102
0.13141392887648173,0.9542820347714102
0.13141392887648173,0.9549259497746297
0.13162225786962772,0.9549259497746297
0.1317264223662007,0.9549259497746297
0.1317889210641445,0.9549259497746297
0.13183058686277369,0.9549259497746297
0.1318930855607175,0.9549259497746297
0.13216391325180726,0.9549259497746297
0.13220557905043645,0.9549259497746297
0.13224724484906564,0.9549259497746297
0.13228891064769485,0.9549259497746297
0.13245557384221163,0.9549259497746297
0.1324972396408408,0.9549259497746297
0.13253890543947,0.9549259497746297
0.132643069936043,0.9549259497746297
0.13291389762713277,0.9549259497746297
0.13293473052644736,0.9555698647778493
0.13295556342576195,0.9555698647778493
0.13297639632507657,0.9562137797810689
0.13299722922439117,0.9562137797810689
0.13305972792233495,0.9562137797810689
0.13310139372096413,0.9562137797810689
0.13312222662027876,0.9568576947842885
0.13339305431136853,0.9568576947842885
0.1335388846065707,0.9575016097875081
0.13380971229766048,0.9575016097875081
0.13387221099560426,0.9575016097875081
0.13389304389491885,0.9575016097875081
0.13393470969354804,0.9575016097875081
0.13403887419012103,0.9575016097875081
0.13408053998875025,0.9575016097875081
0.13414303868669403,0.9575016097875081
0.13414303868669403,0.9581455247907277
0.13422637028395243,0.9581455247907277
0.13422637028395243,0.9587894397939472
0.13426803608258162,0.9587894397939472
0.1343097018812108,0.9587894397939472
0.13445553217641298,0.9587894397939472
0.1345180308743568,0.9587894397939472
0.13487219016270494,0.9587894397939472
0.13493468886064874,0.9587894397939472
0.13499718755859252,0.9587894397939472
0.1350388533572217,0.9587894397939472
0.13562217453803047,0.9587894397939472
0.13566384033665965,0.9587894397939472
0.13566384033665965,0.9594333547971667
0.13572633903460343,0.9594333547971667
0.1361846628195246,0.9594333547971667
0.13622632861815379,0.9594333547971667
0.1363096602154122,0.9594333547971667
0.1363096602154122,0.9600772698003863
0.13660132080581655,0.9600772698003863
0.13674715110101873,0.9600772698003863
0.13678881689964792,0.9600772698003863
0.13678881689964792,0.9607211848036059
0.1368304826982771,0.9607211848036059
0.13689298139622091,0.9607211848036059
0.13730963938251287,0.9607211848036059
0.13730963938251287,0.9613650998068255
0.13735130518114205,0.9613650998068255
0.13737213808045665,0.9620090148100451
0.13741380387908586,0.9620090148100451
0.137767963167434,0.9620090148100451
0.137767963167434,0.9626529298132647
0.13824711985166976,0.9626529298132647
0.13828878565029895,0.9626529298132647
0.13830961854961354,0.9626529298132647
0.13833045144892814,0.9632968448164843
0.13839295014687195,0.9632968448164843
0.13845544884481573,0.9632968448164843
0.13866377783796172,0.9632968448164843
0.1387262765359055,0.9632968448164843
0.1387679423345347,0.9632968448164843
0.1388096081331639,0.9632968448164843
0.13887210683110768,0.9632968448164843
0.1389137726297369,0.9632968448164843
0.13903877002562445,0.9632968448164843
0.13903877002562445,0.9639407598197038
0.13910126872356826,0.9639407598197038
0.13914293452219745,0.9639407598197038
0.13926793191808504,0.9639407598197038
0.13933043061602884,0.9639407598197038
0.139580425407804,0.9639407598197038
0.139580425407804,0.9645846748229234
0.1396637570050624,0.9645846748229234
0.13970542280369158,0.9645846748229234
0.13978875440094998,0.9645846748229234
0.13978875440094998,0.9652285898261429
0.13997625049478135,0.9652285898261429
0.14003874919272516,0.9652285898261429
0.14005958209203975,0.9652285898261429
0.14005958209203975,0.9658725048293625
0.14035124268244412,0.9658725048293625
0.14035124268244412,0.9665164198325821
0.14053873877627548,0.9665164198325821
0.1406220703735339,0.9665164198325821
0.14091373096393825,0.9665164198325821
0.14097622966188206,0.9665164198325821
0.14099706256119665,0.9665164198325821
0.14108039415845502,0.9665164198325821
0.14114289285639883,0.9665164198325821
0.14114289285639883,0.9671603348358017
0.14118455865502802,0.9671603348358017
0.14149705214474698,0.9671603348358017
0.1415387179433762,0.9671603348358017
0.14155955084269078,0.9671603348358017
0.14155955084269078,0.9678042498390212
0.14160121664131997,0.9678042498390212
0.14164288243994916,0.9678042498390212
0.14168454823857837,0.9678042498390212
0.14180954563446596,0.9678042498390212
0.14183037853378055,0.9678042498390212
0.14191371013103893,0.9684481648422408
0.14201787462761192,0.9684481648422408
0.14201787462761192,0.9690920798454604
0.14208037332555573,0.9690920798454604
0.14212203912418492,0.9690920798454604
0.1422053707214433,0.9690920798454604
0.14233036811733088,0.9690920798454604
0.14270536030499364,0.9690920798454604
0.14270536030499364,0.96973599484868
0.14278869190225205,0.96973599484868
0.14283035770088123,0.96973599484868
0.14285119060019583,0.96973599484868
0.14295535509676882,0.96973599484868
0.14297618799608341,0.96973599484868
0.1430803524926564,0.96973599484868
0.14337201308306077,0.96973599484868
0.14337201308306077,0.9703799098518996
0.14349701047894836,0.9703799098518996
0.14360117497552136,0.9703799098518996
0.14370533947209432,0.9703799098518996
0.14374700527072354,0.9703799098518996
0.1438511697672965,0.9703799098518996
0.14389283556592572,0.9703799098518996
0.1439761671631841,0.9703799098518996
0.1440178329618133,0.9703799098518996
0.1440594987604425,0.9703799098518996
0.14410116455907168,0.9703799098518996
0.14410116455907168,0.9710238248551192
0.14439282514947605,0.9710238248551192
0.14443449094810526,0.9710238248551192
0.14460115414262203,0.9710238248551192
0.14466365284056582,0.9710238248551192
0.14470531863919503,0.9710238248551192
0.1447886502364534,0.9710238248551192
0.1449969792295994,0.9710238248551192
0.14503864502822858,0.9710238248551192
0.14535113851794754,0.9710238248551192
0.14535113851794754,0.9716677398583387
0.14578862940355408,0.9716677398583387
0.1458302952021833,0.9716677398583387
0.14593445969875626,0.9716677398583387
0.14593445969875626,0.9723116548615582
0.14599695839670007,0.9723116548615582
0.14603862419532926,0.9723116548615582
0.14610112289327307,0.9723116548615582
0.14610112289327307,0.9729555698647778
0.14614278869190225,0.9735994848679974
0.14622612028916065,0.9735994848679974
0.14626778608778984,0.9735994848679974
0.1466636111747672,0.9735994848679974
0.1467052769733964,0.9735994848679974
0.1467052769733964,0.974243399871217
0.14685110726859857,0.974243399871217
0.14685110726859857,0.9748873148744366
0.14712193495968834,0.9748873148744366
0.14712193495968834,0.9755312298776562
0.14722609945626133,0.9755312298776562
0.14722609945626133,0.9761751448808758
0.1473927626507781,0.9761751448808758
0.1473927626507781,0.9768190598840953
0.14768442324118247,0.9768190598840953
0.14772608903981166,0.9768190598840953
0.14789275223432846,0.9768190598840953
0.14789275223432846,0.9774629748873149
0.14793441803295765,0.9774629748873149
0.14797608383158684,0.9774629748873149
0.14799691673090143,0.9774629748873149
0.14805941542884524,0.9774629748873149
0.14816357992541823,0.9774629748873149
0.14820524572404742,0.9774629748873149
0.1483719089185642,0.9774629748873149
0.14841357471719338,0.9774629748873149
0.148434407616508,0.9774629748873149
0.148434407616508,0.9781068898905344
0.1484552405158226,0.978750804893754
0.14860107081102478,0.978750804893754
0.14868440240828315,0.978750804893754
0.14872606820691237,0.978750804893754
0.14883023270348533,0.978750804893754
0.14883023270348533,0.9793947198969736
0.14889273140142914,0.9793947198969736
0.14889273140142914,0.9800386349001932
0.14899689589800214,0.9800386349001932
0.14903856169663132,0.9800386349001932
0.14958021707881086,0.9800386349001932
0.14962188287744005,0.9800386349001932
0.14964271577675464,0.9800386349001932
0.14968438157538386,0.9800386349001932
0.14976771317264223,0.9800386349001932
0.14976771317264223,0.9806825499034127
0.14980937897127145,0.9806825499034127
0.14985104476990063,0.9806825499034127
0.14989271056852982,0.9806825499034127
0.150142705360305,0.9806825499034127
0.150142705360305,0.9813264649066323
0.1509551884335743,0.9813264649066323
0.1509968542322035,0.9813264649066323
0.15145517801712463,0.9813264649066323
0.15149684381575385,0.9813264649066323
0.15155934251369763,0.9813264649066323
0.15160100831232684,0.9813264649066323
0.15205933209724798,0.9813264649066323
0.15212183079519176,0.9813264649066323
0.15239265848628153,0.9813264649066323
0.15239265848628153,0.9819703799098519
0.1525384887814837,0.9819703799098519
0.1525384887814837,0.9826142949130715
0.1526843190766859,0.9826142949130715
0.1527259848753151,0.9826142949130715
0.15283014937188807,0.9826142949130715
0.15283014937188807,0.9832582099162911
0.15291348096914648,0.9832582099162911
0.1533926376533822,0.9832582099162911
0.15343430345201142,0.9832582099162911
0.1536009666465282,0.9832582099162911
0.1536009666465282,0.9839021249195107
0.15383012853898878,0.9839021249195107
0.15387179433761797,0.9839021249195107
0.15391346013624715,0.9839021249195107
0.15395512593487637,0.9839021249195107
0.15522593279306682,0.9839021249195107
0.155267598591696,0.9839021249195107
0.15626757775879668,0.9839021249195107
0.15628841065811128,0.9845460399227302
0.1563092435574259,0.9845460399227302
0.15635090935605508,0.9845460399227302
0.15635090935605508,0.9851899549259497
0.15641340805399886,0.9851899549259497
0.15641340805399886,0.9858338699291693
0.15733005562384117,0.9858338699291693
0.15737172142247036,0.9858338699291693
0.15766338201287472,0.9858338699291693
0.15770504781150393,0.9858338699291693
0.15803837420053748,0.9858338699291693
0.1581217057977959,0.9858338699291693
0.15851753088477324,0.9858338699291693
0.15851753088477324,0.9864777849323889
0.1587050269786046,0.9864777849323889
0.1587466927772338,0.9864777849323889
0.1587675256765484,0.9864777849323889
0.1588091914751776,0.9864777849323889
0.16005916543405346,0.9864777849323889
0.16012166413199724,0.9864777849323889
0.1607258182121206,0.9864777849323889
0.16076748401074978,0.9864777849323889
0.16089248140663737,0.9864777849323889
0.16097581300389574,0.9864777849323889
0.1615383012853899,0.9864777849323889
0.16160079998333368,0.9864777849323889
0.16180912897647964,0.9864777849323889
0.16180912897647964,0.9871216999356085
0.16212162246619863,0.9871216999356085
0.16216328826482782,0.9871216999356085
0.16216328826482782,0.9877656149388281
0.16243411595591759,0.9877656149388281
0.16247578175454677,0.9877656149388281
0.16249661465386137,0.9877656149388281
0.16253828045249058,0.9877656149388281
0.16264244494906357,0.9877656149388281
0.16268411074769276,0.9877656149388281
0.1638715860086248,0.9877656149388281
0.16391325180725402,0.9877656149388281
0.16439240849148976,0.9877656149388281
0.16443407429011894,0.9877656149388281
0.16466323618257953,0.9877656149388281
0.1647049019812087,0.9877656149388281
0.1649965625716131,0.9877656149388281
0.16510072706818607,0.9877656149388281
0.16524655736338825,0.9877656149388281
0.16524655736338825,0.9884095299420477
0.16535072185996125,0.9884095299420477
0.16541322055790506,0.9884095299420477
0.16553821795379262,0.9884095299420477
0.16568404824899483,0.9884095299420477
0.165725714047624,0.9884095299420477
0.1657882127455678,0.9884095299420477
0.16580904564488239,0.9890534449452673
0.16674652611403928,0.9890534449452673
0.1667881919126685,0.9890534449452673
0.16714235120101664,0.9890534449452673
0.16722568279827504,0.9890534449452673
0.16728818149621882,0.9890534449452673
0.16728818149621882,0.9896973599484868
0.167538176287994,0.9896973599484868
0.1675798420866232,0.9896973599484868
0.16803816587154435,0.9896973599484868
0.16807983167017354,0.9896973599484868
0.16832982646194872,0.9896973599484868
0.16832982646194872,0.9903412749517064
0.1683714922605779,0.9903412749517064
0.1684131580592071,0.9903412749517064
0.16885064894481364,0.9903412749517064
0.16889231474344285,0.9903412749517064
0.16918397533384721,0.9903412749517064
0.1692256411324764,0.9903412749517064
0.169350638528364,0.9903412749517064
0.169350638528364,0.9909851899549259
0.16951730172288076,0.9909851899549259
0.16955896752150998,0.9909851899549259
0.16972563071602675,0.9909851899549259
0.16976729651465594,0.9909851899549259
0.16980896231328513,0.9909851899549259
0.16985062811191434,0.9909851899549259
0.16991312680985812,0.9909851899549259
0.1700381242057457,0.9909851899549259
0.1701631216016333,0.9909851899549259
0.1702881189975209,0.9909851899549259
0.17045478219203766,0.9909851899549259
0.17049644799066685,0.9909851899549259
0.17053811378929606,0.9909851899549259
0.17066311118518365,0.9909851899549259
0.17076727568175662,0.9909851899549259
0.1709131059769588,0.9909851899549259
0.17122559946667779,0.9909851899549259
0.17132976396325075,0.9909851899549259
0.17137142976187997,0.9909851899549259
0.17137142976187997,0.9916291049581455
0.17218391283514928,0.9916291049581455
0.17226724443240765,0.9916291049581455
0.17232974313035146,0.9916291049581455
0.17251723922418283,0.9916291049581455
0.17324639070019374,0.9916291049581455
0.17330888939813754,0.9916291049581455
0.17339222099539592,0.9916291049581455
0.1735380512905981,0.9916291049581455
0.1736838815858003,0.9916291049581455
0.17378804608237328,0.9916291049581455
0.17391304347826086,0.9916291049581455
0.17399637507551927,0.9922730199613651
0.17403804087414845,0.9922730199613651
0.17407970667277764,0.9922730199613651
0.17420470406866523,0.9922730199613651
0.17462136205495718,0.9922730199613651
0.17462136205495718,0.9929169349645847
0.17470469365221558,0.9929169349645847
0.17503802004124913,0.9929169349645847
0.17507968583987835,0.9929169349645847
0.1753088477323389,0.9929169349645847
0.1753921793295973,0.9929169349645847
0.17572550571863085,0.9929169349645847
0.17576717151726007,0.9929169349645847
0.17578800441657466,0.9929169349645847
0.17585050311451844,0.9929169349645847
0.1761213308056082,0.9929169349645847
0.1761629966042374,0.9929169349645847
0.1763713255973834,0.9929169349645847
0.17641299139601258,0.9929169349645847
0.1764546571946418,0.9929169349645847
0.17653798879190016,0.9929169349645847
0.1771838086706527,0.9929169349645847
0.17726714026791107,0.9929169349645847
0.17743380346242787,0.9929169349645847
0.17747546926105706,0.9929169349645847
0.17753796795900084,0.9929169349645847
0.17753796795900084,0.9935608499678042
0.17764213245557384,0.9935608499678042
0.17768379825420302,0.9935608499678042
0.17774629695214683,0.9935608499678042
0.1779337930459782,0.9935608499678042
0.1780171246432366,0.9935608499678042
0.17818378783775338,0.9935608499678042
0.17835045103227015,0.9935608499678042
0.17839211683089937,0.9935608499678042
0.17843378262952855,0.9935608499678042
0.17853794712610155,0.9935608499678042
0.17864211162267452,0.9935608499678042
0.17868377742130373,0.9935608499678042
0.1789337722130789,0.9935608499678042
0.1789754380117081,0.9935608499678042
0.17928793150142705,0.9935608499678042
0.17932959730005624,0.9935608499678042
0.17937126309868545,0.9935608499678042
0.17941292889731464,0.9935608499678042
0.17953792629320223,0.9935608499678042
0.17962125789046063,0.9935608499678042
0.1797462552863482,0.9935608499678042
0.17985041978292118,0.9935608499678042
0.179912918480865,0.9935608499678042
0.17999625007812337,0.9935608499678042
0.18005874877606717,0.9935608499678042
0.1806212370575613,0.9935608499678042
0.1806837357555051,0.9935608499678042
0.18080873315139268,0.9935608499678042
0.18087123184933648,0.9935608499678042
0.18101706214453867,0.9935608499678042
0.18107956084248245,0.9935608499678042
0.18122539113768463,0.9935608499678042
0.18126705693631381,0.9935608499678042
0.1814962188287744,0.9935608499678042
0.1816003833253474,0.9935608499678042
0.18174621362054957,0.9935608499678042
0.18178787941917876,0.9935608499678042
0.18191287681506635,0.9935608499678042
0.18195454261369554,0.9935608499678042
0.18249619799587508,0.9935608499678042
0.1825378637945043,0.9935608499678042
0.18255869669381888,0.9935608499678042
0.18260036249244807,0.9935608499678042
0.18274619278765025,0.9935608499678042
0.18278785858627944,0.9935608499678042
0.18295452178079624,0.9935608499678042
0.18299618757942543,0.9935608499678042
0.18380867065269474,0.9935608499678042
0.18385033645132393,0.9935608499678042
0.1842044957396721,0.9935608499678042
0.18428782733693047,0.9935608499678042
0.18437115893418887,0.9935608499678042
0.18443365763213265,0.9935608499678042
0.18445449053144727,0.9935608499678042
0.18455865502802024,0.9935608499678042
0.18464198662527864,0.9935608499678042
0.18468365242390783,0.9935608499678042
0.18470448532322242,0.9935608499678042
0.18478781692048082,0.9935608499678042
0.18530863940334577,0.9935608499678042
0.18535030520197496,0.9935608499678042
0.1858086289868961,0.9935608499678042
0.1858502947855253,0.9935608499678042
0.18595445928209828,0.9935608499678042
0.18601695798004209,0.9935608499678042
0.18610028957730046,0.9935608499678042
0.18610028957730046,0.9942047649710238
0.18643361596633404,0.9942047649710238
0.18647528176496322,0.9942047649710238
0.1868294410533114,0.9942047649710238
0.1868294410533114,0.9948486799742434
0.18699610424782817,0.9948486799742434
0.18703777004645736,0.9948486799742434
0.18724609903960335,0.9948486799742434
0.18730859773754713,0.9948486799742434
0.18772525572383908,0.9948486799742434
0.1877669215224683,0.9948486799742434
0.18814191371013103,0.9948486799742434
0.18818357950876025,0.9948486799742434
0.18820441240807484,0.9948486799742434
0.18820441240807484,0.995492594977463
0.1882877440053332,0.995492594977463
0.18832940980396243,0.995492594977463
0.18845440719985002,0.995492594977463
0.18868356909231057,0.995492594977463
0.18872523489093979,0.995492594977463
0.18893356388408575,0.995492594977463
0.18897522968271493,0.995492594977463
0.1893918876690069,0.995492594977463
0.1894335534676361,0.995492594977463
0.19045436553405137,0.995492594977463
0.19066269452719736,0.995492594977463
0.19087102352034332,0.995492594977463
0.1909126893189725,0.995492594977463
0.1910376867148601,0.995492594977463
0.19107935251348931,0.995492594977463
0.1911418512114331,0.995492594977463
0.19149601049978127,0.995492594977463
0.19153767629841045,0.995492594977463
0.19168350659361263,0.995492594977463
0.19172517239224182,0.995492594977463
0.1919543342847024,0.995492594977463
0.19201683298264619,0.995492594977463
0.1920584987812754,0.995492594977463
0.1920584987812754,0.9961365099806826
0.1928709818545447,0.9961365099806826
0.19295431345180308,0.9961365099806826
0.19303764504906148,0.9961365099806826
0.19312097664631986,0.9961365099806826
0.193683464927814,0.9961365099806826
0.1937251307264432,0.9961365099806826
0.19395429261890376,0.9961365099806826
0.19399595841753298,0.9961365099806826
0.19414178871273516,0.9961365099806826
0.19430845190725193,0.9961365099806826
0.19441261640382493,0.9961365099806826
0.19445428220245412,0.9961365099806826
0.1945167809003979,0.9961365099806826
0.19464177829628548,0.9961365099806826
0.1947042769942293,0.9961365099806826
0.19474594279285848,0.9961365099806826
0.1948084414908023,0.9961365099806826
0.19485010728943147,0.9961365099806826
0.19487094018874607,0.9961365099806826
0.19491260598737525,0.9961365099806826
0.19499593758463366,0.9961365099806826
0.19503760338326284,0.9961365099806826
0.19505843628257744,0.9961365099806826
0.19505843628257744,0.9967804249839022
0.19524593237640883,0.9967804249839022
0.19528759817503802,0.9967804249839022
0.1953084310743526,0.9967804249839022
0.19535009687298183,0.9967804249839022
0.1955167600674986,0.9967804249839022
0.19557925876544238,0.9967804249839022
0.19566259036270078,0.9967804249839022
0.19570425616132997,0.9967804249839022
0.19597508385241974,0.9967804249839022
0.19601674965104893,0.9967804249839022
0.1962459115435095,0.9967804249839022
0.1962875773421387,0.9967804249839022
0.1963292431407679,0.9967804249839022
0.1963709089393971,0.9967804249839022
0.1964542405366555,0.9967804249839022
0.19651673923459928,0.9967804249839022
0.19660007083185768,0.9967804249839022
0.19664173663048687,0.9967804249839022
0.19672506822774524,0.9967804249839022
0.19678756692568905,0.9967804249839022
0.19682923272431824,0.9967804249839022
0.19697506301952042,0.9967804249839022
0.196995895918835,0.9967804249839022
0.19703756171746423,0.9967804249839022
0.1971833920126664,0.9967804249839022
0.1972458907106102,0.9967804249839022
0.19739172100581237,0.9967804249839022
0.19751671840169996,0.9967804249839022
0.19755838420032917,0.9967804249839022
0.19762088289827295,0.9967804249839022
0.19766254869690214,0.9967804249839022
0.19785004479073354,0.9967804249839022
0.1980792066831941,0.9967804249839022
0.19810003958250869,0.9967804249839022
0.1981417053811379,0.9967804249839022
0.19874585946126122,0.9967804249839022
0.1987875252598904,0.9967804249839022
0.19882919105851962,0.9967804249839022
0.1989958542530364,0.9967804249839022
0.1990791858502948,0.9967804249839022
0.19914168454823858,0.9967804249839022
0.19918335034686777,0.9967804249839022
0.19930834774275535,0.9967804249839022
0.19941251223932835,0.9967804249839022
0.19968333993041812,0.9967804249839022
0.19976667152767652,0.9967804249839022
0.20018332951396847,0.9967804249839022
0.20022499531259766,0.9967804249839022
0.20037082560779984,0.9967804249839022
0.20045415720505821,0.9967804249839022
0.20051665590300202,0.9967804249839022
0.2005791546009458,0.9967804249839022
0.2007458177954626,0.9967804249839022
0.2007874835940918,0.9967804249839022
0.2008708151913502,0.9967804249839022
0.20103747838586697,0.9967804249839022
0.20112080998312534,0.9967804249839022
0.20118330868106915,0.9967804249839022
0.20126664027832752,0.9967804249839022
0.20130830607695674,0.9967804249839022
0.20137080477490052,0.9967804249839022
0.20143330347284433,0.9967804249839022
0.20147496927147351,0.9967804249839022
0.20187079435845087,0.9967804249839022
0.20191246015708006,0.9967804249839022
0.20205829045228224,0.9967804249839022
0.20209995625091143,0.9967804249839022
0.20216245494885524,0.9967804249839022
0.20220412074748442,0.9967804249839022
0.20228745234474282,0.9967804249839022
0.202433282639945,0.9967804249839022
0.202433282639945,0.9974243399871217
0.202537447136518,0.9974243399871217
0.2025791129351472,0.9974243399871217
0.20259994583446178,0.9974243399871217
0.20264161163309097,0.9974243399871217
0.20278744192829315,0.9974243399871217
0.20284994062623696,0.9974243399871217
0.20289160642486614,0.9974243399871217
0.20293327222349533,0.9974243399871217
0.20299577092143914,0.9974243399871217
0.20303743672006833,0.9974243399871217
0.20305826961938292,0.9974243399871217
0.20316243411595591,0.9980682549903412
0.20322493281389972,0.9980682549903412
0.2032665986125289,0.9980682549903412
0.20334993020978728,0.9980682549903412
0.2034124289077311,0.9980682549903412
0.20345409470636028,0.9980682549903412
0.2034957605049895,0.9980682549903412
0.20357909210224787,0.9980682549903412
0.20366242369950627,0.9980682549903412
0.20374575529676464,0.9980682549903412
0.20380825399470845,0.9980682549903412
0.20397491718922522,0.9980682549903412
0.2040165829878544,0.9980682549903412
0.204037415887169,0.9980682549903412
0.20407908168579822,0.9980682549903412
0.20418324618237121,0.9980682549903412
0.2042249119810004,0.9980682549903412
0.20430824357825877,0.9980682549903412
0.204349909376888,0.9980682549903412
0.20453740547071936,0.9980682549903412
0.20457907126934854,0.9980682549903412
0.20462073706797776,0.9980682549903412
0.20468323576592154,0.9980682549903412
0.20491239765838212,0.9980682549903412
0.2049748963563259,0.9980682549903412
0.20501656215495512,0.9980682549903412
0.2051832253494719,0.9980682549903412
0.20526655694673027,0.9980682549903412
0.20530822274535948,0.9980682549903412
0.20537072144330326,0.9980682549903412
0.20539155434261785,0.9980682549903412
0.20543322014124707,0.9980682549903412
0.20549571883919085,0.9980682549903412
0.20562071623507844,0.9980682549903412
0.20572488073165143,0.9980682549903412
0.2058082123289098,0.9980682549903412
0.2058915439261682,0.9980682549903412
0.2059332097247974,0.9980682549903412
0.20597487552342658,0.9980682549903412
0.20607904001999958,0.9980682549903412
0.2061207058186288,0.9980682549903412
0.20618320451657257,0.9980682549903412
0.20624570321451635,0.9980682549903412
0.20647486510697693,0.9980682549903412
0.20653736380492074,0.9980682549903412
0.2066623612008083,0.9980682549903412
0.20670402699943752,0.9980682549903412
0.2067248598987521,0.9980682549903412
0.2067873585966959,0.9980682549903412
0.2068290243953251,0.9980682549903412
0.2068915230932689,0.9980682549903412
0.20699568758984188,0.9980682549903412
0.20709985208641488,0.9980682549903412
0.20716235078435866,0.9980682549903412
0.20722484948230246,0.9980682549903412
0.20726651528093165,0.9980682549903412
0.20730818107956084,0.9980682549903412
0.20734984687819003,0.9980682549903412
0.20739151267681924,0.9980682549903412
0.20743317847544843,0.9980682549903412
0.2074748442740776,0.9980682549903412
0.2075790087706506,0.9980682549903412
0.2076206745692798,0.9980682549903412
0.207662340367909,0.9980682549903412
0.20774567196516738,0.9980682549903412
0.2078081706631112,0.9980682549903412
0.20787066936105497,0.9980682549903412
0.20793316805899878,0.9980682549903412
0.20822482864940314,0.9980682549903412
0.20826649444803233,0.9980682549903412
0.20837065894460532,0.9980682549903412
0.2084331576425491,0.9980682549903412
0.2085998208370659,0.9980682549903412
0.2086414866356951,0.9980682549903412
0.20876648403158268,0.9980682549903412
0.20880814983021187,0.9980682549903412
0.20887064852815565,0.9980682549903412
0.20895398012541405,0.9980682549903412
0.20905814462198705,0.9980682549903412
0.20909981042061623,0.9980682549903412
0.209266473615133,0.9980682549903412
0.20932897231307682,0.9980682549903412
0.2093914710110206,0.9980682549903412
0.20951646840690819,0.9980682549903412
0.2095998000041666,0.9980682549903412
0.20978729609799796,0.9980682549903412
0.20987062769525636,0.9980682549903412
0.2103289514801775,0.9980682549903412
0.21064144496989645,0.9980682549903412
0.21066227786921105,0.9980682549903412
0.21070394366784026,0.9980682549903412
0.21080810816441325,0.9980682549903412
0.21087060686235704,0.9980682549903412
0.21099560425824462,0.9980682549903412
0.211078935855503,0.9980682549903412
0.2111206016541322,0.9980682549903412
0.211183100352076,0.9980682549903412
0.21143309514385117,0.9980682549903412
0.21149559384179495,0.9980682549903412
0.21151642674110957,0.9980682549903412
0.21166225703631175,0.9980682549903412
0.21168308993562635,0.9980682549903412
0.21172475573425553,0.9980682549903412
0.21176642153288472,0.9980682549903412
0.21182892023082853,0.9980682549903412
0.21184975313014312,0.9980682549903412
0.21191225182808693,0.9980682549903412
0.21193308472740152,0.9980682549903412
0.2119747505260307,0.9980682549903412
0.2119955834253453,0.9980682549903412
0.2120372492239745,0.9980682549903412
0.2120580821232891,0.9980682549903412
0.21218307951917667,0.9980682549903412
0.21247474010958106,0.9980682549903412
0.21251640590821025,0.9980682549903412
0.21253723880752484,0.9980682549903412
0.21262057040478324,0.9980682549903412
0.21266223620341243,0.9980682549903412
0.21270390200204162,0.9980682549903412
0.2128080664986146,0.9980682549903412
0.2128705651965584,0.9980682549903412
0.2129330638945022,0.9980682549903412
0.2130580612903898,0.9980682549903412
0.21316222578696278,0.9980682549903412
0.21322472448490656,0.9980682549903412
0.21326639028353575,0.9980682549903412
0.21359971667256933,0.9980682549903412
0.21364138247119852,0.9980682549903412
0.2138080456657153,0.9980682549903412
0.2138497114643445,0.9980682549903412
0.2138705443636591,0.9980682549903412
0.2139955417595467,0.9980682549903412
0.21401637465886128,0.9980682549903412
0.21407887335680506,0.9980682549903412
0.21412053915543428,0.9980682549903412
0.21416220495406346,0.9980682549903412
0.21418303785337806,0.9980682549903412
0.21424553655132184,0.9980682549903412
0.21443303264515323,0.9980682549903412
0.21453719714172623,0.9980682549903412
0.2146621945376138,0.9980682549903412
0.2147455261348722,0.9980682549903412
0.21484969063144518,0.9980682549903412
0.21491218932938896,0.9980682549903412
0.21509968542322036,0.9980682549903412
0.21532884731568092,0.9980682549903412
0.21537051311431013,0.9980682549903412
0.2155788421074561,0.9980682549903412
0.21562050790608528,0.9980682549903412
0.2156621737047145,0.9980682549903412
0.21572467240265827,0.9980682549903412
0.21593300139580426,0.9980682549903412
0.21607883169100645,0.9980682549903412
0.21612049748963563,0.9980682549903412
0.21616216328826482,0.9980682549903412
0.21616216328826482,0.9987121699935608
0.21620382908689403,0.9987121699935608
0.21624549488552322,0.9987121699935608
0.21634965938209622,0.9987121699935608
0.2164746567779838,0.9987121699935608
0.21655798837524218,0.9987121699935608
0.21662048707318599,0.9987121699935608
0.21670381867044436,0.9987121699935608
0.21676631736838817,0.9987121699935608
0.2171413095560509,0.9987121699935608
0.21718297535468012,0.9987121699935608
0.2172246411533093,0.9987121699935608
0.2173496385491969,0.9987121699935608
0.2174329701464553,0.9987121699935608
0.21747463594508448,0.9987121699935608
0.21751630174371367,0.9987121699935608
0.21757880044165748,0.9993560849967804
0.21764129913960126,0.9993560849967804
0.21778712943480344,0.9993560849967804
0.2179746255286348,0.9993560849967804
0.2182037874210954,0.9993560849967804
0.2182871190183538,0.9993560849967804
0.21843294931355597,0.9993560849967804
0.21849544801149975,0.9993560849967804
0.21853711381012897,0.9993560849967804
0.21874544280327493,0.9993560849967804
0.21878710860190412,0.9993560849967804
0.21887044019916252,0.9993560849967804
0.2189121059977917,0.9993560849967804
0.21897460469573551,0.9993560849967804
0.2190371033936793,0.9993560849967804
0.21907876919230848,0.9993560849967804
0.21924543238682528,0.9993560849967804
0.21934959688339825,0.9993560849967804
0.21937042978271287,0.9993560849967804
0.21945376137997125,0.9993560849967804
0.21949542717860043,0.9993560849967804
0.21953709297722965,0.9993560849967804
0.21966209037311724,0.9993560849967804
0.21970375617174642,0.9993560849967804
0.2198495864669486,0.9993560849967804
0.2198704193662632,0.9993560849967804
0.21991208516489238,0.9993560849967804
0.219932918064207,0.9993560849967804
0.2200579154600946,0.9993560849967804
0.22030791025186974,0.9993560849967804
0.22037040894981355,0.9993560849967804
0.22045374054707192,0.9993560849967804
0.22049540634570114,0.9993560849967804
0.2205787379429595,0.9993560849967804
0.22064123664090332,0.9993560849967804
0.22074540113747632,0.9993560849967804
0.2207662340367909,0.9993560849967804
0.22084956563404928,0.9993560849967804
0.22099539592925146,0.9993560849967804
0.22103706172788068,0.9993560849967804
0.22128705651965583,0.9993560849967804
0.22137038811691423,0.9993560849967804
0.22145371971417263,0.9993560849967804
0.22149538551280182,0.9993560849967804
0.22157871711006022,0.9993560849967804
0.2216828816066332,0.9993560849967804
0.2217245474052624,0.9993560849967804
0.22178704610320618,0.9993560849967804
0.22180787900252077,0.9993560849967804
0.22184954480115,0.9993560849967804
0.22201620799566676,0.9993560849967804
0.22207870669361054,0.9993560849967804
0.22209953959292514,0.9993560849967804
0.22216203829086895,0.9993560849967804
0.22220370408949813,0.9993560849967804
0.22224536988812732,0.9993560849967804
0.22232870148538572,0.9993560849967804
0.22241203308264412,0.9993560849967804
0.2225370304785317,0.9993560849967804
0.2225995291764755,0.9993560849967804
0.22264119497510468,0.9993560849967804
0.22272452657236308,0.9993560849967804
0.22278702527030686,0.9993560849967804
0.2233286806524864,0.9993560849967804
0.22347451094768858,0.9993560849967804
0.22357867544426158,0.9993560849967804
0.22376617153809295,0.9993560849967804
0.22380783733672216,0.9993560849967804
0.22395366763192434,0.9993560849967804
0.22399533343055353,0.9993560849967804
0.2242244953230141,0.9993560849967804
0.2242661611216433,0.9993560849967804
0.22432865981958708,0.9993560849967804
0.2243703256182163,0.9993560849967804
0.22441199141684548,0.9993560849967804
0.22445365721547467,0.9993560849967804
0.22449532301410388,0.9993560849967804
0.22459948751067685,0.9993560849967804
0.22464115330930606,0.9993560849967804
0.22491198100039583,0.9993560849967804
0.22503697839628342,0.9993560849967804
0.2251203099935418,0.9993560849967804
0.2251828086914856,0.9993560849967804
0.2252244744901148,0.9993560849967804
0.22528697318805857,0.9993560849967804
0.22551613508051915,0.9993560849967804
0.22559946667777755,0.9993560849967804
0.22566196537572134,0.9993560849967804
0.22574529697297974,0.9993560849967804
0.22580779567092352,0.9993560849967804
0.2258286285702381,0.9993560849967804
0.2259327930668111,0.9993560849967804
0.2259744588654403,0.9993560849967804
0.2260161246640695,0.9993560849967804
0.2260786233620133,0.9993560849967804
0.22612028916064247,0.9993560849967804
0.22622445365721547,0.9993560849967804
0.22624528655653006,0.9993560849967804
0.22632861815378846,0.9993560849967804
0.22639111685173224,0.9993560849967804
0.22651611424761983,0.9993560849967804
0.22655778004624905,0.9993560849967804
0.226766109039395,0.9993560849967804
0.2268494406366534,0.9993560849967804
0.2269952709318556,0.9993560849967804
0.22705776962979937,0.9993560849967804
0.22734943022020374,0.9993560849967804
0.22743276181746214,0.9993560849967804
0.22747442761609132,0.9993560849967804
0.22751609341472054,0.9993560849967804
0.22755775921334973,0.9993560849967804
0.22757859211266432,0.9993560849967804
0.2276202579112935,0.9993560849967804
0.22766192370992272,0.9993560849967804
0.2277244224078665,0.9993560849967804
0.2277869211058103,0.9993560849967804
0.2278285869044395,0.9993560849967804
0.22787025270306868,0.9993560849967804
0.22791191850169787,0.9993560849967804
0.22803691589758546,0.9993560849967804
0.22807858169621467,0.9993560849967804
0.22820357909210226,0.9993560849967804
0.22824524489073145,0.9993560849967804
0.22828691068936063,0.9993560849967804
0.2284535738838774,0.9993560849967804
0.22847440678319203,0.9993560849967804
0.22851607258182122,0.9993560849967804
0.2286619028770234,0.9993560849967804
0.22872440157496718,0.9993560849967804
0.22882856607154017,0.9993560849967804
0.22887023187016936,0.9993560849967804
0.22893273056811317,0.9993560849967804
0.22899522926605695,0.9993560849967804
0.22909939376262994,0.9993560849967804
0.22914105956125913,0.9993560849967804
0.2294118872523489,0.9993560849967804
0.22945355305097812,0.9993560849967804
0.22964104914480948,0.9993560849967804
0.22968271494343867,0.9993560849967804
0.23005770713110144,0.9993560849967804
0.23009937292973062,0.9993560849967804
0.23014103872835984,0.9993560849967804
0.2303077019228766,0.9993560849967804
0.2303493677215058,0.9993560849967804
0.2305576967146518,0.9993560849967804
0.23068269411053938,0.9993560849967804
0.23072435990916856,0.9993560849967804
0.23112018499614592,0.9993560849967804
0.2311618507947751,0.9993560849967804
0.2312660152913481,0.9993560849967804
0.2313076810899773,0.9993560849967804
0.23134934688860648,0.9993560849967804
0.23141184558655029,0.9993560849967804
0.23145351138517947,0.9993560849967804
0.23149517718380866,0.9993560849967804
0.23157850878106706,0.9993560849967804
0.23162017457969625,0.9993560849967804
0.23164100747901084,0.9993560849967804
0.23170350617695465,0.9993560849967804
0.23176600487489843,0.9993560849967804
0.23182850357284224,0.9993560849967804
0.2319118351701006,0.9993560849967804
0.2320159996666736,0.9993560849967804
0.2320784983646174,0.9993560849967804
0.2322243286598196,0.9993560849967804
0.23226599445844878,0.9993560849967804
0.23228682735776338,0.9993560849967804
0.23239099185433637,0.9993560849967804
0.23243265765296556,0.9993560849967804
0.23245349055228015,0.9993560849967804
0.23249515635090937,0.9993560849967804
0.23259932084748233,0.9993560849967804
0.23274515114268451,0.9993560849967804
0.23276598404199914,0.9993560849967804
0.23280764984062832,0.9993560849967804
0.2328701485385721,0.9993560849967804
0.23301597883377428,0.9993560849967804
0.23322430782692027,0.9993560849967804
0.23328680652486405,0.9993560849967804
0.23345346971938086,0.9993560849967804
0.23349513551801004,0.9993560849967804
0.23353680131663923,0.9993560849967804
0.23357846711526845,0.9993560849967804
0.23362013291389763,0.9993560849967804
0.233703464511156,0.9993560849967804
0.23395345930293118,0.9993560849967804
0.2339951251015604,0.9993560849967804
0.23409928959813336,0.9993560849967804
0.23418262119539177,0.9993560849967804
0.23424511989333555,0.9993560849967804
0.23430761859127935,0.9993560849967804
0.23441178308785235,0.9993560849967804
0.23457844628236912,0.9993560849967804
0.23468261077894212,0.9993560849967804
0.23480760817482968,0.9993560849967804
0.23489093977208808,0.9993560849967804
0.23507843586591945,0.9993560849967804
0.23509926876523407,0.9993560849967804
0.23514093456386326,0.9993560849967804
0.23522426616112163,0.9993560849967804
0.23526593195975085,0.9993560849967804
0.2354742609528968,0.9993560849967804
0.23551592675152602,0.9993560849967804
0.23580758734193039,0.9993560849967804
0.23584925314055957,0.9993560849967804
0.23587008603987417,0.9993560849967804
0.23595341763713257,0.9993560849967804
0.23599508343576175,0.9993560849967804
0.23612008083164934,0.9993560849967804
0.23628674402616612,0.9993560849967804
0.2363284098247953,0.9993560849967804
0.23637007562342452,0.9993560849967804
0.2364325743213683,0.9993560849967804
0.2364742401199975,0.9993560849967804
0.2365159059186267,0.9993560849967804
0.23657840461657048,0.9993560849967804
0.23680756650903106,0.9993560849967804
0.23691173100560406,0.9993560849967804
0.23695339680423325,0.9993560849967804
0.23699506260286243,0.9993560849967804
0.23707839420012083,0.9993560849967804
0.23709922709943543,0.9993560849967804
0.2371617257973792,0.9993560849967804
0.23720339159600842,0.9993560849967804
0.237328388991896,0.9993560849967804
0.23741172058915438,0.9993560849967804
0.2374742192870982,0.9993560849967804
0.2374950521864128,0.9993560849967804
0.23768254828024415,0.9993560849967804
0.23772421407887337,0.9993560849967804
0.23780754567613174,0.9993560849967804
0.23789087727339014,0.9993560849967804
0.23795337597133392,0.9993560849967804
0.23805754046790692,0.9993560849967804
0.2380992062665361,0.9993560849967804
0.23814087206516532,0.9993560849967804
0.2381825378637945,0.9993560849967804
0.23857836295077187,0.9993560849967804
0.23866169454803024,0.9993560849967804
0.23880752484323242,0.9993560849967804
0.23884919064186164,0.9993560849967804
0.23897418803774922,0.9993560849967804
0.2391200183329514,0.9993560849967804
0.2391616841315806,0.9993560849967804
0.23920334993020978,0.9993560849967804
0.23922418282952437,0.9993560849967804
0.23934918022541196,0.9993560849967804
0.23937001312472656,0.9993560849967804
0.23943251182267036,0.9993560849967804
0.23966167371513095,0.9993560849967804
0.23970333951376013,0.9993560849967804
0.2399533343055353,0.9993560849967804
0.24003666590279368,0.9993560849967804
0.24016166329868127,0.9993560849967804
0.2402033290973105,0.9993560849967804
0.24036999229182726,0.9993560849967804
0.24061998708360244,0.9993560849967804
0.2407033186808608,0.9993560849967804
0.2407866502781192,0.9993560849967804
0.2408699818753776,0.9993560849967804
0.24114080956646736,0.9993560849967804
0.24118247536509657,0.9993560849967804
0.24120330826441116,0.9993560849967804
0.24126580696235495,0.9993560849967804
0.24132830566029875,0.9993560849967804
0.24136997145892794,0.9993560849967804
0.24143247015687172,0.9993560849967804
0.24147413595550093,0.9993560849967804
0.24151580175413012,0.9993560849967804
0.2416616320493323,0.9993560849967804
0.2417241307472761,0.9993560849967804
0.2417657965459053,0.9993560849967804
0.24184912814316367,0.9993560849967804
0.2418907939417929,0.9993560849967804
0.24195329263973667,0.9993560849967804
0.24199495843836585,0.9993560849967804
0.24205745713630966,0.9993560849967804
0.24216162163288266,0.9993560849967804
0.24218245453219725,0.9993560849967804
0.24230745192808484,0.9993560849967804
0.24236995062602862,0.9993560849967804
0.2425366138205454,0.9993560849967804
0.2426199454178038,0.9993560849967804
0.2427032770150622,0.9993560849967804
0.24276577571300598,0.9993560849967804
0.24278660861232057,0.9993560849967804
0.24303660340409575,0.9993560849967804
0.24309910210203953,0.9993560849967804
0.24314076790066874,0.9993560849967804
0.24316160079998334,0.9993560849967804
0.24328659819587092,0.9993560849967804
0.2435782587862753,0.9993560849967804
0.24361992458490447,0.9993560849967804
0.2436615903835337,0.9993560849967804
0.24374492198079206,0.9993560849967804
0.24378658777942125,0.9993560849967804
0.24391158517530884,0.9993560849967804
0.24399491677256724,0.9993560849967804
0.24407824836982564,0.9993560849967804
0.24414074706776942,0.9993560849967804
0.2442032457657132,0.9993560849967804
0.24453657215474678,0.9993560849967804
0.24459907085269056,0.9993560849967804
0.24464073665131977,0.9993560849967804
0.24468240244994896,0.9993560849967804
0.24472406824857815,0.9993560849967804
0.24497406304035332,0.9993560849967804
0.2451823920334993,0.9993560849967804
0.2452240578321285,0.9993560849967804
0.24536988812733068,0.9993560849967804
0.24541155392595987,0.9993560849967804
0.24543238682527446,0.9993560849967804
0.24547405262390368,0.9993560849967804
0.24553655132184746,0.9993560849967804
0.24580737901293723,0.9993560849967804
0.24601570800608322,0.9993560849967804
0.2460573738047124,0.9993560849967804
0.24622403699922918,0.9993560849967804
0.24634903439511677,0.9993560849967804
0.24636986729443136,0.9993560849967804
0.24645319889168976,0.9993560849967804
0.24659902918689194,0.9993560849967804
0.24666152788483572,0.9993560849967804
0.24672402658277953,0.9993560849967804
0.2468073581800379,0.9993560849967804
0.24684902397866712,0.9993560849967804
0.2469740213745547,0.9993560849967804
0.24705735297181308,0.9993560849967804
0.24707818587112768,0.9993560849967804
0.24716151746838608,0.9993560849967804
0.24726568196495907,0.9993560849967804
0.24739067936084666,0.9993560849967804
0.24747401095810503,0.9993560849967804
0.24753650965604884,0.9993560849967804
0.24757817545467803,0.9993560849967804
0.2476406741526218,0.9993560849967804
0.24768233995125102,0.9993560849967804
0.247786504447824,0.9993560849967804
0.2478698360450824,0.9993560849967804
0.24789066894439699,0.9993560849967804
0.2479323347430262,0.9993560849967804
0.24818232953480135,0.9993560849967804
0.24882814941355388,0.9993560849967804
0.24889064811149766,0.9993560849967804
0.24895314680944147,0.9993560849967804
0.24897397970875607,0.9993560849967804
0.24901564550738525,0.9993560849967804
0.24918230870190206,0.9993560849967804
0.24924480739984584,0.9993560849967804
0.24930730609778962,0.9993560849967804
0.24934897189641883,0.9993560849967804
0.249494802191621,0.9993560849967804
0.2495364679902502,0.9993560849967804
0.249598966688194,0.9993560849967804
0.2496614653861378,0.9993560849967804
0.24986979437928378,0.9993560849967804
0.24999479177517134,0.9993560849967804
0.25024478656694654,0.9993560849967804
0.25028645236557573,0.9993560849967804
0.2503072852648903,0.9993560849967804
0.2505156142580363,0.9993560849967804
0.25082810774775527,0.9993560849967804
0.25089060644569905,0.9993560849967804
0.25093227224432824,0.9993560849967804
0.2511822670361034,0.9993560849967804
0.251307264431991,0.9993560849967804
0.2513280973313056,0.9993560849967804
0.25153642632445156,0.9993560849967804
0.25161975792171,0.9993560849967804
0.25168225661965377,0.9993560849967804
0.25174475531759755,0.9993560849967804
0.25178642111622673,0.9993560849967804
0.2518072540155413,0.9993560849967804
0.25191141851211435,0.9993560849967804
0.25195308431074354,0.9993560849967804
0.2519947501093727,0.9993560849967804
0.2520780817066311,0.9993560849967804
0.2521197475052603,0.9993560849967804
0.2522030791025187,0.9993560849967804
0.2522447449011479,0.9993560849967804
0.2522655778004625,0.9993560849967804
0.2523072435990917,0.9993560849967804
0.25239057519635005,0.9993560849967804
0.2524322409949793,0.9993560849967804
0.25251557259223767,0.9993560849967804
0.25259890418949604,0.9993560849967804
0.25264056998812523,0.9993560849967804
0.2526822357867544,0.9993560849967804
0.25270306868606907,0.9993560849967804
0.2528488989812712,0.9993560849967804
0.25299472927647343,0.9993560849967804
0.2530363950751026,0.9993560849967804
0.2532447240682486,0.9993560849967804
0.2532863898668778,0.9993560849967804
0.253328055665507,0.9993560849967804
0.25339055436345076,0.9993560849967804
0.25355721755796756,0.9993560849967804
0.25359888335659675,0.9993560849967804
0.2537030478531697,0.9993560849967804
0.25380721234974274,0.9993560849967804
0.2538488781483719,0.9993560849967804
0.2538905439470011,0.9993560849967804
0.2539947084435741,0.9993560849967804
0.25403637424220327,0.9993560849967804
0.2541613716380909,0.9993560849967804
0.25420303743672007,0.9993560849967804
0.25422387033603466,0.9993560849967804
0.25426553613466385,0.9993560849967804
0.2543488677319223,0.9993560849967804
0.25445303222849525,0.9993560849967804
0.25466136122164124,0.9993560849967804
0.254723859919585,0.9993560849967804
0.2547446928188996,0.9993560849967804
0.2547863586175288,0.9993560849967804
0.254828024416158,0.9993560849967804
0.2550155205099894,0.9993560849967804
0.25509885210724775,0.9993560849967804
0.25516135080519153,0.9993560849967804
0.2551821837045062,0.9993560849967804
0.25524468240244996,0.9993560849967804
0.25528634820107915,0.9993560849967804
0.25532801399970834,0.9993560849967804
0.25547384429491055,0.9993560849967804
0.2555571758921689,0.9993560849967804
0.2555988416907981,0.9993560849967804
0.2556613403887419,0.9993560849967804
0.2557655048853149,0.9993560849967804
0.2558280035832587,0.9993560849967804
0.2558696693818879,0.9993560849967804
0.25589050228120247,0.9993560849967804
0.2560154996770901,0.9993560849967804
0.2560571654757193,0.9993560849967804
0.25614049707297765,0.9993560849967804
0.25618216287160683,0.9993560849967804
0.2562029957709214,0.9993560849967804
0.25628632736817986,0.9993560849967804
0.25636965896543823,0.9993560849967804
0.2564113247640674,0.9993560849967804
0.2564738234620112,0.9993560849967804
0.2565154892606404,0.9993560849967804
0.256536322159955,0.9993560849967804
0.2565988208578988,0.9993560849967804
0.2567029853544718,0.9993560849967804
0.25676548405241556,0.9993560849967804
0.2573071394345951,0.9993560849967804
0.2573488052332243,0.9993560849967804
0.25739047103185353,0.9993560849967804
0.2574321368304827,0.9993560849967804
0.2574738026291119,0.9993560849967804
0.2575154684277411,0.9993560849967804
0.25782796191746005,0.9993560849967804
0.257932126414033,0.9993560849967804
0.25801545801129144,0.9993560849967804
0.258140455407179,0.9993560849967804
0.2582029541051228,0.9993560849967804
0.2582654528030666,0.9993560849967804
0.25845294889689796,0.9993560849967804
0.25859877919210017,0.9993560849967804
0.25864044499072936,0.9993560849967804
0.25889043978250453,0.9993560849967804
0.2593904293660549,0.9993560849967804
0.25949459386262785,0.9993560849967804
0.25953625966125704,0.9993560849967804
0.2598279202516614,0.9993560849967804
0.25986958605029065,0.9993560849967804
0.25991125184891983,0.9993560849967804
0.260265411137268,0.9993560849967804
0.26030707693589716,0.9993560849967804
0.26034874273452635,0.9993560849967804
0.26039040853315554,0.9993560849967804
0.26057790462698693,0.9993560849967804
0.2606195704256161,0.9993560849967804
0.26070290202287455,0.9993560849967804
0.26076540072081833,0.9993560849967804
0.2607862336201329,0.9993560849967804
0.2608487323180767,0.9993560849967804
0.2610362284119081,0.9993560849967804
0.26114039290848107,0.9993560849967804
0.26118205870711025,0.9993560849967804
0.26120289160642485,0.9993560849967804
0.26134872190162706,0.9993560849967804
0.2614737192975146,0.9993560849967804
0.2615153850961438,0.9993560849967804
0.2618070456865482,0.9993560849967804
0.261869544384492,0.9993560849967804
0.2619320430824358,0.9993560849967804
0.26201537467969416,0.9993560849967804
0.2620987062769526,0.9993560849967804
0.26216120497489637,0.9993560849967804
0.26224453657215474,0.9993560849967804
0.26243203266598614,0.9993560849967804
0.2624736984646153,0.9993560849967804
0.2625153642632445,0.9993560849967804
0.2626820274577613,0.9993560849967804
0.2627236932563905,0.9993560849967804
0.2627445261557051,0.9993560849967804
0.26286952355159265,0.9993560849967804
0.26289035645090725,0.9993560849967804
0.2629320222495365,0.9993560849967804
0.2633486802358284,0.9993560849967804
0.2638278369200642,0.9993560849967804
0.2642028291077269,0.9993560849967804
0.2642444949063561,0.9993560849967804
0.26428616070498534,0.9993560849967804
0.2643903252015583,0.9993560849967804
0.26468198579196267,0.9993560849967804
0.26472365159059186,0.9993560849967804
0.26480698318785023,0.9993560849967804
0.26486948188579407,0.9993560849967804
0.26493198058373785,0.9993560849967804
0.26497364638236703,0.9993560849967804
0.2650153121809962,0.9993560849967804
0.2650986437782546,0.9993560849967804
0.26514030957688384,0.9993560849967804
0.2652028082748276,0.9993560849967804
0.265286139872086,0.9993560849967804
0.2653278056707152,0.9993560849967804
0.265390304368659,0.9993560849967804
0.2654528030666028,0.9993560849967804
0.26553613466386117,0.9993560849967804
0.26555696756317576,0.9993560849967804
0.26564029916043413,0.9993560849967804
0.26599445844878233,0.9993560849967804
0.2660986229453553,0.9993560849967804
0.2661402887439845,0.9993560849967804
0.2663069519385013,0.9993560849967804
0.26641111643507426,0.9993560849967804
0.26645278223370344,0.9993560849967804
0.26659861252890565,0.9993560849967804
0.26664027832753484,0.9993560849967804
0.2669527718172538,0.9993560849967804
0.2670777692131414,0.9993560849967804
0.267098602112456,0.9993560849967804
0.2671402679110852,0.9993560849967804
0.2671819337097144,0.9993560849967804
0.26726526530697275,0.9993560849967804
0.2675360929980625,0.9993560849967804
0.26766109039395014,0.9993560849967804
0.2677444219912085,0.9993560849967804
0.2677860877898377,0.9993560849967804
0.2678485864877815,0.9993560849967804
0.2679319180850399,0.9993560849967804
0.2684110747692756,0.9993560849967804
0.2690568946480282,0.9993560849967804
0.26914022624528655,0.9993560849967804
0.26920272494323033,0.9993560849967804
0.26926522364117417,0.9993560849967804
0.26930688943980335,0.9993560849967804
0.26932772233911795,0.9993560849967804
0.26936938813774713,0.9993560849967804
0.2694527197350055,0.9993560849967804
0.2694943855336347,0.9993560849967804
0.26978604612403906,0.9993560849967804
0.2698902106206121,0.9993560849967804
0.2699110435199267,0.9993560849967804
0.26995270931855586,0.9993560849967804
0.27001520801649964,0.9993560849967804
0.27005687381512883,0.9993560849967804
0.27011937251307266,0.9993560849967804
0.27020270411033104,0.9993560849967804
0.2702860357075894,0.9993560849967804
0.27036936730484784,0.9993560849967804
0.2704943647007354,0.9993560849967804
0.270723526593196,0.9993560849967804
0.27084852398908354,0.9993560849967804
0.27089018978771273,0.9993560849967804
0.27101518718360035,0.9993560849967804
0.27105685298222953,0.9993560849967804
0.2711193516801733,0.9993560849967804
0.2711818503781171,0.9993560849967804
0.2713068477740047,0.9993560849967804
0.2713276806733193,0.9993560849967804
0.2713901793712631,0.9993560849967804
0.2714735109685215,0.9993560849967804
0.2715568425657799,0.9993560849967804
0.27161934126372367,0.9993560849967804
0.27172350576029664,0.9993560849967804
0.27178600445824047,0.9993560849967804
0.27182767025686966,0.9993560849967804
0.27191100185412803,0.9993560849967804
0.2719526676527572,0.9993560849967804
0.27201516635070105,0.9993560849967804
0.27203599925001565,0.9993560849967804
0.27207766504864483,0.9993560849967804
0.2722651611424762,0.9993560849967804
0.2723901585383638,0.9993560849967804
0.2724109914376784,0.9993560849967804
0.27245265723630757,0.9993560849967804
0.27255682173288054,0.9993560849967804
0.2726193204308244,0.9993560849967804
0.2728276494239703,0.9993560849967804
0.27286931522259955,0.9993560849967804
0.2729943126184871,0.9993560849967804
0.2730776442157455,0.9993560849967804
0.2731818087123185,0.9993560849967804
0.2732234745109477,0.9993560849967804
0.27330680610820607,0.9993560849967804
0.27334847190683526,0.9993560849967804
0.27351513510135206,0.9993560849967804
0.27355680089998125,0.9993560849967804
0.2736609653965542,0.9993560849967804
0.27368179829586886,0.9993560849967804
0.27372346409449805,0.9993560849967804
0.2738067956917564,0.9993560849967804
0.2739734588862732,0.9993560849967804
0.274035957584217,0.9993560849967804
0.2740776233828462,0.9993560849967804
0.2740984562821608,0.9993560849967804
0.2746817774629695,0.9993560849967804
0.27478594195954253,0.9993560849967804
0.2748484406574863,0.9993560849967804
0.2749734380533739,0.9993560849967804
0.27503593675131766,0.9993560849967804
0.2750984354492615,0.9993560849967804
0.27528593154309283,0.9993560849967804
0.2753275973417221,0.9993560849967804
0.275744255328014,0.9993560849967804
0.2758067540259578,0.9993560849967804
0.27586925272390156,0.9993560849967804
0.27595258432116,0.9993560849967804
0.2759734172204746,0.9993560849967804
0.27601508301910377,0.9993560849967804
0.27618174621362057,0.9993560849967804
0.27622341201224976,0.9993560849967804
0.27624424491156435,0.9993560849967804
0.27628591071019354,0.9993560849967804
0.2763275765088227,0.9993560849967804
0.2763900752067665,0.9993560849967804
0.2765984041999125,0.9993560849967804
0.2766609028978563,0.9993560849967804
0.27668173579717087,0.9993560849967804
0.2767234015958001,0.9993560849967804
0.27686923189100227,0.9993560849967804
0.27691089768963145,0.9993560849967804
0.2769942292868899,0.9993560849967804
0.27705672798483366,0.9993560849967804
0.27711922668277744,0.9993560849967804
0.2772025582800358,0.9993560849967804
0.2774108872731818,0.9993560849967804
0.2774733859711256,0.9993560849967804
0.2775150517697548,0.9993560849967804
0.2776817149642716,0.9993560849967804
0.27774421366221536,0.9993560849967804
0.27814003874919274,0.9993560849967804
0.27818170454782193,0.9993560849967804
0.2783275348430241,0.9993560849967804
0.2783692006416533,0.9993560849967804
0.27876502572863066,0.9993560849967804
0.27880669152725984,0.9993560849967804
0.2788900231245182,0.9993560849967804
0.27893168892314746,0.9993560849967804
0.2793066811108102,0.9993560849967804
0.27939001270806857,0.9993560849967804
0.2795150101039562,0.9993560849967804
0.27955667590258537,0.9993560849967804
0.27957750880189997,0.9993560849967804
0.27961917460052915,0.9993560849967804
0.2797233390971021,0.9993560849967804
0.27976500489573136,0.9993560849967804
0.27982750359367514,0.9993560849967804
0.27986916939230433,0.9993560849967804
0.2800983312847649,0.9993560849967804
0.2801399970833941,0.9993560849967804
0.2802233286806525,0.9993560849967804
0.2803274931772255,0.9993560849967804
0.2803691589758547,0.9993560849967804
0.28043165767379846,0.9993560849967804
0.28053582217037143,0.9993560849967804
0.280556655069686,0.9993560849967804
0.28059832086831527,0.9993560849967804
0.2807233182642028,0.9993560849967804
0.2808066498614612,0.9993560849967804
0.28084831566009044,0.9993560849967804
0.2809316472573488,0.9993560849967804
0.2812233078477532,0.9993560849967804
0.28149413553884295,0.9993560849967804
0.2815983000354159,0.9993560849967804
0.2816399658340451,0.9993560849967804
0.2818899606258203,0.9993560849967804
0.2819524593237641,0.9993560849967804
0.2819941251223933,0.9993560849967804
0.28209828961896627,0.9993560849967804
0.28213995541759546,0.9993560849967804
0.28228578571279767,0.9993560849967804
0.28232745151142685,0.9993560849967804
0.28236911731005604,0.9993560849967804
0.2824107831086852,0.9993560849967804
0.2826191121018312,0.9993560849967804
0.2826607779004604,0.9993560849967804
0.282681610799775,0.9993560849967804
0.2827232765984042,0.9993560849967804
0.2827441094977188,0.9993560849967804
0.2828066081956626,0.9993560849967804
0.2828274410949772,0.9993560849967804
0.2828691068936064,0.9993560849967804
0.282889939792921,0.9993560849967804
0.28295243849086477,0.9993560849967804
0.28303577008812314,0.9993560849967804
0.2830774358867524,0.9993560849967804
0.28320243328263994,0.9993560849967804
0.28334826357784215,0.9993560849967804
0.28336909647715675,0.9993560849967804
0.28341076227578593,0.9993560849967804
0.2835774254703027,0.9993560849967804
0.2836190912689319,0.9993560849967804
0.28384825316139245,0.9993560849967804
0.2840982479531676,0.9993560849967804
0.28418157955042606,0.9993560849967804
0.2844315743422012,0.9993560849967804
0.28468156913397635,0.9993560849967804
0.2847649007312348,0.9993560849967804
0.28488989812712234,0.9993560849967804
0.28503572842232455,0.9993560849967804
0.28507739422095374,0.9993560849967804
0.2851815587175267,0.9993560849967804
0.2852232245161559,0.9993560849967804
0.2853273890127289,0.9993560849967804
0.2853690548113581,0.9993560849967804
0.2853898877106727,0.9993560849967804
0.2854523864086165,0.9993560849967804
0.2855565509051895,0.9993560849967804
0.2855982167038187,0.9993560849967804
0.2856190496031333,0.9993560849967804
0.28566071540176247,0.9993560849967804
0.28578571279765,0.9993560849967804
0.28582737859627927,0.9993560849967804
0.285994041790796,0.9993560849967804
0.28609820628736904,0.9993560849967804
0.2862440365825712,0.9993560849967804
0.28632736817982957,0.9993560849967804
0.2866398616695485,0.9993560849967804
0.28668152746817777,0.9993560849967804
0.28678569196475073,0.9993560849967804
0.2868273577633799,0.9993560849967804
0.28693152225995294,0.9993560849967804
0.28697318805858213,0.9993560849967804
0.2870356867565259,0.9993560849967804
0.2870773525551551,0.9993560849967804
0.2870981854544697,0.9993560849967804
0.28718151705172806,0.9993560849967804
0.2873273473469303,0.9993560849967804
0.28738984604487405,0.9993560849967804
0.2874940105414471,0.9993560849967804
0.28755650923939086,0.9993560849967804
0.2876815066352784,0.9993560849967804
0.28776483823253685,0.9993560849967804
0.28780650403116603,0.9993560849967804
0.2878273369304806,0.9993560849967804
0.2878898356284244,0.9993560849967804
0.2880773317222558,0.9993560849967804
0.288118997520885,0.9993560849967804
0.2881606633195142,0.9993560849967804
0.28820232911814336,0.9993560849967804
0.28828566071540174,0.9993560849967804
0.288327326514031,0.9993560849967804
0.28843149101060395,0.9993560849967804
0.2884939897085477,0.9993560849967804
0.2885148226078623,0.9993560849967804
0.2885564884064915,0.9993560849967804
0.2888689818962105,0.9993560849967804
0.2889523134934689,0.9993560849967804
0.2891398095873003,0.9993560849967804
0.28920230828524407,0.9993560849967804
0.28924397408387326,0.9993560849967804
0.2895564675735922,0.9993560849967804
0.2895773004729068,0.9993560849967804
0.2897439636674236,0.9993560849967804
0.2899939584591988,0.9993560849967804
0.29007729005645716,0.9993560849967804
0.29013978875440094,0.9993560849967804
0.29016062165371553,0.9993560849967804
0.2902022874523447,0.9993560849967804
0.2902231203516593,0.9993560849967804
0.29026478615028856,0.9993560849967804
0.29034811774754693,0.9993560849967804
0.2903897835461761,0.9993560849967804
0.2906189454386367,0.9993560849967804
0.2906606112372659,0.9993560849967804
0.29072310993520967,0.9993560849967804
0.29076477573383885,0.9993560849967804
0.2908064415324681,0.9993560849967804
0.2910356034249286,0.9993560849967804
0.29116060082081624,0.9993560849967804
0.29122309951876,0.9993560849967804
0.2914105956125914,0.9993560849967804
0.2914522614112206,0.9993560849967804
0.2917022562029958,0.9993560849967804
0.29182725359888334,0.9993560849967804
0.29193141809545636,0.9993560849967804
0.29197308389408555,0.9993560849967804
0.2920564154913439,0.9993560849967804
0.2921189141892877,0.9993560849967804
0.2921605799879169,0.9993560849967804
0.29220224578654613,0.9993560849967804
0.2922647444844899,0.9993560849967804
0.2923064102831191,0.9993560849967804
0.2923689089810629,0.9993560849967804
0.29241057477969207,0.9993560849967804
0.2924730734776359,0.9993560849967804
0.2925147392762651,0.9993560849967804
0.29266056957146724,0.9993560849967804
0.2927439011687257,0.9993560849967804
0.29278556696735486,0.9993560849967804
0.29282723276598405,0.9993560849967804
0.29299389596050085,0.9993560849967804
0.29303556175913004,0.9993560849967804
0.2931188933563884,0.9993560849967804
0.2931605591550176,0.9993560849967804
0.2932230578529614,0.9993560849967804
0.29326472365159056,0.9993560849967804
0.2935772171413096,0.9993560849967804
0.29366054873856795,0.9993560849967804
0.29382721193308475,0.9993560849967804
0.29388971063102853,0.9993560849967804
0.2939105435303431,0.9993560849967804
0.2939522093289723,0.9993560849967804
0.2940355409262307,0.9993560849967804
0.2940772067248599,0.9993560849967804
0.2941188725234891,0.9993560849967804
0.2941813712214329,0.9993560849967804
0.2942230370200621,0.9993560849967804
0.29426470281869127,0.9993560849967804
0.29436886731526424,0.9993560849967804
0.2944313660132081,0.9993560849967804
0.29447303181183726,0.9993560849967804
0.2945771963084102,0.9993560849967804
0.2946188621070394,0.9993560849967804
0.2948896897981292,0.9993560849967804
0.294952188496073,0.9993560849967804
0.2950146871940168,0.9993560849967804
0.2950771858919606,0.9993560849967804
0.29513968458990436,0.9993560849967804
0.29518135038853355,0.9993560849967804
0.2952021832878482,0.9993560849967804
0.295264681985792,0.9993560849967804
0.2954521780796233,0.9993560849967804
0.2957438386700277,0.9993560849967804
0.29576467156934233,0.9993560849967804
0.29601466636111745,0.9993560849967804
0.2960354992604321,0.9993560849967804
0.2960771650590613,0.9993560849967804
0.2960979979583759,0.9993560849967804
0.29618132955563425,0.9993560849967804
0.29620216245494885,0.9993560849967804
0.29624382825357803,0.9993560849967804
0.29630632695152187,0.9993560849967804
0.29643132434740943,0.9993560849967804
0.2965146559446678,0.9993560849967804
0.296556321743297,0.9993560849967804
0.2966396533405554,0.9993560849967804
0.2966813191391846,0.9993560849967804
0.296764650736443,0.9993560849967804
0.2967854836357576,0.9993560849967804
0.29682714943438676,0.9993560849967804
0.2968896481323306,0.9993560849967804
0.29703547842753275,1.0
0.29716047582342037,1.0
0.29722297452136415,1.0
0.29726464031999333,1.0
0.2972854732193079,1.0
0.2973271390179371,1.0
0.2973479719172517,1.0
0.2973896377158809,1.0
0.2974938022124539,1.0
0.2975354680110831,1.0
0.2975771338097123,1.0
0.2977021312055999,1.0
0.2977437970042291,1.0
0.29782712860148747,1.0
0.29788962729943125,1.0
0.29793129309806043,1.0
0.29795212599737503,1.0
0.29801462469531886,1.0
0.29809795629257724,1.0
0.298160454990521,1.0
0.2982021207891502,1.0
0.2983271181850378,1.0
0.2983479510843524,1.0
0.2985146142788692,1.0
0.2985979458761276,1.0
0.29866044457407137,1.0
0.29868127747338596,1.0
0.29872294327201515,1.0
0.29878544196995893,1.0
0.29888960646653195,1.0
0.29893127226516114,1.0
0.2990146038624195,1.0
0.2990562696610487,1.0
0.29913960125830713,1.0
0.2992854315535093,1.0
0.29932709735213847,1.0
0.2993479302514531,1.0
0.2993895960500823,1.0
0.2994520947480261,1.0
0.29955625924459905,1.0
0.2996187579425429,1.0
0.2996395908418575,1.0
0.29968125664048667,1.0
0.29974375533843045,1.0
0.29980625403637423,1.0
0.29991041853294725,1.0
0.29995208433157644,1.0
0.3001187475260932,1.0
0.3009312305993625,1.0
0.3009728963979917,1.0
0.3012853898877107,1.0
0.30143122018291285,1.0
0.30145205308222744,1.0
0.30149371888085663,1.0
0.30157705047811506,1.0
0.30168121497468803,1.0
0.301785379471261,1.0
0.30182704526989024,1.0
0.301889543967834,1.0
0.3019312097664632,1.0
0.3019728755650924,1.0
0.3020145413637216,1.0
0.30203537426303617,1.0
0.3026186954438449,1.0
0.3026395283431595,1.0
0.30268119414178873,1.0
0.30291035603424926,1.0
0.3029520218328785,1.0
0.30307701922876606,1.0
0.30311868502739525,1.0
0.3032228495239683,1.0
0.30330618112122665,1.0
0.30334784691985583,1.0
0.303389512718485,1.0
0.3034311785171142,1.0
0.3036811733088894,1.0
0.30372283910751857,1.0
0.30395200099997915,1.0
0.3040353325972376,1.0
0.3040561654965522,1.0
0.30409783129518136,1.0
0.30413949709381055,1.0
0.30418116289243974,1.0
0.30434782608695654,1.0
0.30438949188558573,1.0
0.3044936563821587,1.0
0.3045353221807879,1.0
0.30476448407324847,1.0
0.30480614987187765,1.0
0.30482698277119225,1.0
0.3048894814691361,1.0
0.30495198016707986,1.0
0.30501447886502364,1.0
0.30503531176433824,1.0
0.3050769775629674,1.0
0.30518114205954044,1.0
0.3052853065561134,1.0
0.3053478052540572,1.0
0.305410303952001,1.0
0.3054519697506302,1.0
0.3055561342472032,1.0
0.30566029874377615,1.0
0.3057019645424054,1.0
0.30578529613966376,1.0
0.30586862773692214,1.0
0.3059519593341805,1.0
0.30605612383075353,1.0
0.30607695673006813,1.0
0.3063269515218433,1.0
0.30643111601841627,1.0
0.30645194891773087,1.0
0.3065352805149893,1.0
0.30661861211224767,1.0
0.30670194370950604,1.0
0.30682694110539366,1.0
0.30691027270265203,1.0
0.3069311056019666,1.0
0.3071394345951126,1.0
0.3073477635882586,1.0
0.30747276098414617,1.0
0.30755609258140454,1.0
0.30772275577592134,1.0
0.30776442157455053,1.0
0.3077852544738651,1.0
0.3078685860711235,1.0
0.3079727505676965,1.0
0.30816024666152786,1.0
0.3082644111581009,1.0
0.30832690985604466,1.0
0.30836857565467385,1.0
0.30843107435261763,1.0
0.30897272973479717,1.0
0.309035228432741,1.0
0.30922272452657235,1.0
0.3093060561238308,1.0
0.30941022062040374,1.0
0.30945188641903293,1.0
0.3094727193183475,1.0
0.3095352180162913,1.0
0.30957688381492054,1.0
0.30961854961354973,1.0
0.3096602154121789,1.0
0.3097227141101227,1.0
0.3097852128080665,1.0
0.3098268786066957,1.0
0.3099727089018979,1.0
0.31001437470052706,1.0
0.31007687339847084,1.0
0.31020187079435846,1.0
0.31024353659298765,1.0
0.31026436949230224,1.0
0.3103060352909314,1.0
0.310326868190246,1.0
0.31041019978750445,1.0
0.3105560300827066,1.0
0.310639361679965,1.0
0.3107226932772234,1.0
0.3107643590758526,1.0
0.3107851919751672,1.0
0.3108268577737964,1.0
0.31086852357242556,1.0
0.310951855169684,1.0
0.3114726776525489,1.0
0.3115560092498073,1.0
0.3116393408470657,1.0
0.31170183954500946,1.0
0.31174350534363865,1.0
0.3117643382429533,1.0
0.31186850273952627,1.0
0.3119935001354138,1.0
0.31211849753130144,1.0
0.3121809962292452,1.0
0.3124934897189642,1.0
0.31278515030936854,1.0
0.31293098060457075,1.0
0.31297264640319994,1.0
0.3130143122018291,1.0
0.3130559780004583,1.0
0.3130768108997729,1.0
0.31316014249703134,1.0
0.3132226411949751,1.0
0.3132643069936043,1.0
0.3134934688860649,1.0
0.3137017978792109,1.0
0.31378512947646925,1.0
0.31382679527509844,1.0
0.314055957167559,1.0
0.3140976229661882,1.0
0.314160121664132,1.0
0.31422262036207577,1.0
0.31443094935522176,1.0
0.31447261515385094,1.0
0.31459761254973856,1.0
0.3147017770463115,1.0
0.3147642757442553,1.0
0.31480594154288455,1.0
0.31530593112643485,1.0
0.31541009562300787,1.0
0.3158059207099852,1.0
0.3158475865086144,1.0
0.3159309181058728,1.0
0.3159517510051874,1.0
0.3159934168038166,1.0
0.3160350826024458,1.0
0.31607674840107497,1.0
0.31609758130038956,1.0
0.3162017457969626,1.0
0.3162434115955918,1.0
0.31628507739422096,1.0
0.3164100747901085,1.0
0.3164309076894231,1.0
0.31649340638736695,1.0
0.3166184037832545,1.0
0.3167017353805129,1.0
0.3167434011791421,1.0
0.3168475656757151,1.0
0.3168892314743443,1.0
0.31693089727297347,1.0
0.31697256307160265,1.0
0.3170142288702319,1.0
0.31711839336680486,1.0
0.31720172496406324,1.0
0.3172433907626924,1.0
0.31732672235995085,1.0
0.31738922105789463,1.0
0.3175142184537822,1.0
0.3176183829503552,1.0
0.3187641924126581,1.0
0.31880585821128726,1.0
0.31891002270786023,1.0
0.31905585300306244,1.0
0.3191391846003208,1.0
0.3192016832982646,1.0
0.31926418199620843,1.0
0.3193058477948376,1.0
0.3193475135934668,1.0
0.319597508385242,1.0
0.3196183412845566,1.0
0.31982667027770256,1.0
0.31991000187496094,1.0
0.3199725005729047,1.0
0.3199933334722193,1.0
0.3200349992708485,1.0
0.32005583217016315,1.0
0.3201183308681069,1.0
0.3201599966667361,1.0
0.3202641611633091,1.0
0.32030582696193827,1.0
0.3204516572571405,1.0
0.32053498885439885,1.0
0.32070165204891565,1.0
0.320784983646174,1.0
0.32090998104206164,1.0
0.32095164684069083,1.0
0.3210141455386346,1.0
0.3210558113372638,1.0
0.3210766442365784,1.0
0.3212224745317806,1.0
0.3212849732297244,1.0
0.32138913772629735,1.0
0.32140997062561194,1.0
0.3214724693235558,1.0
0.32151413512218496,1.0
0.32155580092081415,1.0
0.32159746671944334,1.0
0.32172246411533095,1.0
0.32176412991396014,1.0
0.3218474615112185,1.0
0.3218891273098477,1.0
0.3219099602091623,1.0
0.3219516260077915,1.0
0.3220766234036791,1.0
0.3221182892023083,1.0
0.32215995500093747,1.0
0.32220162079956666,1.0
0.32224328659819584,1.0
0.3223057852961397,1.0
0.32243078269202724,1.0
0.3225141142892856,1.0
0.32261827878585864,1.0
0.3226599445844878,1.0
0.322701610383117,1.0
0.3227641090810608,1.0
0.3228891064769484,1.0
0.3229307722755776,1.0
0.3231391012687236,1.0
0.32322243286598196,1.0
0.32324326576529655,1.0
0.32347242765775713,1.0
0.32365992375158853,1.0
0.32384741984541987,1.0
0.32388908564404906,1.0
0.3239307514426783,1.0
0.3240140830399367,1.0
0.32411824753650964,1.0
0.32413908043582423,1.0
0.3241807462344535,1.0
0.324409908126914,1.0
0.32447240682485784,1.0
0.324514072623487,1.0
0.3245765713214308,1.0
0.3246599029186892,1.0
0.32470156871731837,1.0
0.32490989771046436,1.0
0.32495156350909354,1.0
0.3252640569988125,1.0
0.32532655569675634,1.0
0.3254098872940147,1.0
0.3254307201933293,1.0
0.3255765504885315,1.0
0.3257015478844191,1.0
0.32578487948167745,1.0
0.32580571238099204,1.0
0.32593070977687966,1.0
0.3260348742734526,1.0
0.3260765400720818,1.0
0.3263057019645424,1.0
0.3264931980583738,1.0
0.32659736255494676,1.0
0.32663902835357594,1.0
0.3267223599508344,1.0
0.32676402574946356,1.0
0.3269306889439803,1.0
0.32697235474260955,1.0
0.3271181850378117,1.0
0.3271806837357555,1.0
0.3272223495343847,1.0
0.3272640153330139,1.0
0.3273890127289015,1.0
0.32747234432615985,1.0
0.3275140101247891,1.0
0.32765984041999124,1.0
0.32770150621862043,1.0
0.327722339117935,1.0
0.3277640049165642,1.0
0.32784733651382264,1.0
0.3281181642049124,1.0
0.32828482739942916,1.0
0.3283681589966876,1.0
0.3284098247953168,1.0
0.32845149059394596,1.0
0.3287431511843503,1.0
0.32888898147955253,1.0
0.3298889606466532,1.0
0.3300139580425408,1.0
0.330263952834316,1.0
0.33028478573363057,1.0
0.33032645153225976,1.0
0.33036811733088894,1.0
0.3304306160288327,1.0
0.3304722818274619,1.0
0.3304931147267765,1.0
0.33053478052540575,1.0
0.33057644632403493,1.0
0.3306389450219787,1.0
0.3306806108206079,1.0
0.3307222766192371,1.0
0.3308681069144393,1.0
0.33099310431032686,1.0
0.33120143330347285,1.0
0.33126393200141663,1.0
0.3313264306993604,1.0
0.33140976229661884,1.0
0.33143059519593343,1.0
0.331555592591821,1.0
0.3316805899877086,1.0
0.331763921584967,1.0
0.33186808608153995,1.0
0.33207641507468594,1.0
0.3321180808733151,1.0
0.3321597466719443,1.0
0.33220141247057355,1.0
0.3323264098664611,1.0
0.3324930730609779,1.0
0.33263890335618007,1.0
0.33268056915480926,1.0
0.33284723234932606,1.0
0.33288889814795525,1.0
0.3329930626445282,1.0
0.33303472844315746,1.0
0.33309722714110124,1.0
0.3331388929397304,1.0
0.3333472219328764,1.0
0.333472219328764,1.0
0.333576383825337,1.0
0.3336180496239662,1.0
0.33372221412053915,1.0
0.3338055457177975,1.0
0.33388887731505595,1.0
0.33393054311368514,1.0
0.33397220891231433,1.0
0.3340763734088873,1.0
0.33411803920751654,1.0
0.3342847024020333,1.0
0.33432636820066247,1.0
0.3344096997979209,1.0
0.33451386429449387,1.0
0.33455553009312305,1.0
0.33478469198558364,1.0
0.3348263577842128,1.0
0.334868023582842,1.0
0.3350138538780442,1.0
0.335076352575988,1.0
0.3351180183746172,1.0
0.3352221828711902,1.0
0.3352638486698194,1.0
0.335284681569134,1.0
0.3353263473677632,1.0
0.33534718026707777,1.0
0.33545134476365074,1.0
0.33547217766296533,1.0
0.3355138434615946,1.0
0.33553467636090917,1.0
0.33557634215953835,1.0
0.3357013395554259,1.0
0.3357221724547405,1.0
0.33624299493760545,1.0
0.33628466073623464,1.0
0.33645132393075144,1.0
0.33649298972938063,1.0
0.3365554884273244,1.0
0.33663882002458284,1.0
0.336784650319785,1.0
0.33705547801087477,1.0
0.33711797670881855,1.0
0.3371804754067624,1.0
0.33722214120539157,1.0
0.33728463990333535,1.0
0.3373679715005937,1.0
0.33747213599716674,1.0
0.33751380179579593,1.0
0.3375763004937397,1.0
0.3376179662923689,1.0
0.3376804649903127,1.0
0.33770129788962727,1.0
0.3377846294868857,1.0
0.3378679610841441,1.0
0.33795129268140245,1.0
0.3379929584800317,1.0
0.33805545717797547,1.0
0.3382221203724922,1.0
0.3386804441574134,1.0
0.33874294285535717,1.0
0.33880544155330095,1.0
0.3388471073519302,1.0
0.3388679402512448,1.0
0.33893043894918856,1.0
0.33913876794233455,1.0
0.33915960084164914,1.0
0.3392845982375367,1.0
0.3394304285327389,1.0
0.3394720943313681,1.0
0.3395345930293119,1.0
0.33976375492177247,1.0
0.33980542072040165,1.0
0.33982625361971625,1.0
0.33988875231766,1.0
0.3399095852169746,1.0
0.33999291681423305,1.0
0.3402637445053228,1.0
0.340305410303952,1.0
0.34045124059915416,1.0
0.34061790379367096,1.0
0.34065956959230015,1.0
0.34070123539092934,1.0
0.34080539988750236,1.0
0.34086789858544614,1.0
0.3409095643840753,1.0
0.34105539467927753,1.0
0.3411178933772213,1.0
0.3411595591758505,1.0
0.3412428907731089,1.0
0.34128455657173806,1.0
0.3413053894710527,1.0
0.34147205266556946,1.0
0.34149288556488405,1.0
0.34155538426282783,1.0
0.3415970500614571,1.0
0.34161788296077167,1.0
0.34165954875940086,1.0
0.3417637132559738,1.0
0.34184704485323225,1.0
0.3419720422491198,1.0
0.342013708047749,1.0
0.3420762067456928,1.0
0.34211787254432197,1.0
0.3421387054436366,1.0
0.3421803712422658,1.0
0.342222037040895,1.0
0.3422637028395242,1.0
0.34236786733609714,1.0
0.342430366034041,1.0
0.34247203183267017,1.0
0.34251369763129935,1.0
0.34257619632924313,1.0
0.34274285952375994,1.0
0.3427845253223891,1.0
0.3428470240203329,1.0
0.3428886898189621,1.0
0.3429928543155351,1.0
0.3430345201141643,1.0
0.3430970188121081,1.0
0.3431178517114227,1.0
0.34315951751005186,1.0
0.34318035040936645,1.0
0.34322201620799564,1.0
0.34330534780525407,1.0
0.34334701360388326,1.0
0.34338867940251244,1.0
0.34343034520114163,1.0
0.3434720109997708,1.0
0.34355534259702925,1.0
0.34357617549634384,1.0
0.3436595070936022,1.0
0.3437011728922314,1.0
0.343826170288119,1.0
0.3438678360867482,1.0
0.34397200058332117,1.0
0.3440553321805796,1.0
0.3440969979792088,1.0
0.34422199537509635,1.0
0.3445344888648153,1.0
0.34482614945521967,1.0
0.3448886481531635,1.0
0.3449303139517927,1.0
0.34501364554905106,1.0
0.34507614424699484,1.0
0.34515947584425327,1.0
0.34520114164288246,1.0
0.34522197454219705,1.0
0.34528447324014083,1.0
0.3454928022332868,1.0
0.345534468031916,1.0
0.345638632528489,1.0
0.34570113122643276,1.0
0.345742797025062,1.0
0.3458052957230058,1.0
0.34588862732026415,1.0
0.3459927918168372,1.0
0.34603445761546636,1.0
0.3462011208099831,1.0
0.3463469511051853,1.0
0.3464719485010729,1.0
0.34651361429970207,1.0
0.3465761129976459,1.0
0.3466386116955897,1.0
0.34668027749421887,1.0
0.34674277619216265,1.0
0.34678444199079184,1.0
0.3468261077894211,1.0
0.34686777358805027,1.0
0.34695110518530864,1.0
0.3470552696818816,1.0
0.34709693548051085,1.0
0.34715943417845463,1.0
0.3472844315743422,1.0
0.34734693027228597,1.0
0.3474302618695444,1.0
0.3474719276681736,1.0
0.3475135934668028,1.0
0.34755525926543196,1.0
0.34761775796337574,1.0
0.34763859086269033,1.0
0.3476802566613196,1.0
0.34772192245994876,1.0
0.3478677527551509,1.0
0.3489718964188246,1.0
0.3490135622174538,1.0
0.349055228016083,1.0
0.3490760609153976,1.0
0.3491177267140268,1.0
0.3491802254119706,1.0
0.349367721505802,1.0
0.34943022020374576,1.0
0.34945105310306035,1.0
0.3495343847003187,1.0
0.34957605049894797,1.0
0.34968021499552093,1.0
0.3498052123914085,1.0
0.3498468781900377,1.0
0.3499510426866107,1.0
0.3499927084852399,1.0
0.35007604008249826,1.0
0.3502218703777005,1.0
0.35030520197495885,1.0
0.35049269806879024,1.0
0.3506176954646778,1.0
0.35068019416262164,1.0
0.35070102706193623,1.0
0.3508260244578238,1.0
0.3508468573571384,1.0
0.3508885231557676,1.0
0.3510343534509698,1.0
0.35134684694068874,1.0
0.35151351013520554,1.0
0.3515968417324639,1.0
0.3517218391283515,1.0
0.35174267202766607,1.0
0.3518051707256099,1.0
0.3518885023228683,1.0
0.35193016812149747,1.0
0.35203433261807043,1.0
0.3520759984166997,1.0
0.35213849711464346,1.0
0.3522426616112164,1.0
0.35234682610778945,1.0
0.3524093248057332,1.0
0.35259682089956457,1.0
0.3527009853961376,1.0
0.35276348409408137,1.0
0.35280514989271056,1.0
0.35284681569133974,1.0
0.352888481489969,1.0
0.35299264598654195,1.0
0.35305514468448573,1.0
0.3532843065769463,1.0
0.3533259723755755,1.0
0.3533884710735193,1.0
0.3534509697714631,1.0
0.3534926355700923,1.0
0.3535134684694069,1.0
0.3535968000666653,1.0
0.35363846586529446,1.0
0.35368013166392365,1.0
0.3537634632611821,1.0
0.35384679485844045,1.0
0.35388846065706964,1.0
0.35399262515364266,1.0
0.35407595675090103,1.0
0.3545759463344514,1.0
0.35463844503239517,1.0
0.35472177662965354,1.0
0.35474260952896813,1.0
0.3548051082269119,1.0
0.35486760692485575,1.0
0.35490927272348494,1.0
0.3550551030186871,1.0
0.35509676881731633,1.0
0.3552217662132039,1.0
0.35530509781046227,1.0
0.35532593070977686,1.0
0.3554300952063499,1.0
0.3554509281056645,1.0
0.35551342680360826,1.0
0.35555509260223744,1.0
0.35568008999812506,1.0
0.35572175579675425,1.0
0.35574258869606884,1.0
0.3561175808837316,1.0
0.3562634111789338,1.0
0.3562842440782484,1.0
0.35634674277619216,1.0
0.35638840857482135,1.0
0.35649257307139437,1.0
0.35651340597070896,1.0
0.35655507176933815,1.0
0.3566592362659111,1.0
0.3567009020645403,1.0
0.3567217349638549,1.0
0.35676340076248414,1.0
0.35718005874877606,1.0
0.35726339034603444,1.0
0.3573258890439783,1.0
0.35736755484260746,1.0
0.35740922064123665,1.0
0.3575342180371242,1.0
0.35761754963438264,1.0
0.3576592154330118,1.0
0.3577842128288994,1.0
0.3584925314055957,1.0
0.3585758630028541,1.0
0.3586383617007979,1.0
0.35868002749942707,1.0
0.3588258577946293,1.0
0.35886752359325846,1.0
0.3589716880898315,1.0
0.35903418678777527,1.0
0.359200849982292,1.0
0.35926334868023585,1.0
0.35932584737817963,1.0
0.3593883460761234,1.0
0.3594300118747526,1.0
0.3595341763713256,1.0
0.3595758421699548,1.0
0.3596591737672132,1.0
0.35972167246515696,1.0
0.35976333826378615,1.0
0.3598050040624154,1.0
0.35986750276035917,1.0
0.35990916855898836,1.0
0.36101331222266203,1.0
0.361117476719235,1.0
0.3611591425178642,1.0
0.3612633070144372,1.0
0.3613049728130664,1.0
0.3614716360075832,1.0
0.36157580050415616,1.0
0.36161746630278535,1.0
0.3617007979000437,1.0
0.36174246369867297,1.0
0.36182579529593134,1.0
0.3618674610945605,1.0
0.3619299597925043,1.0
0.3619924584904481,1.0
0.3620966229870211,1.0
0.36222162038290867,1.0
0.3623257848794817,1.0
0.3623674506781109,1.0
0.36247161517468385,1.0
0.36253411387262763,1.0
0.36259661257057146,1.0
0.36270077706714443,1.0
0.3627424428657736,1.0
0.36351326014041374,1.0
0.36372158913355973,1.0
0.3638049207308181,1.0
0.36390908522739107,1.0
0.3639507510260203,1.0
0.3640132497239641,1.0
0.36411741422053706,1.0
0.36417991291848084,1.0
0.3642215787171101,1.0
0.36432574321368305,1.0
0.36436740901231224,1.0
0.36449240640819985,1.0
0.3645757380054582,1.0
0.3646174038040874,1.0
0.3646590696027166,1.0
0.364742401199975,1.0
0.364846565696548,1.0
0.3650965604883232,1.0
0.36513822628695236,1.0
0.36522155788421073,1.0
0.36540905397804213,1.0
0.3654507197766713,1.0
0.3655965500718735,1.0
0.3656382158705027,1.0
0.36580487906501946,1.0
0.3659090435615925,1.0
0.36595070936022167,1.0
0.36607570675610923,1.0
0.3661173725547384,1.0
0.3665965292389742,1.0
0.36661736213828877,1.0
0.36665902793691796,1.0
0.36667986083623255,1.0
0.3667215266348618,1.0
0.3667423595341764,1.0
0.36682569113143476,1.0
0.36684652403074935,1.0
0.36688818982937854,1.0
0.3669506885273223,1.0
0.36701318722526616,1.0
0.3673048478156705,1.0
0.3673256807149851,1.0
0.3673881794129289,1.0
0.3674506781108727,1.0
0.3675756755067603,1.0
0.3676173413053895,1.0
0.36767984000333326,1.0
0.3677840044999062,1.0
0.36786733609716465,1.0
0.36788816899647925,1.0
0.3679715005937376,1.0
0.3679923334930522,1.0
0.36809649798962524,1.0
0.3681798295868836,1.0
0.3682423282848274,1.0
0.3682839940834566,1.0
0.368367325680715,1.0
0.3684298243786588,1.0
0.36878398366700693,1.0
0.3688464823649507,1.0
0.3688881481635799,1.0
0.3690548113580967,1.0
0.36915897585466967,1.0
0.3692006416532989,1.0
0.3692214745526135,1.0
0.3692631403512427,1.0
0.36934647194850106,1.0
0.36938813774713025,1.0
0.3694506364450741,1.0
0.3694923022437033,1.0
0.36955480094164705,1.0
0.36961729963959084,1.0
0.3696797983375346,1.0
0.36972146413616386,1.0
0.3699506260286244,1.0
0.36999229182725357,1.0
0.37024228661902875,1.0
0.37036728401491636,1.0
0.37040894981354555,1.0
0.37047144851148933,1.0
0.3705131143101185,1.0
0.37057561300806235,1.0
0.37061727880669154,1.0
0.3707006104039499,1.0
0.3707839420012083,1.0
0.37107560259161265,1.0
0.3711589341888711,1.0
0.37124226578612946,1.0
0.3715339263765338,1.0
0.3717214224703652,1.0
0.3726172371408929,1.0
0.3726797358388367,1.0
0.3727630674360951,1.0
0.3728047332347243,1.0
0.3728672319326681,1.0
0.37290889773129726,1.0
0.37292973063061186,1.0
0.37301306222787023,1.0
0.3730338951271849,1.0
0.37307556092581406,1.0
0.37311722672444325,1.0
0.3732005583217016,1.0
0.3732213912210162,1.0
0.37328388991896,1.0
0.37332555571758924,1.0
0.3734088873148476,1.0
0.3734505531134768,1.0
0.3736172163079936,1.0
0.37395054269702716,1.0
0.37399220849565634,1.0
0.37403387429428553,1.0
0.3741172058915439,1.0
0.37417970458948774,1.0
0.3742213703881169,1.0
0.3742630361867461,1.0
0.3743880335826337,1.0
0.3744296993812629,1.0
0.37459636257577966,1.0
0.37463802837440885,1.0
0.37467969417303804,1.0
0.37474219287098187,1.0
0.37478385866961106,1.0
0.3749088560654986,1.0
0.3749505218641278,1.0
0.3750755192600154,1.0
0.3751380179579592,1.0
0.3751796837565884,1.0
0.3752421824545322,1.0
0.3753255140517906,1.0
0.3753671798504198,1.0
0.3753880127497344,1.0
0.37542967854836357,1.0
0.37549217724630735,1.0
0.37567967334013874,1.0
0.37580467073602636,1.0
0.3762004958230037,1.0
0.3762421616216329,1.0
0.37628382742026206,1.0
0.3763463261182059,1.0
0.37645049061477887,1.0
0.3765754880106664,1.0
0.37665881960792486,1.0
0.3767629841044978,1.0
0.376804649903127,1.0
0.3768879815003854,1.0
0.3769296472990146,1.0
0.3770338117955876,1.0
0.3770546446949022,1.0
0.3770963104935314,1.0
0.3771796420907898,1.0
0.377221307889419,1.0
0.3772629736880482,1.0
0.37730463948667736,1.0
0.37745046978187957,1.0
0.37751296847982335,1.0
0.3776171329763963,1.0
0.3776796316743401,1.0
0.3777212974729693,1.0
0.37776296327159853,1.0
0.3780337909626883,1.0
0.3780754567613175,1.0
0.37813795545926127,1.0
0.37817962125789045,1.0
0.37820045415720505,1.0
0.3782837857544635,1.0
0.37834628445240726,1.0
0.37838795025103644,1.0
0.3784504489489802,1.0
0.37855461344555325,1.0
0.3786379450428116,1.0
0.3786796108414408,1.0
0.3787421095393846,1.0
0.37882544113664296,1.0
0.3788671069352722,1.0
0.37907543592841814,1.0
0.37913793462636197,1.0
0.3793045978208787,1.0
0.37938792941813715,1.0
0.3796795900085415,1.0
0.3797212558071707,1.0
0.3797837545051145,1.0
0.3799504176996313,1.0
0.37999208349826047,1.0
0.38003374929688966,1.0
0.38009624799483344,1.0
0.38026291118935024,1.0
0.3803045769879794,1.0
0.3803670756859232,1.0
0.380429574383867,1.0
0.3804504072831816,1.0
0.38067956917564216,1.0
0.38070040207495676,1.0
0.38084623237015897,1.0
0.38088789816878815,1.0
0.38092956396741734,1.0
0.3809712297660465,1.0
0.3810128955646757,1.0
0.38109622716193414,1.0
0.38111706006124874,1.0
0.3812837232557655,1.0
0.3813253890543947,1.0
0.3814087206516531,1.0
0.3814503864502823,1.0
0.3814712193495969,1.0
0.38157538384616985,1.0
0.38180454573863043,1.0
0.38186704443657427,1.0
0.38195037603383264,1.0
0.3819920418324618,1.0
0.3822628695235516,1.0
0.3823253682214954,1.0
0.38234620112080997,1.0
0.3824711985166976,1.0
0.3825128643153268,1.0
0.38255453011395596,1.0
0.38270036040915817,1.0
0.38278369200641654,1.0
0.38282535780504573,1.0
0.3828878565029895,1.0
0.3829503552009333,1.0
0.38299202099956253,1.0
0.3830128538988771,1.0
0.38320034999270847,1.0
0.38322118289202306,1.0
0.3832628486906523,1.0
0.38336701318722527,1.0
0.38340867898585446,1.0
0.38345034478448364,1.0
0.38349201058311283,1.0
0.3835128434824274,1.0
0.38361700797900045,1.0
0.38363784087831504,1.0
0.3836795066769442,1.0
0.3837836711735172,1.0
0.3840753317639216,1.0
0.3841169975625508,1.0
0.3841378304618654,1.0
0.3841794962604946,1.0
0.38424199495843836,1.0
0.38432532655569673,1.0
0.384366992354326,1.0
0.38440865815295516,1.0
0.38445032395158435,1.0
0.38449198975021354,1.0
0.38451282264952813,1.0
0.3845544884481573,1.0
0.3847836503406179,1.0
0.3848253161392471,1.0
0.3849086477365055,1.0
0.3849503135351347,1.0
0.3850336451323931,1.0
0.3851794754275953,1.0
0.38524197412553907,1.0
0.38532530572279744,1.0
0.3853669715214266,1.0
0.3854086373200558,1.0
0.38549196891731424,1.0
0.3856169663132018,1.0
0.385658632111831,1.0
0.3856794650111456,1.0
0.38572113080977477,1.0
0.3858044624070332,1.0
0.38590862690360617,1.0
0.3860127914001792,1.0
0.3860544571988084,1.0
0.38611695589675216,1.0
0.38615862169538134,1.0
0.3862211203933251,1.0
0.3862627861919543,1.0
0.38634611778921274,1.0
0.38636695068852733,1.0
0.3864294493864711,1.0
0.3864711151851003,1.0
0.3865752796816733,1.0
0.3865961125809879,1.0
0.38699193766796525,1.0
0.3870752692652236,1.0
0.38711693506385286,1.0
0.38715860086248205,1.0
0.3872835982583696,1.0
0.3873252640569988,1.0
0.387366929855628,1.0
0.3874294285535718,1.0
0.3874919272515156,1.0
0.3875335930501448,1.0
0.387575258848774,1.0
0.38761692464740316,1.0
0.3877002562446616,1.0
0.3877419220432908,1.0
0.38780442074123456,1.0
0.38786691943917834,1.0
0.38795025103643677,1.0
0.38801274973438055,1.0
0.38805441553300973,1.0
0.38824191162684113,1.0
0.3882835774254703,1.0
0.3883460761234141,1.0
0.38842940772067247,1.0
0.38847107351930166,1.0
0.3885127393179309,1.0
0.3885752380158747,1.0
0.38861690381450387,1.0
0.38865856961313305,1.0
0.3889918960021666,1.0
0.3891377262973688,1.0
0.3892210578946272,1.0
0.3892627236932564,1.0
0.3893668881898294,1.0
0.389387721089144,1.0
0.38947105268640236,1.0
0.38953355138434614,1.0
0.39049186475281766,1.0
0.3906168621487052,1.0
0.3908043582425366,1.0
0.3908251911418512,1.0
0.39134601362471616,1.0
0.39136684652403075,1.0
0.3914501781212891,1.0
0.39157517551717674,1.0
0.39161684131580593,1.0
0.3916585071144351,1.0
0.3917418387116935,1.0
0.3918043374096373,1.0
0.3919501677048395,1.0
0.39201266640278326,1.0
0.3920959980000417,1.0
0.39220016249661466,1.0
0.39224182829524384,1.0
0.3923043269931876,1.0
0.39240849148976065,1.0
0.39245015728838983,1.0
0.3925334888856482,1.0
0.3925751546842774,1.0
0.392595987583592,1.0
0.39263765338222123,1.0
0.3926584862815358,1.0
0.3927209849794796,1.0
0.392804316576738,1.0
0.39284598237536716,1.0
0.39288764817399635,1.0
0.39301264556988397,1.0
0.39309597716714234,1.0
0.3931793087644007,1.0
0.39388762734109706,1.0
0.39390846024041165,1.0
0.39399179183767,1.0
0.3940126247369847,1.0
0.39405429053561386,1.0
0.39411678923355764,1.0
0.39413762213287223,1.0
0.3941792879315014,1.0
0.39430428532738904,1.0
0.3943459511260182,1.0
0.3944292827232766,1.0
0.3944709485219058,1.0
0.3945959459177934,1.0
0.39486677360888317,1.0
0.39495010520614154,1.0
0.3950126039040853,1.0
0.3950751026020291,1.0
0.39511676840065835,1.0
0.3952625986958605,1.0
0.3953459302931189,1.0
0.39536676319243347,1.0
0.3954292618903773,1.0
0.3954500947896919,1.0
0.39557509218557946,1.0
0.3956792566821525,1.0
0.39576258827941085,1.0
0.3958459198766692,1.0
0.3958875856752984,1.0
0.39595008437324225,1.0
0.39601258307118603,1.0
0.3960334159705006,1.0
0.3965125726547364,1.0
0.39657507135268016,1.0
0.39661673715130935,1.0
0.3970333951376013,1.0
0.3971792254328035,1.0
0.39722089123143267,1.0
0.39724172413074726,1.0
0.3973667215266349,1.0
0.39740838732526407,1.0
0.3978458782108706,1.0
0.3979708756067582,1.0
0.3982000374992188,1.0
0.3982208703985334,1.0
0.39826253619716256,1.0
0.39832503489510634,1.0
0.3984083664923647,1.0
0.39847086519030855,1.0
0.3986166954855107,1.0
0.3987000270827691,1.0
0.3987416928813983,1.0
0.3988041915793421,1.0
0.39890835607591507,1.0
0.3995750088539822,1.0
0.3996583404512406,1.0
0.3997208391491844,1.0
0.399741672048499,1.0
0.3998250036457574,1.0
0.3999083352430158,1.0
0.4005749880210829,1.0
0.4006583196183413,1.0
0.4007208183162851,1.0
0.4007416512155997,1.0
0.40078331701422887,1.0
0.40099164600737486,1.0
0.40103331180600404,1.0
0.4010958105039478,1.0
0.4011791421012062,1.0
0.40124164079915003,1.0
0.401345805295723,1.0
0.4014083039936668,1.0
0.4015749671881836,1.0
0.40163746588612736,1.0
0.40169996458407115,1.0
0.4017832961813296,1.0
0.4019499593758463,1.0
0.4019707922751609,1.0
0.40207495677173394,1.0
0.40209578967104853,1.0
0.4021374554696777,1.0
0.4022207870669361,1.0
0.4022624528655653,1.0
0.4023457844628237,1.0
0.40251244765734046,1.0
0.40255411345596964,1.0
0.4025957792545989,1.0
0.40265827795254266,1.0
0.40272077665048645,1.0
0.40288743984500325,1.0
0.40292910564363243,1.0
0.4030124372408908,1.0
0.4030749359388346,1.0
0.4032832649319806,1.0
0.403470761025812,1.0
0.40351242682444116,1.0
0.40355409262307035,1.0
0.40359575842169954,1.0
0.4038040874148455,1.0
0.4038457532134747,1.0
0.4038665861127893,1.0
0.40397075060936233,1.0
0.4040124164079915,1.0
0.40419991250182286,1.0
0.4042415783004521,1.0
0.40432490989771047,1.0
0.40436657569633966,1.0
0.4044707401929126,1.0
0.40451240599154187,1.0
0.40459573758880024,1.0
0.4046999020853732,1.0
0.40486656527989,1.0
0.4049290639778338,1.0
0.404970729776463,1.0
0.4050540613737214,1.0
0.4050957271723506,1.0
0.40519989166892356,1.0
0.40528322326618194,1.0
0.4053248890648111,1.0
0.40538738776275496,1.0
0.4055123851586425,1.0
0.4057207141517885,1.0
0.4057623799504177,1.0
0.40584571154767607,1.0
0.4058873773463053,1.0
0.40603320764150747,1.0
0.40626236953396805,1.0
0.4063457011312264,1.0
0.40644986562779944,1.0
0.40649153142642863,1.0
0.4066165288223162,1.0
0.4066581946209454,1.0
0.40667902752026,1.0
0.4067206933188892,1.0
0.4068248578154622,1.0
0.40686652361409137,1.0
0.4070123539092936,1.0
0.40726234870106875,1.0
0.4073665131976417,1.0
0.4074915105935293,1.0
0.40753317639215847,1.0
0.4075540092914731,1.0
0.4076165079894169,1.0
0.40769983958667527,1.0
0.4084081581633716,1.0
0.40849148976063,1.0
0.4085331555592592,1.0
0.40855398845857377,1.0
0.40861648715651755,1.0
0.40863732005583214,1.0
0.4086789858544614,1.0
0.40878315035103435,1.0
0.40884564904897813,1.0
0.4089081477469219,1.0
0.40899147934418034,1.0
0.4090748109414387,1.0
0.4091373096393825,1.0
0.40919980833732633,1.0
0.4092414741359555,1.0
0.4093039728338993,1.0
0.4093248057332139,1.0
0.4093664715318431,1.0
0.40942897022978686,1.0
0.4095539676256745,1.0
0.40959563342430366,1.0
0.40965813212224744,1.0
0.40969979792087663,1.0
0.40978312951813506,1.0
0.4099081269140226,1.0
0.41005395720922483,1.0
0.410095623007854,1.0
0.4101372888064832,1.0
0.41028311910168536,1.0
0.4103872835982584,1.0
0.41042894939688757,1.0
0.41049144809483135,1.0
0.4105747796920898,1.0
0.4107831086852357,1.0
0.4108247744838649,1.0
0.41086644028249414,1.0
0.4109706047790671,1.0
0.4109914376783817,1.0
0.4110331034770109,1.0
0.4110539363763255,1.0
0.4111372679735839,1.0
0.4111581008728985,1.0
0.41134559696672984,1.0
0.41142892856398827,1.0
0.41147059436261746,1.0
0.4116164246578196,1.0
0.41167892335576345,1.0
0.41172058915439264,1.0
0.4117830878523364,1.0
0.4119705839461678,1.0
0.412012249744797,1.0
0.4120539155434262,1.0
0.41211641424136997,1.0
0.41222057873794293,1.0
0.4122622445365722,1.0
0.41255390512697654,1.0
0.41257473802629113,1.0
0.4126580696235495,1.0
0.4127622341201225,1.0
0.4131163934084707,1.0
0.41324139080435823,1.0
0.4133247224016166,1.0
0.41340805399887504,1.0
0.4134497197975042,1.0
0.4135538842940772,1.0
0.4135955500927064,1.0
0.4136580487906502,1.0
0.4136997145892794,1.0
0.41382471198516696,1.0
0.41386637778379615,1.0
0.4139080435824254,1.0
0.41397054228036917,1.0
0.41403304097831295,1.0
0.41407470677694214,1.0
0.4141372054748859,1.0
0.4141580383742005,1.0
0.41467886085706546,1.0
0.4147413595550093,1.0
0.4147830253536385,1.0
0.4148038582529531,1.0
0.41488718985021145,1.0
0.41505385304472825,1.0
0.41511635174267203,1.0
0.4151788504406158,1.0
0.41528301493718883,1.0
0.415324680735818,1.0
0.4153455136351326,1.0
0.4153871794337618,1.0
0.4154496781317056,1.0
0.41551217682964936,1.0
0.4155538426282786,1.0
0.41567884002416616,1.0
0.41572050582279535,1.0
0.41574133872210994,1.0
0.41584550321868297,1.0
0.41590800191662675,1.0
0.41655382179537925,1.0
0.4166371533926376,1.0
0.41667881919126687,1.0
0.416824649486469,1.0
0.4168663152850982,1.0
0.4180329576467157,1.0
0.4180746234453449,1.0
0.4181579550426033,1.0
0.41824128663986165,1.0
0.41838711693506386,1.0
0.41859544592820985,1.0
0.41863711172683904,1.0
0.41865794462615363,1.0
0.4186996104247828,1.0
0.4187829420220412,1.0
0.418845440719985,1.0
0.4188871065186142,1.0
0.4189287723172434,1.0
0.41905376971313096,1.0
0.41911626841107474,1.0
0.4191996000083332,1.0
0.41928293160559155,1.0
0.41932459740422073,1.0
0.4193870961021645,1.0
0.41949126059873754,1.0
0.4197829211891419,1.0
0.4198037540884565,1.0
0.4198454198870857,1.0
0.4198662527864003,1.0
0.41990791858502946,1.0
0.41992875148434405,1.0
0.4200120830816025,1.0
0.42009541467886086,1.0
0.4202204120747484,1.0
0.42024124497406307,1.0
0.42028291077269225,1.0
0.4204079081685798,1.0
0.4204704068665236,1.0
0.4204912397658382,1.0
0.420553738463782,1.0
0.4206370700610404,1.0
0.42072040165829877,1.0
0.42074123455761336,1.0
0.42078290035624255,1.0
0.4208245661548718,1.0
0.420866231953501,1.0
0.4210328951480177,1.0
0.42109539384596156,1.0
0.42113705964459075,1.0
0.4212203912418491,1.0
0.4212828899397929,1.0
0.42136622153705133,1.0
0.4214703860336243,1.0
0.4215120518322535,1.0
0.4217203808253995,1.0
0.42178287952334326,1.0
0.42180371242265785,1.0
0.42186621112060163,1.0
0.42197037561717465,1.0
0.42203287431511843,1.0
0.422157871711006,1.0
0.42222037040894983,1.0
0.4223037020062082,1.0
0.4223453678048374,1.0
0.4224495323014104,1.0
0.4224911981000396,1.0
0.4225120309993542,1.0
0.422574529697298,1.0
0.42259536259661257,1.0
0.42278285869044396,1.0
0.42280369158975856,1.0
0.42284535738838774,1.0
0.4229286889856461,1.0
0.4229911876835899,1.0
0.4231786837774213,1.0
0.4233453469719381,1.0
0.4237411720589154,1.0
0.4238036707568592,1.0
0.42382450365617386,1.0
0.423970333951376,1.0
0.4240328326493198,1.0
0.42409533134726357,1.0
0.4241994958438366,1.0
0.4242203287431512,1.0
0.42430366034040956,1.0
0.42436615903835334,1.0
0.42449115643424096,1.0
0.42453282223287014,1.0
0.42467865252807235,1.0
0.42469948542738695,1.0
0.4249078144205329,1.0
0.4249703131184767,1.0
0.4250744776150497,1.0
0.42511614341367887,1.0
0.42515780921230806,1.0
0.42519947501093724,1.0
0.42534530530613945,1.0
0.42538697110476864,1.0
0.42540780400408323,1.0
0.425470302702027,1.0
0.42549113560134166,1.0
0.4256161329972292,1.0
0.4256577987958584,1.0
0.425782796191746,1.0
0.4258244619903752,1.0
0.42597029228557737,1.0
0.42599112518489196,1.0
0.4260536238828358,1.0
0.4260744567821504,1.0
0.42613695548009417,1.0
0.42619945417803795,1.0
0.42624111997666714,1.0
0.4266786108622737,1.0
0.4267827753588467,1.0
0.42682444115747586,1.0
0.4269286056540489,1.0
0.4275535926334868,1.0
0.42767859002937436,1.0
0.4277202558280036,1.0
0.4277619216266328,1.0
0.427803587425262,1.0
0.42786608612320576,1.0
0.42794941772046413,1.0
0.4279910835190934,1.0
0.42803274931772256,1.0
0.42807441511635175,1.0
0.42809524801566634,1.0
0.4281369138142955,1.0
0.4282202454115539,1.0
0.4283452428074415,1.0
0.42892856398825024,1.0
0.42897022978687943,1.0
0.428991062686194,1.0
0.42907439428345245,1.0
0.4291785587800254,1.0
0.4292202245786546,1.0
0.4294285535718006,1.0
0.4294702193704298,1.0
0.4296368825649466,1.0
0.4296785483635758,1.0
0.42972021416220496,1.0
0.42976187996083415,1.0
0.42978271286014874,1.0
0.4298452115580925,1.0
0.4298660444574071,1.0
0.42990771025603636,1.0
0.42992854315535095,1.0
0.4300952063498677,1.0
0.4301160392491823,1.0
0.43038686694027206,1.0
0.43040769983958665,1.0
0.4304701985375305,1.0
0.43065769463136183,1.0
0.4307201933293056,1.0
0.4313660132080582,1.0
0.43140767900668736,1.0
0.43142851190600195,1.0
0.43147017770463114,1.0
0.43155350930188957,1.0
0.43159517510051876,1.0
0.43163684089914794,1.0
0.43205349888543987,1.0
0.4321159975833837,1.0
0.43224099497927126,1.0
0.43265765296556324,1.0
0.43269931876419243,1.0
0.4327826503614508,1.0
0.4328034832607654,1.0
0.43290764775733837,1.0
0.4329493135559676,1.0
0.4330534780525406,1.0
0.43313680964979895,1.0
0.4332201412470574,1.0
0.43332430574363034,1.0
0.43336597154225953,1.0
0.4334076373408887,1.0
0.4334493031395179,1.0
0.43349096893814715,1.0
0.43355346763609093,1.0
0.4335951334347201,1.0
0.4336992979312931,1.0
0.4338034624278661,1.0
0.43394929272306826,1.0
0.4340534572196413,1.0
0.43415762171621425,1.0
0.4342409533134726,1.0
0.43434511781004564,1.0
0.43436595070936024,1.0
0.4344076165079894,1.0
0.4344492823066186,1.0
0.4344909481052478,1.0
0.434532613903877,1.0
0.4349076060915398,1.0
0.43492843899085437,1.0
0.43501177058811275,1.0
0.43503260348742734,1.0
0.4351159350846857,1.0
0.4352825982792025,1.0
0.4353242640778317,1.0
0.4353659298764609,1.0
0.43561592466823607,1.0
0.4356992562654945,1.0
0.43578258786275287,1.0
0.4359492510572696,1.0
0.4361784129497302,1.0
0.4362200787483594,1.0
0.4363867419428762,1.0
0.4365950709360222,1.0
0.4367617341305389,1.0
0.43682423282848276,1.0
0.43686589862711195,1.0
0.43690756442574114,1.0
0.4369492302243703,1.0
0.4370117289223141,1.0
0.4370533947209433,1.0
0.43707422762025794,1.0
0.4371575592175163,1.0
0.4372617237140893,1.0
0.4374075540092915,1.0
0.43747005270723527,1.0
0.43755338430449364,1.0
0.43759505010312283,1.0
0.43763671590175207,1.0
0.43769921459969585,1.0
0.43772004749901045,1.0
0.4378033790962688,1.0
0.437845044894898,1.0
0.4378867106935272,1.0
0.43794920939147103,1.0
0.4379908751901002,1.0
0.438053373888044,1.0
0.4380742067873586,1.0
0.4414074706776942,1.0
0.44149080227495263,1.0
0.4416366325701548,1.0
0.441678298368784,1.0
0.44174079706672775,1.0
0.441782462865357,1.0
0.4418449615633008,1.0
0.44211578925439055,1.0
0.44213662215370514,1.0
0.4421782879523343,1.0
0.4422407866502781,1.0
0.44232411824753654,1.0
0.4423657840461657,1.0
0.4424491156434241,1.0
0.4424907814420533,1.0
0.44253244724068247,1.0
0.4425949459386263,1.0
0.4426157788379409,1.0
0.4426574446365701,1.0
0.44276160913314305,1.0
0.44278244203245765,1.0
0.44282410783108683,1.0
0.44296993812628904,1.0
0.44301160392491823,1.0
0.4432199329180642,1.0
0.44361575800504155,1.0
0.44363659090435614,1.0
0.4436990896023,1.0
0.44376158830024376,1.0
0.44399075019270434,1.0
0.4440532488906481,1.0
0.4440949146892773,1.0
0.4441574133872211,1.0
0.4442615778837941,1.0
0.4443032436824233,1.0
0.4443449094810525,1.0
0.4443865752796817,1.0
0.44444907397762545,1.0
0.44449073977625464,1.0
0.4445324055748839,1.0
0.44457407137351307,1.0
0.44461573717214226,1.0
0.4447407345680298,1.0
0.4451573925543218,1.0
0.4451782254536364,1.0
0.44534488864815314,1.0
0.445407387346097,1.0
0.44549071894335535,1.0
0.44553238474198453,1.0
0.4455948834399283,1.0
0.44563654923855756,1.0
0.4459698756275911,1.0
0.4460115414262203,1.0
0.4460740401241641,1.0
0.44628236911731006,1.0
0.4464490323118268,1.0
0.44655319680839983,1.0
0.4465740297077144,1.0
0.4466365284056582,1.0
0.4466781942042874,1.0
0.4467198600029166,1.0
0.4467615258015458,1.0
0.446803191600175,1.0
0.4468448573988042,1.0
0.44732401408303996,1.0
0.44757400887481513,1.0
0.44782400366659025,1.0
0.4479073352638487,1.0
0.4479281681631633,1.0
0.44805316555905084,1.0
0.4483239932501406,1.0
0.44838649194808444,1.0
0.44842815774671363,1.0
0.4485531551426012,1.0
0.4485948209412304,1.0
0.44899064602820776,1.0
0.44905314472615154,1.0
0.44909481052478073,1.0
0.44926147371929753,1.0
0.4493239724172413,1.0
0.4495531343097019,1.0
0.44963646590696027,1.0
0.44971979750421864,1.0
0.4497822962021625,1.0
0.4499906251953084,1.0
0.4502406199870836,1.0
0.4502822857857128,1.0
0.4503447844836566,1.0
0.450428116080915,1.0
0.45049061477885877,1.0
0.45051144767817336,1.0
0.45132393075144267,1.0
0.4514489281473303,1.0
0.4514905939459595,1.0
0.4516572571404762,1.0
0.45178225453636384,1.0
0.4518447532343076,1.0
0.4519072519322514,1.0
0.452032249328139,1.0
0.4521155809253974,1.0
0.452136413824712,1.0
0.45217807962334117,1.0
0.45219891252265576,1.0
0.4522822441199142,1.0
0.45234474281785797,1.0
0.45240724151580175,1.0
0.45242807441511634,1.0
0.4524905731130601,1.0
0.45255307181100396,1.0
0.4526780692068915,1.0
0.4527405679048353,1.0
0.4527822337034645,1.0
0.4528447324014083,1.0
0.4529072310993521,1.0
0.4529488968979813,1.0
0.45301139559592507,1.0
0.45303222849523966,1.0
0.45326139038770025,1.0
0.45328222328701484,1.0
0.45340722068290246,1.0
0.45344888648153164,1.0
0.45353221807879,1.0
0.4535738838774192,1.0
0.4538030457698798,1.0
0.453844711568509,1.0
0.45386554446782357,1.0
0.4539905418637112,1.0
0.45405304056165496,1.0
0.45432386825274473,1.0
0.4544488656486323,1.0
0.4545946959438345,1.0
0.4548446907356097,1.0
0.45507385262807026,1.0
0.45511551842669945,1.0
0.45517801712464323,1.0
0.455240515822587,1.0
0.4552821816212162,1.0
0.45532384741984544,1.0
0.45534468031916003,1.0
0.4553863461177892,1.0
0.455448844815733,1.0
0.4554696777150476,1.0
0.4555113435136768,1.0
0.45555300931230597,1.0
0.4555946751109352,1.0
0.4556988396075082,1.0
0.45574050540613736,1.0
0.45582383700339574,1.0
0.455865502802025,1.0
0.4558863357013396,1.0
0.45594883439928335,1.0
0.45599050019791254,1.0
0.4573238057540468,1.0
0.4573863044519906,1.0
0.45746963604924895,1.0
0.4575321347471928,1.0
0.4575529676465074,1.0
0.45761546634445116,1.0
0.4577196308410241,1.0
0.4577612966396533,1.0
0.45782379533759715,1.0
0.45786546113622634,1.0
0.4579487927334847,1.0
0.45805295723005773,1.0
0.4580946230286869,1.0
0.4581987875252599,1.0
0.4582404533238891,1.0
0.45830295202183285,1.0
0.4583237849211475,1.0
0.4584071165184059,1.0
0.45855294681360803,1.0
0.4585946126122372,1.0
0.45867794420949565,1.0
0.4587404429074394,1.0
0.4587821087060686,1.0
0.4588446074040124,1.0
0.45888627320264164,1.0
0.4589487719005854,1.0
0.45909460219578757,1.0
0.4591987666923606,1.0
0.45928209828961897,1.0
0.45932376408824815,1.0
0.45940709568550653,1.0
0.4594279285848212,1.0
0.45949042728276496,1.0
0.45951126018207955,1.0
0.45955292598070874,1.0
0.45957375888002333,1.0
0.4596987562759109,1.0
0.45971958917522554,1.0
0.4597612549738547,1.0
0.4598862523697423,1.0
0.45996958396700066,1.0
0.4600112497656299,1.0
0.46011541426220287,1.0
0.46015708006083206,1.0
0.46019874585946124,1.0
0.4602612445574051,1.0
0.46040707485260723,1.0
0.4604904064498656,1.0
0.46053207224849485,1.0
0.4606154038457532,1.0
0.4606570696443824,1.0
0.460677902543697,1.0
0.4608237328388992,1.0
0.4608445657382138,1.0
0.460886231536843,1.0
0.4609070644361576,1.0
0.46101122893273055,1.0
0.461094560529989,1.0
0.46117789212724736,1.0
0.46121955792587654,1.0
0.46126122372450573,1.0
0.4615112185162809,1.0
0.4615737172142247,1.0
0.4616153830128539,1.0
0.4616362159121685,1.0
0.4617195475094269,1.0
0.4617820462073707,1.0
0.46186537780462905,1.0
0.46190704360325824,1.0
0.4621362054957188,1.0
0.462177871294348,1.0
0.46221953709297725,1.0
0.46224036999229184,1.0
0.46228203579092103,1.0
0.4623445344888648,1.0
0.462386200287494,1.0
0.4624278660861232,1.0
0.4624695318847524,1.0
0.462490364784067,1.0
0.4625320305826962,1.0
0.46271952667652755,1.0
0.46292785566967354,1.0
0.4629695214683027,1.0
0.46303202016624656,1.0
0.46311535176350493,1.0
0.4631778504614487,1.0
0.4632820149580217,1.0
0.4633236807566509,1.0
0.4633445136559655,1.0
0.46367784004499907,1.0
0.46371950584362825,1.0
0.46378200454157203,1.0
0.464094498031291,1.0
0.46413616382992023,1.0
0.4642194954271786,1.0
0.4642611612258078,1.0
0.46440699152101,1.0
0.4644486573196392,1.0
0.4644903231182684,1.0
0.46457365471552675,1.0
0.46459448761484134,1.0
0.46463615341347053,1.0
0.4646569863127851,1.0
0.46469865211141437,1.0
0.46499031270181873,1.0
0.4650319785004479,1.0
0.4650736442990771,1.0
0.4651569758963355,1.0
0.46521947459427926,1.0
0.4652611403929085,1.0
0.4653028061915377,1.0
0.46544863648673984,1.0
0.4655111351846837,1.0
0.46563613258057124,1.0
0.4656777983792004,1.0
0.4657402970771442,1.0
0.4658652944730318,1.0
0.4659486260702902,1.0
0.466011124768234,1.0
0.4660736234661778,1.0
0.4661569550634362,1.0
0.46624028666069456,1.0
0.4663444511572676,1.0
0.46638611695589677,1.0
0.46642778275452595,1.0
0.46649028145246973,1.0
0.4665319472510989,1.0
0.4665527801504135,1.0
0.4665944459490427,1.0
0.4667194433449303,1.0
0.4667611091435595,1.0
0.4667819420428741,1.0
0.46686527364013247,1.0
0.4669694381367055,1.0
0.46707360263327846,1.0
0.46711526843190765,1.0
0.4671569342305369,1.0
0.46732359742505364,1.0
0.4673652632236828,1.0
0.467406929022312,1.0
0.46744859482094125,1.0
0.467615258015458,1.0
0.4676777567134018,1.0
0.4676985896127164,1.0
0.4677610883106602,1.0
0.467823587008604,1.0
0.4678652528072332,1.0
0.46794858440449155,1.0
0.4679902502031208,1.0
0.4680527489010646,1.0
0.46809441469969376,1.0
0.46819857919626673,1.0
0.4682402449948959,1.0
0.46828191079352516,1.0
0.4683860752900981,1.0
0.4684277410887273,1.0
0.4685319055853003,1.0
0.46855273848461493,1.0
0.4686360700818733,1.0
0.4686777358805025,1.0
0.46892773067227767,1.0
0.46894856357159226,1.0
0.46899022937022145,1.0
0.4690527280681652,1.0
0.46909439386679447,1.0
0.4693027228599404,1.0
0.46957355055103017,1.0
0.4696777150476032,1.0
0.46976104664486157,1.0
0.46980271244349076,1.0
0.46984437824211994,1.0
0.46986521114143454,1.0
0.47001104143663675,1.0
0.4700735401345805,1.0
0.4701152059332097,1.0
0.4701777046311535,1.0
0.47021937042978273,1.0
0.4702610362284119,1.0
0.4703027020270411,1.0
0.4703652007249849,1.0
0.4705110310201871,1.0
0.4705735297181309,1.0
0.47059436261744547,1.0
0.47071936001333303,1.0
0.4707610258119623,1.0
0.47080269161059146,1.0
0.4709485219057936,1.0
0.4709901877044228,1.0
0.47103185350305204,1.0
0.4710943522009958,1.0
0.471136017999625,1.0
0.4711568508989396,1.0
0.4713651798920856,1.0
0.4714068456907148,1.0
0.47144851148934397,1.0
0.4715735088852316,1.0
0.47163600758317537,1.0
0.47174017207974833,1.0
0.4718443365763213,1.0
0.47190683527426514,1.0
0.4722401616632987,1.0
0.4722609945626133,1.0
0.47230266036124247,1.0
0.47236515905918625,1.0
0.47251098935438846,1.0
0.47255265515301764,1.0
0.47259432095164683,1.0
0.4726568196495906,1.0
0.47269848544821985,1.0
0.47276098414616363,1.0
0.4728026499447928,1.0
0.472844315743422,1.0
0.4728859815420512,1.0
0.4729276473406804,1.0
0.4729901460386242,1.0
0.47319847503177015,1.0
0.4732401408303994,1.0
0.47359430011874754,1.0
0.4736567988166913,1.0
0.47419845419887086,1.0
0.47436511739338766,1.0
0.47444844899064603,1.0
0.4745317805879044,1.0
0.474552613487219,1.0
0.4746776108831066,1.0
0.4746984437824212,1.0
0.4747401095810504,1.0
0.47482344117830877,1.0
0.4749067727755672,1.0
0.4749276056748818,1.0
0.474969271473511,1.0
0.4749901043728256,1.0
0.47503177017145476,1.0
0.47509426886939854,1.0
0.47524009916460075,1.0
0.47530259786254453,1.0
0.47546926105706133,1.0
0.4756150913522635,1.0
0.4756567571508927,1.0
0.47569842294952186,1.0
0.4757817545467803,1.0
0.47588591904335326,1.0
0.47601091643924087,1.0
0.47603174933855547,1.0
0.476156746734443,1.0
0.4762192454323868,1.0
0.476260911231016,1.0
0.47628174413033064,1.0
0.476365075727589,1.0
0.476469240224162,1.0
0.47653173892210576,1.0
0.4766359034186788,1.0
0.47674006791525175,1.0
0.47678173371388094,1.0
0.47680256661319553,1.0
0.4768442324118248,1.0
0.47690673110976856,1.0
0.47694839690839774,1.0
0.47699006270702693,1.0
0.4770317285056561,1.0
0.4770525614049707,1.0
0.47709422720359995,1.0
0.47711506010291455,1.0
0.47715672590154373,1.0
0.4772817232974313,1.0
0.4773233890960605,1.0
0.4773442219953751,1.0
0.4773858877940043,1.0
0.4776983812837233,1.0
0.47776087998166705,1.0
0.47780254578029624,1.0
0.47786504447824,1.0
0.4779067102768692,1.0
0.4781567050686444,1.0
0.478177537967959,1.0
0.478281702464532,1.0
0.4783025353638466,1.0
0.4783650340617904,1.0
0.47838586696110497,1.0
0.47842753275973415,1.0
0.47844836565904875,1.0
0.4789275223432845,1.0
0.4789691881419137,1.0
0.4790941855378013,1.0
0.4791566842357451,1.0
0.4791983500343743,1.0
0.47926084873231806,1.0
0.47940667902752027,1.0
0.47944834482614945,1.0
0.47961500802066626,1.0
0.47965667381929544,1.0
0.4798025041144976,1.0
0.4798441699131268,1.0
0.47986500281244143,1.0
0.4799275015103852,1.0
0.4799483344096998,1.0
0.479990000208329,1.0
0.4800524989062728,1.0
0.4805524884898231,1.0
0.4805733213891377,1.0
0.4806774858857107,1.0
0.4810524780733735,1.0
0.48109414387200267,1.0
0.48113580967063185,1.0
0.48132330576446325,1.0
0.48134413866377784,1.0
0.4814066373617216,1.0
0.4814483031603508,1.0
0.48178162954938436,1.0
0.4820941230391034,1.0
0.48238578362950774,1.0
0.4824691152267661,1.0
0.4825316139247099,1.0
0.4825732797233391,1.0
0.4827191100185413,1.0
0.4827607758171705,1.0
0.48280244161579966,1.0
0.48284410741442885,1.0
0.4829066061123727,1.0
0.48294827191100187,1.0
0.48303160350826024,1.0
0.483094102206204,1.0
0.4831357680048332,1.0
0.4832815983000354,1.0
0.4833440969979792,1.0
0.483406595695923,1.0
0.4834274285952376,1.0
0.4834690943938668,1.0
0.4835732588904398,1.0
0.48363575758838356,1.0
0.48367742338701275,1.0
0.4837607549842712,1.0
0.48380242078290037,1.0
0.48390658527947333,1.0
0.4839274181787879,1.0
0.48401074977604636,1.0
0.4841149142726193,1.0
0.4841565800712485,1.0
0.4841774129705631,1.0
0.4842399116685069,1.0
0.4842607445678215,1.0
0.4843024103664507,1.0
0.4843232432657653,1.0
0.4843649090643945,1.0
0.48446907356096747,1.0
0.48451073935959665,1.0
0.4846149038561697,1.0
0.48465656965479886,1.0
0.48469823545342805,1.0
0.48473990125205724,1.0
0.48484406574863026,1.0
0.4849690631445178,1.0
0.485010728943147,1.0
0.4852815566342368,1.0
0.48530238953355137,1.0
0.4854690527280682,1.0
0.48571904751984335,1.0
0.48576071331847254,1.0
0.48578154621778713,1.0
0.4858232120164163,1.0
0.4858648778150455,1.0
0.4859065436136747,1.0
0.4859690423116185,1.0
0.4860315410095623,1.0
0.4860523739088769,1.0
0.4860940397075061,1.0
0.48619820420407905,1.0
0.48632320159996667,1.0
0.48634403449928126,1.0
0.48644819899585423,1.0
0.48659402929105644,1.0
0.486719026686944,1.0
0.48676069248557324,1.0
0.486823191183517,1.0
0.487031520176663,1.0
0.487135684673236,1.0
0.48717735047186517,1.0
0.48726068206912354,1.0
0.4873231807670674,1.0
0.48740651236432575,1.0
0.48742734526364034,1.0
0.4874898439615841,1.0
0.4875315097602133,1.0
0.48761484135747174,1.0
0.4876981729547301,1.0
0.48867731922251617,1.0
0.48873981792046,1.0
0.4888231495177184,1.0
0.48905231141017896,1.0
0.48909397720880815,1.0
0.48926064040332495,1.0
0.48930230620195414,1.0
0.4893856377992125,1.0
0.4894481364971563,1.0
0.4894689693964709,1.0
0.4896356325909877,1.0
0.4896564654903023,1.0
0.4898231286848191,1.0
0.48998979187933583,1.0
0.4900106247786504,1.0
0.4900522905772796,1.0
0.49013562217453804,1.0
0.4902814524697402,1.0
0.4903231182683694,1.0
0.4903647840669986,1.0
0.4904272827649424,1.0
0.4905106143622008,1.0
0.49061477885877375,1.0
0.490656444657403,1.0
0.4906772775567176,1.0
0.49071894335534677,1.0
0.49076060915397596,1.0
0.4908647736505489,1.0
0.49090643944917817,1.0
0.4910731026436949,1.0
0.4911356013416387,1.0
0.4913439303347847,1.0
0.49142726193204306,1.0
0.4914689277306723,1.0
0.4915105935293015,1.0
0.4915522593279307,1.0
0.4925522384950314,1.0
0.49261473719297516,1.0
0.49265640299160435,1.0
0.4927397345888627,1.0
0.4928230661861211,1.0
0.4929272306826941,1.0
0.4930105622799525,1.0
0.49309389387721086,1.0
0.4932188912730985,1.0
0.49326055707172767,1.0
0.49328138997104226,1.0
0.49348971896418825,1.0
0.49353138476281744,1.0
0.4935730505614466,1.0
0.4936355492593904,1.0
0.49367721505801965,1.0
0.4937397137559634,1.0
0.4937813795545926,1.0
0.4939480427491094,1.0
0.493968875648424,1.0
0.4940313743463678,1.0
0.49413553884294076,1.0
0.4942397033395138,1.0
0.49436470073540134,1.0
0.4944271994333451,1.0
0.49453136392991814,1.0
0.4946146955271765,1.0
0.4947396929230641,1.0
0.4947605258223787,1.0
0.49503135351346844,1.0
0.4950938522114123,1.0
0.49521884960729984,1.0
0.49523968250661443,1.0
0.49536467990250205,1.0
0.49538551280181664,1.0
0.4955105101977042,1.0
0.4956146746942772,1.0
0.49580217078810856,1.0
0.49582300368742316,1.0
0.49598966688193996,1.0
0.49603133268056915,1.0
0.49617716297577136,1.0
0.49619799587508595,1.0
0.49623966167371514,1.0
0.4963021603716589,1.0
0.4963646590696027,1.0
0.4964688235661757,1.0
0.4965313222641195,1.0
0.49665631966000706,1.0
0.49667715255932166,1.0
0.4967604841565801,1.0
0.49680214995520927,1.0
0.49682298285452386,1.0
0.497177142142872,1.0
0.4971979750421866,1.0
0.49726047374013044,1.0
0.4973229724380742,1.0
0.497385471136018,1.0
0.4974271369346472,1.0
0.49748963563259097,1.0
0.4975521343305348,1.0
0.49771879752505155,1.0
0.49776046332368074,1.0
0.4979687923168267,1.0
0.4980104581154559,1.0
0.49807295681339975,1.0
0.49809378971271434,1.0
0.49813545551134353,1.0
0.4982396200079165,1.0
0.4982812858065457,1.0
0.4984062832024333,1.0
0.4984687819003771,1.0
0.49848961479969167,1.0
0.4986354450948939,1.0
0.4986562779942085,1.0
0.49878127539009603,1.0
0.4988229411887252,1.0
0.4988437740880398,1.0
0.49915626757775877,1.0
0.4991771004770734,1.0
0.4992395991750172,1.0
0.4992812649736464,1.0
0.499302097872961,1.0
0.49973958875856755,1.0
0.49978125455719674,1.0
0.5001770796441741,1.0
0.5002395783421179,1.0
0.5003854086373201,1.0
0.5005312389325223,1.0
0.500593737630466,1.0
0.5006354034290952,1.0
0.500697902127039,1.0
0.5007604008249829,1.0
0.500802066623612,1.0
0.5008437324222412,1.0
0.5008645653215558,1.0
0.5009895627174434,1.0
0.501114560113331,1.0
0.5011562259119602,1.0
0.5012812233078477,1.0
0.5013228891064769,1.0
0.5014062207037353,1.0
0.50142705360305,1.0
0.5017395470927689,1.0
0.5018020457907127,1.0
0.5019062102872857,1.0
0.5019478760859148,1.0
0.5019687089852295,1.0
0.5020103747838587,1.0
0.5020312076831732,1.0
0.5021978708776901,1.0
0.502406199870836,1.0
0.5024478656694652,1.0
0.502510364367409,1.0
0.5025311972667236,1.0
0.502614528863982,1.0
0.5026353617632966,1.0
0.5026770275619258,1.0
0.502822857857128,1.0
0.502927022353701,1.0
0.5031978500447908,1.0
0.5033020145413637,1.0
0.5033436803399929,1.0
0.5034270119372513,1.0
0.5035103435345097,1.0
0.5035520093331389,1.0
0.5035936751317681,1.0
0.5036353409303973,1.0
0.5038228370242287,1.0
0.5038436699235432,1.0
0.5039478344201163,1.0
0.5041561634132622,1.0
0.5043019937084644,1.0
0.5043853253057228,1.0
0.504426991104352,1.0
0.5044686569029811,1.0
0.5045728213995542,1.0
0.5046144871981834,1.0
0.5046769858961272,1.0
0.5046978187954417,1.0
0.5047811503927001,1.0
0.504947813587217,1.0
0.5049686464865315,1.0
0.5050311451844753,1.0
0.5050519780837899,1.0
0.5052811399762505,1.0
0.5053228057748796,1.0
0.5054269702714527,1.0
0.5054686360700819,1.0
0.5055311347680257,1.0
0.5055936334659694,1.0
0.5056144663652841,1.0
0.5056561321639133,1.0
0.5056769650632279,1.0
0.5058019624591155,1.0
0.5060102914522614,1.0
0.5060936230495198,1.0
0.5061561217474636,1.0
0.5063852836399242,1.0
0.5065311139351264,1.0
0.5065727797337556,1.0
0.5065936126330701,1.0
0.5066769442303285,1.0
0.5067602758275869,1.0
0.5068227745255307,1.0
0.5069061061227891,1.0
0.5069477719214183,1.0
0.5069686048207329,1.0
0.5071977667131935,1.0
0.5073852628070249,1.0
0.5074269286056541,1.0
0.5074894273035978,1.0
0.507531093102227,1.0
0.5075935918001708,1.0
0.507739422095373,1.0
0.5077810878940022,1.0
0.5079269181892044,1.0
0.5080310826857773,1.0
0.5082602445782379,1.0
0.5083227432761818,1.0
0.508364409074811,1.0
0.5084894064706985,1.0
0.5085310722693277,1.0
0.5085727380679569,1.0
0.5086144038665861,1.0
0.5086769025645299,1.0
0.5087185683631591,1.0
0.5087602341617883,1.0
0.5088018999604175,1.0
0.5089685631549342,1.0
0.5090102289535635,1.0
0.5090518947521927,1.0
0.5109268556905064,1.0
0.5109476885898211,1.0
0.511051853086394,1.0
0.5111143517843378,1.0
0.511156017582967,1.0
0.5113226807774838,1.0
0.5114060123747421,1.0
0.5114476781733713,1.0
0.5115518426699444,1.0
0.5116143413678882,1.0
0.5116768400658319,1.0
0.5118018374617196,1.0
0.5118643361596633,1.0
0.5119685006562363,1.0
0.5120309993541802,1.0
0.5120726651528094,1.0
0.5121351638507531,1.0
0.5122184954480115,1.0
0.5122601612466406,1.0
0.5123434928438991,1.0
0.5124893231391012,1.0
0.5125309889377304,1.0
0.5125934876356742,1.0
0.5126143205349889,1.0
0.5126768192329326,1.0
0.5127184850315618,1.0
0.512864315326764,1.0
0.5132601404137414,1.0
0.5133226391116852,1.0
0.5133643049103144,1.0
0.5134476365075727,1.0
0.5134684694068874,1.0
0.5135726339034603,1.0
0.5136351326014041,1.0
0.5137184641986625,1.0
0.5147184433657632,1.0
0.5147601091643924,1.0
0.5148434407616508,1.0
0.5152392658486281,1.0
0.5152600987479428,1.0
0.515301764546572,1.0
0.5154267619424595,1.0
0.5154892606404033,1.0
0.5155517593383471,1.0
0.5155934251369763,1.0
0.5158017541301223,1.0
0.5158225870294368,1.0
0.515864252828066,1.0
0.5162392450157288,1.0
0.5163017437136727,1.0
0.5163434095123018,1.0
0.5166142372033916,1.0
0.5167184016999646,1.0
0.5168642319951667,1.0
0.5169058977937959,1.0
0.5169475635924251,1.0
0.5169683964917398,1.0
0.5170100622903689,1.0
0.517114226786942,1.0
0.5171350596862565,1.0
0.5171767254848857,1.0
0.5172392241828295,1.0
0.5172808899814587,1.0
0.5173225557800879,1.0
0.5173642215787171,1.0
0.5180100414574696,1.0
0.5180517072560988,1.0
0.5181558717526719,1.0
0.5182600362492448,1.0
0.5183642007458178,1.0
0.518405866544447,1.0
0.5184475323430762,1.0
0.5185725297389637,1.0
0.5186141955375929,1.0
0.5186558613362222,1.0
0.5187391929334806,1.0
0.5195308431074352,1.0
0.5196558405033228,1.0
0.5197391721005813,1.0
0.5199475010937272,1.0
0.520009999791671,1.0
0.5200516655903002,1.0
0.5201349971875586,1.0
0.5201766629861878,1.0
0.5202391616841315,1.0
0.5208433157642549,1.0
0.5212808066498614,1.0
0.5213849711464345,1.0
0.5217807962334118,1.0
0.5218849607299848,1.0
0.5219474594279286,1.0
0.522239120018333,1.0
0.5222807858169621,1.0
0.5235724255744671,1.0
0.5236765900710402,1.0
0.5238224203662424,1.0
0.5238640861648716,1.0
0.5241349138559613,1.0
0.5241765796545905,1.0
0.5242390783525344,1.0
0.5242807441511635,1.0
0.5244057415470511,1.0
0.5244890731443095,1.0
0.5246349034395117,1.0
0.5247182350367701,1.0
0.5247599008353993,1.0
0.5248432324326576,1.0
0.5248640653319723,1.0
0.5249473969292306,1.0
0.5250723943251182,1.0
0.5251140601237474,1.0
0.5251557259223766,1.0
0.5252598904189496,1.0
0.5253015562175788,1.0
0.5253223891168934,1.0
0.5253640549155226,1.0
0.5254682194120955,1.0
0.5255932168079832,1.0
0.5256348826066124,1.0
0.5256557155059269,1.0
0.525864044499073,1.0
0.5258848773983875,1.0
0.5260307076935897,1.0
0.5260932063915336,1.0
0.5261765379887919,1.0
0.5262390366867357,1.0
0.5263015353846795,1.0
0.5263640340826233,1.0
0.5264056998812525,1.0
0.5264681985791962,1.0
0.5265931959750838,1.0
0.526634861773713,1.0
0.5266765275723423,1.0
0.5266973604716568,1.0
0.526739026270286,1.0
0.5267806920689152,1.0
0.526843190766859,1.0
0.5268640236661736,1.0
0.5269265223641174,1.0
0.5269890210620612,1.0
0.5270723526593196,1.0
0.5271348513572633,1.0
0.527155684256578,1.0
0.5275306764442408,1.0
0.5275515093435553,1.0
0.5279473344305327,1.0
0.5280098331284765,1.0
0.5280723318264203,1.0
0.5281764963229932,1.0
0.5287181517051728,1.0
0.5288848148996896,1.0
0.5289889793962625,1.0
0.5290514780942064,1.0
0.5293014728859815,1.0
0.5293848044832399,1.0
0.5294056373825545,1.0
0.5294473031811837,1.0
0.5295098018791276,1.0
0.5295514676777567,1.0
0.5296347992750151,1.0
0.529697297972959,1.0
0.5297597966709027,1.0
0.5298014624695319,1.0
0.529843128268161,1.0
0.5298847940667902,1.0
0.5299056269661049,1.0
0.5299472927647341,1.0
0.5299889585633633,1.0
0.5300306243619924,1.0
0.5301139559592508,1.0
0.53015562175788,1.0
0.5303014520530822,1.0
0.5303431178517114,1.0
0.5304056165496552,1.0
0.530572279744172,1.0
0.5306347784421158,1.0
0.5306972771400595,1.0
0.5307389429386887,1.0
0.5308222745359472,1.0
0.5308431074352618,1.0
0.5310097706297785,1.0
0.5311139351263515,1.0
0.5311347680256662,1.0
0.5312389325222391,1.0
0.5312597654215537,1.0
0.5313430970188121,1.0
0.53196808399825,1.0
0.532072248494823,1.0
0.5321347471927668,1.0
0.5321764129913961,1.0
0.5325097393804296,1.0
0.532801399970834,1.0
0.5329263973667215,1.0
0.5330097289639799,1.0
0.5330513947626091,1.0
0.5330930605612383,1.0
0.533259723755755,1.0
0.5332805566550697,1.0
0.5333222224536989,1.0
0.5334055540509572,1.0
0.5334472198495864,1.0
0.5335513843461595,1.0
0.5338013791379346,1.0
0.5338638778358784,1.0
0.5339055436345076,1.0
0.5339472094331368,1.0
0.5340305410303952,1.0
0.5341347055269682,1.0
0.5341763713255974,1.0
0.5342597029228557,1.0
0.5343222016207996,1.0
0.5344680319160018,1.0
0.5345930293118893,1.0
0.5346555280098332,1.0
0.5346971938084624,1.0
0.5347180267077769,1.0
0.5348221912043499,1.0
0.5348430241036645,1.0
0.5349471886002375,1.0
0.5349888543988667,1.0
0.5352596820899564,1.0
0.5353430136872148,1.0
0.535384679485844,1.0
0.5354055123851587,1.0
0.5355096768817317,1.0
0.5355513426803609,1.0
0.5356763400762484,1.0
0.5357596716735068,1.0
0.535801337472136,1.0
0.5358638361700798,1.0
0.5359680006666527,1.0
0.5359888335659674,1.0
0.5360721651632258,1.0
0.5371554759275848,1.0
0.5371763088268995,1.0
0.5372388075248432,1.0
0.5372596404241579,1.0
0.5373846378200454,1.0
0.5374471365179893,1.0
0.537509635215933,1.0
0.537613799712506,1.0
0.5376554655111352,1.0
0.537717964209079,1.0
0.5378012958063374,1.0
0.5384054498864607,1.0
0.5386137788796067,1.0
0.5386554446782359,1.0
0.5388012749734381,1.0
0.5388637736713818,1.0
0.538905439470011,1.0
0.5389262723693257,1.0
0.5389887710672694,1.0
0.539009603966584,1.0
0.5390512697652132,1.0
0.5390721026645279,1.0
0.5391554342617862,1.0
0.539322097456303,1.0
0.5393637632549322,1.0
0.5393845961542468,1.0
0.5394679277515052,1.0
0.5395095935501344,1.0
0.5395929251473928,1.0
0.5396137580467074,1.0
0.5396554238453366,1.0
0.5397179225432803,1.0
0.5397595883419095,1.0
0.5401762463282015,1.0
0.5401970792275161,1.0
0.5402804108247745,1.0
0.5403429095227182,1.0
0.5405304056165496,1.0
0.5405720714151788,1.0
0.5406554030124372,1.0
0.5406970688110664,1.0
0.5407804004083249,1.0
0.5408428991062686,1.0
0.5409053978042124,1.0
0.5414678860857065,1.0
0.5414887189850212,1.0
0.5415303847836503,1.0
0.5415720505822795,1.0
0.5416137163809087,1.0
0.5416553821795379,1.0
0.5418012124747401,1.0
0.541863711172684,1.0
0.5419053769713131,1.0
0.5420928730651445,1.0
0.5421137059644591,1.0
0.5421553717630883,1.0
0.5422595362596613,1.0
0.5422803691589758,1.0
0.542322034957605,1.0
0.5423845336555488,1.0
0.5424470323534927,1.0
0.5425095310514364,1.0
0.5426553613466386,1.0
0.5426970271452678,1.0
0.5428845232390992,1.0
0.5430303535343014,1.0
0.5432178496281328,1.0
0.5433428470240204,1.0
0.5433636799233349,1.0
0.5434261786212787,1.0
0.5434886773192226,1.0
0.5435720089164809,1.0
0.5436345076144247,1.0
0.5437386721109977,1.0
0.5440094998020875,1.0
0.5440303327014021,1.0
0.5440928313993458,1.0
0.544134497197975,1.0
0.5441761629966042,1.0
0.5442594945938626,1.0
0.5473427636924231,1.0
0.5474260952896814,1.0
0.5474469281889961,1.0
0.5474885939876253,1.0
0.547551092685569,1.0
0.5475927584841982,1.0
0.547655257182142,1.0
0.5477385887794004,1.0
0.5477802545780296,1.0
0.5478010874773442,1.0
0.5478427532759734,1.0
0.5479052519739173,1.0
0.5479469177725464,1.0
0.547967750671861,1.0
0.5480094164704902,1.0
0.548071915168434,1.0
0.5481135809670632,1.0
0.5481344138663777,1.0
0.5481969125643216,1.0
0.5484469073560968,1.0
0.548488573154726,1.0
0.5485510718526697,1.0
0.5485927376512989,1.0
0.5486344034499281,1.0
0.5487385679465011,1.0
0.548801066644445,1.0
0.5488427324430741,1.0
0.5489052311410179,1.0
0.548946896939647,1.0
0.5495510510197704,1.0
0.5495927168183996,1.0
0.5496552155163434,1.0
0.5497593800129164,1.0
0.5498010458115455,1.0
0.5499052103081186,1.0
0.5499468761067478,1.0
0.5500093748046916,1.0
0.5501552050998938,1.0
0.5501760379992083,1.0
0.5502385366971522,1.0
0.5503010353950959,1.0
0.5504260327909836,1.0
0.5504885314889273,1.0
0.5512385158642529,1.0
0.5513218474615112,1.0
0.5515093435553426,1.0
0.5515718422532864,1.0
0.5518218370450616,1.0
0.5519468344409492,1.0
0.5519676673402637,1.0
0.5520509989375222,1.0
0.5520926647361514,1.0
0.5522384950313535,1.0
0.5523009937292973,1.0
0.5523634924272411,1.0
0.5524051582258703,1.0
0.5524884898231287,1.0
0.5525509885210724,1.0
0.5527593175142185,1.0
0.5528218162121622,1.0
0.552884314910106,1.0
0.5529259807087352,1.0
0.5529676465073644,1.0
0.5531759755005105,1.0
0.5532176412991396,1.0
0.5532593070977688,1.0
0.553300972896398,1.0
0.553509301889544,1.0
0.5535301347888586,1.0
0.5536342992854315,1.0
0.5539676256744651,1.0
0.5539884585737798,1.0
0.5541967875669257,1.0
0.5542592862648695,1.0
0.5543009520634987,1.0
0.5543217849628133,1.0
0.5543634507614424,1.0
0.5544051165600716,1.0
0.5544467823587008,1.0
0.5545301139559593,1.0
0.554592612653903,1.0
0.554696777150476,1.0
0.5548009416470491,1.0
0.554905106143622,1.0
0.5549467719422512,1.0
0.5549884377408804,1.0
0.5550301035395095,1.0
0.5551967667340264,1.0
0.5552800983312848,1.0
0.5553009312305993,1.0
0.5553425970292286,1.0
0.5553634299285432,1.0
0.5554050957271723,1.0
0.5554884273244307,1.0
0.5555300931230599,1.0
0.5556134247203183,1.0
0.5594258452948897,1.0
0.5594675110935189,1.0
0.5596758400866648,1.0
0.559821670381867,1.0
0.5598425032811817,1.0
0.5599675006770692,1.0
0.5599883335763838,1.0
0.560029999375013,1.0
0.560342492864732,1.0
0.5603633257640466,1.0
0.5605716547571925,1.0
0.5606758192537655,1.0
0.5607174850523947,1.0
0.5608008166496531,1.0
0.5608216495489677,1.0
0.5609883127434845,1.0
0.5610091456427991,1.0
0.5610508114414283,1.0
0.5610716443407429,1.0
0.561113310139372,1.0
0.5611966417366305,1.0
0.5612383075352597,1.0
0.5613424720318326,1.0
0.5613841378304618,1.0
0.5614466365284057,1.0
0.5614883023270348,1.0
0.5615508010249787,1.0
0.5615716339242932,1.0
0.5618216287160684,1.0
0.561842461615383,1.0
0.5619049603133268,1.0
0.561946626111956,1.0
0.5619882919105852,1.0
0.5621132893064728,1.0
0.562259119601675,1.0
0.5623424511989333,1.0
0.5626757775879669,1.0
0.5629882710776859,1.0
0.5630091039770004,1.0
0.5630716026749443,1.0
0.5630924355742589,1.0
0.5631549342722026,1.0
0.563238265869461,1.0
0.5632799316680902,1.0
0.5633632632653487,1.0
0.5634049290639779,1.0
0.5634882606612363,1.0
0.5639049186475282,1.0
0.5644049082310785,1.0
0.564488239828337,1.0
0.5645299056269661,1.0
0.5645715714255953,1.0
0.5646132372242245,1.0
0.5647174017207974,1.0
0.5647799004187413,1.0
0.5648215662173705,1.0
0.5648632320159996,1.0
0.5649048978146288,1.0
0.5650090623112018,1.0
0.5651340597070894,1.0
0.5651548926064041,1.0
0.5673631799337514,1.0
0.5674256786316951,1.0
0.5674673444303243,1.0
0.567488177329639,1.0
0.5676131747255265,1.0
0.5677173392220995,1.0
0.5678006708193579,1.0
0.5678215037186726,1.0
0.5678631695173018,1.0
0.5695923001604133,1.0
0.5696339659590425,1.0
0.5700089581467053,1.0
0.5700506239453345,1.0
0.570175621341222,1.0
0.5702172871398512,1.0
0.5702589529384805,1.0
0.5703631174350534,1.0
0.5704047832336826,1.0
0.5708839399179184,1.0
0.5709256057165476,1.0
0.5709672715151768,1.0
0.5709881044144913,1.0
0.5714464281994125,1.0
0.5714672610987271,1.0
0.5715089268973563,1.0
0.5716755900918731,1.0
0.5717380887898169,1.0
0.5718005874877606,1.0
0.5718422532863898,1.0
0.5721130809774796,1.0
0.5721339138767942,1.0
0.5722172454740526,1.0
0.572300577071311,1.0
0.5723839086685694,1.0
0.5724464073665132,1.0
0.5725505718630862,1.0
0.5725714047624008,1.0
0.5726755692589738,1.0
0.5727380679569176,1.0
0.5728005666548613,1.0
0.5728422324534905,1.0
0.5728838982521197,1.0
0.5729672298493781,1.0
0.5729880627486927,1.0
0.5731755588425241,1.0
0.5733422220370409,1.0
0.5734255536342993,1.0
0.5734463865336139,1.0
0.5736547155267598,1.0
0.5749671881835795,1.0
0.5750088539822087,1.0
0.5750921855794671,1.0
0.5751130184787817,1.0
0.5751963500760401,1.0
0.57623799504177,1.0
0.5763004937397137,1.0
0.5763838253369722,1.0
0.5764046582362867,1.0
0.5764463240349159,1.0
0.5765713214308035,1.0
0.576654653028062,1.0
0.5767796504239495,1.0
0.5768421491218932,1.0
0.5769671465177809,1.0
0.5770088123164101,1.0
0.5770713110143538,1.0
0.5771546426116123,1.0
0.5771963084102415,1.0
0.5772796400074999,1.0
0.5773004729068144,1.0
0.5773421387054436,1.0
0.5774463032020166,1.0
0.5775088018999605,1.0
0.5775504676985896,1.0
0.5776546321951626,1.0
0.5776962979937917,1.0
0.5784879481677465,1.0
0.5786337784629487,1.0
0.5787379429595216,1.0
0.5787587758588363,1.0
0.5788004416574655,1.0
0.5788629403554093,1.0
0.5789046061540385,1.0
0.5789462719526677,1.0
0.5793212641403304,1.0
0.5794045957375888,1.0
0.5794254286369034,1.0
0.5794670944355326,1.0
0.5796754234286786,1.0
0.5796962563279932,1.0
0.5798212537238807,1.0
0.5798420866231954,1.0
0.5799045853211391,1.0
0.5799254182204537,1.0
0.5800087498177121,1.0
0.5801337472135997,1.0
0.5801754130122289,1.0
0.5805295723005771,1.0
0.580737901293723,1.0
0.5808003999916669,1.0
0.580946230286869,1.0
0.5812170579779588,1.0
0.5813003895752172,1.0
0.5814253869711048,1.0
0.581467052769734,1.0
0.5815087185683632,1.0
0.5815503843669924,1.0
0.581571217266307,1.0
0.5816337159642507,1.0
0.5817170475615091,1.0
0.5817587133601383,1.0
0.5818003791587675,1.0
0.5818420449573968,1.0
0.5821753713464303,1.0
0.5823003687423178,1.0
0.583737838795025,1.0
0.5837795045936544,1.0
0.5838628361909127,1.0
0.5839253348888565,1.0
0.5842169954792609,1.0
0.5842586612778901,1.0
0.5843211599758338,1.0
0.5843419928751484,1.0
0.5844878231703506,1.0
0.5845503218682944,1.0
0.5845919876669236,1.0
0.5846128205662382,1.0
0.5846961521634966,1.0
0.5848211495593841,1.0
0.584883648257328,1.0
0.5849253140559572,1.0
0.5849669798545863,1.0
0.5850086456532155,1.0
0.5850294785525302,1.0
0.5850711443511594,1.0
0.5951959334180538,1.0
0.5953000979146268,1.0
0.5953834295118852,1.0
0.5954042624111998,1.0
0.5955500927064019,1.0
0.5955709256057166,1.0
0.5956334243036603,1.0
0.5957167559009188,1.0
0.5988208578987938,1.0
0.598862523697423,1.0
0.5989250223953667,1.0
0.598966688193996,1.0
0.5990291868919397,1.0
0.5990500197912544,1.0
0.5991333513885128,1.0
0.5991958500864565,1.0
0.6004458240453324,1.0
0.6005083227432761,1.0
0.6005291556425908,1.0
0.60057082144122,1.0
0.6006958188371075,1.0
0.6007583175350514,1.0
0.6008416491323098,1.0
0.6008833149309389,1.0
0.600987479427512,1.0
0.6010499781254557,1.0
0.6019249598966688,1.0
0.6019457927959834,1.0
0.602070790191871,1.0
0.602174954688444,1.0
0.6027374429699381,1.0
0.6029041061644549,1.0
0.6030499364596571,1.0
0.6030916022582863,1.0
0.6033624299493761,1.0
0.6034040957480052,1.0
0.6034249286473199,1.0
0.6035082602445783,1.0
0.6035499260432075,1.0
0.6035915918418366,1.0
0.6036332576404658,1.0
0.603674923439095,1.0
0.6037582550363534,1.0
0.603779087935668,1.0
0.6038207537342972,1.0
0.603883252432241,1.0
0.6042790775192184,1.0
0.604404074915106,1.0
0.6045290723109935,1.0
0.6045499052103082,1.0
0.6046124039082519,1.0
0.6046957355055103,1.0
0.6047165684048249,1.0
0.6048415658007125,1.0
0.6049248973979708,1.0
0.6049665631966,1.0
0.6050082289952292,1.0
0.6050915605924877,1.0
0.6051332263911169,1.0
0.6052165579883753,1.0
0.6052582237870044,1.0
0.6055707172767234,1.0
0.605695714672611,1.0
0.605799879169184,1.0
0.6058415449678132,1.0
0.6060707068602738,1.0
0.6060915397595883,1.0
0.6061332055582176,1.0
0.6061540384575321,1.0
0.6062373700547905,1.0
0.6062790358534197,1.0
0.6063207016520489,1.0
0.6064665319472511,1.0
0.6064873648465657,1.0
0.6066331951417678,1.0
0.606674860940397,1.0
0.60677902543697,1.0
0.6069040228328576,1.0
0.6070498531280598,1.0
0.607508176912981,1.0
0.6075498427116102,1.0
0.607612341409554,1.0
0.6076540072081832,1.0
0.6077998375033854,1.0
0.6078623362013291,1.0
0.6079040019999583,1.0
0.607924834899273,1.0
0.6080081664965313,1.0
0.6080498322951605,1.0
0.6081123309931044,1.0
0.6081331638924189,1.0
0.6081748296910481,1.0
0.6082373283889919,1.0
0.6082789941876211,1.0
0.6082998270869356,1.0
0.6083414928855649,1.0
0.6091331430595196,1.0
0.6091748088581488,1.0
0.609216474656778,1.0
0.6092373075560926,1.0
0.609320639153351,1.0
0.6093414720526655,1.0
0.6094039707506094,1.0
0.6095081352471824,1.0
0.6095706339451261,1.0
0.6096122997437553,1.0
0.6096539655423845,1.0
0.6099456261327889,1.0
0.6099872919314181,1.0
0.6100497906293619,1.0
0.610195620924564,1.0
0.6102789525218225,1.0
0.6103206183204517,1.0
0.6104247828170246,1.0
0.6104664486156538,1.0
0.610508114414283,1.0
0.6105497802129123,1.0
0.6107581092060582,1.0
0.6108622737026312,1.0
0.6109456052998896,1.0
0.6110081039978333,1.0
0.6110497697964625,1.0
0.6111122684944064,1.0
0.6111539342930356,1.0
0.6113205974875523,1.0
0.6114039290848108,1.0
0.6114247619841253,1.0
0.6114664277827545,1.0
0.6115497593800129,1.0
0.6116539238765859,1.0
0.6116747567759006,1.0
0.6117789212724735,1.0
0.6118205870711027,1.0
0.6211120601654132,1.0
0.6216953813462219,1.0
0.6217578800441658,1.0
0.6218620445407388,1.0
0.6219662090373117,1.0
0.6220078748359409,1.0
0.6220495406345701,1.0
0.6221328722318284,1.0
0.6221537051311431,1.0
0.6222370367284015,1.0
0.6222787025270307,1.0
0.6223828670236037,1.0
0.6224036999229182,1.0
0.622466198620862,1.0
0.6225078644194912,1.0
0.6225495302181204,1.0
0.6226120289160643,1.0
0.6226536947146935,1.0
0.6227161934126373,1.0
0.622778692110581,1.0
0.6228620237078394,1.0
0.6229245224057832,1.0
0.6229453553050978,1.0
0.623299514593446,1.0
0.6234245119893336,1.0
0.6234661777879628,1.0
0.6234870106872773,1.0
0.6240911647674007,1.0
0.624174496364659,1.0
0.6242786608612321,1.0
0.6243411595591758,1.0
0.6249244807399846,1.0
0.6249869794379284,1.0
0.6250494781358722,1.0
0.6250703110351867,1.0
0.6251119768338159,1.0
0.6251328097331306,1.0
0.6251744755317598,1.0
0.6252369742297036,1.0
0.6252994729276473,1.0
0.6253828045249057,1.0
0.6255911335180517,1.0
0.6256327993166809,1.0
0.6256744651153101,1.0
0.6256952980146246,1.0
0.6257577967125685,1.0
0.6259661257057144,1.0
0.6269661048728151,1.0
0.6269869377721298,1.0
0.627028603570759,1.0
0.6270494364700735,1.0
0.6270911022687027,1.0
0.6271536009666465,1.0
0.6272369325639049,1.0
0.6273619299597925,1.0
0.6274035957584218,1.0
0.6274452615570509,1.0
0.6274869273556801,1.0
0.627591091852253,1.0
0.6276327576508822,1.0
0.6277160892481407,1.0
0.6277577550467699,1.0
0.6278619195433428,1.0
0.6279452511406013,1.0
0.6280494156371742,1.0
0.6281327472344326,1.0
0.6282994104289494,1.0
0.62852857232141,1.0
0.6285702381200392,1.0
0.6286119039186684,1.0
0.6286327368179829,1.0
0.6286744026166121,1.0
0.6286952355159268,1.0
0.6287994000124998,1.0
0.6290077290056457,1.0
0.6290493948042749,1.0
0.62929938959605,1.0
0.6293827211933085,1.0
0.629403554092623,1.0
0.6294660527905669,1.0
0.6294868856898814,1.0
0.6296535488843983,1.0
0.6296952146830275,1.0
0.629716047582342,1.0
0.6297993791796004,1.0
0.6299452094748026,1.0
0.6299868752734318,1.0
0.6300493739713756,1.0
0.6300910397700048,1.0
0.6301118726693193,1.0
0.6301743713672632,1.0
0.6302160371658924,1.0
0.630236870065207,1.0
0.6303618674610946,1.0
0.630445199058353,1.0
0.6305701964542405,1.0
0.6306118622528697,1.0
0.6306951938501282,1.0
0.6307368596487574,1.0
0.6307785254473866,1.0
0.6308201912460157,1.0
0.6310076873398471,1.0
0.63111185183642,1.0
0.6311743505343639,1.0
0.6312576821316223,1.0
0.6313826795275098,1.0
0.6314451782254537,1.0
0.6314868440240828,1.0
0.631528509822712,1.0
0.6316118414199704,1.0
0.6316535072185996,1.0
0.6317785046144871,1.0
0.6318201704131164,1.0
0.6319868336076332,1.0
0.6320076665069477,1.0
0.6320493323055769,1.0
0.6320701652048916,1.0
0.6321743297014646,1.0
0.6321951626007791,1.0
0.6322993270973521,1.0
0.6324034915939252,1.0
0.6327159850836441,1.0
0.6327784837815879,1.0
0.6328618153788462,1.0
0.6329868127747339,1.0
0.6330284785733631,1.0
0.6330701443719923,1.0
0.6331118101706215,1.0
0.633132643069936,1.0
0.6333201391637674,1.0
0.6333618049623966,1.0
0.6334659694589696,1.0
0.633549301056228,1.0
0.6335701339555426,1.0
0.6336117997541718,1.0
0.633757630049374,1.0
0.6337992958480032,1.0
0.6339451261432053,1.0
0.63396595904252,1.0
0.6340076248411491,1.0
0.6341117893377222,1.0
0.6341534551363514,1.0
0.6342784525322389,1.0
0.6343826170288119,1.0
0.6345076144246995,1.0
0.6345701131226433,1.0
0.6346326118205871,1.0
0.6347784421157893,1.0
0.634945105310306,1.0
0.6350701027061936,1.0
0.6352992645986542,1.0
0.6353409303972833,1.0
0.6354450948938564,1.0
0.6354867606924856,1.0
0.6355075935918002,1.0
0.6355492593904294,1.0
0.6356325909876878,1.0
0.635674256786317,1.0
0.6389241890793942,1.0
0.638986687777338,1.0
0.6390283535759672,1.0
0.6391116851732256,1.0
0.6391533509718548,1.0
0.6400908314410116,1.0
0.6401116643403263,1.0
0.6401949959375847,1.0
0.6402574946355284,1.0
0.6402991604341576,1.0
0.6403824920314161,1.0
0.6404241578300452,1.0
0.6404658236286744,1.0
0.6405283223266182,1.0
0.6405491552259328,1.0
0.6406324868231912,1.0
0.6407158184204496,1.0
0.6407783171183934,1.0
0.6408824816149663,1.0
0.6409449803129101,1.0
0.6411949751046854,1.0
0.6412574738026291,1.0
0.6414033040978313,1.0
0.6414241369971458,1.0
0.6414658027957751,1.0
0.6415491343930335,1.0
0.6416324659902919,1.0
0.6417157975875503,1.0
0.6417574633861794,1.0
0.6420074581779546,1.0
0.6420491239765839,1.0
0.6421116226745276,1.0
0.6421532884731568,1.0
0.642194954271786,1.0
0.6422366200704152,1.0
0.6423616174663028,1.0
0.642403283264932,1.0
0.6424657819628757,1.0
0.6425074477615049,1.0
0.6425907793587634,1.0
0.6426532780567071,1.0
0.6429657715464261,1.0
0.6430074373450553,1.0
0.6432365992375159,1.0
0.643278265036145,1.0
0.6434240953313473,1.0
0.6434657611299764,1.0
0.6435282598279203,1.0
0.6436324243244932,1.0
0.6436532572238078,1.0
0.643694923022437,1.0
0.6437157559217517,1.0
0.6437574217203809,1.0
0.64379908751901,1.0
0.6438407533176392,1.0
0.644007416512156,1.0
0.6440699152100998,1.0
0.6440907481094144,1.0
0.6441324139080435,1.0
0.6443199100018749,1.0
0.6445074060957063,1.0
0.6446115705922794,1.0
0.6447157350888523,1.0
0.6447574008874815,1.0
0.6447782337867961,1.0
0.6448198995854253,1.0
0.6449032311826837,1.0
0.6450073956792567,1.0
0.6451948917730881,1.0
0.6452573904710318,1.0
0.6454448865648632,1.0
0.645507385262807,1.0
0.6456948813566384,1.0
0.6457782129538968,1.0
0.6459657090477282,1.0
0.6460073748463574,1.0
0.6462782025374472,1.0
0.6462990354367617,1.0
0.6463407012353909,1.0
0.6464240328326493,1.0
0.6464656986312786,1.0
0.6465073644299077,1.0
0.6465490302285369,1.0
0.6466115289264807,1.0
0.6467573592216829,1.0
0.6468406908189412,1.0
0.6469031895168851,1.0
0.647215683006604,1.0
0.6472990146038624,1.0
0.6473406804024916,1.0
0.6473823462011208,1.0
0.64742401199975,1.0
0.6474865106976938,1.0
0.6476740067915252,1.0
0.6477990041874128,1.0
0.6478823357846711,1.0
0.6479240015833003,1.0
0.6486323201599966,1.0
0.6486739859586259,1.0
0.6488823149517718,1.0
0.6489448136497157,1.0
0.6493198058373784,1.0
0.6494656361325806,1.0
0.6496322993270973,1.0
0.6497156309243557,1.0
0.649757296722985,1.0
0.6497989625216142,1.0
0.6498406283202434,1.0
0.6499447928168163,1.0
0.650069790212704,1.0
0.6501114560113331,1.0
0.6501531218099623,1.0
0.6501947876085915,1.0
0.6502781192058499,1.0
0.6503197850044791,1.0
0.6503406179037937,1.0
0.6503822837024229,1.0
0.6504656152996813,1.0
0.6506114455948835,1.0
0.6506947771921419,1.0
0.6507781087894002,1.0
0.6508197745880294,1.0
0.6509239390846024,1.0
0.6510072706818608,1.0
0.6512155996750068,1.0
0.6512572654736359,1.0
0.6513197641715798,1.0
0.6515280931647257,1.0
0.6516739234599279,1.0
0.6517364221578718,1.0
0.6517989208558155,1.0
0.6519447511510177,1.0
0.6520072498489615,1.0
0.6520489156475907,1.0
0.6521114143455344,1.0
0.6521530801441636,1.0
0.6521739130434783,1.0
0.6522572446407366,1.0
0.6522780775400513,1.0
0.6523197433386805,1.0
0.6523822420366242,1.0
0.6524239078352534,1.0
0.6525072394325119,1.0
0.6525489052311411,1.0
0.652757234224287,1.0
0.6528405658215454,1.0
0.6528822316201746,1.0
0.6529030645194892,1.0
0.6529447303181184,1.0
0.6530072290160621,1.0
0.6531113935126351,1.0
0.6534238870023541,1.0
0.6534655528009833,1.0
0.6535697172975563,1.0
0.6536947146934439,1.0
0.6538197120893314,1.0
0.6539238765859045,1.0
0.6546530280619154,1.0
0.6546738609612299,1.0
0.6547571925584884,1.0
0.6548613570550613,1.0
0.6550488531488927,1.0
0.6552571821420387,1.0
0.655298847940668,1.0
0.6553821795379263,1.0
0.6554238453365555,1.0
0.6554655111351847,1.0
0.6556946730276453,1.0
0.6557363388262745,1.0
0.6557988375242182,1.0
0.6558405033228475,1.0
0.6558821691214767,1.0
0.655965500718735,1.0
0.6560071665173642,1.0
0.6560279994166788,1.0
0.6561113310139373,1.0
0.6562571613091394,1.0
0.6562988271077685,1.0
0.6564654903022854,1.0
0.6565071561009146,1.0
0.6565696547988583,1.0
0.656590487698173,1.0
0.6579237932543072,1.0
0.658090456448824,1.0
0.6581321222474532,1.0
0.6582779525426553,1.0
0.658402949938543,1.0
0.6584862815358014,1.0
0.6585696131330597,1.0
0.6585904460323744,1.0
0.6586321118310036,1.0
0.6586529447303181,1.0
0.6586946105289473,1.0
0.6588821066227787,1.0
0.6589029395220933,1.0
0.6589862711193517,1.0
0.6590904356159246,1.0
0.6591321014145539,1.0
0.6591946001124976,1.0
0.6592362659111268,1.0
0.6592570988104415,1.0
0.6593195975083852,1.0
0.6594029291056437,1.0
0.6594237620049582,1.0
0.6594654278035874,1.0
0.6595070936022166,1.0
0.659590425199475,1.0
0.6596320909981042,1.0
0.6596529238974188,1.0
0.6597362554946772,1.0
0.659798754192621,1.0
0.6598404199912502,1.0
0.6599654173871378,1.0
0.66011124768234,1.0
0.6601529134809692,1.0
0.6602987437761714,1.0
0.6603404095748006,1.0
0.6604237411720589,1.0
0.6604445740713735,1.0
0.6604862398700027,1.0
0.6605070727693173,1.0
0.6606529030645195,1.0
0.6607987333597217,1.0
0.6611320597487552,1.0
0.6612153913460136,1.0
0.6612778900439574,1.0
0.6613195558425866,1.0
0.6613820545405305,1.0
0.6614237203391596,1.0
0.6614653861377888,1.0
0.661507051936418,1.0
0.6615695506343617,1.0
0.6616320493323056,1.0
0.6616737151309348,1.0
0.661715380929564,1.0
0.6618403783254515,1.0
0.6621737047144851,1.0
0.662236203412429,1.0
0.6623403679090019,1.0
0.6623612008083165,1.0
0.6624028666069457,1.0
0.6624653653048895,1.0
0.6625070311035187,1.0
0.6625903627007771,1.0
0.6626111956000916,1.0
0.6627153600966647,1.0
0.6627361929959793,1.0
0.6627778587946085,1.0
0.6628611903918669,1.0
0.662902856190496,1.0
0.6629653548884398,1.0
0.6630070206870691,1.0
0.6630695193850128,1.0
0.663111185183642,1.0
0.6632570154788442,1.0
0.6633820128747318,1.0
0.6634028457740464,1.0
0.6634653444719901,1.0
0.6635695089685631,1.0
0.6636111747671923,1.0
0.6637153392637654,1.0
0.6637778379617091,1.0
0.6637986708610237,1.0
0.6638403366596529,1.0
0.6640694985521135,1.0
0.6641528301493719,1.0
0.6642153288473157,1.0
0.6642569946459449,1.0
0.6643194933438886,1.0
0.6644861565384055,1.0
0.6646944855315514,1.0
0.6647569842294953,1.0
0.6647986500281244,1.0
0.6649028145246973,1.0
0.6649653132226412,1.0
0.6650069790212704,1.0
0.6650486448198996,1.0
0.665236140913731,1.0
0.6652569738130456,1.0
0.6653194725109893,1.0
0.665340305410304,1.0
0.6654444699068769,1.0
0.6654653028061915,1.0
0.6657986291952251,1.0
0.6659861252890564,1.0
0.6660277910876857,1.0
0.6661111226849441,1.0
0.6661527884835733,1.0
0.6661736213828878,1.0
0.6662569529801462,1.0
0.6663819503760339,1.0
0.6664236161746631,1.0
0.6665486135705506,1.0
0.6666111122684945,1.0
0.6666527780671236,1.0
0.6667152767650674,1.0
0.6667569425636966,1.0
0.6667986083623257,1.0
0.6668194412616404,1.0
0.6668611070602696,1.0
0.666944438657528,1.0
0.6669861044561571,1.0
0.6671111018520447,1.0
0.6671736005499885,1.0
0.6672152663486177,1.0
0.6672569321472469,1.0
0.6672985979458761,1.0
0.6673610966438199,1.0
0.6674027624424491,1.0
0.6680694152205162,1.0
0.6680902481198309,1.0
0.6681944126164038,1.0
0.6682360784150331,1.0
0.6683194100122914,1.0
0.6684027416095498,1.0
0.668548571904752,1.0
0.6685902377033812,1.0
0.668756900897898,1.0
0.6687985666965272,1.0
0.6688193995958418,1.0
0.668861065394471,1.0
0.6689860627903585,1.0
0.6690485614883023,1.0
0.6690902272869316,1.0
0.6694652194745943,1.0
0.6694860523739089,1.0
0.6695693839711673,1.0
0.6696735484677403,1.0
0.669736047165684,1.0
0.6697568800649987,1.0
0.6698610445615716,1.0
0.6699443761588301,1.0
0.6699860419574593,1.0
0.6701110393533468,1.0
0.670152705151976,1.0
0.6701735380512907,1.0
0.6702360367492344,1.0
0.6702777025478636,1.0
0.6703193683464927,1.0
0.6703610341451219,1.0
0.6704235328430658,1.0
0.6704443657423804,1.0
0.6704860315410096,1.0
0.6706318618362117,1.0
0.6707151934334702,1.0
0.6707360263327847,1.0
0.6707985250307286,1.0
0.6708818566279869,1.0
0.6710068540238745,1.0
0.6712151830170204,1.0
0.6712568488156496,1.0
0.6718401699964585,1.0
0.671861002895773,1.0
0.6719026686944022,1.0
0.6719860002916606,1.0
0.6720901647882336,1.0
0.6721109976875482,1.0
0.6722151621841211,1.0
0.672277660882065,1.0
0.672381825378638,1.0
0.6724026582779525,1.0
0.6724859898752109,1.0
0.6725901543717839,1.0
0.6726526530697278,1.0
0.6727568175663007,1.0
0.6727984833649299,1.0
0.6729859794587613,1.0
0.673152642653278,1.0
0.6732359742505365,1.0
0.6732984729484802,1.0
0.6733401387471094,1.0
0.6734026374450532,1.0
0.6734859690423116,1.0
0.6735484677402555,1.0
0.6736526322368284,1.0
0.6736942980354576,1.0
0.6737359638340867,1.0
0.6737567967334014,1.0
0.6738192954313452,1.0
0.6739026270286036,1.0
0.6741734547196934,1.0
0.6742984521155809,1.0
0.6743401179142101,1.0
0.674402616612154,1.0
0.6744859482094123,1.0
0.6745901127059853,1.0
0.6746317785046145,1.0
0.6746942772025583,1.0
0.6748192745984458,1.0
0.6749026061957043,1.0
0.6749234390950188,1.0
0.674965104893648,1.0
0.6749859377929627,1.0
0.675069269390221,1.0
0.6751317680881649,1.0
0.6751734338867941,1.0
0.6754650944771984,1.0
0.6755067602758276,1.0
0.6755484260744568,1.0
0.6755900918730859,1.0
0.6756109247724006,1.0
0.6757567550676028,1.0
0.675798420866232,1.0
0.6758400866648612,1.0
0.6760900814566363,1.0
0.6761317472552655,1.0
0.6762359117518385,1.0
0.6764234078456699,1.0
0.6764650736442991,1.0
0.6765067394429283,1.0
0.6765692381408721,1.0
0.6766109039395013,1.0
0.6767150684360742,1.0
0.6767567342347034,1.0
0.6768608987312764,1.0
0.6769025645299056,1.0
0.6770483948251078,1.0
0.6771317264223662,1.0
0.6771733922209954,1.0
0.6773192225161976,1.0
0.6794858440449157,1.0
0.6796108414408033,1.0
0.6796941730380617,1.0
0.6797358388366909,1.0
0.6800066665277806,1.0
0.6801733297222975,1.0
0.6802358284202412,1.0
0.680298327118185,1.0
0.6803608258161288,1.0
0.6804441574133873,1.0
0.6804858232120164,1.0
0.680610820607904,1.0
0.6806733193058478,1.0
0.680714985104477,1.0
0.6807774838024208,1.0
0.6807983167017354,1.0
0.6809441469969376,1.0
0.6811316430907689,1.0
0.6811733088893981,1.0
0.6813816378825441,1.0
0.6815691339763755,1.0
0.6816524655736339,1.0
0.6816732984729484,1.0
0.6817982958688361,1.0
0.6818191287681507,1.0
0.681902460365409,1.0
0.6819441261640382,1.0
0.6820274577612966,1.0
0.6820691235599259,1.0
0.6824024499489594,1.0
0.682423282848274,1.0
0.6824857815462178,1.0
0.6825066144455324,1.0
0.68263161184142,1.0
0.6826732776400491,1.0
0.6827149434386783,1.0
0.682735776337993,1.0
0.6835482594112623,1.0
0.6836315910085207,1.0
0.6836940897064645,1.0
0.6837565884044082,1.0
0.6837982542030374,1.0
0.683923251598925,1.0
0.6839649173975543,1.0
0.6839857502968688,1.0
0.684027416095498,1.0
0.684131580592071,1.0
0.6842982437865878,1.0
0.6843607424845316,1.0
0.68444407408179,1.0
0.6847149017728797,1.0
0.6847565675715089,1.0
0.6848190662694528,1.0
0.6849232307660257,1.0
0.6851523926584863,1.0
0.6851732255578009,1.0
0.6852148913564301,1.0
0.6852357242557446,1.0
0.6852773900543738,1.0
0.6853607216516323,1.0
0.6854023874502615,1.0
0.685423220349576,1.0
0.6856523822420366,1.0
0.6858607112351826,1.0
0.6859023770338118,1.0
0.6859857086310702,1.0
0.6860273744296994,1.0
0.6861315389262723,1.0
0.6861732047249016,1.0
0.6862357034228453,1.0
0.6862773692214745,1.0
0.6862982021207892,1.0
0.6863398679194184,1.0
0.6864440324159913,1.0
0.6865065311139351,1.0
0.6865481969125643,1.0
0.6866106956105081,1.0
0.6868815233015979,1.0
0.6869023562009124,1.0
0.6869856877981708,1.0
0.6870273535968001,1.0
0.6870481864961147,1.0
0.687131518093373,1.0
0.687235682589946,1.0
0.6873606799858336,1.0
0.6873815128851483,1.0
0.687444011583092,1.0
0.687548176079665,1.0
0.6876315076769234,1.0
0.6877981708714401,1.0
0.6878815024686986,1.0
0.6879440011666423,1.0
0.6879856669652715,1.0
0.6880273327639007,1.0
0.6880481656632154,1.0
0.6880898314618445,1.0
0.6882356617570468,1.0
0.6884023249515635,1.0
0.6884439907501927,1.0
0.68883981583717,1.0
0.6889023145351139,1.0
0.688943980333743,1.0
0.6889856461323722,1.0
0.6890273119310014,1.0
0.6890689777296306,1.0
0.6891314764275744,1.0
0.689152309326889,1.0
0.6891939751255182,1.0
0.6893189725214058,1.0
0.6893398054207204,1.0
0.6893814712193496,1.0
0.6894856357159226,1.0
0.6895273015145518,1.0
0.6895481344138664,1.0
0.6895898002124956,1.0
0.6897356305076977,1.0
0.6898606279035854,1.0
0.6899022937022146,1.0
0.6900481239974168,1.0
0.6900689568967313,1.0
0.6901314555946751,1.0
0.6901731213933043,1.0
0.6902564529905627,1.0
0.6903189516885065,1.0
0.6903606174871357,1.0
0.6904231161850795,1.0
0.6904647819837086,1.0
0.6905272806816525,1.0
0.6905897793795963,1.0
0.6907772754734276,1.0
0.690860607070686,1.0
0.690964771567259,1.0
0.6910272702652028,1.0
0.6910481031645174,1.0
0.6912355992583488,1.0
0.691277265056978,1.0
0.6913189308556071,1.0
0.691381429553551,1.0
0.6915480927480677,1.0
0.6915689256473824,1.0
0.6916939230432699,1.0
0.6917355888418991,1.0
0.6918814191371013,1.0
0.6919647507343597,1.0
0.6921522468281911,1.0
0.6922564113247641,1.0
0.6922980771233933,1.0
0.6923397429220225,1.0
0.6925272390158539,1.0
0.6926522364117415,1.0
0.6927355680089998,1.0
0.6927980667069437,1.0
0.6928605654048874,1.0
0.6930063957000896,1.0
0.6930272285994041,1.0
0.6931105601966626,1.0
0.6931313930959772,1.0
0.6932355575925502,1.0
0.6932563904918647,1.0
0.6932980562904939,1.0
0.6933813878877524,1.0
0.6934647194850108,1.0
0.6934855523843253,1.0
0.6935272181829545,1.0
0.6936313826795275,1.0
0.6936730484781567,1.0
0.6937147142767859,1.0
0.6937563800754151,1.0
0.6938605445719881,1.0
0.6939230432699319,1.0
0.6939647090685611,1.0
0.6940272077665048,1.0
0.6940480406658195,1.0
0.6940897064644487,1.0
0.6941938709610217,1.0
0.6942563696589654,1.0
0.6944021999541676,1.0
0.6944438657527968,1.0
0.6946105289473136,1.0
0.6947355263432012,1.0
0.6947563592425158,1.0
0.694798025041145,1.0
0.6948605237390888,1.0
0.6949230224370325,1.0
0.6949438553363472,1.0
0.6949855211349764,1.0
0.6950271869336055,1.0
0.6950688527322347,1.0
0.6952771817253807,1.0
0.69531884752401,1.0
0.6953605133226392,1.0
0.6954438449198975,1.0
0.6955063436178412,1.0
0.6955271765171559,1.0
0.6956105081144143,1.0
0.6957563384096165,1.0
0.6958605029061895,1.0
0.695881335805504,1.0
0.6961313305972793,1.0
0.6962354950938522,1.0
0.6962563279931668,1.0
0.6963604924897397,1.0
0.6965271556842566,1.0
0.696610487281515,1.0
0.6966521530801442,1.0
0.6966938188787734,1.0
0.6968396491739756,1.0
0.6969229807712339,1.0
0.6969438136705486,1.0
0.6970063123684923,1.0
0.6971104768650653,1.0
0.6971938084623237,1.0
0.6972563071602675,1.0
0.6972771400595821,1.0
0.6973188058582113,1.0
0.6973813045561551,1.0
0.6974646361534135,1.0
0.69790212703902,1.0
0.6979437928376492,1.0
0.6980271244349076,1.0
0.6981521218307952,1.0
0.6981937876294244,1.0
0.6982354534280536,1.0
0.698422949521885,1.0
0.6984646153205142,1.0
0.6984854482198287,1.0
0.6985271140184579,1.0
0.6986521114143456,1.0
0.6986729443136601,1.0
0.698735443011604,1.0
0.6987562759109185,1.0
0.6987979417095477,1.0
0.6988812733068062,1.0
0.6989229391054353,1.0
0.6990479365013229,1.0
0.6991521009978959,1.0
0.6993395970917272,1.0
0.699610424782817,1.0
0.699818753775963,1.0
0.6999854169704798,1.0
0.700027082769109,1.0
0.7001520801649965,1.0
0.7002145788629404,1.0
0.7002562446615695,1.0
0.7003187433595134,1.0
0.7003812420574571,1.0
0.7004229078560863,1.0
0.7004645736547155,1.0
0.700547905251974,1.0
0.7006520697485469,1.0
0.7007145684464907,1.0
0.7008187329430637,1.0
0.7008603987416929,1.0
0.7009645632382658,1.0
0.7012770567279848,1.0
0.7013395554259286,1.0
0.7013812212245578,1.0
0.7014645528218162,1.0
0.701631216016333,1.0
0.7017145476135914,1.0
0.7017562134122206,1.0
0.7018603779087935,1.0
0.7019228766067374,1.0
0.7019645424053665,1.0
0.7020478740026249,1.0
0.7021312055998833,1.0
0.7022353700964563,1.0
0.7022978687944001,1.0
0.7023187016937147,1.0
0.7023603674923439,1.0
0.7023812003916585,1.0
0.7024853648882315,1.0
0.7025061977875461,1.0
0.7026520280827483,1.0
0.7027353596800067,1.0
0.7027770254786359,1.0
0.702818691277265,1.0
0.7030895189683548,1.0
0.7031520176662986,1.0
0.7032561821628716,1.0
0.7032978479615009,1.0
0.7033811795587592,1.0
0.7035686756525906,1.0
0.7036311743505343,1.0
0.7036936730484782,1.0
0.7037353388471074,1.0
0.7037561717464219,1.0
0.7040061665381971,1.0
0.7040269994375117,1.0
0.7040686652361409,1.0
0.7040894981354555,1.0
0.7041728297327139,1.0
0.7041936626320285,1.0
0.7042561613299723,1.0
0.7044019916251745,1.0
0.7044436574238037,1.0
0.7046311535176351,1.0
0.7047978167121518,1.0
0.7048186496114665,1.0
0.704943647007354,1.0
0.7049853128059832,1.0
0.7050686444032416,1.0
0.7051103102018708,1.0
0.7051728088998146,1.0
0.7053394720943313,1.0
0.7054019707922752,1.0
0.7054228036915897,1.0
0.7054644694902189,1.0
0.7056311326847358,1.0
0.705672798483365,1.0
0.7058602945771963,1.0
0.7059436261744547,1.0
0.7059852919730839,1.0
0.7060269577717131,1.0
0.7061102893689715,1.0
0.7061519551676007,1.0
0.7062144538655445,1.0
0.7062977854628029,1.0
0.7064019499593759,1.0
0.7064436157580051,1.0
0.7064852815566343,1.0
0.7065061144559488,1.0
0.7065686131538926,1.0
0.7065894460532072,1.0
0.706756109247724,1.0
0.7068602737442969,1.0
0.7070269369388138,1.0
0.7070894356367575,1.0
0.7071519343347014,1.0
0.7071936001333305,1.0
0.7072144330326452,1.0
0.7072769317305889,1.0
0.7073185975292181,1.0
0.7073602633278473,1.0
0.7074227620257911,1.0
0.7075060936230495,1.0
0.7075894252203079,1.0
0.7076102581196225,1.0
0.7076519239182517,1.0
0.7076727568175663,1.0
0.7077352555155101,1.0
0.7078602529113976,1.0
0.7080685819045437,1.0
0.7081519135018021,1.0
0.7083394095956335,1.0
0.708360242494948,1.0
0.7084019082935772,1.0
0.7085060727901502,1.0
0.7085269056894647,1.0
0.708568571488094,1.0
0.7086519030853524,1.0
0.7087352346826108,1.0
0.70877690048124,1.0
0.7088185662798692,1.0
0.708881064977813,1.0
0.7096727151517677,1.0
0.709756046749026,1.0
0.7097977125476552,1.0
0.7099643757421721,1.0
0.7100268744401158,1.0
0.710068540238745,1.0
0.7101102060373742,1.0
0.7101935376346327,1.0
0.7103602008291494,1.0
0.710381033728464,1.0
0.7104226995270931,1.0
0.7104435324264078,1.0
0.7105268640236662,1.0
0.7105685298222953,1.0
0.71058936272161,1.0
0.7106726943188684,1.0
0.7106935272181829,1.0
0.7107560259161267,1.0
0.7108393575133851,1.0
0.7110893523051603,1.0
0.7111310181037895,1.0
0.7112351826003624,1.0
0.7113393470969355,1.0
0.7114018457948793,1.0
0.7114435115935085,1.0
0.7115060102914522,1.0
0.711568508989396,1.0
0.7123184933647215,1.0
0.7124226578612946,1.0
0.7124851565592384,1.0
0.7125268223578676,1.0
0.7125684881564968,1.0
0.712610153955126,1.0
0.7126518197537551,1.0
0.7126726526530698,1.0
0.7127351513510135,1.0
0.7127768171496427,1.0
0.7128393158475865,1.0
0.7129226474448449,1.0
0.7129643132434741,1.0
0.7130059790421033,1.0
0.7130268119414179,1.0
0.7131101435386763,1.0
0.71317264223662,1.0
0.7132559738338785,1.0
0.7133184725318222,1.0
0.7133393054311369,1.0
0.7133809712297661,1.0
0.714422616195496,1.0
0.7145892793900127,1.0
0.7146309451886419,1.0
0.7146726109872711,1.0
0.7147351096852149,1.0
0.7147767754838441,1.0
0.7148184412824733,1.0
0.7148392741817878,1.0
0.7149226057790463,1.0
0.7149642715776755,1.0
0.7150059373763047,1.0
0.7150476031749339,1.0
0.7151309347721923,1.0
0.7151517676715068,1.0
0.7158392533488885,1.0
0.7159017520468324,1.0
0.7159434178454616,1.0
0.7160475823420346,1.0
0.716693402220787,1.0
0.7167975667173601,1.0
0.7168392325159892,1.0
0.7168600654153039,1.0
0.7169017312139331,1.0
0.7169642299118768,1.0
0.7170683944084498,1.0
0.7170892273077645,1.0
0.7171308931063937,1.0
0.7171933918043374,1.0
0.7172558905022812,1.0
0.7172975563009104,1.0
0.7174017207974834,1.0
0.7174642194954272,1.0
0.7175058852940563,1.0
0.7175683839920002,1.0
0.7175892168913147,1.0
0.7176308826899439,1.0
0.7176517155892586,1.0
0.7177142142872024,1.0
0.718401699964584,1.0
0.7184225328638987,1.0
0.7184850315618425,1.0
0.7185266973604717,1.0
0.7185891960584154,1.0
0.7187558592529323,1.0
0.718922522447449,1.0
0.7205474885939877,1.0
0.7205683214933022,1.0
0.7206099872919314,1.0
0.7206724859898752,1.0
0.720734984687819,1.0
0.7208183162850774,1.0
0.7209016478823358,1.0
0.7209641465802796,1.0
0.7209849794795942,1.0
0.721047478177538,1.0
0.7211933084727401,1.0
0.7212558071706839,1.0
0.7215058019624592,1.0
0.7215474677610884,1.0
0.721922459948751,1.0
0.7219641257473802,1.0
0.7220057915460094,1.0
0.7221516218412116,1.0
0.7222141205391555,1.0
0.7222557863377846,1.0
0.7222974521364138,1.0
0.7223807837336722,1.0
0.7224641153309306,1.0
0.722755775921335,1.0
0.7227766088206495,1.0
0.7228391075185934,1.0
0.7228599404179079,1.0
0.7229641049144809,1.0
0.723068269411054,1.0
0.7231099352096831,1.0
0.7234849273973459,1.0
0.7235890918939188,1.0
0.7242765775713006,1.0
0.7242974104706152,1.0
0.7243390762692444,1.0
0.7243807420678736,1.0
0.7244432407658173,1.0
0.7245057394637612,1.0
0.7246099039603342,1.0
0.7246307368596487,1.0
0.7249015645507385,1.0
0.7250057290473115,1.0
0.7250265619466261,1.0
0.7253807212349743,1.0
0.725443219932918,1.0
0.7255265515301764,1.0
0.7256098831274348,1.0
0.7256932147246933,1.0
0.7257348805233225,1.0
0.7257973792212662,1.0
0.7258390450198954,1.0
0.7259223766171539,1.0
0.725964042415783,1.0
0.7260057082144122,1.0
0.726068206912356,1.0
0.7261098727109851,1.0
0.726172371408929,1.0
0.7262557030061874,1.0
0.7262973688048165,1.0
0.7263182017041312,1.0
0.7267140267911085,1.0
0.7267556925897377,1.0
0.7268598570863107,1.0
0.7269015228849399,1.0
0.7269640215828836,1.0
0.7272140163746589,1.0
0.7272765150726026,1.0
0.7273390137705464,1.0
0.7273806795691756,1.0
0.727568175663007,1.0
0.729380637903377,1.0
0.7294014708026916,1.0
0.72948480239995,1.0
0.7297139642924105,1.0
0.7298389616882982,1.0
0.7299014603862419,1.0
0.7299222932855566,1.0
0.7311722672444324,1.0
0.7312347659423762,1.0
0.7312764317410054,1.0
0.7315889252307244,1.0
0.7316722568279828,1.0
0.7319430845190725,1.0
0.7320055832170164,1.0
0.7320472490156456,1.0
0.7321097477135893,1.0
0.7321514135122185,1.0
0.7322764109081061,1.0
0.7323389096060499,1.0
0.732380575404679,1.0
0.7325055728005666,1.0
0.7326097372971396,1.0
0.7326722359950835,1.0
0.732693068894398,1.0
0.7327764004916564,1.0
0.7328388991896002,1.0
0.7330888939813753,1.0
0.73310972688069,1.0
0.7331722255786338,1.0
0.7331930584779484,1.0
0.7332763900752067,1.0
0.7333180558738359,1.0
0.7333597216724651,1.0
0.7334430532697236,1.0
0.7336097164642403,1.0
0.7336513822628695,1.0
0.7337347138601279,1.0
0.7338597112560155,1.0
0.7339638757525885,1.0
0.7340263744505323,1.0
0.7340472073498469,1.0
0.7342347034436782,1.0
0.7343180350409366,1.0
0.7343597008395658,1.0
0.7344430324368242,1.0
0.7345263640340827,1.0
0.7345471969333972,1.0
0.734609695631341,1.0
0.7346513614299702,1.0
0.7349013562217453,1.0
0.7354013458052957,1.0
0.7354430116039249,1.0
0.7356721734963855,1.0
0.7356930063957001,1.0
0.7357763379929585,1.0
0.7358180037915877,1.0
0.7358596695902169,1.0
0.7360054998854191,1.0
0.7360471656840483,1.0
0.7361513301806213,1.0
0.7361929959792505,1.0
0.7362346617778797,1.0
0.7362763275765088,1.0
0.7362971604758234,1.0
0.7367971500593737,1.0
0.7369013145559468,1.0
0.7369638132538906,1.0
0.7371929751463511,1.0
0.7372971396429241,1.0
0.7373179725422387,1.0
0.73750546863607,1.0
0.7375471344346993,1.0
0.7376304660319577,1.0
0.7376721318305869,1.0
0.7377346305285306,1.0
0.7377762963271598,1.0
0.7378387950251036,1.0
0.7378804608237328,1.0
0.7379012937230475,1.0
0.7379429595216767,1.0
0.7380471240182496,1.0
0.7382554530113956,1.0
0.738338784608654,1.0
0.7383804504072832,1.0
0.7385054478031707,1.0
0.7385887794004291,1.0
0.7386304451990584,1.0
0.7386721109976876,1.0
0.7387346096956313,1.0
0.7387971083935752,1.0
0.7388804399908335,1.0
0.739838753359305,1.0
0.739942917855878,1.0
0.7400679152517656,1.0
0.740151246849024,1.0
0.7401929126476532,1.0
0.7402554113455969,1.0
0.7402970771442262,1.0
0.7403387429428554,1.0
0.7404220745401138,1.0
0.7404429074394283,1.0
0.7406304035332597,1.0
0.7407762338284619,1.0
0.7409428970229787,1.0
0.7436095081352472,1.0
0.743672006833191,1.0
0.7437553384304494,1.0
0.7437761713297639,1.0
0.7438178371283931,1.0
0.74398450032291,1.0
0.7440261661215392,1.0
0.7440678319201683,1.0
0.7442136622153706,1.0
0.7446303202016624,1.0
0.7448178162954938,1.0
0.7449011478927522,1.0
0.744963646590696,1.0
0.7450886439865836,1.0
0.7452553071811004,1.0
0.7453178058790442,1.0
0.7454011374763025,1.0
0.7455053019728756,1.0
0.7455469677715048,1.0
0.7456302993687631,1.0
0.7457344638653362,1.0
0.7458386283619092,1.0
0.7459011270598529,1.0
0.7460052915564259,1.0
0.7460886231536843,1.0
0.7461511218516281,1.0
0.7461719547509427,1.0
0.7462136205495719,1.0
0.7462969521468302,1.0
0.7463594508447741,1.0
0.7464636153413471,1.0
0.7464844482406616,1.0
0.7465261140392908,1.0
0.7465886127372346,1.0
0.7466511114351785,1.0
0.7467344430324369,1.0
0.7468177746296952,1.0
0.7469011062269536,1.0
0.7472135997166726,1.0
0.7472552655153017,1.0
0.7473177642132456,1.0
0.747401095810504,1.0
0.7474219287098185,1.0
0.747505260307077,1.0
0.7475677590050207,1.0
0.7475885919043354,1.0
0.7476302577029645,1.0
0.7479844169913127,1.0
0.7481302472865149,1.0
0.748692735568009,1.0
0.7487344013666382,1.0
0.7487760671652673,1.0
0.7488177329638965,1.0
0.7488593987625258,1.0
0.7489635632590987,1.0
0.7490260619570426,1.0
0.749213558050874,1.0
0.7493177225474469,1.0
0.7494010541447054,1.0
0.7494843857419637,1.0
0.7495677173392221,1.0
0.7495885502385367,1.0
0.7496302160371658,1.0
0.7496927147351097,1.0
0.7498177121309972,1.0
0.7499218766275703,1.0
0.7500052082248286,1.0
0.7500468740234578,1.0
0.7502135372179747,1.0
0.7502552030166039,1.0
0.750296868815233,1.0
0.7504635320097498,1.0
0.750505197808379,1.0
0.7505676965063228,1.0
0.7506718610028957,1.0
0.7507135268015249,1.0
0.7507343597008396,1.0
0.7507760254994688,1.0
0.7509843544926147,1.0
0.7510260202912439,1.0
0.7510468531905585,1.0
0.7511301847878169,1.0
0.7511510176871316,1.0
0.7512135163850753,1.0
0.7512343492843899,1.0
0.7512760150830191,1.0
0.7532551405179059,1.0
0.7533176392158497,1.0
0.7534634695110518,1.0
0.7535468011083103,1.0
0.7536301327055687,1.0
0.753713464302827,1.0
0.7540467906918605,1.0
0.7540884564904898,1.0
0.7541509551884336,1.0
0.7541717880877482,1.0
0.7542134538863774,1.0
0.7542342867856919,1.0
0.754442615778838,1.0
0.7545467802754109,1.0
0.7546092789733547,1.0
0.7546509447719839,1.0
0.7548592737651298,1.0
0.7550467698589612,1.0
0.7550884356575904,1.0
0.7551717672548488,1.0
0.7551926001541635,1.0
0.7552967646507365,1.0
0.7553800962479948,1.0
0.7555259265431971,1.0
0.75563009103977,1.0
0.7556509239390846,1.0
0.755734255536343,1.0
0.7557967542342868,1.0
0.7560884148246911,1.0
0.7562550780192079,1.0
0.7563384096164664,1.0
0.7563800754150956,1.0
0.7564217412137247,1.0
0.7564634070123539,1.0
0.7565259057102977,1.0
0.7566092373075561,1.0
0.7566925689048145,1.0
0.7568592320993313,1.0
0.7569008978979604,1.0
0.7569633965959043,1.0
0.7571508926897357,1.0
0.757234224286994,1.0
0.75744255328014,1.0
0.7574842190787692,1.0
0.7575050519780838,1.0
0.757546717776713,1.0
0.7575675506760275,1.0
0.7576717151726006,1.0
0.7577758796691736,1.0
0.7578383783671173,1.0
0.7579008770650612,1.0
0.7579425428636903,1.0
0.7579842086623195,1.0
0.7585883627424429,1.0
0.7586925272390158,1.0
0.7587758588362743,1.0
0.758838357534218,1.0
0.758942522030791,1.0
0.7590675194266786,1.0
0.7591925168225662,1.0
0.7594633445136559,1.0
0.7594841774129706,1.0
0.7595883419095435,1.0
0.7596091748088581,1.0
0.7596925064061165,1.0
0.7597550051040604,1.0
0.7598591696006333,1.0
0.7599841669965209,1.0
0.7602341617882961,1.0
0.7602758275869252,1.0
0.7603174933855544,1.0
0.7603591591841836,1.0
0.7606091539759589,1.0
0.7606716526739026,1.0
0.7607549842711611,1.0
0.7608383158684194,1.0
0.7608799816670486,1.0
0.7609424803649923,1.0
0.7609841461636216,1.0
0.7611091435595092,1.0
0.7611924751567676,1.0
0.7612341409553968,1.0
0.761275806754026,1.0
0.7613174725526551,1.0
0.761379971250599,1.0
0.7615049686464865,1.0
0.7615674673444304,1.0
0.7615883002437449,1.0
0.7616299660423741,1.0
0.7617966292368908,1.0
0.7619007937334639,1.0
0.761942459532093,1.0
0.7619632924314077,1.0
0.7621924543238683,1.0
0.7622966188204412,1.0
0.7624007833170142,1.0
0.762567446511531,1.0
0.7626299452094748,1.0
0.7626924439074186,1.0
0.7627341097060478,1.0
0.7627966084039915,1.0
0.7628382742026207,1.0
0.7629424386991938,1.0
0.762984104497823,1.0
0.7630257702964521,1.0
0.763088268994396,1.0
0.7632132663902835,1.0
0.7632549321889127,1.0
0.7633590966854857,1.0
0.7634424282827441,1.0
0.763504926980688,1.0
0.7635465927793171,1.0
0.7636299243765755,1.0
0.7636715901752047,1.0
0.7637340888731485,1.0
0.7637757546717777,1.0
0.7638590862690361,1.0
0.7638799191683506,1.0
0.7644632403491594,1.0
0.7645257390471032,1.0
0.7645674048457324,1.0
0.7646090706443616,1.0
0.7647132351409346,1.0
0.7647340680402491,1.0
0.7647757338388783,1.0
0.764796566738193,1.0
0.7650257286306535,1.0
0.7651507260265411,1.0
0.7652132247244849,1.0
0.7652965563217433,1.0
0.7653382221203725,1.0
0.7654840524155747,1.0
0.7655257182142039,1.0
0.7655882169121476,1.0
0.7656298827107768,1.0
0.766088206495698,1.0
0.7661298722943272,1.0
0.7662132038915855,1.0
0.7662548696902148,1.0
0.7663382012874732,1.0
0.7667756921730797,1.0
0.7668381908710236,1.0
0.7669006895689673,1.0
0.7670673527634841,1.0
0.7671715172600571,1.0
0.7672131830586862,1.0
0.7672340159580009,1.0
0.7673173475552593,1.0
0.7673798462532031,1.0
0.7674215120518323,1.0
0.7674631778504615,1.0
0.7698589612716402,1.0
0.7699631257682131,1.0
0.771004770733943,1.0
0.7710881023312014,1.0
0.771108935230516,1.0
0.7711506010291452,1.0
0.7712755984250328,1.0
0.7713380971229766,1.0
0.7714630945188642,1.0
0.7715464261161226,1.0
0.7715672590154372,1.0
0.7716505906126956,1.0
0.7716922564113248,1.0
0.7717130893106393,1.0
0.7718172538072123,1.0
0.7718589196058415,1.0
0.7722964104914481,1.0
0.7724839065852794,1.0
0.7725255723839086,1.0
0.7725880710818525,1.0
0.7726297368804816,1.0
0.7726922355784255,1.0
0.7727547342763692,1.0
0.7727964000749984,1.0
0.7728588987729422,1.0
0.7729005645715714,1.0
0.7729630632695152,1.0
0.7729838961688298,1.0
0.7730463948667736,1.0
0.7730880606654028,1.0
0.7732755567592342,1.0
0.7733172225578634,1.0
0.7733588883564926,1.0
0.7734213870544364,1.0
0.7734630528530656,1.0
0.7735255515510093,1.0
0.7735880502489532,1.0
0.7736505489468969,1.0
0.7736922147455262,1.0
0.7737755463427846,1.0
0.7737963792420991,1.0
0.773963042436616,1.0
0.7742338701277057,1.0
0.7744005333222225,1.0
0.774838024207829,1.0
0.7749005229057728,1.0
0.774942188704402,1.0
0.7750046874023457,1.0
0.7750463532009749,1.0
0.7751088518989188,1.0
0.7751921834961771,1.0
0.7752338492948063,1.0
0.7752755150934355,1.0
0.7752963479927502,1.0
0.7755046769858961,1.0
0.7755463427845253,1.0
0.7757338388783567,1.0
0.7757963375763005,1.0
0.7758380033749297,1.0
0.7758796691735589,1.0
0.7760879981667048,1.0
0.7761504968646487,1.0
0.7761921626632778,1.0
0.7762546613612217,1.0
0.7763588258577946,1.0
0.7764213245557384,1.0
0.7764629903543676,1.0
0.776650486448199,1.0
0.7802962438282536,1.0
0.7803379096268828,1.0
0.7804420741234558,1.0
0.7805462386200287,1.0
0.7806712360159164,1.0
0.7807129018145456,1.0
0.7807545676131747,1.0
0.7809837295056353,1.0
0.7810253953042645,1.0
0.781046228203579,1.0
0.7810878940022082,1.0
0.7811295598008375,1.0
0.7811920584987813,1.0
0.7812337242974104,1.0
0.7812962229953543,1.0
0.7818170454782192,1.0
0.7818587112768484,1.0
0.7819003770754775,1.0
0.7819420428741067,1.0
0.7819628757734214,1.0
0.7824211995583426,1.0
0.7824420324576571,1.0
0.7824836982562863,1.0
0.7825670298535448,1.0
0.782608695652174,1.0
0.7826295285514885,1.0
0.7827753588466907,1.0
0.7828170246453199,1.0
0.7828586904439491,1.0
0.7831295181350388,1.0
0.783275348430241,1.0
0.7833795129268141,1.0
0.7835461761213308,1.0
0.7836711735172184,1.0
0.7837128393158476,1.0
0.7837336722151622,1.0
0.784004499906252,1.0
0.7840461657048812,1.0
0.7841919960000834,1.0
0.7842336617987126,1.0
0.7843586591946001,1.0
0.7844211578925439,1.0
0.7844419907918585,1.0
0.7845253223891169,1.0
0.7846086539863752,1.0
0.7846503197850044,1.0
0.7846711526843191,1.0
0.7849628132747234,1.0
0.7850253119726672,1.0
0.7851086435699256,1.0
0.7851503093685548,1.0
0.7852128080664986,1.0
0.7852544738651278,1.0
0.785296139663757,1.0
0.78540030416033,1.0
0.7854836357575884,1.0
0.7855461344555322,1.0
0.785712797650049,1.0
0.7858377950459365,1.0
0.7858794608445657,1.0
0.7861502885356555,1.0
0.7861919543342847,1.0
0.7864836149246891,1.0
0.786587779421262,1.0
0.7866502781192058,1.0
0.7868169413137226,1.0
0.7868586071123518,1.0
0.7870877690048124,1.0
0.7887752338492948,1.0
0.788816899647924,1.0
0.7889002312451824,1.0
0.7889627299431262,1.0
0.7890252286410699,1.0
0.7899002104122831,1.0
0.7900252078081706,1.0
0.7901918710026874,1.0
0.7902752025999459,1.0
0.7903377012978896,1.0
0.7905043644924064,1.0
0.7905460302910357,1.0
0.790629361888294,1.0
0.7910251869752714,1.0
0.7910876856732152,1.0
0.7912126830691028,1.0
0.7915460094581362,1.0
0.7915876752567654,1.0
0.7916501739547093,1.0
0.7916710068540239,1.0
0.7917126726526531,1.0
0.7918376700485407,1.0
0.7920876648403158,1.0
0.7923168267327764,1.0
0.7925043228266078,1.0
0.792545988625237,1.0
0.794358450865607,1.0
0.7943792837649216,1.0
0.7944209495635508,1.0
0.7944417824628653,1.0
0.7944834482614945,1.0
0.7945667798587529,1.0
0.7946501114560114,1.0
0.7946917772546406,1.0
0.7949417720464157,1.0
0.7949834378450449,1.0
0.7950251036436741,1.0
0.7950876023416179,1.0
0.7951709339388763,1.0
0.7952750984354493,1.0
0.7953167642340785,1.0
0.7953792629320222,1.0
0.7954000958313369,1.0
0.7954834274285952,1.0
0.7956292577237974,1.0
0.7957750880189997,1.0
0.7958167538176288,1.0
0.7959209183142018,1.0
0.7959625841128309,1.0
0.7960875815087186,1.0
0.7963167434011792,1.0
0.7963584091998084,1.0
0.7964834065956959,1.0
0.7965250723943251,1.0
0.796587571092269,1.0
0.7966084039915835,1.0
0.7966709026895273,1.0
0.7968167329847294,1.0
0.7968583987833587,1.0
0.7969625632799316,1.0
0.7970667277765047,1.0
0.7971083935751339,1.0
0.7971917251723922,1.0
0.7972125580717069,1.0
0.7972750567696506,1.0
0.7973167225682798,1.0
0.7973375554675944,1.0
0.7973792212662236,1.0
0.797462552863482,1.0
0.7974833857627966,1.0
0.797566717360055,1.0
0.7976292160579987,1.0
0.7977125476552572,1.0
0.7977542134538864,1.0
0.797775046353201,1.0
0.7978375450511448,1.0
0.7978583779504593,1.0
0.7982750359367513,1.0
0.7983167017353805,1.0
0.7984416991312681,1.0
0.7984833649298972,1.0
0.7985458636278411,1.0
0.7986291952250995,1.0
0.7987333597216725,1.0
0.7992541822045374,1.0
0.7993166809024812,1.0
0.799379179600425,1.0
0.7994416782983688,1.0
0.7996083414928855,1.0
0.7998375033853461,1.0
0.7999208349826046,1.0
0.7999625007812338,1.0
0.800004166579863,1.0
0.8000666652778067,1.0
0.800149996875065,1.0
0.8002124955730089,1.0
0.8002749942709527,1.0
0.8002958271702673,1.0
0.8003374929688964,1.0
0.8003583258682111,1.0
0.8003999916668403,1.0
0.8004208245661548,1.0
0.800566654861357,1.0
0.8006083206599862,1.0
0.8006291535593009,1.0
0.8007541509551884,1.0
0.8008374825524468,1.0
0.80171246432366,1.0
0.8017332972229745,1.0
0.8017749630216037,1.0
0.8018374617195475,1.0
0.8020666236120081,1.0
0.8021291223099519,1.0
0.8021707881085811,1.0
0.8022541197058395,1.0
0.802795775088019,1.0
0.8028999395845919,1.0
0.8029416053832212,1.0
0.8029832711818504,1.0
0.8031499343763672,1.0
0.8032332659736255,1.0
0.8032957646715694,1.0
0.8033790962688278,1.0
0.8034207620674569,1.0
0.8035457594633445,1.0
0.8035874252619737,1.0
0.8036290910606029,1.0
0.8037332555571759,1.0
0.8037749213558051,1.0
0.8039415845503218,1.0
0.8041290806441532,1.0
0.8042332451407262,1.0
0.80429574383867,1.0
0.8044624070331868,1.0
0.8046499031270182,1.0
0.8046915689256474,1.0
0.804712401824962,1.0
0.8047540676235911,1.0
0.8048373992208495,1.0
0.8048998979187934,1.0
0.804920730818108,1.0
0.8049623966167372,1.0
0.8050248953146809,1.0
0.8051290598112539,1.0
0.8052540572071415,1.0
0.8052957230057707,1.0
0.8053373888043999,1.0
0.805379054603029,1.0
0.8054415533009729,1.0
0.8056082164954896,1.0
0.8057332138913773,1.0
0.8057748796900065,1.0
0.805795712589321,1.0
0.8058373783879502,1.0
0.8058582112872649,1.0
0.806212370575613,1.0
0.8062540363742422,1.0
0.8062957021728714,1.0
0.8064415324680736,1.0
0.8065040311660173,1.0
0.806524864065332,1.0
0.806629028561905,1.0
0.8066706943605342,1.0
0.8067123601591634,1.0
0.8068165246557364,1.0
0.8069623549509385,1.0
0.8070456865481969,1.0
0.8071081852461407,1.0
0.8072123497427137,1.0
0.8114205954042624,1.0
0.8114622612028916,1.0
0.811649757296723,1.0
0.8116914230953521,1.0
0.811753921793296,1.0
0.8129205641549134,1.0
0.8129830628528573,1.0
0.8130247286514865,1.0
0.8136080498322952,1.0
0.8136288827316097,1.0
0.8137538801274974,1.0
0.8143997000062498,1.0
0.8144205329055645,1.0
0.814545530301452,1.0
0.8146080289993959,1.0
0.8146496947980251,1.0
0.814962188287744,1.0
0.8152538488781483,1.0
0.8153163475760922,1.0
0.8153580133747214,1.0
0.8153996791733505,1.0
0.8154413449719797,1.0
0.8154621778712944,1.0
0.8155038436699236,1.0
0.8155246765692381,1.0
0.8155663423678673,1.0
0.8156288410658111,1.0
0.8156496739651258,1.0
0.8157330055623842,1.0
0.8159205016562155,1.0
0.8159621674548447,1.0
0.8159830003541593,1.0
0.8160663319514176,1.0
0.8161704964479907,1.0
0.8162121622466199,1.0
0.816253828045249,1.0
0.8163163267431929,1.0
0.8163788254411366,1.0
0.8164204912397658,1.0
0.8167538176287994,1.0
0.8168579821253724,1.0
0.8169204808233161,1.0
0.8169621466219453,1.0
0.8173788046082373,1.0
0.817399637507552,1.0
0.8174413033061811,1.0
0.8176704651986417,1.0
0.8177746296952146,1.0
0.8180246244869899,1.0
0.8180871231849336,1.0
0.8182121205808213,1.0
0.8182537863794505,1.0
0.818274619278765,1.0
0.8183162850773942,1.0
0.8183371179767088,1.0
0.8190246036540906,1.0
0.8190662694527198,1.0
0.8195037603383263,1.0
0.8195870919355847,1.0
0.8196079248348993,1.0
0.8196912564321577,1.0
0.819774588029416,1.0
0.8198162538280452,1.0
0.8199620841232474,1.0
0.820087081519135,1.0
0.8202537447136518,1.0
0.8202954105122809,1.0
0.8207537342972021,1.0
0.8207954000958313,1.0
0.820816232995146,1.0
0.8210662277869211,1.0
0.8211495593841796,1.0
0.8212745567800671,1.0
0.8212953896793816,1.0
0.8214412199745839,1.0
0.8215662173704714,1.0
0.821691214766359,1.0
0.8218370450615612,1.0
0.821899543759505,1.0
0.8220245411553926,1.0
0.8220662069540218,1.0
0.8220870398533364,1.0
0.8221287056519656,1.0
0.822212037249224,1.0
0.8222328701485385,1.0
0.8222745359471678,1.0
0.8223787004437407,1.0
0.8224411991416846,1.0
0.8225661965375721,1.0
0.8226078623362013,1.0
0.8227120268327743,1.0
0.8227536926314035,1.0
0.8227953584300327,1.0
0.8228995229266057,1.0
0.8229411887252349,1.0
0.8231078519197517,1.0
0.82319118351701,1.0
0.8232120164163247,1.0
0.8232953480135831,1.0
0.8233578467115269,1.0
0.8233995125101561,1.0
0.8234203454094706,1.0
0.8234828441074145,1.0
0.8235661757046728,1.0
0.8236495073019312,1.0
0.8236911731005604,1.0
0.8237745046978188,1.0
0.823816170496448,1.0
0.8238786691943918,1.0
0.8239411678923356,1.0
0.824024499489594,1.0
0.8240661652882232,1.0
0.8242119955834254,1.0
0.8242953271806838,1.0
0.8243161600799983,1.0
0.8244411574758859,1.0
0.8244828232745152,1.0
0.8245453219724589,1.0
0.8247119851669756,1.0
0.8248161496635487,1.0
0.824899481260807,1.0
0.8249411470594362,1.0
0.82500364575738,1.0
0.8250661444553239,1.0
0.825316139247099,1.0
0.8253994708443574,1.0
0.825420303743672,1.0
0.8254828024416158,1.0
0.8256077998375034,1.0
0.8265036145080311,1.0
0.8265452803066603,1.0
0.8265869461052895,1.0
0.8268577737963793,1.0
0.8269827711922668,1.0
0.8270452698902107,1.0
0.827128601487469,1.0
0.8271702672860982,1.0
0.8272535988833566,1.0
0.8273160975813004,1.0
0.8273994291785588,1.0
0.8274619278765025,1.0
0.8275035936751318,1.0
0.8276494239703339,1.0
0.8276910897689631,1.0
0.8277535884669069,1.0
0.8281285806545697,1.0
0.8281702464531989,1.0
0.828316076748401,1.0
0.8283577425470303,1.0
0.8283994083456595,1.0
0.828420241244974,1.0
0.8284619070436032,1.0
0.8285244057415471,1.0
0.8286285702381201,1.0
0.8286494031374346,1.0
0.8288160663319514,1.0
0.8290660611237266,1.0
0.829149392720985,1.0
0.8292118914189288,1.0
0.8293160559155017,1.0
0.8293577217141309,1.0
0.8293993875127601,1.0
0.8295243849086478,1.0
0.8296077165059061,1.0
0.8296910481031645,1.0
0.8297118810024792,1.0
0.8298577112976813,1.0
0.8298785441969959,1.0
0.8299202099956251,1.0
0.8299618757942543,1.0
0.8300243744921981,1.0
0.8301493718880857,1.0
0.8301910376867149,1.0
0.8303368679819171,1.0
0.8303993666798608,1.0
0.83044103247849,1.0
0.8304826982771192,1.0
0.8306285285723214,1.0
0.8306701943709506,1.0
0.830753525968209,1.0
0.8307951917668381,1.0
0.8308993562634112,1.0
0.8309826878606695,1.0
0.8310868523572426,1.0
0.8311076852565572,1.0
0.8311701839545009,1.0
0.8311910168538156,1.0
0.831274348451074,1.0
0.8314826774442199,1.0
0.8315243432428491,1.0
0.8315660090414783,1.0
0.8316076748401074,1.0
0.8316910064373659,1.0
0.8317326722359951,1.0
0.8317535051353097,1.0
0.8317951709339388,1.0
0.8318576696318827,1.0
0.8320659986250286,1.0
0.832149330222287,1.0
0.8321701631216016,1.0
0.8322118289202308,1.0
0.83225349471886,1.0
0.8322951605174892,1.0
0.832357659215433,1.0
0.8324201579133768,1.0
0.8325243224099498,1.0
0.8326076540072082,1.0
0.8327326514030957,1.0
0.8327951501010395,1.0
0.8328368158996687,1.0
0.8328993145976126,1.0
0.832982646194871,1.0
0.8331076435907585,1.0
0.8331284764900732,1.0
0.8332118080873315,1.0
0.8332743067852753,1.0
0.8333159725839046,1.0
0.8333576383825337,1.0
0.8333993041811629,1.0
0.8334826357784213,1.0
0.8337326305701964,1.0
0.8337742963688256,1.0
0.8337951292681403,1.0
0.8339409595633425,1.0
0.833961792462657,1.0
0.8340451240599154,1.0
0.8341076227578592,1.0
0.834274285952376,1.0
0.834378450448949,1.0
0.8344201162475782,1.0
0.8344617820462074,1.0
0.834482614945522,1.0
0.8345659465427804,1.0
0.8346284452407241,1.0
0.8347326097372971,1.0
0.834795108435241,1.0
0.8348367742338701,1.0
0.8349617716297577,1.0
0.8350034374283869,1.0
0.8350659361263307,1.0
0.8350867690256453,1.0
0.8351492677235891,1.0
0.8351701006229036,1.0
0.8352742651194767,1.0
0.8353367638174205,1.0
0.835357596716735,1.0
0.8354409283139934,1.0
0.8354617612133081,1.0
0.8355450928105664,1.0
0.8357117560050832,1.0
0.8357534218037124,1.0
0.8360034165954876,1.0
0.8360450823941168,1.0
0.8362534113872627,1.0
0.8363575758838357,1.0
0.8363784087831504,1.0
0.8364200745817796,1.0
0.8365450719776671,1.0
0.836607570675611,1.0
0.8366284035749255,1.0
0.8366700693735547,1.0
0.8368158996687569,1.0
0.8368992312660153,1.0
0.8369617299639591,1.0
0.837065894460532,1.0
0.8371492260577904,1.0
0.8371908918564197,1.0
0.8372742234536781,1.0
0.8372950563529926,1.0
0.8376700485406554,1.0
0.8378783775338013,1.0
0.8379200433324305,1.0
0.8379617091310597,1.0
0.8380450407283182,1.0
0.8381700381242058,1.0
0.8382325368221495,1.0
0.8384200329159809,1.0
0.8384616987146101,1.0
0.8386075290098123,1.0
0.8386491948084415,1.0
0.8386700277077561,1.0
0.8389200224995312,1.0
0.8389408553988459,1.0
0.8389825211974751,1.0
0.8390033540967896,1.0
0.8391700172913065,1.0
0.8392325159892502,1.0
0.8393366804858232,1.0
0.8394200120830816,1.0
0.83950334368034,1.0
0.8395241765796546,1.0
0.8396491739755422,1.0
0.8396908397741714,1.0
0.8397533384721152,1.0
0.8397950042707444,1.0
0.8398158371700589,1.0
0.8403366596529239,1.0
0.8403574925522385,1.0
0.8403991583508676,1.0
0.8404199912501823,1.0
0.8405033228474407,1.0
0.8405449886460699,1.0
0.8407741505385304,1.0
0.8409824795316764,1.0
0.8410449782296202,1.0
0.841107476927564,1.0
0.8411491427261932,1.0
0.8411699756255078,1.0
0.84131580592071,1.0
0.8413366388200246,1.0
0.8413991375179684,1.0
0.841419970417283,1.0
0.8415241349138559,1.0
0.8420032915980917,1.0
0.8421491218932939,1.0
0.8423157850878107,1.0
0.8423574508864399,1.0
0.8423991166850691,1.0
0.8424824482823274,1.0
0.8425241140809566,1.0
0.8425866127789005,1.0
0.8428574404699902,1.0
0.8429407720672486,1.0
0.8429824378658778,1.0
0.8430657694631362,1.0
0.8431074352617653,1.0
0.8431491010603945,1.0
0.8431699339597092,1.0
0.8432115997583384,1.0
0.843232432657653,1.0
0.8433574300535406,1.0
0.8433782629528551,1.0
0.8434615945501135,1.0
0.8436699235432595,1.0
0.8437115893418887,1.0
0.8437324222412033,1.0
0.8437949209391471,1.0
0.8439199183350347,1.0
0.8439615841336638,1.0
0.8439824170329785,1.0
0.8440449157309222,1.0
0.8440657486302369,1.0
0.8445657382137872,1.0
0.8447115685089894,1.0
0.8450657277973376,1.0
0.8451282264952813,1.0
0.8451698922939106,1.0
0.8452115580925398,1.0
0.845253223891169,1.0
0.8453573883877419,1.0
0.8453990541863711,1.0
0.8455865502802025,1.0
0.8456698818774608,1.0
0.8457115476760901,1.0
0.8466698610445615,1.0
0.8467323597425054,1.0
0.8467740255411346,1.0
0.8467948584404491,1.0
0.8468573571383929,1.0
0.8469823545342805,1.0
0.8470656861315389,1.0
0.8474615112185163,1.0
0.84752400991646,1.0
0.8478573363054936,1.0
0.847940667902752,1.0
0.8479823337013812,1.0
0.8480031666006959,1.0
0.848044832399325,1.0
0.8481073310972688,1.0
0.848148996895898,1.0
0.8483989916876732,1.0
0.8485448219828754,1.0
0.8485656548821899,1.0
0.8486073206808191,1.0
0.848669819378763,1.0
0.8487114851773921,1.0
0.8488989812712235,1.0
0.8490031457677965,1.0
0.8490448115664258,1.0
0.8491281431636841,1.0
0.8491698089623133,1.0
0.8494406366534031,1.0
0.8494823024520323,1.0
0.8495239682506615,1.0
0.8496072998479198,1.0
0.8500864565321555,1.0
0.8501072894314702,1.0
0.8501489552300994,1.0
0.850169788129414,1.0
0.8502114539280432,1.0
0.8503156184246161,1.0
0.8505239474177622,1.0
0.8506906106122789,1.0
0.8507322764109081,1.0
0.8507531093102227,1.0
0.8508781067061103,1.0
0.850940605404054,1.0
0.8510031041019979,1.0
0.8511072685985709,1.0
0.8511489343972001,1.0
0.8511697672965146,1.0
0.8512322659944584,1.0
0.851357263390346,1.0
0.8513989291889752,1.0
0.8514197620882898,1.0
0.8515239265848629,1.0
0.8516280910814358,1.0
0.8517322555780088,1.0
0.851773921376638,1.0
0.8518989187725255,1.0
0.8521280806649861,1.0
0.85219057936293,1.0
0.8522322451615592,1.0
0.8522530780608737,1.0
0.8524197412553906,1.0
0.8524822399533343,1.0
0.8525239057519635,1.0
0.8525447386512781,1.0
0.8525864044499073,1.0
0.8526280702485365,1.0
0.8526697360471657,1.0
0.8526905689464803,1.0
0.8528780650403116,1.0
0.8529405637382554,1.0
0.8529822295368846,1.0
0.8531072269327722,1.0
0.853169725630716,1.0
0.8532113914293452,1.0
0.8532947230266036,1.0
0.853378054623862,1.0
0.8534197204224911,1.0
0.8535447178183788,1.0
0.853586383617008,1.0
0.8539197100060415,1.0
0.8540863732005584,1.0
0.8542113705964459,1.0
0.8542322034957605,1.0
0.8542738692943898,1.0
0.8545030311868502,1.0
0.8545446969854795,1.0
0.8545655298847941,1.0
0.854878023374513,1.0
0.8548988562738277,1.0
0.854982187871086,1.0
0.8550238536697152,1.0
0.8550655194683444,1.0
0.8551488510656028,1.0
0.8552113497635466,1.0
0.8552530155621758,1.0
0.8554196787566926,1.0
0.8554613445553217,1.0
0.8556280077498385,1.0
0.8562321618299619,1.0
0.8563154934272202,1.0
0.8563779921251641,1.0
0.8564404908231078,1.0
0.8565238224203663,1.0
0.8566279869169392,1.0
0.8566696527155684,1.0
0.856690485614883,1.0
0.8567321514135122,1.0
0.8567946501114561,1.0
0.8569196475073436,1.0
0.8569613133059728,1.0
0.8578779608758151,1.0
0.8579196266744443,1.0
0.857982125372388,1.0
0.8581279556675903,1.0
0.8581904543655341,1.0
0.8582112872648486,1.0
0.8582529530634778,1.0
0.8583154517614217,1.0
0.8583571175600508,1.0
0.8584404491573092,1.0
0.858502947855253,1.0
0.8587737755463428,1.0
0.8588571071436012,1.0
0.8588987729422304,1.0
0.8589612716401742,1.0
0.859127934834691,1.0
0.8591696006333202,1.0
0.8592945980292077,1.0
0.8594195954250953,1.0
0.8595445928209829,1.0
0.8595862586196121,1.0
0.8596695902168705,1.0
0.8597112560154997,1.0
0.8597529218141289,1.0
0.8597945876127581,1.0
0.8599404179079603,1.0
0.8600654153038478,1.0
0.8601279140017917,1.0
0.8601695798004209,1.0
0.8602320784983646,1.0
0.860315410095623,1.0
0.8603987416928814,1.0
0.8604404074915106,1.0
0.8606070706860274,1.0
0.8606695693839712,1.0
0.8606904022832857,1.0
0.8608778983771171,1.0
0.8608987312764318,1.0
0.860940397075061,1.0
0.8610237286723194,1.0
0.8617737130476448,1.0
0.861815378846274,1.0
0.8618778775442179,1.0
0.861919543342847,1.0
0.8619403762421616,1.0
0.8620653736380492,1.0
0.8621070394366784,1.0
0.8622112039332513,1.0
0.8625653632215996,1.0
0.8626278619195433,1.0
0.8627111935168017,1.0
0.8627528593154309,1.0
0.8628153580133747,1.0
0.8628570238120039,1.0
0.8629195225099477,1.0
0.8629611883085769,1.0
0.8632320159996667,1.0
0.8632736817982959,1.0
0.863523676590071,1.0
0.8635445094893857,1.0
0.863627841086644,1.0
0.8637528384825316,1.0
0.8637945042811608,1.0
0.8638986687777338,1.0
0.863940334576363,1.0
0.8640028332743068,1.0
0.8640861648715652,1.0
0.8641278306701944,1.0
0.8641486635695089,1.0
0.8641903293681381,1.0
0.8642319951667674,1.0
0.8642736609653966,1.0
0.8643361596633403,1.0
0.8644194912605987,1.0
0.8645653215558009,1.0
0.8646694860523739,1.0
0.8647944834482615,1.0
0.8650444782400367,1.0
0.8650861440386659,1.0
0.8651069769379804,1.0
0.8651486427366096,1.0
0.8652111414345535,1.0
0.8653986375283849,1.0
0.8655028020249578,1.0
0.865544467823587,1.0
0.8656069665215308,1.0
0.8658152955146767,1.0
0.8658986271119352,1.0
0.8659611258098789,1.0
0.8660444574071373,1.0
0.8661069561050811,1.0
0.8662319535009687,1.0
0.8663569508968563,1.0
0.8664194495948001,1.0
0.8664819482927439,1.0
0.8665236140913731,1.0
0.8665861127893169,1.0
0.866627778587946,1.0
0.8666486114872607,1.0
0.8667944417824629,1.0
0.8668152746817774,1.0
0.866940272077665,1.0
0.8670236036749235,1.0
0.8670652694735527,1.0
0.8676277577550467,1.0
0.8677110893523051,1.0
0.8677527551509343,1.0
0.8682944105331138,1.0
0.8683777421303723,1.0
0.8685027395262599,1.0
0.8685652382242036,1.0
0.8686277369221475,1.0
0.8686902356200913,1.0
0.8687319014187205,1.0
0.8687944001166642,1.0
0.869065227807754,1.0
0.8691902252036416,1.0
0.8692318910022708,1.0
0.8692943897002146,1.0
0.8693360554988437,1.0
0.8694193870961021,1.0
0.869481885794046,1.0
0.8695652173913043,1.0
0.8698985437803379,1.0
0.8699402095789671,1.0
0.8699610424782817,1.0
0.870002708276911,1.0
0.8701693714714277,1.0
0.8703152017666299,1.0
0.870565196558405,1.0
0.8706068623570342,1.0
0.8706901939542926,1.0
0.8707318597529218,1.0
0.870773525551551,1.0
0.8708151913501802,1.0
0.8708568571488094,1.0
0.870877690048124,1.0
0.8713151809337305,1.0
0.8713568467323597,1.0
0.871398512530989,1.0
0.8714193454303035,1.0
0.8714610112289327,1.0
0.8715026770275619,1.0
0.8717318389200225,1.0
0.87185683631591,1.0
0.8719401679131685,1.0
0.8720234995104269,1.0
0.8720651653090561,1.0
0.8721276640069998,1.0
0.8722318285035728,1.0
0.8722943272015167,1.0
0.8724609903960334,1.0
0.8725026561946626,1.0
0.8725443219932918,1.0
0.872585987791921,1.0
0.8726276535905502,1.0
0.8726693193891794,1.0
0.8727526509864377,1.0
0.872794316785067,1.0
0.8728568154830108,1.0
0.8731484760734152,1.0
0.8731901418720444,1.0
0.8732526405699881,1.0
0.8732943063686173,1.0
0.8737109643549092,1.0
0.8737526301535384,1.0
0.8738776275494261,1.0
0.8740234578446282,1.0
0.8741276223412012,1.0
0.8742109539384596,1.0
0.8742734526364034,1.0
0.8743151184350326,1.0
0.8746276119247516,1.0
0.87471094352201,1.0
0.8747526093206391,1.0
0.874815108018583,1.0
0.8749401054144705,1.0
0.8750442699110436,1.0
0.8751901002062457,1.0
0.8752317660048748,1.0
0.8753150976021333,1.0
0.8753567634007625,1.0
0.8754192620987062,1.0
0.8754400949980209,1.0
0.8755025936959646,1.0
0.8755442594945939,1.0
0.8756275910918523,1.0
0.8756484239911668,1.0
0.875690089789796,1.0
0.8758775858836274,1.0
0.8759400845815712,1.0
0.8759609174808858,1.0
0.876002583279515,1.0
0.8760650819774588,1.0
0.8761484135747172,1.0
0.8761900793733464,1.0
0.8762317451719756,1.0
0.8764400741651216,1.0
0.8765025728630653,1.0
0.8765442386616945,1.0
0.8767525676548406,1.0
0.8767942334534697,1.0
0.8771900585404471,1.0
0.8778775442178288,1.0
0.8778983771171434,1.0
0.8779608758150872,1.0
0.8780025416137164,1.0
0.8782733693048062,1.0
0.8784816982979521,1.0
0.8785858627945251,1.0
0.8786066956938398,1.0
0.8786483614924689,1.0
0.8787108601904127,1.0
0.8787733588883565,1.0
0.8788566904856149,1.0
0.8790025207808171,1.0
0.8791275181767046,1.0
0.8791691839753338,1.0
0.8794816774650528,1.0
0.8801483302431199,1.0
0.8801691631424345,1.0
0.8802524947396929,1.0
0.8802733276390076,1.0
0.8803358263369513,1.0
0.8806274869273557,1.0
0.8806691527259849,1.0
0.8809608133163892,1.0
0.8810024791150184,1.0
0.8810441449136477,1.0
0.8811899752088498,1.0
0.8812108081081644,1.0
0.8812941397054228,1.0
0.8815024686985687,1.0
0.8815441344971979,1.0
0.881648298993771,1.0
0.8816899647924001,1.0
0.8817941292889732,1.0
0.8818566279869169,1.0
0.8820857898793775,1.0
0.8822316201745797,1.0
0.8822732859732089,1.0
0.8825441136642986,1.0
0.8825857794629278,1.0
0.8826482781608717,1.0
0.88273160975813,1.0
0.8827941084560739,1.0
0.882835774254703,1.0
0.883044103247849,1.0
0.8830857690464782,1.0
0.8831899335430512,1.0
0.8832315993416804,1.0
0.883356596737568,1.0
0.8834190954355118,1.0
0.883460761234141,1.0
0.8836482573279724,1.0
0.8838565863211183,1.0
0.8838982521197475,1.0
0.8839190850190621,1.0
0.8839607508176913,1.0
0.8840024166163205,1.0
0.8840440824149497,1.0
0.8840649153142642,1.0
0.8841065811128935,1.0
0.8841274140122081,1.0
0.8842524114080956,1.0
0.8843565759046687,1.0
0.8843982417032978,1.0
0.8846065706964438,1.0
0.8846274035957584,1.0
0.8847107351930168,1.0
0.8848773983875335,1.0
0.8849190641861628,1.0
0.8853357221724547,1.0
0.8853773879710839,1.0
0.8853982208703985,1.0
0.8854607195683424,1.0
0.8855648840649153,1.0
0.8856065498635445,1.0
0.8857315472594322,1.0
0.8858565446553197,1.0
0.8859398762525781,1.0
0.8859607091518926,1.0
0.8862315368429824,1.0
0.8863148684402409,1.0
0.8863565342388701,1.0
0.886564863232016,1.0
0.8866065290306452,1.0
0.886669027728589,1.0
0.8867315264265327,1.0
0.8867731922251619,1.0
0.8868356909231058,1.0
0.886877356721735,1.0
0.8869606883189933,1.0
0.8870856857148809,1.0
0.8872731818087123,1.0
0.8873565134059707,1.0
0.8873981792046,1.0
0.8875023437011729,1.0
0.8875440094998021,1.0
0.8875648423991167,1.0
0.8876690068956897,1.0
0.8880023332847232,1.0
0.8880439990833524,1.0
0.888273160975813,1.0
0.8883148267744422,1.0
0.8883564925730714,1.0
0.8883981583717006,1.0
0.8886273202641611,1.0
0.8892106414449699,1.0
0.8893773046394867,1.0
0.8894189704381159,1.0
0.8894814691360596,1.0
0.8895231349346888,1.0
0.8895439678340035,1.0
0.8895856336326327,1.0
0.8896272994312618,1.0
0.8898981271223516,1.0
0.8900231245182392,1.0
0.8901272890148122,1.0
0.8902314535113852,1.0
0.8902731193100144,1.0
0.8903356180079581,1.0
0.8904189496052165,1.0
0.890502281202475,1.0
0.8905647799004187,1.0
0.8906272785983625,1.0
0.8906897772963063,1.0
0.8907314430949356,1.0
0.8907522759942501,1.0
0.8908356075915085,1.0
0.8908772733901377,1.0
0.8909189391887669,1.0
0.8909814378867107,1.0
0.8910647694839691,1.0
0.8911064352825983,1.0
0.8913355971750588,1.0
0.8913980958730027,1.0
0.8915647590675194,1.0
0.8916064248661486,1.0
0.89179392095998,1.0
0.8919189183558676,1.0
0.8919605841544967,1.0
0.8920022499531259,1.0
0.8922730776442157,1.0
0.8923564092414742,1.0
0.8924605737380471,1.0
0.8925022395366763,1.0
0.8927939001270807,1.0
0.8928563988250244,1.0
0.8929813962209121,1.0
0.8930022291202266,1.0
0.8930438949188558,1.0
0.893085560717485,1.0
0.8931688923147434,1.0
0.8932522239120019,1.0
0.8932938897106311,1.0
0.8933355555092602,1.0
0.8933772213078894,1.0
0.8934605529051478,1.0
0.8935230516030916,1.0
0.8936897147976084,1.0
0.8937313805962376,1.0
0.8937730463948668,1.0
0.8940022082873273,1.0
0.8940438740859565,1.0
0.8940647069852712,1.0
0.8941897043811587,1.0
0.8942105372804733,1.0
0.8942730359784171,1.0
0.8943772004749901,1.0
0.8944188662736193,1.0
0.8946688610653944,1.0
0.8947521926626528,1.0
0.8948146913605967,1.0
0.8948563571592258,1.0
0.8949813545551134,1.0
0.8950438532530572,1.0
0.8951271848503156,1.0
0.8955438428366076,1.0
0.8957105060311243,1.0
0.8958146705276974,1.0
0.8958980021249557,1.0
0.8960229995208433,1.0
0.8960646653194725,1.0
0.8962313285139893,1.0
0.8962938272119331,1.0
0.8963771588091914,1.0
0.8964396575071353,1.0
0.8965021562050791,1.0
0.8965646549030228,1.0
0.8966896522989104,1.0
0.8967313180975396,1.0
0.8970021457886294,1.0
0.8970438115872585,1.0
0.8971479760838316,1.0
0.8971896418824608,1.0
0.8972104747817754,1.0
0.8972521405804046,1.0
0.8974813024728652,1.0
0.8984604487406512,1.0
0.8985021145392804,1.0
0.898835440928314,1.0
0.8988771067269432,1.0
0.8989396054248869,1.0
0.8990021041228308,1.0
0.9016478823357846,1.0
0.9017520468323577,1.0
0.9020228745234474,1.0
0.9021062061207058,1.0
0.9023145351138518,1.0
0.9023978667111102,1.0
0.9024186996104248,1.0
0.9025853628049416,1.0
0.9026270286035708,1.0
0.9030853523884919,1.0
0.9031270181871212,1.0
0.9032103497843795,1.0
0.903543676173413,1.0
0.9036061748713569,1.0
0.9036686735693006,1.0
0.9036895064686152,1.0
0.9039811670590197,1.0
0.9040436657569634,1.0
0.9041478302535364,1.0
0.9042103289514801,1.0
0.9042519947501094,1.0
0.9042936605487386,1.0
0.9060436240911648,1.0
0.906085289889794,1.0
0.9061477885877377,1.0
0.9083977417137143,1.0
0.9085435720089164,1.0
0.9086060707068603,1.0
0.9089393970958939,1.0
0.9089810628945231,1.0
0.9091477260890398,1.0
0.9095435511760172,1.0
0.9095852169746463,1.0
0.9096268827732755,1.0
0.9096477156725902,1.0
0.9100435407595675,1.0
0.9100643736588822,1.0
0.9101268723568259,1.0
0.9156059248765651,1.0
0.9156267577758797,1.0
0.92700152080165,1.0
0.9271265181975376,1.0
0.9271473510968522,1.0
0.9302722859940418,1.0
0.9341888710651861,1.0
0.9342305368638153,1.0
0.934355534259703,1.0
0.9345013645549051,1.0
0.9346888606487365,1.0
0.9347305264473657,1.0
0.9473552634320118,1.0
0.947396929230641,1.0
0.9476260911231016,1.0
0.9477719214183038,1.0
0.947813587216933,1.0
0.9478552530155622,1.0
0.9480219162100789,1.0
0.9481260807066519,1.0
0.9481469136059666,1.0
0.9482094123039103,1.0
0.9482510781025395,1.0
0.9485635715922585,1.0
0.9487302347867753,1.0
0.948792733484719,1.0
0.9502302035374263,1.0
0.9502718693360555,1.0
0.9503552009333139,1.0
0.950917689214808,1.0
0.9509385221141227,1.0
0.9512926814024708,1.0
0.9520009999791671,1.0
0.9520843315764255,1.0
0.9526468198579197,1.0
0.9528551488510656,1.0
0.9528968146496948,1.0
0.9587091935584675,1.0
0.9593133476385909,1.0
0.9593966792358493,1.0
0.9594175121351638,1.0
0.9594800108331076,1.0
0.9649382304535322,1.0
0.9651673923459928,1.0
0.9652298910439366,1.0
0.9653340555405096,1.0
0.9655007187350264,1.0
0.965625716130914,1.0
0.9656673819295432,1.0
0.9656882148288577,1.0
0.9657715464261161,1.0
0.9658132122247454,1.0
0.9658548780233746,1.0
0.9698964604904065,1.0
0.9699172933897211,1.0
0.9701464552821816,1.0
0.9702506197787546,1.0
0.9724589071061019,1.0
0.9726255703006187,1.0
0.9726672360992479,1.0
0.9726880689985625,1.0
0.9727714005958209,1.0
0.9728338992937647,1.0
0.9729172308910231,1.0
0.9731463927834837,1.0
0.9732713901793713,1.0
0.9734797191725172,1.0
0.973542217870461,1.0
0.9736047165684049,1.0
0.9736880481656632,1.0
0.973750546863607,1.0
0.9739380429574384,1.0
0.9740422074540114,1.0
0.9745630299368763,1.0
0.9746255286348201,1.0
0.9746671944334493,1.0
0.9767921501635383,1.0
0.9768546488614821,1.0
0.9771046436532572,1.0
0.9775838003374929,1.0
0.9777296306326951,1.0
0.9788129413970542,1.0
0.9788337742963689,1.0
0.978875440094998,1.0
0.9790004374908856,1.0
0.9793545967792338,1.0
0.9793754296785484,1.0
0.9794170954771776,1.0
0.9794795941751213,1.0
0.9848544821982875,1.0
0.9849169808962314,1.0
0.9849586466948606,1.0
0.9850836440907481,1.0
0.9851044769900628,1.0
0.985146142788692,1.0
0.9897710464365326,1.0
0.9897918793358472,1.0
0.9903543676173413,1.0
0.9903960334159705,1.0
0.9904793650132289,1.0
0.9943751171850587,1.0
0.9943959500843732,1.0
0.9945417803795754,1.0
0.9946251119768338,1.0
0.9966250703110352,1.0
0.9966667361096644,1.0
0.9967084019082936,1.0
0.998291702256203,1.0
0.9983125351555175,1.0
0.9983542009541468,1.0
0.998395866752776,1.0
0.9984375325514052,1.0
0.9985625299472928,1.0
0.9988541905376971,1.0
0.9989791879335848,1.0
0.9990625195308431,1.0
0.999166684027416,1.0
0.9991875169267307,1.0
0.9992291827253599,1.0
0.9993333472219329,1.0
0.9993958459198766,1.0
0.9994375117185058,1.0
0.9995208433157643,1.0
0.9995625091143935,1.0
0.9996041749130227,1.0
0.9996458407116519,1.0
1.0,1.0
