fpr,tpr
0.0,0.0
0.0,0.000643915003219575
0.0,0.00128783000643915
0.0,0.004507405022537025
0.0,0.00643915003219575
0.0,0.009658725048293626
0.0,0.012234385061171926
0.0,0.013522215067611075
0.0,0.014166130070830651
2.0832899314597614e-05,0.014166130070830651
2.0832899314597614e-05,0.014810045074050225
2.0832899314597614e-05,0.017385705086928525
2.0832899314597614e-05,0.018673535093367676
2.0832899314597614e-05,0.019317450096587252
4.166579862919523e-05,0.0206052801030264
4.166579862919523e-05,0.02189311010946555
4.166579862919523e-05,0.022537025112685124
4.166579862919523e-05,0.02446877012234385
4.166579862919523e-05,0.025756600128783
4.166579862919523e-05,0.027688345138441726
4.166579862919523e-05,0.028332260141661302
4.166579862919523e-05,0.030907920154539602
4.166579862919523e-05,0.031551835157759174
4.166579862919523e-05,0.0334835801674179
6.249869794379283e-05,0.03412749517063748
6.249869794379283e-05,0.03477141017385705
8.333159725839046e-05,0.03670315518351577
8.333159725839046e-05,0.03734707018673535
8.333159725839046e-05,0.0437862202189311
8.333159725839046e-05,0.044430135222150675
0.00010416449657298807,0.044430135222150675
0.00010416449657298807,0.0463618802318094
0.00010416449657298807,0.04700579523502898
0.00012499739588758566,0.04829362524146812
0.00012499739588758566,0.050225370251126854
0.0001458302952021833,0.05215711526078558
0.0001458302952021833,0.0540888602704443
0.0001458302952021833,0.056664520283322604
0.0001458302952021833,0.0592401802962009
0.0001666631945167809,0.06052801030264005
0.0001874960938313785,0.061171925305859624
0.0001874960938313785,0.06374758531873792
0.0001874960938313785,0.06503541532517708
0.0001874960938313785,0.0695428203477141
0.0001874960938313785,0.07083065035415326
0.0001874960938313785,0.07276239536381197
0.00022916189246057373,0.07340631036703155
0.00022916189246057373,0.0746941403734707
0.00022916189246057373,0.07662588538312942
0.0002499947917751713,0.07920154539600772
0.0002916605904043666,0.0798454603992273
0.0002916605904043666,0.0824211204121056
0.0002916605904043666,0.08306503541532517
0.00031249348971896417,0.08370895041854476
0.0003333263890335618,0.08370895041854476
0.0003333263890335618,0.08628461043142305
0.0003541592883481594,0.08692852543464263
0.000374992187662757,0.08692852543464263
0.000374992187662757,0.08886027044430135
0.000374992187662757,0.08950418544752092
0.000374992187662757,0.0952994204764971
0.000374992187662757,0.0978750804893754
0.000374992187662757,0.09916291049581455
0.000374992187662757,0.09980682549903412
0.00043749088560654986,0.10624597553122987
0.0004791566842357451,0.10624597553122987
0.0004999895835503427,0.10624597553122987
0.0004999895835503427,0.10688989053444946
0.0005208224828649403,0.10688989053444946
0.0005208224828649403,0.10882163554410818
0.000541655382179538,0.11010946555054733
0.0005624882814941355,0.1107533805537669
0.0005624882814941355,0.11204121056020605
0.000645819878752526,0.12169993560849968
0.0006874856773817212,0.12169993560849968
0.0007083185766963188,0.12234385061171925
0.0007083185766963188,0.12363168061815841
0.0007083185766963188,0.12749517063747584
0.0007083185766963188,0.128783000643915
0.0007291514760109165,0.128783000643915
0.0007916501739547092,0.13329040566645203
0.0007916501739547092,0.13457823567289118
0.0008124830732693069,0.1365099806825499
0.0008333159725839045,0.13779781068898905
0.0008333159725839045,0.13844172569220864
0.0008749817712130997,0.1390856406954282
0.0008749817712130997,0.13972955569864778
0.0008749817712130997,0.14101738570508693
0.0008749817712130997,0.14294913071474566
0.0008958146705276974,0.14552479072762395
0.0009166475698422949,0.14552479072762395
0.0009166475698422949,0.14616870573084353
0.0009583133684714902,0.15003219575016097
0.0009583133684714902,0.15132002575660014
0.0009791462677860878,0.15260785576303929
0.0009791462677860878,0.15518351577591757
0.0009999791671006853,0.15518351577591757
0.0009999791671006853,0.15582743077913716
0.0009999791671006853,0.1596909207984546
0.001020812066415283,0.1596909207984546
0.001020812066415283,0.16097875080489377
0.0010416449657298806,0.16162266580811332
0.0010416449657298806,0.1622665808113329
0.001083310764359076,0.16291049581455247
0.0011041436636736734,0.16291049581455247
0.0011041436636736734,0.16613007083065034
0.001124976562988271,0.16613007083065034
0.001124976562988271,0.16806181584030908
0.001124976562988271,0.16934964584674822
0.0011458094623028687,0.16934964584674822
0.0011458094623028687,0.1699935608499678
0.0011666423616174663,0.1706374758531874
0.0011666423616174663,0.17192530585962654
0.0011874752609320638,0.17192530585962654
0.0011874752609320638,0.17321313586606568
0.0012291410595612591,0.17385705086928527
0.0012708068581904544,0.17385705086928527
0.0012708068581904544,0.1751448808757244
0.001291639757505052,0.1751448808757244
0.001291639757505052,0.17900837089504185
0.0013124726568196495,0.17900837089504185
0.0013124726568196495,0.17965228589826143
0.0013124726568196495,0.18222794591113972
0.0013124726568196495,0.1828718609143593
0.0013124726568196495,0.18415969092079845
0.0013124726568196495,0.18480360592401804
0.0013333055561342473,0.18480360592401804
0.0013541384554488448,0.1854475209272376
0.0013541384554488448,0.18609143593045718
0.0013749713547634424,0.18609143593045718
0.0013749713547634424,0.18737926593689633
0.0013749713547634424,0.1880231809401159
0.0013958042540780401,0.1880231809401159
0.0013958042540780401,0.18866709594333547
0.001458302952021833,0.18866709594333547
0.0015208016499656258,0.1912427559562138
0.0015208016499656258,0.19188667095943335
0.0015416345492802234,0.19188667095943335
0.0015416345492802234,0.19381841596909208
0.0015416345492802234,0.19639407598197037
0.0015416345492802234,0.19703799098518995
0.0016041332472240162,0.19768190598840954
0.0016041332472240162,0.19896973599484868
0.0016041332472240162,0.20025756600128783
0.001729130643111602,0.21056020605280104
0.0017916293410553947,0.2112041210560206
0.0018124622403699923,0.2112041210560206
0.0018124622403699923,0.21377978106889892
0.0018124622403699923,0.21442369607211847
0.0018124622403699923,0.21828718609143594
0.0018332951396845898,0.2189311010946555
0.0018332951396845898,0.21957501609787508
0.0018332951396845898,0.22086284610431423
0.0018332951396845898,0.22215067611075337
0.0018332951396845898,0.2247263361236317
0.0018749609383137851,0.2247263361236317
0.0018749609383137851,0.22601416613007083
0.0018957938376283827,0.22601416613007083
0.0018957938376283827,0.22665808113329042
0.0018957938376283827,0.2292337411461687
0.0019166267369429804,0.2292337411461687
0.0019166267369429804,0.23052157115260785
0.001937459636257578,0.23052157115260785
0.001937459636257578,0.23116548615582744
0.001937459636257578,0.23245331616226658
0.001937459636257578,0.2343850611719253
0.001937459636257578,0.23567289117836446
0.0019791254348867733,0.23567289117836446
0.0019791254348867733,0.23631680618158404
0.0019999583342013706,0.2369607211848036
0.0020207912335159684,0.23889246619446233
0.0020207912335159684,0.23953638119768192
0.0020207912335159684,0.24146812620734062
0.002041624132830566,0.2421120412105602
0.0020624570321451634,0.2421120412105602
0.0020624570321451634,0.2427559562137798
0.002083289931459761,0.2427559562137798
0.002083289931459761,0.24339987121699935
0.0021249557300889563,0.24339987121699935
0.0021249557300889563,0.24404378622021894
0.002187454428032749,0.24404378622021894
0.0022291202266619447,0.24533161622665808
0.0022291202266619447,0.24726336123631681
0.002249953125976542,0.24855119124275596
0.0022707860252911397,0.2504829362524147
0.0022916189246057375,0.2511268512556343
0.002312451823920335,0.2511268512556343
0.002312451823920335,0.2524146812620734
0.0023541176225495303,0.25434642627173215
0.0023957834211787254,0.25434642627173215
0.0023957834211787254,0.2549903412749517
0.002416616320493323,0.2549903412749517
0.002416616320493323,0.25563425627817127
0.0024374492198079205,0.25563425627817127
0.002479115018437116,0.25563425627817127
0.002541613716380909,0.25756600128783
0.002541613716380909,0.25820991629104956
0.002562446615695506,0.262073406310367
0.0026041124143247017,0.2633612363168062
0.0026041124143247017,0.2646490663232453
0.002624945313639299,0.2652929813264649
0.002624945313639299,0.26722472633612365
0.002645778212953897,0.26722472633612365
0.0026666111122684946,0.2678686413393432
0.0027291098102122874,0.2678686413393432
0.0027291098102122874,0.26851255634256277
0.0028332743067852753,0.2730199613650998
0.002854107206099873,0.2730199613650998
0.002854107206099873,0.27430779137153893
0.0028749401054144704,0.27430779137153893
0.0028749401054144704,0.2755956213779781
0.0031874335951334347,0.2916934964584675
0.0031874335951334347,0.29298132646490666
0.0032707651923918253,0.29298132646490666
0.0033540967896502154,0.29748873148744365
0.0033540967896502154,0.29813264649066323
0.003374929688964813,0.2987765614938828
0.003374929688964813,0.2994204764971024
0.003395762588279411,0.2994204764971024
0.003395762588279411,0.3007083065035415
0.003437428386908606,0.3013522215067611
0.003499927084852399,0.3013522215067611
0.0035207599841669966,0.3026400515132003
0.003541592883481594,0.3026400515132003
0.0035832586821107895,0.3026400515132003
0.0035832586821107895,0.3032839665164198
0.003604091581425387,0.30521571152607857
0.0036249244807399846,0.3065035415325177
0.0036457573800545823,0.3065035415325177
0.0036665902793691797,0.3071474565357373
0.0036665902793691797,0.30843528654217645
0.0037499218766275703,0.30843528654217645
0.0037499218766275703,0.30972311654861556
0.003812420574571363,0.30972311654861556
0.003874919272515156,0.31036703155183515
0.003874919272515156,0.31101094655505473
0.0038957521718297537,0.3116548615582743
0.0038957521718297537,0.3122987765614939
0.0038957521718297537,0.313586606567933
0.003937417970458949,0.313586606567933
0.003937417970458949,0.3142305215711526
0.0039582508697735466,0.3148744365743722
0.003999916668402741,0.31809401159047007
0.004020749567717339,0.31809401159047007
0.004020749567717339,0.3200257566001288
0.004041582467031937,0.3200257566001288
0.00410408116497573,0.3200257566001288
0.004124914064290327,0.32131358660656795
0.004145746963604925,0.32195750160978753
0.00418741276223412,0.32260141661300706
0.004208245661548718,0.32260141661300706
0.004229078560863316,0.32324533161622665
0.004249911460177913,0.32324533161622665
0.00427074435949251,0.32388924661944624
0.00427074435949251,0.3251770766258854
0.004374908856065498,0.330328396651642
0.004374908856065498,0.3309723116548616
0.004395741755380096,0.33161622665808116
0.004395741755380096,0.3329040566645203
0.004416574654694694,0.33354797166773986
0.0044374075540092916,0.33354797166773986
0.0044374075540092916,0.33419188667095945
0.004458240453323889,0.33419188667095945
0.004479073352638487,0.33483580167417903
0.004562404949896877,0.33483580167417903
0.004562404949896877,0.33612363168061815
0.004645736547155267,0.33612363168061815
0.004666569446469865,0.33612363168061815
0.004666569446469865,0.33676754668383774
0.004687402345784463,0.33676754668383774
0.004687402345784463,0.3374114616870573
0.004708235245099061,0.33869929169349644
0.0047290681444136584,0.33869929169349644
0.0047290681444136584,0.3406310367031552
0.004791566842357451,0.3412749517063748
0.004791566842357451,0.3425627817128139
0.004812399741672049,0.3425627817128139
0.004812399741672049,0.3432066967160335
0.0049165642382450365,0.3432066967160335
0.004958230036874232,0.3438506117192531
0.00497906293618883,0.3438506117192531
0.00497906293618883,0.34449452672247266
0.0050207287348180245,0.34449452672247266
0.0050207287348180245,0.3451384417256922
0.005104060332076415,0.34642627173213136
0.005124893231391012,0.34642627173213136
0.005166559030020208,0.34707018673535095
0.005166559030020208,0.34835801674179007
0.0052082248286494034,0.34835801674179007
0.0052082248286494034,0.34900193174500965
0.005249890627278598,0.34900193174500965
0.005312389325222391,0.34964584674822924
0.005312389325222391,0.3502897617514488
0.005333222224536989,0.3502897617514488
0.005333222224536989,0.3509336767546684
0.005354055123851586,0.35157759175788794
0.005354055123851586,0.35222150676110753
0.005374888023166184,0.35222150676110753
0.005374888023166184,0.3528654217643271
0.005374888023166184,0.3541532517707663
0.005416553821795379,0.3541532517707663
0.005458219620424575,0.3541532517707663
0.005479052519739172,0.3554410817772054
0.0055832170163121605,0.356084996780425
0.005604049915626757,0.3567289117836446
0.005604049915626757,0.3573728267868641
0.005624882814941355,0.3580167417900837
0.005645715714255953,0.3580167417900837
0.0056873815128851484,0.3586606567933033
0.005708214412199746,0.35930457179652286
0.005708214412199746,0.35994848679974245
0.005749880210828941,0.36123631680618157
0.005749880210828941,0.36188023180940115
0.005770713110143539,0.36188023180940115
0.005812378908772734,0.36252414681262074
0.005812378908772734,0.3631680618158403
0.0058748776067165265,0.3631680618158403
0.005916543405345722,0.3631680618158403
0.005958209203974918,0.36381197681905986
0.005958209203974918,0.36445589182227944
0.005999875002604112,0.36445589182227944
0.005999875002604112,0.3657437218287186
0.005999875002604112,0.3676754668383773
0.005999875002604112,0.3683193818415969
0.006041540801233308,0.3702511268512556
0.006041540801233308,0.37218287186091437
0.0060623737005479055,0.3734707018673535
0.0060623737005479055,0.3760463618802318
0.006083206599862503,0.3760463618802318
0.006083206599862503,0.37733419188667094
0.006083206599862503,0.37797810688989053
0.006124872398491698,0.37797810688989053
0.006124872398491698,0.3792659368963297
0.006187371096435491,0.3792659368963297
0.006229036895064686,0.3837733419188667
0.006229036895064686,0.38506117192530587
0.006249869794379284,0.38506117192530587
0.006249869794379284,0.38570508692852545
0.006312368492323077,0.38570508692852545
0.006312368492323077,0.386349001931745
0.0063540342909522715,0.386349001931745
0.006395700089581467,0.38763683193818416
0.006395700089581467,0.38892466194462333
0.006395700089581467,0.38956857694784286
0.006416532988896065,0.38956857694784286
0.006437365888210663,0.39021249195106245
0.0064581987875252595,0.39021249195106245
0.006479031686839857,0.39085640695428203
0.006520697485469053,0.3915003219575016
0.0065415303847836505,0.3915003219575016
0.006562363284098248,0.3921442369607212
0.006562363284098248,0.39278815196394073
0.006604029082727443,0.39278815196394073
0.0066456948813566384,0.39278815196394073
0.0066456948813566384,0.3934320669671603
0.006729026478615029,0.3960077269800386
0.006770692277244224,0.3966516419832582
0.006791525176558822,0.3966516419832582
0.00681235807587342,0.3972955569864778
0.00681235807587342,0.39793947198969737
0.006916522572446408,0.39793947198969737
0.006937355471761005,0.39858338699291695
0.006958188371075602,0.39858338699291695
0.006958188371075602,0.3992273019961365
0.0069790212703902,0.3992273019961365
0.0070206870690193955,0.3992273019961365
0.007229016062165371,0.40180296200901483
0.007270681860794567,0.40180296200901483
0.007374846357367555,0.40180296200901483
0.00741651215599675,0.40180296200901483
0.007437345055311348,0.40244687701223436
0.007458177954625945,0.40244687701223436
0.007458177954625945,0.40309079201545395
0.007479010853940543,0.40309079201545395
0.007479010853940543,0.40373470701867353
0.007520676652569738,0.40373470701867353
0.007520676652569738,0.4050225370251127
0.007687339847086519,0.4095299420476497
0.007708172746401116,0.4101738570508693
0.007708172746401116,0.41081777205408887
0.007812337242974104,0.41596909207984545
0.007833170142288702,0.41596909207984545
0.007833170142288702,0.41661300708306503
0.007874835940917898,0.41661300708306503
0.00793733463886169,0.4172569220862846
0.007979000437490886,0.4172569220862846
0.007999833336805482,0.4172569220862846
0.008020666236120081,0.4198325820991629
0.008041499135434678,0.4198325820991629
0.008041499135434678,0.4204764971023825
0.008124830732693069,0.4204764971023825
0.008124830732693069,0.4211204121056021
0.008187329430636861,0.4224082421120412
0.008187329430636861,0.42369607211848037
0.008249828128580654,0.42369607211848037
0.008333159725839045,0.42369607211848037
0.008353992625153643,0.42433998712169996
0.00837482552446824,0.42433998712169996
0.00837482552446824,0.4249839021249195
0.008395658423782837,0.4249839021249195
0.008437324222412033,0.4249839021249195
0.008478990021041228,0.4249839021249195
0.008478990021041228,0.4256278171281391
0.008499822920355825,0.42627173213135866
0.00854148871898502,0.42627173213135866
0.00854148871898502,0.42755956213779783
0.00854148871898502,0.42949130714745654
0.00854148871898502,0.4307791371538957
0.008583154517614216,0.4307791371538957
0.008666486114872607,0.4307791371538957
0.008749817712130997,0.433354797166774
0.008770650611445595,0.4346426271732131
0.008791483510760192,0.4352865421764327
0.008833149309389388,0.4352865421764327
0.008833149309389388,0.4359304571796523
0.008853982208703984,0.4359304571796523
0.008853982208703984,0.4365743721828719
0.008916480906647779,0.4365743721828719
0.008916480906647779,0.43721828718609146
0.008978979604591571,0.437862202189311
0.008999812503906168,0.437862202189311
0.008999812503906168,0.4385061171925306
0.009041478302535363,0.4385061171925306
0.009062311201849962,0.4385061171925306
0.009103977000479156,0.4385061171925306
0.009124809899793754,0.4385061171925306
0.009124809899793754,0.43915003219575016
0.00916647569842295,0.43915003219575016
0.00916647569842295,0.43979394719896975
0.009187308597737547,0.43979394719896975
0.009187308597737547,0.44043786220218933
0.009208141497052146,0.44043786220218933
0.009208141497052146,0.44172569220862845
0.009228974396366742,0.44172569220862845
0.009270640194995938,0.44172569220862845
0.009291473094310535,0.44172569220862845
0.009291473094310535,0.44236960721184804
0.00933313889293973,0.44236960721184804
0.009395637590883523,0.4436574372182872
0.009395637590883523,0.4462330972311655
0.009395637590883523,0.4475209272376046
0.009458136288827317,0.4475209272376046
0.009458136288827317,0.4481648422408242
0.009583133684714902,0.4481648422408242
0.009645632382658694,0.4481648422408242
0.009666465281973293,0.4481648422408242
0.009666465281973293,0.4488087572440438
0.009749796879231682,0.4488087572440438
0.009749796879231682,0.45009658725048296
0.00977062977854628,0.4507405022537025
0.00977062977854628,0.4513844172569221
0.00985396137580467,0.4513844172569221
0.009874794275119269,0.45202833226014166
0.009937292973063061,0.45460399227301995
0.009999791671006853,0.45524790727623954
0.010062290368950648,0.45524790727623954
0.010083123268265244,0.4558918222794591
0.010103956167579841,0.4558918222794591
0.010103956167579841,0.4565357372826787
0.01020812066415283,0.4565357372826787
0.010312285160725819,0.4565357372826787
0.010312285160725819,0.45717965228589824
0.010333118060040416,0.45717965228589824
0.010416449657298807,0.4610431423052157
0.010437282556613404,0.4610431423052157
0.010437282556613404,0.4623309723116549
0.010437282556613404,0.463618802318094
0.010458115455928,0.46555054732775275
0.0104789483552426,0.46683837733419187
0.010499781254557196,0.46683837733419187
0.010541447053186392,0.46748229233741145
0.010541447053186392,0.4687701223438506
0.01056227995250099,0.4687701223438506
0.01056227995250099,0.4694140373470702
0.010583112851815587,0.4694140373470702
0.010603945751130184,0.47005795235028974
0.010624778650444783,0.47005795235028974
0.010624778650444783,0.47070186735350933
0.010624778650444783,0.4719896973599485
0.010624778650444783,0.4726336123631681
0.01064561154975938,0.4726336123631681
0.01064561154975938,0.4732775273663876
0.010666444449073978,0.4739214423696072
0.010708110247703172,0.4739214423696072
0.010749776046332368,0.4739214423696072
0.010791441844961563,0.4739214423696072
0.010874773442219954,0.4745653573728268
0.010895606341534551,0.4745653573728268
0.010895606341534551,0.4752092723760464
0.01108310243536593,0.47907276239536384
0.011103935334680527,0.47907276239536384
0.011103935334680527,0.47971667739858337
0.011124768233995126,0.48036059240180295
0.011124768233995126,0.4816484224082421
0.011145601133309722,0.4816484224082421
0.011145601133309722,0.4822923374114617
0.011166434032624321,0.48293625241468124
0.011228932730568113,0.48358016741790083
0.011228932730568113,0.4842240824211204
0.011270598529197309,0.4842240824211204
0.011312264327826503,0.48486799742434
0.011312264327826503,0.4861558274307791
0.011333097227141101,0.4874436574372183
0.011395595925084894,0.4880875724404379
0.011395595925084894,0.48873148744365746
0.011416428824399492,0.48873148744365746
0.01143726172371409,0.489375402446877
0.01143726172371409,0.4900193174500966
0.011499760421657882,0.4900193174500966
0.011562259119601674,0.49130714745653575
0.011583092018916273,0.49195106245975534
0.011583092018916273,0.49323889246619446
0.01160392491823087,0.49323889246619446
0.01160392491823087,0.49388280746941404
0.01160392491823087,0.49581455247907275
0.01160392491823087,0.49645846748229233
0.011645590716860065,0.49645846748229233
0.01168725651548926,0.49645846748229233
0.01168725651548926,0.4971023824855119
0.011708089414803858,0.4971023824855119
0.011728922314118456,0.4977462974887315
0.011749755213433053,0.4977462974887315
0.011791421012062249,0.4977462974887315
0.01187475260932064,0.4977462974887315
0.011916418407949835,0.4983902124919511
0.011937251307264432,0.4983902124919511
0.011937251307264432,0.4990341274951706
0.012020582904522823,0.4990341274951706
0.012020582904522823,0.5003219575016098
0.01204141580383742,0.5003219575016098
0.01204141580383742,0.501609787508049
0.012124747401095811,0.5028976175144881
0.012145580300410408,0.5028976175144881
0.012166413199725007,0.5035415325177076
0.012166413199725007,0.5041854475209272
0.012187246099039603,0.5041854475209272
0.012187246099039603,0.5054732775273664
0.012228911897668799,0.5054732775273664
0.012249744796983396,0.506117192530586
0.012249744796983396,0.5067611075338055
0.012312243494927188,0.5067611075338055
0.012312243494927188,0.5074050225370251
0.012333076394241787,0.5074050225370251
0.012333076394241787,0.5080489375402447
0.012353909293556384,0.5080489375402447
0.012374742192870982,0.5086928525434643
0.012416407991500178,0.5086928525434643
0.012416407991500178,0.5093367675466839
0.012437240890814775,0.5093367675466839
0.012437240890814775,0.5099806825499034
0.012458073790129372,0.5099806825499034
0.012458073790129372,0.510624597553123
0.01247890668944397,0.510624597553123
0.01247890668944397,0.5112685125563425
0.012541405387387763,0.5112685125563425
0.012603904085331555,0.5125563425627817
0.01264556988396075,0.5125563425627817
0.012687235682589946,0.5125563425627817
0.012770567279848337,0.5138441725692209
0.012853898877106727,0.5138441725692209
0.012895564675735922,0.5138441725692209
0.012895564675735922,0.51513200257566
0.012916397575050519,0.51513200257566
0.012916397575050519,0.5164198325820991
0.012937230474365118,0.5170637475853187
0.012958063373679714,0.5170637475853187
0.01299972917230891,0.5170637475853187
0.013020562071623509,0.5170637475853187
0.013020562071623509,0.5177076625885383
0.013041394970938106,0.5177076625885383
0.013041394970938106,0.5183515775917579
0.013062227870252702,0.5183515775917579
0.013083060769567301,0.519639407598197
0.013103893668881898,0.519639407598197
0.013187225266140289,0.5202833226014166
0.013187225266140289,0.5215711526078558
0.013228891064769484,0.5215711526078558
0.013228891064769484,0.5228589826142949
0.013249723964084081,0.5235028976175145
0.013249723964084081,0.524146812620734
0.013291389762713277,0.524146812620734
0.01335388846065707,0.5247907276239536
0.013374721359971668,0.5247907276239536
0.013374721359971668,0.5260785576303928
0.013395554259286265,0.5267224726336124
0.013458052957230057,0.5267224726336124
0.013458052957230057,0.5280103026400516
0.013499718755859253,0.5280103026400516
0.013520551655173851,0.5280103026400516
0.013562217453803045,0.5280103026400516
0.013562217453803045,0.5286542176432711
0.013583050353117644,0.5286542176432711
0.013583050353117644,0.5299420476497102
0.013645549051061436,0.5299420476497102
0.013645549051061436,0.5312298776561494
0.013728880648319827,0.5312298776561494
0.013749713547634424,0.531873792659369
0.013749713547634424,0.5325177076625885
0.013770546446949023,0.5325177076625885
0.013853878044207412,0.5325177076625885
0.013916376742151204,0.5325177076625885
0.013916376742151204,0.5331616226658081
0.013978875440094999,0.5331616226658081
0.014020541238724192,0.5338055376690277
0.014041374138038791,0.5338055376690277
0.014062207037353388,0.5344494526722473
0.014083039936667987,0.5344494526722473
0.014166371533926376,0.5350933676754669
0.01422887023187017,0.5350933676754669
0.01422887023187017,0.5357372826786864
0.014270536030499364,0.5357372826786864
0.01431220182912856,0.536381197681906
0.01431220182912856,0.5370251126851255
0.014333034728443158,0.5370251126851255
0.014374700527072353,0.5370251126851255
0.014374700527072353,0.5376690276883451
0.01439553342638695,0.5389568576947843
0.014499697922959938,0.5396007726980039
0.014499697922959938,0.5402446877012235
0.014541363721589134,0.5402446877012235
0.01456219662090373,0.5408886027044431
0.01456219662090373,0.5415325177076626
0.01458302952021833,0.5415325177076626
0.01458302952021833,0.5421764327108821
0.014603862419532926,0.5421764327108821
0.014666361117476719,0.5421764327108821
0.014666361117476719,0.5428203477141017
0.014687194016791317,0.5428203477141017
0.014687194016791317,0.5434642627173213
0.014708026916105914,0.5434642627173213
0.01474969271473511,0.5447520927237605
0.014812191412678902,0.5447520927237605
0.014812191412678902,0.54539600772698
0.014853857211308098,0.54539600772698
0.014937188808566489,0.54539600772698
0.014978854607195684,0.54539600772698
0.014978854607195684,0.5466838377334192
0.014999687506510281,0.5473277527366388
0.015041353305139477,0.5473277527366388
0.015103852003083269,0.5473277527366388
0.015103852003083269,0.5479716677398584
0.015145517801712464,0.5486155827430779
0.015166350701027061,0.5486155827430779
0.015166350701027061,0.5492594977462975
0.01518718360034166,0.5492594977462975
0.015228849398970856,0.5492594977462975
0.01527051519760005,0.5505473277527366
0.01527051519760005,0.5511912427559562
0.01535384679485844,0.5511912427559562
0.01535384679485844,0.5518351577591758
0.015395512593487636,0.5518351577591758
0.015416345492802233,0.5524790727623954
0.015458011291431428,0.5524790727623954
0.01552050998937522,0.5524790727623954
0.015603841586633612,0.5537669027688346
0.015645507385262807,0.5537669027688346
0.0157080060832066,0.5537669027688346
0.0157288389825212,0.5544108177720541
0.015770504781150392,0.5556986477784932
0.01581217057977959,0.5556986477784932
0.01581217057977959,0.5569864777849324
0.015937167975667174,0.5569864777849324
0.016041332472240162,0.5569864777849324
0.016103831170183956,0.5582743077913715
0.016124664069498553,0.5582743077913715
0.016124664069498553,0.5602060528010303
0.016187162767442344,0.5602060528010303
0.016187162767442344,0.5608499678042499
0.016249661465386138,0.5608499678042499
0.01633299306264453,0.5608499678042499
0.016353825961959126,0.5608499678042499
0.016353825961959126,0.5614938828074694
0.01641632465990292,0.5614938828074694
0.01641632465990292,0.562137797810689
0.016437157559217517,0.562137797810689
0.0165829878544197,0.5634256278171281
0.01666631945167809,0.5640695428203477
0.016687152350992687,0.5640695428203477
0.016707985250307287,0.5647134578235673
0.016707985250307287,0.5653573728267869
0.016770483948251078,0.5653573728267869
0.016770483948251078,0.5660012878300065
0.016812149746880275,0.5660012878300065
0.01683298264619487,0.5660012878300065
0.01683298264619487,0.5666452028332261
0.01685381554550947,0.5666452028332261
0.017041311639340848,0.5666452028332261
0.01708297743797004,0.5672891178364456
0.01712464323659924,0.5672891178364456
0.01712464323659924,0.5679330328396651
0.017145476135913836,0.5679330328396651
0.017166309035228432,0.5685769478428847
0.017166309035228432,0.5692208628461043
0.017249640632486823,0.5692208628461043
0.017291306431116017,0.5692208628461043
0.017437136726318202,0.5698647778493239
0.0174579696256328,0.5698647778493239
0.0174579696256328,0.5705086928525435
0.017520468323576593,0.5717965228589826
0.017582967021520384,0.5724404378622022
0.017666298618778775,0.5724404378622022
0.01772879731672257,0.5737282678686413
0.017770463115351763,0.5737282678686413
0.017770463115351763,0.5750160978750805
0.01779129601466636,0.5750160978750805
0.01787462761192475,0.5750160978750805
0.01791629341055395,0.5750160978750805
0.017957959209183142,0.5763039278815196
0.017957959209183142,0.5775917578879588
0.017999625007812336,0.5775917578879588
0.018020457907126936,0.5782356728911784
0.018020457907126936,0.5795235028976176
0.01806212370575613,0.5795235028976176
0.018124622403699924,0.5795235028976176
0.018166288202329118,0.5795235028976176
0.018166288202329118,0.580167417900837
0.01824961979958751,0.580167417900837
0.01824961979958751,0.5808113329040566
0.018270452698902106,0.5814552479072762
0.0183329513968459,0.5814552479072762
0.018353784296160497,0.5820991629104958
0.018374617195475094,0.5820991629104958
0.01841628299410429,0.5827430779137154
0.018457948792733485,0.5827430779137154
0.01858294618862107,0.583386992916935
0.018603779087935667,0.5846748229233741
0.01866627778587946,0.5846748229233741
0.01874960938313785,0.5846748229233741
0.01874960938313785,0.5853187379265937
0.01877044228245245,0.5859626529298133
0.018812108081081646,0.5859626529298133
0.018812108081081646,0.5866065679330328
0.018895439678340033,0.5866065679330328
0.018916272577654634,0.5866065679330328
0.018916272577654634,0.587894397939472
0.018957938376283828,0.587894397939472
0.018957938376283828,0.5885383129426915
0.018978771275598424,0.5885383129426915
0.018978771275598424,0.5898261429491307
0.01899960417491302,0.5898261429491307
0.01899960417491302,0.5904700579523503
0.01904126997354222,0.5904700579523503
0.019145434470115207,0.5924018029620091
0.01927043186600279,0.5924018029620091
0.019291264765317388,0.5930457179652285
0.019332930563946586,0.5936896329684481
0.019395429261890376,0.5949774629748873
0.019499593758463364,0.5949774629748873
0.019520426657777964,0.5956213779781069
0.019582925355721755,0.596909207984546
0.019603758255036352,0.5975531229877656
0.019687089852294743,0.5975531229877656
0.01970792275160934,0.5981970379909852
0.019749588550238537,0.5981970379909852
0.019770421449553134,0.5981970379909852
0.019812087248182328,0.5988409529942048
0.019812087248182328,0.5994848679974243
0.01991625174475532,0.6039922730199614
0.019937084644069916,0.6039922730199614
0.01997875044269911,0.6039922730199614
0.020020416241328307,0.6039922730199614
0.020020416241328307,0.604636188023181
0.020041249140642904,0.604636188023181
0.02024957813378888,0.6065679330328396
0.020270411033103477,0.6065679330328396
0.020374575529676465,0.6078557630392788
0.02039540842899106,0.6078557630392788
0.02043707422762026,0.6078557630392788
0.02052040582487865,0.6078557630392788
0.020562071623507844,0.6078557630392788
0.020645403220766235,0.6078557630392788
0.020728734818024626,0.6078557630392788
0.020749567717339223,0.6078557630392788
0.020812066415283013,0.6078557630392788
0.020812066415283013,0.6084996780424984
0.020832899314597614,0.6084996780424984
0.020832899314597614,0.609143593045718
0.02085373221391221,0.609143593045718
0.02085373221391221,0.6097875080489376
0.020874565113226808,0.6097875080489376
0.020916230911856,0.6097875080489376
0.0209578967104852,0.6097875080489376
0.0209578967104852,0.6104314230521571
0.02104122830774359,0.6104314230521571
0.02104122830774359,0.6110753380553767
0.021062061207058187,0.6110753380553767
0.021062061207058187,0.6117192530585963
0.021166225703631174,0.6123631680618158
0.02118705860294577,0.6123631680618158
0.021249557300889566,0.6130070830650354
0.021270390200204162,0.6130070830650354
0.021270390200204162,0.613650998068255
0.021332888898147957,0.613650998068255
0.021332888898147957,0.6142949130714745
0.021332888898147957,0.6155827430779137
0.021332888898147957,0.6162266580811333
0.02137455469677715,0.6162266580811333
0.021416220495406344,0.6162266580811333
0.021437053394720944,0.6168705730843529
0.021437053394720944,0.6175144880875725
0.02147871919335014,0.6175144880875725
0.02147871919335014,0.6181584030907921
0.021520384991979332,0.6181584030907921
0.021520384991979332,0.6188023180940115
0.021624549488552323,0.6188023180940115
0.021687048186496114,0.6194462330972311
0.02172871398512531,0.6194462330972311
0.021791212683069102,0.6194462330972311
0.0218120455823837,0.6200901481004507
0.0218328784816983,0.6200901481004507
0.0218328784816983,0.6207340631036703
0.021937042978271287,0.6213779781068899
0.021957875877585884,0.6213779781068899
0.02197870877690048,0.6220218931101095
0.021999541676215078,0.6220218931101095
0.022041207474844275,0.6220218931101095
0.022041207474844275,0.6226658081133291
0.02208287327347347,0.6226658081133291
0.02208287327347347,0.6233097231165486
0.02216620487073186,0.6233097231165486
0.022187037770046457,0.6239536381197682
0.02224953646799025,0.6239536381197682
0.022270369367304848,0.6245975531229878
0.022374533863877836,0.6245975531229878
0.02241619966250703,0.6245975531229878
0.02243703256182163,0.6258853831294269
0.022457865461136227,0.6258853831294269
0.022520364159080018,0.6258853831294269
0.02258286285702381,0.6258853831294269
0.022624528655653005,0.6258853831294269
0.022749526051540594,0.6258853831294269
0.022791191850169788,0.6258853831294269
0.022812024749484384,0.6258853831294269
0.022832857648798985,0.6265292981326465
0.022895356346742776,0.627173213135866
0.02314535113851795,0.627173213135866
0.023187016937147142,0.627173213135866
0.023249515635090937,0.6278171281390856
0.02329118143372013,0.6278171281390856
0.02329118143372013,0.6284610431423052
0.02337451303097852,0.6291049581455248
0.023395345930293118,0.630392788151964
0.023395345930293118,0.6310367031551836
0.023437011728922316,0.6310367031551836
0.023437011728922316,0.6323245331616226
0.02347867752755151,0.6323245331616226
0.023499510426866106,0.6329684481648422
0.023520343326180703,0.6329684481648422
0.0235620091248099,0.6329684481648422
0.023603674923439094,0.6329684481648422
0.02364534072206829,0.6336123631680618
0.023687006520697485,0.6336123631680618
0.023707839420012082,0.6336123631680618
0.02374950521864128,0.6336123631680618
0.023770338117955876,0.6336123631680618
0.02383283681589967,0.634900193174501
0.02383283681589967,0.6355441081777206
0.02389533551384346,0.6355441081777206
0.02389533551384346,0.6361880231809401
0.02393700131247266,0.6361880231809401
0.02393700131247266,0.6368319381841597
0.024020332909731046,0.6387636831938184
0.024061998708360243,0.6387636831938184
0.024061998708360243,0.639407598197038
0.024103664506989437,0.639407598197038
0.024145330305618634,0.639407598197038
0.02422866190287702,0.639407598197038
0.02422866190287702,0.6400515132002575
0.024291160600820816,0.6406954282034771
0.024291160600820816,0.6413393432066967
0.024332826399450013,0.6419832582099163
0.024374492198079207,0.6419832582099163
0.024374492198079207,0.6426271732131359
0.024395325097393804,0.6426271732131359
0.024395325097393804,0.6432710882163555
0.0244161579967084,0.6432710882163555
0.0244161579967084,0.6439150032195751
0.024582821191225183,0.6439150032195751
0.024582821191225183,0.6445589182227945
0.024624486989854377,0.6445589182227945
0.024749484385741965,0.6458467482292337
0.02479115018437116,0.6458467482292337
0.02479115018437116,0.6471345782356729
0.024832815983000356,0.6490663232453316
0.024853648882314953,0.6490663232453316
0.024895314680944147,0.6490663232453316
0.024895314680944147,0.6497102382485512
0.024916147580258743,0.6497102382485512
0.02502031207683173,0.6503541532517708
0.02506197787546093,0.6503541532517708
0.02506197787546093,0.6509980682549903
0.025103643674090122,0.6509980682549903
0.02514530947271932,0.6509980682549903
0.02520780817066311,0.6509980682549903
0.02520780817066311,0.6522858982614295
0.025228641069977707,0.6522858982614295
0.025228641069977707,0.652929813264649
0.025270306868606904,0.652929813264649
0.025353638465865296,0.652929813264649
0.02539530426449449,0.652929813264649
0.02539530426449449,0.6535737282678686
0.025499468761067477,0.6535737282678686
0.025541134559696674,0.6535737282678686
0.02558280035832587,0.6535737282678686
0.02558280035832587,0.6542176432710882
0.025603633257640465,0.6542176432710882
0.025603633257640465,0.6548615582743078
0.025624466156955062,0.6548615582743078
0.025645299056269662,0.6555054732775274
0.025645299056269662,0.656149388280747
0.025686964854898856,0.656149388280747
0.025770296452157247,0.656149388280747
0.025791129351471844,0.656149388280747
0.02585362804941564,0.6567933032839666
0.025895293848044832,0.6567933032839666
0.02591612674735943,0.6567933032839666
0.02599945834461782,0.6580811332904056
0.02599945834461782,0.6593689632968448
0.026103622841190808,0.6593689632968448
0.026103622841190808,0.660656793303284
0.026145288639820005,0.660656793303284
0.026145288639820005,0.6613007083065036
0.026207787337763796,0.6613007083065036
0.026207787337763796,0.6619446233097231
0.026228620237078393,0.6619446233097231
0.026249453136392993,0.6625885383129427
0.026249453136392993,0.6632324533161623
0.02627028603570759,0.6632324533161623
0.02627028603570759,0.6645202833226014
0.026291118935022187,0.6645202833226014
0.026291118935022187,0.665164198325821
0.02633278473365138,0.665164198325821
0.02641611633090977,0.665164198325821
0.02643694923022437,0.6664520283322601
0.02645778212953897,0.6664520283322601
0.026478615028853566,0.6670959433354797
0.02652028082748276,0.6670959433354797
0.02654111372679736,0.6677398583386993
0.02660361242474115,0.6677398583386993
0.026645278223370348,0.6677398583386993
0.026666111122684945,0.6683837733419189
0.02670777692131414,0.6683837733419189
0.026728609820628735,0.6690276883451385
0.026749442719943336,0.6690276883451385
0.02679110851857253,0.6690276883451385
0.026811941417887127,0.6690276883451385
0.026811941417887127,0.6696716033483581
0.026832774317201723,0.6709594333547971
0.026853607216516324,0.6716033483580167
0.02687444011583092,0.6716033483580167
0.026916105914460114,0.6728911783644559
0.02693693881377471,0.6728911783644559
0.02693693881377471,0.6735350933676755
0.02695777171308931,0.6735350933676755
0.027020270411033102,0.6735350933676755
0.027103602008291493,0.6741790083708951
0.02712443490760609,0.6741790083708951
0.027166100706235288,0.6741790083708951
0.02724943230349368,0.6741790083708951
0.027270265202808276,0.6748229233741146
0.02731193100143747,0.6748229233741146
0.027353596800066667,0.6748229233741146
0.027374429699381263,0.6748229233741146
0.027416095498010457,0.6748229233741146
0.027416095498010457,0.6754668383773342
0.027499427095268848,0.6761107533805538
0.027603591591841836,0.6761107533805538
0.027645257390471033,0.6761107533805538
0.02766609028978563,0.6767546683837733
0.02772858898772942,0.6767546683837733
0.02772858898772942,0.6773985833869929
0.027811920584987812,0.6773985833869929
0.02783275348430241,0.6773985833869929
0.02783275348430241,0.6780424983902125
0.0279160850815608,0.6780424983902125
0.02799941667881919,0.6780424983902125
0.02799941667881919,0.678686413393432
0.028061915376762985,0.678686413393432
0.028145246974021376,0.6799742433998712
0.028145246974021376,0.6806181584030908
0.028166079873335973,0.6806181584030908
0.028166079873335973,0.68190598840953
0.02818691277265057,0.683193818415969
0.028291077269223558,0.683193818415969
0.028311910168538155,0.6838377334191886
0.028311910168538155,0.6844816484224082
0.02833274306785275,0.6844816484224082
0.02833274306785275,0.6857694784288474
0.02833274306785275,0.686413393432067
0.028395241765796546,0.686413393432067
0.028478573363054937,0.686413393432067
0.028478573363054937,0.6870573084352866
0.028499406262369534,0.6870573084352866
0.02852023916168413,0.6877012234385061
0.02862440365825712,0.6877012234385061
0.028770233953459304,0.6877012234385061
0.028853565550717695,0.6877012234385061
0.028853565550717695,0.6883451384417257
0.02887439845003229,0.6889890534449453
0.02889523134934689,0.6889890534449453
0.028957730047290683,0.6902768834513844
0.02897856294660528,0.690920798454604
0.028999395845919877,0.690920798454604
0.028999395845919877,0.6915647134578236
0.02912439324180746,0.6915647134578236
0.02912439324180746,0.6922086284610431
0.02916605904043666,0.6922086284610431
0.02922855773838045,0.6928525434642627
0.02922855773838045,0.6934964584674823
0.029270223537009647,0.6934964584674823
0.029291056436324243,0.6941403734707019
0.029353555134268038,0.6941403734707019
0.029436886731526425,0.6941403734707019
0.029478552530155622,0.6941403734707019
0.029561884127414013,0.6941403734707019
0.029624382825357804,0.6954282034771411
0.0296868815233016,0.6954282034771411
0.02991604341576217,0.6960721184803605
0.02991604341576217,0.6967160334835801
0.029936876315076768,0.6967160334835801
0.02995770921439137,0.6973599484867997
0.030082706610278953,0.6973599484867997
0.030124372408908147,0.6973599484867997
0.030207704006166538,0.6973599484867997
0.030207704006166538,0.6980038634900193
0.0305410303952001,0.6980038634900193
0.030582696193829296,0.6980038634900193
0.030603529093143893,0.6980038634900193
0.030686860690402284,0.6980038634900193
0.03070769358971688,0.6980038634900193
0.03070769358971688,0.6986477784932389
0.03079102518697527,0.6986477784932389
0.03079102518697527,0.6999356084996781
0.03081185808628987,0.6999356084996781
0.030853523884919066,0.7005795235028976
0.030916022582862857,0.7005795235028976
0.030999354180121248,0.7005795235028976
0.031020187079435844,0.7005795235028976
0.03108268577737964,0.7005795235028976
0.031103518676694236,0.7005795235028976
0.031103518676694236,0.7012234385061172
0.031124351576008832,0.7012234385061172
0.031124351576008832,0.7018673535093368
0.031249348971896417,0.7018673535093368
0.031270181871211014,0.7018673535093368
0.031311847669840215,0.7018673535093368
0.031311847669840215,0.7031551835157759
0.0314160121664132,0.7031551835157759
0.0314160121664132,0.7037990985189955
0.0314576779650424,0.7037990985189955
0.031541009562300784,0.7044430135222151
0.03164517405887377,0.7044430135222151
0.031686839857502966,0.7044430135222151
0.03172850565613217,0.7044430135222151
0.03172850565613217,0.7050869285254346
0.03177017145476136,0.7050869285254346
0.031811837253390554,0.7050869285254346
0.03193683464927814,0.7050869285254346
0.03193683464927814,0.7057308435286542
0.031978500447907336,0.7057308435286542
0.031978500447907336,0.7063747585318738
0.03204099914585113,0.7063747585318738
0.032082664944480324,0.7063747585318738
0.03210349784379492,0.7063747585318738
0.03210349784379492,0.7070186735350934
0.03214516364242412,0.7070186735350934
0.03216599654173871,0.707662588538313
0.03216599654173871,0.708950418544752
0.03220766234036791,0.708950418544752
0.0322701610383117,0.708950418544752
0.032353492635570094,0.7095943335479716
0.03237432553488469,0.7095943335479716
0.03241599133351389,0.7095943335479716
0.03258265452803066,0.7095943335479716
0.032624320326659864,0.7095943335479716
0.03264515322597446,0.7095943335479716
0.03266598612528906,0.7102382485511912
0.03272848482323285,0.7102382485511912
0.03272848482323285,0.7115260785576304
0.03281181642049124,0.71216999356085
0.03285348221912043,0.71216999356085
0.03285348221912043,0.7128139085640696
0.032874315118435034,0.7128139085640696
0.03293681381637883,0.7128139085640696
0.03297847961500802,0.7128139085640696
0.03297847961500802,0.7141017385705087
0.033020145413637216,0.7141017385705087
0.03306181121226641,0.7141017385705087
0.03308264411158101,0.7141017385705087
0.03308264411158101,0.7153895685769478
0.0331034770108956,0.7153895685769478
0.033145142809524804,0.7153895685769478
0.0331659757088394,0.7160334835801674
0.0331659757088394,0.716677398583387
0.033186808608154,0.7173213135866066
0.033270140205412385,0.7173213135866066
0.033270140205412385,0.7186091435930457
0.033290973104726986,0.7186091435930457
0.033290973104726986,0.7192530585962653
0.03337430470198537,0.7192530585962653
0.03337430470198537,0.7198969735994849
0.03349930209787296,0.7198969735994849
0.03358263369513135,0.7198969735994849
0.03362429949376055,0.7205408886027045
0.03368679819170434,0.7205408886027045
0.03370763109101894,0.721184803605924
0.03372846399033354,0.721184803605924
0.03377012978896273,0.721184803605924
0.033790962688277325,0.721184803605924
0.033832628486906526,0.7224726336123631
0.033832628486906526,0.7237604636188023
0.03395762588279411,0.7237604636188023
0.03395762588279411,0.7244043786220219
0.0339992916814233,0.7244043786220219
0.0339992916814233,0.7250482936252415
0.0340201245807379,0.7256922086284611
0.0340201245807379,0.7263361236316807
0.034061790379367095,0.7263361236316807
0.034082623278681695,0.7269800386349002
0.03412428907731089,0.7269800386349002
0.03416595487594008,0.7269800386349002
0.03418678777525468,0.7276239536381197
0.03418678777525468,0.7282678686413393
0.034207620674569277,0.7282678686413393
0.03424928647319848,0.7282678686413393
0.03429095227182767,0.7282678686413393
0.034311785171142264,0.7289117836445589
0.03437428386908606,0.7289117836445589
0.03441594966771526,0.7295556986477785
0.03441594966771526,0.7301996136509981
0.034478448365659047,0.7301996136509981
0.03454094706360284,0.7301996136509981
0.034582612862232034,0.7314874436574372
0.034624278660861235,0.7314874436574372
0.03464511156017583,0.7321313586606568
0.03468677735880502,0.7321313586606568
0.03470761025811962,0.7321313586606568
0.03474927605674882,0.7321313586606568
0.034853440553321804,0.7321313586606568
0.034853440553321804,0.7327752736638764
0.034874273452636405,0.7327752736638764
0.03504093664715319,0.7327752736638764
0.03504093664715319,0.733419188667096
0.03506176954646778,0.733419188667096
0.03518676694235537,0.733419188667096
0.03520759984166996,0.733419188667096
0.035270098539613756,0.733419188667096
0.03529093143892836,0.733419188667096
0.03529093143892836,0.7340631036703155
0.03533259723755755,0.7340631036703155
0.035374263036186744,0.7340631036703155
0.035374263036186744,0.734707018673535
0.035395095935501344,0.734707018673535
0.03545759463344514,0.734707018673535
0.03552009333138893,0.734707018673535
0.03556175913001813,0.734707018673535
0.03558259202933272,0.734707018673535
0.03562425782796192,0.734707018673535
0.035645090727276514,0.734707018673535
0.03568675652590571,0.734707018673535
0.03568675652590571,0.7359948486799742
0.03572842232453491,0.7359948486799742
0.035811753921793296,0.7359948486799742
0.03585341972042249,0.7359948486799742
0.03585341972042249,0.7366387636831938
0.035936751317680884,0.7366387636831938
0.035936751317680884,0.7372826786864134
0.03595758421699548,0.7372826786864134
0.03597841711631008,0.737926593689633
0.03599925001562467,0.737926593689633
0.03599925001562467,0.7385705086928526
0.03602008291493927,0.7385705086928526
0.03602008291493927,0.7392144236960722
0.03604091581425387,0.7392144236960722
0.03604091581425387,0.7405022537025112
0.036061748713568466,0.7405022537025112
0.03610341451219766,0.7405022537025112
0.03610341451219766,0.7411461687057308
0.03612424741151226,0.7411461687057308
0.03612424741151226,0.7417900837089504
0.036165913210141454,0.7417900837089504
0.03620757900877065,0.7430779137153896
0.03624924480739985,0.7430779137153896
0.03624924480739985,0.7437218287186091
0.036311743505343635,0.7437218287186091
0.036332576404658236,0.7443657437218287
0.03639507510260203,0.7443657437218287
0.036457573800545824,0.7443657437218287
0.036603404095748006,0.7443657437218287
0.0366450698943772,0.7443657437218287
0.036707568592320994,0.7443657437218287
0.03674923439095019,0.7443657437218287
0.03681173308889398,0.7443657437218287
0.03683256598820858,0.7450096587250483
0.036874231786837776,0.7450096587250483
0.03695756338409616,0.7450096587250483
0.03695756338409616,0.7456535737282679
0.03716589237724214,0.7456535737282679
0.03716589237724214,0.7462974887314875
0.03727005687381513,0.7462974887314875
0.03731172267244432,0.7462974887314875
0.03733255557175892,0.7462974887314875
0.03735338847107352,0.746941403734707
0.037374221370388115,0.746941403734707
0.03741588716901731,0.746941403734707
0.03745755296764651,0.746941403734707
0.0374992187662757,0.746941403734707
0.0375200516655903,0.746941403734707
0.0375617174642195,0.746941403734707
0.03758255036353409,0.746941403734707
0.03758255036353409,0.7482292337411461
0.03760338326284869,0.7482292337411461
0.03774921355805087,0.7482292337411461
0.03785337805462386,0.7482292337411461
0.03785337805462386,0.7488731487443657
0.03787421095393846,0.7488731487443657
0.03787421095393846,0.7495170637475853
0.037915876752567655,0.7495170637475853
0.03799920834982604,0.7495170637475853
0.03802004124914064,0.7495170637475853
0.03802004124914064,0.7501609787508049
0.03804087414845524,0.7501609787508049
0.03812420574571363,0.7501609787508049
0.03814503864502823,0.7501609787508049
0.03814503864502823,0.7508048937540245
0.03822837024228662,0.7514488087572441
0.03824920314160122,0.7514488087572441
0.03824920314160122,0.7520927237604637
0.03827003604091581,0.7527366387636832
0.03827003604091581,0.7533805537669027
0.0383742005374888,0.7533805537669027
0.0383742005374888,0.7540244687701223
0.0383950334368034,0.7540244687701223
0.038457532134747195,0.7540244687701223
0.03847836503406179,0.7540244687701223
0.03854086373200558,0.7540244687701223
0.03862419532926397,0.7540244687701223
0.038728359825836965,0.7540244687701223
0.03877002562446616,0.7540244687701223
0.03877002562446616,0.7546683837733419
0.03881169142309535,0.7546683837733419
0.03883252432240995,0.7546683837733419
0.03889502302035374,0.7546683837733419
0.03893668881898294,0.7546683837733419
0.03899918751692673,0.7546683837733419
0.03904085331555593,0.7546683837733419
0.03908251911418512,0.7546683837733419
0.03912418491281432,0.7546683837733419
0.03916585071144351,0.7546683837733419
0.03916585071144351,0.7553122987765615
0.039249182308701905,0.7553122987765615
0.0392908481073311,0.7553122987765615
0.03931168100664569,0.7553122987765615
0.03931168100664569,0.7559562137797811
0.03935334680527489,0.7559562137797811
0.03935334680527489,0.7566001287830006
0.039374179704589486,0.7572440437862202
0.039499177100477074,0.7572440437862202
0.039499177100477074,0.7578879587894398
0.03956167579842087,0.7578879587894398
0.039624174496364656,0.7578879587894398
0.03970750609362305,0.7578879587894398
0.03970750609362305,0.7585318737926594
0.039770004791566844,0.759175788795879
0.03993666798608363,0.759175788795879
0.03997833378471282,0.760463618802318
0.039999166684027414,0.760463618802318
0.039999166684027414,0.7611075338055376
0.040040832482656614,0.7611075338055376
0.040040832482656614,0.7617514488087572
0.04006166538197121,0.7617514488087572
0.04006166538197121,0.7623953638119768
0.040165829878544196,0.7623953638119768
0.04020749567717339,0.7630392788151964
0.04020749567717339,0.763683193818416
0.04022832857648799,0.763683193818416
0.040290827274431784,0.763683193818416
0.040415824670319365,0.763683193818416
0.040415824670319365,0.7643271088216356
0.040457490468948566,0.7643271088216356
0.04049915626757776,0.7643271088216356
0.04049915626757776,0.7649710238248552
0.040540822066206954,0.7656149388280747
0.04064498656277994,0.7656149388280747
0.04091581425386971,0.7656149388280747
0.04091581425386971,0.7662588538312942
0.040957480052498905,0.7662588538312942
0.040957480052498905,0.7669027688345138
0.0410199787504427,0.7669027688345138
0.04110331034770109,0.7669027688345138
0.04116580904564488,0.7669027688345138
0.041207474844274075,0.7669027688345138
0.041249140642903276,0.7669027688345138
0.04126997354221787,0.7669027688345138
0.04131163934084706,0.7669027688345138
0.04133247224016166,0.7669027688345138
0.041353305139476264,0.7675466838377334
0.04139497093810546,0.7675466838377334
0.04139497093810546,0.768190598840953
0.04145746963604925,0.768190598840953
0.04145746963604925,0.7688345138441726
0.04156163413262224,0.7688345138441726
0.04156163413262224,0.7694784288473921
0.04160329993125143,0.7694784288473921
0.04170746442782442,0.7694784288473921
0.041749130226453615,0.7694784288473921
0.0418741276223412,0.7694784288473921
0.04193662632028499,0.7701223438506117
0.042040790816857986,0.7701223438506117
0.04210328951480177,0.7701223438506117
0.04212412241411637,0.7707662588538313
0.04218662111206017,0.7707662588538313
0.04220745401137476,0.7714101738570509
0.04220745401137476,0.7720540888602705
0.042290785608633155,0.7720540888602705
0.042290785608633155,0.77269800386349
0.04237411720589154,0.77269800386349
0.04239495010520614,0.7733419188667096
0.04245744880314994,0.7733419188667096
0.04245744880314994,0.7739858338699291
0.042519947501093724,0.7739858338699291
0.04258244619903752,0.7739858338699291
0.042686610695610507,0.7739858338699291
0.0427699422928689,0.7739858338699291
0.04289493968875648,0.7739858338699291
0.04289493968875648,0.7746297488731487
0.043040769983958664,0.7746297488731487
0.04318660027916085,0.7746297488731487
0.04326993187641924,0.7746297488731487
0.043332430574363034,0.7746297488731487
0.043353263473677635,0.7752736638763683
0.04337409637299223,0.7752736638763683
0.04341576217162142,0.7752736638763683
0.04343659507093602,0.7752736638763683
0.04345742797025062,0.7759175788795879
0.04356159246682361,0.7759175788795879
0.04356159246682361,0.7765614938828075
0.043603258265452804,0.7765614938828075
0.04370742276202579,0.7765614938828075
0.04370742276202579,0.7772054088860271
0.04389491885585717,0.7772054088860271
0.04389491885585717,0.7778493238892467
0.04393658465448636,0.7778493238892467
0.04393658465448636,0.7784932388924662
0.04395741755380096,0.7784932388924662
0.043999083352430156,0.7784932388924662
0.044019916251744756,0.7784932388924662
0.04406158205037395,0.7784932388924662
0.044103247849003144,0.7784932388924662
0.04418657944626154,0.7784932388924662
0.04420741234557613,0.7784932388924662
0.04420741234557613,0.7791371538956857
0.044269911043519926,0.7791371538956857
0.04431157684214912,0.7791371538956857
0.04433240974146372,0.7797810688989053
0.04443657423803671,0.7797810688989053
0.04445740713735131,0.7804249839021249
0.04445740713735131,0.7810688989053445
0.0444782400366659,0.7810688989053445
0.0444990729359805,0.7817128139085641
0.044540738734609696,0.7817128139085641
0.04460323743255349,0.7817128139085641
0.04468656902981188,0.7817128139085641
0.04472823482844107,0.7817128139085641
0.044790733526384865,0.7817128139085641
0.044790733526384865,0.7823567289117836
0.044811566425699466,0.7823567289117836
0.044811566425699466,0.7830006439150032
0.04483239932501406,0.7836445589182228
0.04483239932501406,0.7842884739214424
0.04493656382158705,0.7842884739214424
0.04493656382158705,0.784932388924662
0.04495739672090165,0.784932388924662
0.04499906251953084,0.7855763039278815
0.04510322701610383,0.7855763039278815
0.04510322701610383,0.7862202189311011
0.04514489281473302,0.7862202189311011
0.04516572571404762,0.7868641339343206
0.04520739151267682,0.7868641339343206
0.045332388908564406,0.7868641339343206
0.0453948876065082,0.7868641339343206
0.0453948876065082,0.7875080489375402
0.04541572050582279,0.7875080489375402
0.04543655340513739,0.7881519639407598
0.04547821920376659,0.7881519639407598
0.04556155080102498,0.7881519639407598
0.045603216599654176,0.7881519639407598
0.04568654819691256,0.7881519639407598
0.04570738109622716,0.789439793947199
0.04576987979417096,0.789439793947199
0.045832378492114745,0.789439793947199
0.04593654298868773,0.789439793947199
0.04595737588800233,0.7900837089504186
0.04597820878731693,0.7900837089504186
0.04601987458594613,0.7900837089504186
0.04608237328388992,0.7900837089504186
0.046124039082519115,0.7900837089504186
0.0462907022770359,0.7900837089504186
0.04633236807566509,0.7900837089504186
0.04641569967292348,0.7900837089504186
0.04641569967292348,0.7907276239536382
0.04647819837086727,0.7907276239536382
0.046519864169496467,0.7907276239536382
0.046644861565384055,0.7907276239536382
0.04670736026332785,0.7907276239536382
0.04670736026332785,0.7913715389568577
0.04676985896127164,0.7913715389568577
0.04683235765921543,0.7913715389568577
0.04687402345784463,0.7913715389568577
0.04687402345784463,0.7920154539600772
0.046915689256473825,0.7920154539600772
0.046915689256473825,0.7926593689632968
0.04697818795441762,0.7926593689632968
0.04699902085373221,0.7933032839665164
0.04708235245099061,0.7933032839665164
0.0471240182496198,0.7933032839665164
0.04722818274619279,0.7933032839665164
0.04729068144413658,0.7933032839665164
0.04737401304139497,0.7933032839665164
0.047457344638653365,0.7933032839665164
0.04749901043728256,0.7933032839665164
0.047686506531113934,0.7933032839665164
0.04772817232974313,0.7933032839665164
0.04774900522905773,0.7933032839665164
0.047853169725630716,0.7933032839665164
0.04787400262494532,0.7933032839665164
0.04791566842357451,0.7933032839665164
0.0480198329201475,0.7933032839665164
0.04808233161809129,0.7933032839665164
0.048103164517405886,0.7933032839665164
0.048103164517405886,0.793947198969736
0.04814483031603508,0.793947198969736
0.048353159309181055,0.793947198969736
0.048353159309181055,0.7952350289761752
0.048353159309181055,0.7958789439793947
0.048373992208495656,0.7958789439793947
0.04841565800712485,0.7958789439793947
0.04841565800712485,0.7965228589826143
0.04854065540301244,0.7965228589826143
0.04858232120164163,0.7965228589826143
0.048623987000270825,0.7965228589826143
0.048623987000270825,0.7971667739858339
0.04868648569821462,0.7971667739858339
0.04868648569821462,0.7978106889890535
0.0488531488927314,0.7978106889890535
0.0488531488927314,0.798454603992273
0.04897814628861899,0.798454603992273
0.04897814628861899,0.7990985189954926
0.049019812087248184,0.7990985189954926
0.04906147788587738,0.7990985189954926
0.04912397658382117,0.7990985189954926
0.049186475281764966,0.7990985189954926
0.04922814108039416,0.7997424339987121
0.04924897397970875,0.7997424339987121
0.04933230557696715,0.7997424339987121
0.04935313847628174,0.7997424339987121
0.04945730297285473,0.7997424339987121
0.04949896877148393,0.7997424339987121
0.04958230036874232,0.7997424339987121
0.049707297764629906,0.7997424339987121
0.0497489635632591,0.7997424339987121
0.0497697964625737,0.7997424339987121
0.0497697964625737,0.8003863490019317
0.04981146226120289,0.8003863490019317
0.04985312805983209,0.8003863490019317
0.049936459657090475,0.8003863490019317
0.049936459657090475,0.8010302640051513
0.05010312285160726,0.8010302640051513
0.05010312285160726,0.8016741790083709
0.05016562154955105,0.8016741790083709
0.050207287348180245,0.8016741790083709
0.050228120247494845,0.8016741790083709
0.05026978604612404,0.8016741790083709
0.05029061894543864,0.8016741790083709
0.05029061894543864,0.8023180940115905
0.0505614466365284,0.8023180940115905
0.050582279535843,0.8029620090148101
0.0506031124351576,0.8029620090148101
0.05068644403241599,0.8029620090148101
0.050748942730359785,0.8029620090148101
0.05083227432761817,0.8029620090148101
0.05085310722693277,0.8029620090148101
0.05087394012624737,0.8036059240180297
0.050894773025561967,0.8036059240180297
0.05097810462282036,0.8036059240180297
0.050998937522134954,0.8036059240180297
0.050998937522134954,0.8042498390212492
0.051019770421449555,0.8042498390212492
0.05110310201870794,0.8042498390212492
0.05110310201870794,0.8055376690276883
0.05112393491802254,0.8055376690276883
0.051144767817337136,0.8061815840309079
0.05116560071665174,0.8061815840309079
0.05118643361596634,0.8068254990341275
0.05122809941459553,0.8068254990341275
0.051248932313910124,0.8074694140373471
0.05131143101185392,0.8074694140373471
0.05135309681048311,0.8074694140373471
0.05137392970979771,0.8074694140373471
0.05137392970979771,0.8081133290405667
0.05139476260911231,0.8087572440437862
0.05143642840774151,0.8087572440437862
0.0514572613070561,0.8094011590470058
0.051519760004999894,0.8094011590470058
0.051519760004999894,0.8100450740502254
0.05160309160225829,0.8100450740502254
0.05160309160225829,0.810688989053445
0.05164475740088748,0.810688989053445
0.051665590300202076,0.810688989053445
0.051686423199516676,0.8113329040566645
0.051769754796775064,0.8113329040566645
0.05185308639403346,0.8113329040566645
0.05189475219266265,0.8113329040566645
0.05189475219266265,0.8119768190598841
0.051936417991291846,0.8119768190598841
0.051957250890606446,0.8126207340631036
0.051957250890606446,0.8132646490663232
0.05197808378992105,0.8132646490663232
0.05197808378992105,0.815196394075982
0.05199891668923564,0.815196394075982
0.052040582487864834,0.815196394075982
0.05212391408512323,0.815196394075982
0.05216557988375242,0.815196394075982
0.0523739088768984,0.815196394075982
0.05241557467552759,0.815196394075982
0.05256140497072977,0.815196394075982
0.052603070769358974,0.815196394075982
0.052603070769358974,0.8158403090792016
0.05262390366867357,0.8158403090792016
0.05264473656798817,0.8164842240824212
0.05270723526593196,0.8164842240824212
0.05270723526593196,0.8177720540888602
0.05281139976250495,0.8177720540888602
0.05289473135976334,0.8177720540888602
0.05291556425907794,0.8177720540888602
0.05295723005770713,0.8177720540888602
0.05304056165496552,0.8177720540888602
0.05306139455428012,0.8184159690920798
0.05316555905085311,0.8184159690920798
0.0532072248494823,0.8184159690920798
0.053269723547426096,0.8184159690920798
0.05349888543988667,0.8184159690920798
0.053540551238515866,0.8184159690920798
0.053540551238515866,0.8190598840952994
0.05374888023166184,0.8190598840952994
0.05374888023166184,0.819703799098519
0.053769713130976435,0.8203477141017386
0.05391554342617862,0.8203477141017386
0.054061373721380805,0.8216355441081777
0.05418637111726839,0.8216355441081777
0.05422803691589759,0.8222794591113973
0.05422803691589759,0.8229233741146169
0.05424886981521218,0.8229233741146169
0.05424886981521218,0.8235672891178365
0.05435303431178517,0.8235672891178365
0.05439470011041437,0.8235672891178365
0.054457198808358157,0.8235672891178365
0.054457198808358157,0.8248551191242756
0.05449886460698736,0.8248551191242756
0.05454053040561655,0.8248551191242756
0.054603029103560345,0.8248551191242756
0.05462386200287494,0.8248551191242756
0.05462386200287494,0.8254990341274951
0.05470719360013333,0.8254990341274951
0.05470719360013333,0.8261429491307147
0.05474885939876253,0.8261429491307147
0.05479052519739172,0.8261429491307147
0.054832190996020914,0.8261429491307147
0.054832190996020914,0.8267868641339343
0.054853023895335515,0.8267868641339343
0.0549363554925939,0.8267868641339343
0.0549571883919085,0.8267868641339343
0.054998854190537697,0.8267868641339343
0.05508218578779609,0.8267868641339343
0.05518635028436908,0.8267868641339343
0.055373846378200454,0.8267868641339343
0.05541551217682965,0.8267868641339343
0.05543634507614425,0.8267868641339343
0.05547801087477344,0.8267868641339343
0.05554050957271724,0.8267868641339343
0.05558217537134643,0.8267868641339343
0.055644674069290224,0.8267868641339343
0.05568633986791942,0.8267868641339343
0.055894668861065394,0.8267868641339343
0.05593633465969459,0.8267868641339343
0.05595716755900919,0.8267868641339343
0.05595716755900919,0.8274307791371539
0.05599883335763838,0.8274307791371539
0.05601966625695298,0.8280746941403735
0.05608216495489677,0.8280746941403735
0.05654048873981792,0.8280746941403735
0.056582154538447116,0.8280746941403735
0.056602987437761716,0.8280746941403735
0.056602987437761716,0.8287186091435931
0.0567279848336493,0.8287186091435931
0.0567488177329639,0.8293625241468127
0.05676965063227849,0.8293625241468127
0.05676965063227849,0.8300064391500322
0.05679048353159309,0.8300064391500322
0.05681131643090769,0.8306503541532517
0.05697797962542447,0.8306503541532517
0.05701964542405367,0.8306503541532517
0.05701964542405367,0.8325820991629105
0.05706131122268286,0.8325820991629105
0.05706131122268286,0.8332260141661301
0.057123809920626656,0.8332260141661301
0.05718630861857044,0.8332260141661301
0.05731130601445803,0.8332260141661301
0.057394637611716426,0.8332260141661301
0.05741547051103102,0.8332260141661301
0.05745713630966021,0.8332260141661301
0.05745713630966021,0.8338699291693497
0.057498802108289414,0.8338699291693497
0.05754046790691861,0.8338699291693497
0.0575821337055478,0.8338699291693497
0.0576029666048624,0.8338699291693497
0.05766546530280619,0.8338699291693497
0.05776962979937918,0.8338699291693497
0.05783212849732297,0.8338699291693497
0.05785296139663757,0.8345138441725692
0.05785296139663757,0.8351577591757888
0.057873794295952165,0.8351577591757888
0.057873794295952165,0.8358016741790084
0.05812378908772734,0.8358016741790084
0.05812378908772734,0.836445589182228
0.058165454886356535,0.836445589182228
0.058165454886356535,0.8370895041854475
0.05818628778567113,0.8370895041854475
0.05820712068498573,0.8377334191886671
0.05826961938292952,0.8377334191886671
0.05831128518155872,0.8377334191886671
0.05839461677881711,0.8377334191886671
0.05839461677881711,0.8383773341918866
0.0584779483760755,0.8383773341918866
0.05851961417470469,0.8383773341918866
0.05858211287264849,0.8383773341918866
0.058665444469906874,0.8383773341918866
0.058665444469906874,0.8390212491951062
0.058686277369221475,0.8396651641983258
0.05885294056373826,0.8396651641983258
0.058936272160996644,0.8396651641983258
0.05904043665756963,0.8396651641983258
0.059082102456198826,0.8396651641983258
0.05914460115414262,0.8396651641983258
0.059207099852086414,0.8396651641983258
0.059207099852086414,0.8403090792015454
0.0592904314493448,0.8403090792015454
0.0593112643486594,0.8403090792015454
0.059352930147288596,0.840952994204765
0.05939459594591779,0.840952994204765
0.05939459594591779,0.8415969092079846
0.059457094643861584,0.8415969092079846
0.05956125914043457,0.8415969092079846
0.05968625653632216,0.8415969092079846
0.059748755234265954,0.8415969092079846
0.05979042103289515,0.8415969092079846
0.05981125393220975,0.8415969092079846
0.05981125393220975,0.8422408242112042
0.059873752630153536,0.8422408242112042
0.059998750026041124,0.8422408242112042
0.060019582925355724,0.8422408242112042
0.060019582925355724,0.8428847392144238
0.06010291452261411,0.8428847392144238
0.060144580321243306,0.8428847392144238
0.060248744817816294,0.8428847392144238
0.06029041061644549,0.8428847392144238
0.06031124351576009,0.8428847392144238
0.06033207641507469,0.8435286542176432
0.06037374221370388,0.8435286542176432
0.060415408012333076,0.8435286542176432
0.06047790671027687,0.8435286542176432
0.060519572508906064,0.8435286542176432
0.060540405408220664,0.8441725692208628
0.06058207120684986,0.8441725692208628
0.06062373700547905,0.8441725692208628
0.06076956730068123,0.8441725692208628
0.060811233099310434,0.8441725692208628
0.06097789629382721,0.8441725692208628
0.06101956209245641,0.8441725692208628
0.061040394991771,0.8441725692208628
0.061040394991771,0.8448164842240824
0.0611237265890294,0.8448164842240824
0.06114455948834399,0.8448164842240824
0.061186225286973185,0.8448164842240824
0.06126955688423158,0.8448164842240824
0.06131122268286077,0.8448164842240824
0.061477885877377556,0.8448164842240824
0.061477885877377556,0.845460399227302
0.06156121747463594,0.845460399227302
0.06156121747463594,0.8461043142305216
0.06160288327326514,0.8461043142305216
0.06160288327326514,0.8467482292337412
0.06164454907189434,0.8467482292337412
0.06168621487052353,0.8467482292337412
0.06179037936709652,0.8467482292337412
0.06183204516572571,0.8467482292337412
0.06189454386366951,0.8467482292337412
0.0619362096622987,0.8467482292337412
0.061998708360242495,0.8467482292337412
0.06204037415887169,0.8467482292337412
0.06212370575613008,0.8467482292337412
0.06212370575613008,0.8473921442369607
0.06214453865544468,0.8473921442369607
0.062248703152017665,0.8473921442369607
0.062269536051332265,0.8473921442369607
0.06231120184996146,0.8473921442369607
0.06233203474927606,0.8480360592401803
0.06235286764859065,0.8480360592401803
0.06241536634653445,0.8480360592401803
0.06251953084310743,0.8480360592401803
0.06256119664173664,0.8480360592401803
0.06264452823899502,0.8480360592401803
0.06264452823899502,0.8493238892466195
0.06266536113830962,0.8493238892466195
0.06270702693693882,0.8493238892466195
0.06272785983625341,0.8493238892466195
0.06272785983625341,0.849967804249839
0.06289452303077019,0.849967804249839
0.06295702172871398,0.849967804249839
0.06299868752734318,0.849967804249839
0.06306118622528697,0.849967804249839
0.06310285202391616,0.849967804249839
0.06316535072185996,0.849967804249839
0.06320701652048916,0.849967804249839
0.06351951001020813,0.849967804249839
0.06358200870815191,0.849967804249839
0.06362367450678111,0.849967804249839
0.0636861732047249,0.8506117192530586
0.0637486719026687,0.8506117192530586
0.0637486719026687,0.8512556342562781
0.06376950480198329,0.8512556342562781
0.06383200349992708,0.8512556342562781
0.06387366929855628,0.8512556342562781
0.06397783379512927,0.8512556342562781
0.06410283119101685,0.8512556342562781
0.06418616278827524,0.8512556342562781
0.06422782858690444,0.8512556342562781
0.06426949438553363,0.8518995492594977
0.06429032728484824,0.8518995492594977
0.06433199308347742,0.8518995492594977
0.06441532468073582,0.8518995492594977
0.06493614716360076,0.8518995492594977
0.06495698006291535,0.8518995492594977
0.06499864586154455,0.8518995492594977
0.06501947876085915,0.8518995492594977
0.06508197745880294,0.8518995492594977
0.06510281035811753,0.8518995492594977
0.06510281035811753,0.8525434642627173
0.06535280514989271,0.8525434642627173
0.06535280514989271,0.8531873792659369
0.06564446574029707,0.8531873792659369
0.06568613153892627,0.8531873792659369
0.06572779733755547,0.8531873792659369
0.06581112893481386,0.8531873792659369
0.06587362763275766,0.8531873792659369
0.06595695923001604,0.8531873792659369
0.06606112372658902,0.8531873792659369
0.066373617216308,0.8531873792659369
0.06641528301493718,0.8531873792659369
0.06647778171288098,0.8531873792659369
0.06656111331013938,0.8538312942691565
0.06668611070602695,0.8538312942691565
0.06693610549780213,0.8538312942691565
0.06695693839711672,0.8538312942691565
0.06695693839711672,0.8544752092723761
0.06699860419574592,0.8544752092723761
0.06704026999437512,0.8544752092723761
0.0672069331888919,0.8544752092723761
0.06729026478615029,0.8544752092723761
0.06731109768546488,0.8544752092723761
0.06735276348409408,0.8544752092723761
0.06747776087998167,0.8544752092723761
0.06747776087998167,0.8551191242755957
0.06756109247724006,0.8551191242755957
0.06764442407449844,0.8551191242755957
0.06774858857107144,0.8551191242755957
0.06783192016832983,0.8551191242755957
0.06791525176558821,0.8551191242755957
0.06797775046353201,0.8551191242755957
0.0679985833628466,0.8551191242755957
0.0680402491614758,0.8551191242755957
0.06812358075873419,0.8551191242755957
0.06812358075873419,0.8557630392788153
0.06816524655736339,0.8557630392788153
0.06816524655736339,0.8564069542820347
0.06818607945667798,0.8564069542820347
0.06826941105393637,0.8570508692852543
0.06839440844982396,0.8570508692852543
0.06856107164434075,0.8570508692852543
0.06862357034228453,0.8570508692852543
0.06872773483885752,0.8570508692852543
0.0688943980333743,0.8570508692852543
0.06895689673131809,0.8570508692852543
0.0689777296306327,0.8570508692852543
0.06901939542926189,0.8576947842884739
0.06910272702652027,0.8576947842884739
0.06914439282514948,0.8576947842884739
0.06918605862377868,0.8576947842884739
0.06922772442240786,0.8576947842884739
0.06931105601966625,0.8576947842884739
0.06951938501281223,0.8583386992916935
0.06954021791212683,0.8583386992916935
0.06958188371075602,0.8583386992916935
0.06960271661007063,0.8589826142949131
0.06964438240869981,0.8589826142949131
0.0697277140059582,0.8589826142949131
0.0698110456032166,0.8589826142949131
0.0698735443011604,0.8589826142949131
0.06989437720047499,0.8589826142949131
0.06993604299910419,0.8589826142949131
0.06997770879773338,0.8589826142949131
0.06997770879773338,0.8596265292981327
0.07006104039499177,0.8596265292981327
0.07006104039499177,0.8602704443013522
0.07018603779087935,0.8602704443013522
0.07018603779087935,0.8609143593045718
0.07033186808608154,0.8609143593045718
0.07037353388471074,0.8609143593045718
0.07041519968333992,0.8609143593045718
0.07054019707922751,0.8609143593045718
0.0706235286764859,0.8609143593045718
0.07081102477031728,0.8609143593045718
0.07091518926689028,0.8609143593045718
0.07097768796483407,0.8609143593045718
0.07101935376346326,0.8609143593045718
0.07106101956209246,0.8615582743077914
0.07110268536072165,0.8615582743077914
0.07120684985729464,0.8615582743077914
0.07122768275660923,0.8615582743077914
0.07126934855523843,0.8615582743077914
0.07133184725318223,0.8615582743077914
0.07137351305181142,0.8615582743077914
0.07141517885044062,0.8615582743077914
0.07145684464906982,0.8615582743077914
0.071498510447699,0.8615582743077914
0.0715401762463282,0.8615582743077914
0.07176933813878877,0.8615582743077914
0.07181100393741797,0.8615582743077914
0.07183183683673257,0.8615582743077914
0.07187350263536177,0.8615582743077914
0.07199850003124934,0.8615582743077914
0.07206099872919314,0.8615582743077914
0.07212349742713693,0.8615582743077914
0.07218599612508073,0.8615582743077914
0.07226932772233911,0.8615582743077914
0.07235265931959751,0.8622021893110109
0.07258182121205808,0.8622021893110109
0.07279015020520406,0.8628461043142305
0.07281098310451865,0.8628461043142305
0.07281098310451865,0.8634900193174501
0.07295681339972084,0.8634900193174501
0.07299847919835004,0.8634900193174501
0.07314430949355222,0.8634900193174501
0.07318597529218142,0.8634900193174501
0.07324847399012521,0.8634900193174501
0.0732901397887544,0.8634900193174501
0.07331097268806899,0.8634900193174501
0.0733526384866982,0.8634900193174501
0.0733943042853274,0.8634900193174501
0.07356096747984417,0.8634900193174501
0.07358180037915876,0.8634900193174501
0.07362346617778796,0.8634900193174501
0.07362346617778796,0.8641339343206696
0.07368596487573176,0.8641339343206696
0.07372763067436094,0.8641339343206696
0.07372763067436094,0.8647778493238892
0.07381096227161935,0.8647778493238892
0.07381096227161935,0.8654217643271088
0.07395679256682153,0.8654217643271088
0.0741442886606529,0.8654217643271088
0.0741859544592821,0.8654217643271088
0.07437345055311348,0.8654217643271088
0.07441511635174267,0.8654217643271088
0.07445678215037187,0.8654217643271088
0.07449844794900107,0.8654217643271088
0.07466511114351784,0.8654217643271088
0.07466511114351784,0.8660656793303284
0.07472760984146164,0.8660656793303284
0.07476927564009084,0.8660656793303284
0.07483177433803462,0.8660656793303284
0.07487344013666382,0.8660656793303284
0.075019270431866,0.8660656793303284
0.075019270431866,0.866709594333548
0.0750817691298098,0.866709594333548
0.075123434928439,0.866709594333548
0.07516510072706818,0.866709594333548
0.07526926522364118,0.866709594333548
0.07533176392158497,0.866709594333548
0.07541509551884336,0.866709594333548
0.07545676131747256,0.866709594333548
0.07549842711610175,0.866709594333548
0.07554009291473095,0.866709594333548
0.07558175871336013,0.866709594333548
0.07558175871336013,0.8673535093367676
0.07564425741130393,0.8673535093367676
0.07564425741130393,0.8679974243399872
0.07568592320993313,0.8679974243399872
0.07572758900856232,0.8679974243399872
0.07576925480719152,0.8679974243399872
0.0758525864044499,0.8679974243399872
0.0758942522030791,0.8679974243399872
0.07597758380033749,0.8679974243399872
0.07597758380033749,0.8686413393432066
0.07599841669965209,0.8686413393432066
0.07604008249828129,0.8686413393432066
0.07608174829691049,0.8686413393432066
0.07608174829691049,0.8692852543464262
0.07633174308868565,0.8692852543464262
0.07637340888731485,0.8692852543464262
0.0767900668736068,0.8692852543464262
0.0768525655715506,0.8692852543464262
0.07689423137017978,0.8692852543464262
0.07693589716880898,0.8692852543464262
0.07695673006812358,0.8692852543464262
0.07699839586675278,0.8692852543464262
0.07706089456469657,0.8692852543464262
0.07710256036332576,0.8692852543464262
0.07718589196058416,0.8692852543464262
0.07722755775921335,0.8692852543464262
0.07724839065852794,0.8692852543464262
0.07724839065852794,0.8705730843528654
0.07726922355784255,0.8705730843528654
0.07731088935647173,0.8705730843528654
0.07737338805441553,0.8705730843528654
0.07741505385304473,0.8705730843528654
0.07743588675235932,0.8705730843528654
0.07754005124893232,0.8705730843528654
0.0776233828461907,0.8705730843528654
0.0776650486448199,0.8705730843528654
0.0777067144434491,0.8705730843528654
0.0777483802420783,0.8705730843528654
0.07787337763796588,0.8705730843528654
0.07791504343659507,0.8705730843528654
0.07795670923522427,0.8705730843528654
0.07799837503385346,0.8705730843528654
0.07808170663111186,0.8705730843528654
0.07835253432220161,0.8705730843528654
0.07839420012083081,0.8705730843528654
0.07843586591946002,0.8705730843528654
0.0784775317180892,0.8705730843528654
0.078540030416033,0.8705730843528654
0.07860252911397679,0.8705730843528654
0.07864419491260599,0.8705730843528654
0.07872752650986438,0.8705730843528654
0.07879002520780817,0.8705730843528654
0.07883169100643736,0.8705730843528654
0.07891502260369576,0.8705730843528654
0.07893585550301035,0.8705730843528654
0.07897752130163956,0.8705730843528654
0.07904001999958334,0.8705730843528654
0.07908168579821254,0.8705730843528654
0.07914418449615633,0.8705730843528654
0.07924834899272931,0.8705730843528654
0.0793525134893023,0.8705730843528654
0.0794150121872461,0.8705730843528654
0.0794358450865607,0.8705730843528654
0.07951917668381908,0.8705730843528654
0.07960250828107748,0.8705730843528654
0.07972750567696506,0.8705730843528654
0.07976917147559426,0.8705730843528654
0.07987333597216725,0.8705730843528654
0.07993583467011103,0.8705730843528654
0.08001916626736943,0.8705730843528654
0.08003999916668403,0.871216999356085
0.08014416366325701,0.871216999356085
0.08018582946188621,0.871216999356085
0.08022749526051541,0.871216999356085
0.08053998875023437,0.871216999356085
0.08068581904543655,0.871216999356085
0.08072748484406575,0.871216999356085
0.08085248223995334,0.871216999356085
0.08089414803858253,0.871216999356085
0.08128997312555988,0.871216999356085
0.08131080602487448,0.871216999356085
0.08139413762213288,0.871216999356085
0.08156080081664965,0.871216999356085
0.08160246661527885,0.871216999356085
0.08162329951459345,0.871216999356085
0.08166496531322263,0.871216999356085
0.0819357930043124,0.871216999356085
0.0819357930043124,0.8718609143593046
0.0819982917022562,0.8718609143593046
0.08226911939334597,0.8718609143593046
0.08237328388991896,0.8718609143593046
0.08266494448032333,0.8718609143593046
0.08274827607758171,0.8718609143593046
0.08281077477552551,0.8718609143593046
0.0829774379700423,0.8718609143593046
0.08301910376867148,0.8718609143593046
0.08303993666798608,0.8718609143593046
0.08308160246661528,0.8718609143593046
0.08316493406387367,0.8718609143593046
0.08333159725839046,0.8718609143593046
0.08337326305701964,0.8718609143593046
0.08337326305701964,0.8725048293625242
0.08362325784879482,0.8725048293625242
0.083664923647424,0.8725048293625242
0.0837274223453678,0.8725048293625242
0.0837482552446824,0.8725048293625242
0.0837899210433116,0.8725048293625242
0.0838315868419408,0.8725048293625242
0.08393575133851378,0.8725048293625242
0.08403991583508677,0.8725048293625242
0.08408158163371597,0.8725048293625242
0.08410241453303056,0.8725048293625242
0.08416491323097436,0.8725048293625242
0.0846024041165809,0.8725048293625242
0.0846440699152101,0.8725048293625242
0.0847065686131539,0.8725048293625242
0.08493573050561447,0.8731487443657437
0.08493573050561447,0.8737926593689633
0.08497739630424365,0.8737926593689633
0.08499822920355826,0.8737926593689633
0.08508156080081665,0.8737926593689633
0.08512322659944585,0.8737926593689633
0.08516489239807504,0.8737926593689633
0.08518572529738964,0.8737926593689633
0.08528988979396263,0.8737926593689633
0.08537322139122101,0.8737926593689633
0.08541488718985021,0.8737926593689633
0.0854565529884794,0.8737926593689633
0.0855190516864232,0.8737926593689633
0.0855398845857378,0.8737926593689633
0.08574821357888378,0.8744365743721829
0.08578987937751296,0.8744365743721829
0.08589404387408596,0.8744365743721829
0.08593570967271515,0.8744365743721829
0.08599820837065894,0.8744365743721829
0.08608153996791733,0.8744365743721829
0.08612320576654653,0.8744365743721829
0.08614403866586112,0.8744365743721829
0.08620653736380492,0.8744365743721829
0.0864356992562655,0.8744365743721829
0.08647736505489469,0.8744365743721829
0.08653986375283848,0.8744365743721829
0.08660236245078227,0.8744365743721829
0.08668569404804066,0.8744365743721829
0.08668569404804066,0.8750804893754024
0.08670652694735527,0.8750804893754024
0.08681069144392825,0.8750804893754024
0.08689402304118664,0.8750804893754024
0.08693568883981584,0.8750804893754024
0.08695652173913043,0.8750804893754024
0.08699818753775963,0.8750804893754024
0.08712318493364722,0.8750804893754024
0.08716485073227641,0.8750804893754024
0.087289848128164,0.8750804893754024
0.08747734422199538,0.8750804893754024
0.08751901002062457,0.8750804893754024
0.08753984291993917,0.875724404378622
0.08758150871856836,0.875724404378622
0.08762317451719756,0.875724404378622
0.08772733901377054,0.875724404378622
0.08774817191308515,0.875724404378622
0.08789400220828733,0.875724404378622
0.08793566800691652,0.875724404378622
0.08795650090623112,0.875724404378622
0.0880814983021187,0.875724404378622
0.0881439970000625,0.875724404378622
0.08824816149663549,0.875724404378622
0.08831066019457928,0.875724404378622
0.08835232599320847,0.875724404378622
0.08847732338909606,0.875724404378622
0.08851898918772526,0.875724404378622
0.08856065498635445,0.875724404378622
0.08858148788566905,0.875724404378622
0.08864398658361285,0.875724404378622
0.08881064977812962,0.875724404378622
0.08889398137538801,0.875724404378622
0.08893564717401721,0.875724404378622
0.0889773129726464,0.875724404378622
0.08908147746921939,0.875724404378622
0.08910231036853399,0.875724404378622
0.08916480906647778,0.875724404378622
0.08920647486510698,0.875724404378622
0.08926897356305077,0.875724404378622
0.08939397095893835,0.875724404378622
0.08947730255619675,0.875724404378622
0.08951896835482594,0.875724404378622
0.08953980125414054,0.875724404378622
0.08962313285139893,0.875724404378622
0.08964396575071353,0.875724404378622
0.08968563154934273,0.8763683193818416
0.08983146184454491,0.8763683193818416
0.0898731276431741,0.8763683193818416
0.0898939605424887,0.8763683193818416
0.08997729213974709,0.8763683193818416
0.09001895793837629,0.8763683193818416
0.09003979083769088,0.8763683193818416
0.09020645403220766,0.8763683193818416
0.09033145142809525,0.8763683193818416
0.09039395012603904,0.8763683193818416
0.09049811462261202,0.8763683193818416
0.09053978042124122,0.8763683193818416
0.09058144621987042,0.8763683193818416
0.09066477781712881,0.8763683193818416
0.09070644361575801,0.8763683193818416
0.0907897752130164,0.8763683193818416
0.0908522739109602,0.8763683193818416
0.09091477260890399,0.8763683193818416
0.09101893710547697,0.8763683193818416
0.09108143580342076,0.8763683193818416
0.09118560029999374,0.8763683193818416
0.09122726609862294,0.8763683193818416
0.09126893189725215,0.8763683193818416
0.0915814253869711,0.8763683193818416
0.0916022582862857,0.8763683193818416
0.09166475698422949,0.8763683193818416
0.09172725568217328,0.8763683193818416
0.09183142017874628,0.8763683193818416
0.09193558467531926,0.8763683193818416
0.09201891627257766,0.8763683193818416
0.09206058207120685,0.8763683193818416
0.09210224786983605,0.8763683193818416
0.09220641236640903,0.8763683193818416
0.09224807816503823,0.8763683193818416
0.09228974396366742,0.8763683193818416
0.09235224266161121,0.8763683193818416
0.09239390846024041,0.8763683193818416
0.09243557425886961,0.8763683193818416
0.0924772400574988,0.8763683193818416
0.09262307035270098,0.8763683193818416
0.09266473615133018,0.8763683193818416
0.09272723484927398,0.8763683193818416
0.09297722964104914,0.8763683193818416
0.09314389283556593,0.8763683193818416
0.0934147205266557,0.8763683193818416
0.09349805212391409,0.8763683193818416
0.09356055082185788,0.8763683193818416
0.09360221662048707,0.8763683193818416
0.09372721401637465,0.8763683193818416
0.09381054561363306,0.8763683193818416
0.09383137851294765,0.8763683193818416
0.09387304431157684,0.8763683193818416
0.09393554300952063,0.8763683193818416
0.09397720880814983,0.8763683193818416
0.09399804170746442,0.8763683193818416
0.09403970750609363,0.8763683193818416
0.09408137330472281,0.8763683193818416
0.09412303910335201,0.8763683193818416
0.0941438720026666,0.8763683193818416
0.09418553780129581,0.8763683193818416
0.09422720359992501,0.8763683193818416
0.09428970229786879,0.8763683193818416
0.09433136809649799,0.8763683193818416
0.09437303389512719,0.8763683193818416
0.09445636549238558,0.8763683193818416
0.09453969708964396,0.8763683193818416
0.09458136288827317,0.8763683193818416
0.09462302868690235,0.8763683193818416
0.09468552738484615,0.8763683193818416
0.09472719318347535,0.8763683193818416
0.09474802608278994,0.8763683193818416
0.09474802608278994,0.8770122343850612
0.09478969188141914,0.8770122343850612
0.09483135768004833,0.8770122343850612
0.09491468927730673,0.8770122343850612
0.0950396866731943,0.8770122343850612
0.0950813524718235,0.8770122343850612
0.09518551696839649,0.8770122343850612
0.09522718276702569,0.8770122343850612
0.09537301306222787,0.8770122343850612
0.09543551176017166,0.8770122343850612
0.09549801045811546,0.8770122343850612
0.09553967625674466,0.8770122343850612
0.09562300785400304,0.8770122343850612
0.09572717235057603,0.8770122343850612
0.09576883814920523,0.8770122343850612
0.09581050394783441,0.8770122343850612
0.0959980000416658,0.8770122343850612
0.096039665840295,0.8770122343850612
0.09608133163892418,0.8770122343850612
0.09622716193412638,0.8770122343850612
0.09635215933001395,0.8770122343850612
0.09639382512864315,0.8770122343850612
0.09643549092727235,0.8770122343850612
0.09649798962521614,0.8770122343850612
0.09651882252453074,0.8770122343850612
0.09656048832315993,0.8770122343850612
0.09670631861836211,0.8770122343850612
0.09678965021562051,0.8770122343850612
0.0968104831149351,0.8770122343850612
0.0968521489135643,0.8770122343850612
0.0968938147121935,0.8770122343850612
0.09703964500739568,0.8770122343850612
0.09708131080602488,0.8770122343850612
0.09712297660465408,0.8770122343850612
0.09724797400054165,0.8770122343850612
0.09728963979917085,0.8770122343850612
0.09735213849711465,0.8770122343850612
0.09739380429574383,0.8770122343850612
0.09756046749026062,0.8770122343850612
0.09760213328888981,0.8770122343850612
0.09768546488614821,0.8770122343850612
0.0977271306847774,0.8770122343850612
0.0977687964834066,0.8770122343850612
0.09781046228203578,0.8770122343850612
0.09783129518135039,0.8770122343850612
0.09789379387929419,0.8770122343850612
0.09791462677860878,0.8770122343850612
0.09795629257723798,0.8770122343850612
0.09816462157038396,0.8770122343850612
0.09820628736901314,0.8770122343850612
0.09835211766421532,0.8770122343850612
0.09847711506010291,0.8770122343850612
0.0984979479594175,0.8770122343850612
0.09858127955667591,0.8770122343850612
0.0986229453553051,0.8770122343850612
0.0986437782546197,0.8770122343850612
0.09870627695256348,0.8770122343850612
0.09878960854982188,0.8770122343850612
0.09883127434845107,0.8770122343850612
0.09887294014708027,0.8770122343850612
0.09891460594570946,0.8770122343850612
0.09899793754296786,0.8770122343850612
0.09903960334159705,0.8770122343850612
0.09908126914022625,0.8770122343850612
0.09912293493885543,0.8770122343850612
0.09916460073748463,0.8770122343850612
0.09918543363679923,0.8770122343850612
0.09924793233474302,0.8770122343850612
0.09931043103268682,0.8770122343850612
0.09941459552925981,0.8770122343850612
0.099456261327889,0.8770122343850612
0.09956042582446199,0.8770122343850612
0.09964375742172038,0.8770122343850612
0.09970625611966417,0.8770122343850612
0.09972708901897877,0.8776561493882807
0.09985208641486636,0.8776561493882807
0.09989375221349556,0.8776561493882807
0.10001874960938313,0.8776561493882807
0.10006041540801233,0.8776561493882807
0.10012291410595613,0.8776561493882807
0.10016457990458533,0.8776561493882807
0.10020624570321451,0.8776561493882807
0.1003520759984167,0.8776561493882807
0.1003937417970459,0.8776561493882807
0.10056040499156267,0.8776561493882807
0.10076873398470865,0.8776561493882807
0.10085206558196705,0.8776561493882807
0.10091456427991083,0.8776561493882807
0.10099789587716923,0.8776561493882807
0.10106039457511302,0.8776561493882807
0.1011228932730568,0.8776561493882807
0.101164559071686,0.8776561493882807
0.1012270577696298,0.8776561493882807
0.10124789066894439,0.8776561493882807
0.10131038936688819,0.8776561493882807
0.10133122226620278,0.8776561493882807
0.10137288806483198,0.8776561493882807
0.10151871836003416,0.8776561493882807
0.10170621445386555,0.8776561493882807
0.10174788025249475,0.8776561493882807
0.10181037895043853,0.8776561493882807
0.10189371054769693,0.8776561493882807
0.10191454344701152,0.8776561493882807
0.10199787504426991,0.8776561493882807
0.1020603737422137,0.8776561493882807
0.1021020395408429,0.8776561493882807
0.1021228724401575,0.8776561493882807
0.1021645382387867,0.8776561493882807
0.10226870273535968,0.8776561493882807
0.10239370013124727,0.8776561493882807
0.10245619882919106,0.8776561493882807
0.10251869752713486,0.8776561493882807
0.10262286202370784,0.8776561493882807
0.10278952521822463,0.8776561493882807
0.10283119101685381,0.8776561493882807
0.1028936897147976,0.8776561493882807
0.10293535551342681,0.8776561493882807
0.1030186871106852,0.8776561493882807
0.10310201870794358,0.8776561493882807
0.10314368450657278,0.8776561493882807
0.10320618320451658,0.8776561493882807
0.10324784900314576,0.8776561493882807
0.10331034770108956,0.8776561493882807
0.10335201349971876,0.8776561493882807
0.10341451219766255,0.8776561493882807
0.10356034249286473,0.8776561493882807
0.10358117539217933,0.8776561493882807
0.10362284119080853,0.8776561493882807
0.10366450698943772,0.8776561493882807
0.10372700568738151,0.8776561493882807
0.1038520030832691,0.8776561493882807
0.10393533468052749,0.8776561493882807
0.10399783337847128,0.8776561493882807
0.10412283077435887,0.8776561493882807
0.10420616237161726,0.8776561493882807
0.10424782817024646,0.8776561493882807
0.10426866106956105,0.8776561493882807
0.10431032686819025,0.8776561493882807
0.10456032165996541,0.8776561493882807
0.10462282035790921,0.8776561493882807
0.10466448615653841,0.8776561493882807
0.1047269848544822,0.8776561493882807
0.10476865065311139,0.8776561493882807
0.104789483552426,0.8776561493882807
0.10483114935105518,0.8776561493882807
0.10491448094831357,0.8776561493882807
0.10499781254557197,0.8776561493882807
0.10503947834420116,0.8776561493882807
0.10508114414283036,0.8776561493882807
0.10512280994145955,0.8776561493882807
0.10524780733734714,0.8776561493882807
0.10533113893460552,0.8776561493882807
0.10541447053186392,0.8776561493882807
0.10545613633049311,0.8776561493882807
0.1055603008270661,0.8776561493882807
0.10560196662569529,0.8776561493882807
0.1056436324243245,0.8776561493882807
0.10566446532363909,0.8776561493882807
0.10574779692089747,0.8776561493882807
0.10581029561884127,0.8776561493882807
0.10591446011541426,0.8776561493882807
0.10595612591404346,0.8776561493882807
0.10599779171267265,0.8776561493882807
0.10606029041061645,0.8776561493882807
0.10610195620924565,0.8776561493882807
0.10612278910856024,0.8776561493882807
0.10616445490718944,0.8776561493882807
0.10622695360513322,0.8776561493882807
0.10628945230307701,0.8776561493882807
0.1064144496989646,0.8776561493882807
0.10656027999416678,0.8776561493882807
0.10664361159142517,0.8776561493882807
0.10666444449073978,0.8776561493882807
0.10672694318868357,0.8776561493882807
0.10676860898731276,0.8776561493882807
0.10691443928251494,0.8776561493882807
0.10693527218182955,0.8776561493882807
0.10697693798045874,0.8776561493882807
0.10708110247703173,0.8776561493882807
0.10712276827566092,0.8776561493882807
0.1073310972688069,0.8776561493882807
0.10739359596675069,0.8776561493882807
0.10739359596675069,0.8783000643915003
0.10743526176537989,0.8783000643915003
0.10747692756400909,0.8783000643915003
0.10749776046332368,0.8783000643915003
0.10756025916126748,0.8783000643915003
0.10764359075852586,0.8783000643915003
0.10770608945646966,0.8783000643915003
0.10778942105372805,0.8783000643915003
0.10783108685235725,0.8783000643915003
0.10795608424824482,0.8783000643915003
0.10799775004687402,0.8783000643915003
0.10810191454344702,0.8783000643915003
0.1081435803420762,0.8783000643915003
0.10820607904002,0.8783000643915003
0.10826857773796379,0.8783000643915003
0.10831024353659299,0.8783000643915003
0.10862273702631195,0.8783000643915003
0.10868523572425574,0.8783000643915003
0.10870606862357034,0.8783000643915003
0.10885189891877252,0.8783000643915003
0.10889356471740172,0.8783000643915003
0.10897689631466011,0.8783000643915003
0.1090810608112331,0.8783000643915003
0.1091018937105477,0.8783000643915003
0.1091435595091769,0.8783000643915003
0.10916439240849149,0.8783000643915003
0.10920605820712069,0.8783000643915003
0.10933105560300826,0.8783000643915003
0.10941438720026667,0.8783000643915003
0.10951855169683965,0.8783000643915003
0.10956021749546885,0.8783000643915003
0.109914376783817,0.8783000643915003
0.1099352096831316,0.8783000643915003
0.11008103997833378,0.8783000643915003
0.11018520447490678,0.8783000643915003
0.11026853607216516,0.8783000643915003
0.11047686506531114,0.8783000643915003
0.11051853086394034,0.8783000643915003
0.11056019666256953,0.8783000643915003
0.11062269536051332,0.8783000643915003
0.11066436115914252,0.8783000643915003
0.11070602695777171,0.8783000643915003
0.11074769275640091,0.8783000643915003
0.11078935855503011,0.8783000643915003
0.1108726901522885,0.8783000643915003
0.11089352305160309,0.8783000643915003
0.11093518885023229,0.8783000643915003
0.11110185204474907,0.8783000643915003
0.11118518364200745,0.8783000643915003
0.11122684944063665,0.8783000643915003
0.11131018103789504,0.8783000643915003
0.11141434553446804,0.8783000643915003
0.11143517843378263,0.8783000643915003
0.11147684423241183,0.8783000643915003
0.11149767713172642,0.8783000643915003
0.11153934293035561,0.8783000643915003
0.1116435074269286,0.8783000643915003
0.11168517322555781,0.8783000643915003
0.11174767192350159,0.8783000643915003
0.11183100352075999,0.8783000643915003
0.11191433511801838,0.8783000643915003
0.11212266411116435,0.8783000643915003
0.11214349701047895,0.8783000643915003
0.11222682860773733,0.8783000643915003
0.11228932730568113,0.8783000643915003
0.11235182600362492,0.8783000643915003
0.11237265890293953,0.8783000643915003
0.11247682339951251,0.8783000643915003
0.1125393220974563,0.8783000643915003
0.11262265369471469,0.8783000643915003
0.11264348659402929,0.8783000643915003
0.11291431428511906,0.8783000643915003
0.11297681298306285,0.8783000643915003
0.11301847878169205,0.8783000643915003
0.11303931168100664,0.8783000643915003
0.11308097747963584,0.8783000643915003
0.11322680777483803,0.8783000643915003
0.11335180517072561,0.8783000643915003
0.11337263807004021,0.8783000643915003
0.113435136767984,0.8783000643915003
0.1134559696672986,0.8783000643915003
0.11351846836524239,0.8783000643915003
0.11362263286181538,0.8783000643915003
0.11374763025770296,0.8783000643915003
0.11389346055290515,0.8783000643915003
0.11393512635153434,0.8783000643915003
0.11399762504947814,0.8783000643915003
0.11401845794879273,0.8783000643915003
0.11406012374742193,0.8783000643915003
0.11414345534468032,0.8783000643915003
0.11418512114330952,0.8783000643915003
0.1143309514385117,0.8783000643915003
0.11447678173371388,0.8783000643915003
0.11453928043165768,0.8783000643915003
0.11462261202891606,0.8783000643915003
0.11468511072685986,0.8783000643915003
0.11472677652548906,0.8783000643915003
0.11478927522343285,0.8783000643915003
0.11495593841794963,0.8783000643915003
0.11497677131726422,0.8783000643915003
0.11501843711589342,0.8783000643915003
0.11508093581383722,0.8783000643915003
0.1151226016124664,0.8783000643915003
0.1151851003104102,0.8783000643915003
0.1152267661090394,0.8783000643915003
0.11524759900835399,0.8783000643915003
0.11531009770629778,0.8783000643915003
0.11539342930355617,0.8783000643915003
0.11543509510218537,0.8783000643915003
0.11545592800149997,0.8783000643915003
0.11560175829670215,0.8783000643915003
0.11562259119601676,0.8783000643915003
0.11566425699464594,0.8783000643915003
0.11570592279327514,0.8783000643915003
0.1159559175850503,0.8783000643915003
0.11597675048436491,0.8789439793947199
0.1160600820816233,0.8789439793947199
0.1161225807795671,0.8789439793947199
0.11616424657819628,0.8789439793947199
0.11635174267202766,0.8789439793947199
0.11639340847065686,0.8789439793947199
0.11649757296722985,0.8789439793947199
0.11653923876585905,0.8789439793947199
0.11660173746380284,0.8789439793947199
0.11664340326243203,0.8789439793947199
0.11668506906106123,0.8789439793947199
0.11670590196037582,0.8789439793947199
0.11683089935626341,0.8789439793947199
0.116851732255578,0.8789439793947199
0.1169142309535218,0.8789439793947199
0.1169350638528364,0.8789439793947199
0.1169975625507802,0.8789439793947199
0.11701839545009479,0.8789439793947199
0.11706006124872398,0.8789439793947199
0.11712255994666777,0.8789439793947199
0.11714339284598238,0.8789439793947199
0.11720589154392617,0.8789439793947199
0.11722672444324077,0.8789439793947199
0.11726839024186995,0.8789439793947199
0.11739338763775754,0.8789439793947199
0.11745588633570134,0.8789439793947199
0.11749755213433054,0.8789439793947199
0.11753921793295972,0.8789439793947199
0.11760171663090352,0.8789439793947199
0.11766421532884731,0.8789439793947199
0.1177892127247349,0.8789439793947199
0.1178308785233641,0.8789439793947199
0.11791421012062249,0.8789439793947199
0.11808087331513926,0.8789439793947199
0.11812253911376847,0.8789439793947199
0.11820587071102685,0.8789439793947199
0.11831003520759985,0.8789439793947199
0.11841419970417283,0.8789439793947199
0.11849753130143122,0.8789439793947199
0.1185808628986896,0.8789439793947199
0.1186225286973188,0.8789439793947199
0.11870586029457719,0.8789439793947199
0.11889335638840857,0.8789439793947199
0.11903918668361076,0.8789439793947199
0.11910168538155455,0.8789439793947199
0.11912251828086914,0.8789439793947199
0.11920584987812755,0.8789439793947199
0.11943501177058811,0.8789439793947199
0.11949751046853191,0.8789439793947199
0.1195183433678465,0.8789439793947199
0.1195600091664757,0.8789439793947199
0.11966417366304868,0.8789439793947199
0.11970583946167788,0.8789439793947199
0.11972667236099248,0.8789439793947199
0.11976833815962168,0.8789439793947199
0.11981000395825087,0.8789439793947199
0.11993500135413845,0.8789439793947199
0.12003916585071145,0.8789439793947199
0.12008083164934064,0.8789439793947199
0.12018499614591363,0.8789439793947199
0.12022666194454282,0.8789439793947199
0.12024749484385742,0.8789439793947199
0.120372492239745,0.8789439793947199
0.1204558238370034,0.8789439793947199
0.12064331993083477,0.8789439793947199
0.12078915022603695,0.8789439793947199
0.12095581342055374,0.8789439793947199
0.12099747921918293,0.8789439793947199
0.12105997791712672,0.8789439793947199
0.12122664111164351,0.8789439793947199
0.12137247140684569,0.8789439793947199
0.12139330430616029,0.8789439793947199
0.12145580300410408,0.8789439793947199
0.12147663590341867,0.8789439793947199
0.12147663590341867,0.8795878943979395
0.12151830170204787,0.8795878943979395
0.12162246619862087,0.8795878943979395
0.12168496489656465,0.8795878943979395
0.12176829649382305,0.8795878943979395
0.12178912939313764,0.8795878943979395
0.12185162809108144,0.8795878943979395
0.12191412678902523,0.8795878943979395
0.12199745838628362,0.8795878943979395
0.12203912418491282,0.8795878943979395
0.12205995708422741,0.8795878943979395
0.1221432886814858,0.8795878943979395
0.122184954480115,0.8795878943979395
0.12222662027874419,0.8795878943979395
0.12235161767463178,0.8795878943979395
0.12251828086914857,0.8795878943979395
0.12255994666777775,0.8795878943979395
0.12260161246640695,0.8795878943979395
0.12264327826503614,0.8795878943979395
0.12268494406366534,0.8795878943979395
0.12278910856023832,0.8795878943979395
0.12293493885544052,0.8795878943979395
0.12305993625132809,0.8795878943979395
0.12310160204995729,0.8795878943979395
0.12312243494927189,0.8795878943979395
0.12316410074790109,0.8795878943979395
0.12320576654653027,0.8795878943979395
0.12335159684173247,0.8795878943979395
0.12337242974104706,0.8795878943979395
0.12341409553967626,0.8795878943979395
0.12343492843899086,0.8795878943979395
0.12353909293556384,0.8795878943979395
0.12360159163350763,0.8795878943979395
0.12364325743213683,0.8795878943979395
0.12374742192870981,0.8795878943979395
0.12380992062665361,0.8795878943979395
0.12385158642528281,0.8795878943979395
0.12395575092185579,0.8795878943979395
0.12408074831774338,0.8795878943979395
0.12414324701568717,0.8795878943979395
0.12420574571363097,0.8795878943979395
0.12435157600883315,0.8795878943979395
0.12439324180746235,0.8795878943979395
0.12441407470677694,0.8795878943979395
0.12453907210266453,0.8795878943979395
0.12460157080060832,0.8795878943979395
0.12464323659923751,0.8795878943979395
0.1247057352971813,0.8795878943979395
0.1247474010958105,0.8795878943979395
0.1248307326930689,0.8795878943979395
0.12508072748484406,0.8795878943979395
0.12512239328347327,0.8795878943979395
0.12518489198141705,0.8795878943979395
0.12524739067936086,0.8795878943979395
0.12530988937730464,0.8795878943979395
0.12535155517593383,0.8795878943979395
0.12545571967250682,0.8795878943979395
0.12547655257182141,0.8795878943979395
0.12551821837045063,0.8795878943979395
0.1256848815649674,0.8795878943979395
0.12574738026291118,0.8795878943979395
0.12585154475948418,0.8795878943979395
0.12593487635674258,0.8795878943979395
0.12601820795400095,0.8795878943979395
0.12605987375263014,0.8795878943979395
0.12610153955125936,0.8795878943979395
0.12616403824920314,0.8795878943979395
0.12618487114851773,0.8795878943979395
0.12626820274577613,0.8795878943979395
0.12628903564509072,0.8795878943979395
0.1263307014437199,0.8795878943979395
0.12639320014166372,0.8795878943979395
0.1264765317389221,0.8795878943979395
0.1265181975375513,0.8795878943979395
0.1265598633361805,0.8795878943979395
0.1265806962354951,0.8795878943979395
0.1266640278327535,0.8795878943979395
0.12670569363138268,0.8795878943979395
0.12680985812795567,0.8795878943979395
0.12683069102727026,0.8795878943979395
0.12693485552384326,0.8795878943979395
0.12697652132247245,0.8795878943979395
0.12774733859711257,0.8795878943979395
0.12776817149642716,0.8795878943979395
0.12780983729505635,0.8795878943979395
0.12795566759025853,0.8795878943979395
0.12799733338888772,0.8795878943979395
0.12801816628820234,0.8795878943979395
0.12805983208683153,0.8795878943979395
0.1281014978854607,0.8795878943979395
0.12816399658340452,0.8795878943979395
0.12818482948271911,0.8795878943979395
0.1282473281806629,0.8795878943979395
0.1282681610799775,0.8795878943979395
0.12839315847586508,0.8795878943979395
0.12841399137517967,0.8795878943979395
0.12845565717380888,0.8795878943979395
0.12853898877106726,0.8795878943979395
0.12866398616695485,0.8795878943979395
0.12870565196558406,0.8795878943979395
0.12885148226078624,0.8795878943979395
0.12891398095873002,0.8795878943979395
0.12899731255598842,0.8795878943979395
0.1290806441532468,0.8795878943979395
0.1291431428511906,0.8795878943979395
0.1291639757505052,0.8795878943979395
0.1292056415491344,0.8795878943979395
0.1292681402470782,0.8795878943979395
0.12933063894502198,0.8795878943979395
0.12937230474365116,0.8795878943979395
0.12958063373679715,0.8795878943979395
0.1298931272265161,0.8795878943979395
0.12993479302514532,0.8795878943979395
0.1299764588237745,0.8795878943979395
0.1300389575217183,0.8795878943979395
0.1300806233203475,0.8795878943979395
0.1301014562196621,0.8795878943979395
0.13026811941417887,0.8795878943979395
0.13028895231349347,0.8795878943979395
0.13033061811212265,0.8802318094011591
0.13041394970938106,0.8802318094011591
0.13043478260869565,0.8802318094011591
0.13051811420595405,0.8802318094011591
0.13055978000458324,0.8802318094011591
0.13066394450115623,0.8802318094011591
0.1308097747963584,0.8802318094011591
0.1308514405949876,0.8802318094011591
0.1308931063936168,0.8802318094011591
0.1309556050915606,0.8802318094011591
0.1309764379908752,0.8802318094011591
0.13126809858127955,0.8802318094011591
0.13130976437990874,0.8802318094011591
0.13139309597716714,0.8802318094011591
0.13155975917168392,0.8802318094011591
0.1315805920709985,0.8802318094011591
0.13162225786962772,0.8802318094011591
0.13164309076894232,0.8802318094011591
0.1316847565675715,0.8802318094011591
0.1317055894668861,0.8802318094011591
0.13195558425866127,0.8802318094011591
0.13201808295660508,0.8802318094011591
0.13205974875523427,0.8802318094011591
0.13218474615112186,0.8802318094011591
0.13224724484906564,0.8802318094011591
0.13230974354700945,0.8802318094011591
0.13233057644632404,0.8802318094011591
0.1324139080435824,0.8802318094011591
0.13245557384221163,0.8802318094011591
0.13253890543947,0.8802318094011591
0.13255973833878462,0.8802318094011591
0.1326222370367284,0.8802318094011591
0.132643069936043,0.8802318094011591
0.1327055686339868,0.8802318094011591
0.13285139892918899,0.8802318094011591
0.13289306472781817,0.8802318094011591
0.13293473052644736,0.8802318094011591
0.13297639632507657,0.8802318094011591
0.13305972792233495,0.8802318094011591
0.13312222662027876,0.8802318094011591
0.13314305951959335,0.8802318094011591
0.13322639111685172,0.8802318094011591
0.13328888981479553,0.8802318094011591
0.13330972271411012,0.8802318094011591
0.13339305431136853,0.8802318094011591
0.1334347201099977,0.8802318094011591
0.1334763859086269,0.8802318094011591
0.1335388846065707,0.8802318094011591
0.1335597175058853,0.8802318094011591
0.13397637549217725,0.8802318094011591
0.13403887419012103,0.8802318094011591
0.13412220578737943,0.8802318094011591
0.13416387158600862,0.8802318094011591
0.1342055373846378,0.8802318094011591
0.13426803608258162,0.8802318094011591
0.1343097018812108,0.8802318094011591
0.1343722005791546,0.8802318094011591
0.1343930334784692,0.8802318094011591
0.13464302827024438,0.8808757244043787
0.13466386116955897,0.8808757244043787
0.13472635986750275,0.8808757244043787
0.13476802566613197,0.8808757244043787
0.13491385596133415,0.8808757244043787
0.13493468886064874,0.8808757244043787
0.1351430178537947,0.8808757244043787
0.13518468365242392,0.8808757244043787
0.1352263494510531,0.8808757244043787
0.1352888481489969,0.8808757244043787
0.1353721797462553,0.8808757244043787
0.13539301264556988,0.8808757244043787
0.13553884294077206,0.8808757244043787
0.13555967584008666,0.8808757244043787
0.13560134163871587,0.8808757244043787
0.13566384033665965,0.8808757244043787
0.13580967063186183,0.8808757244043787
0.13587216932980564,0.8808757244043787
0.13593466802774942,0.8808757244043787
0.1359971667256932,0.8808757244043787
0.1360804983229516,0.8808757244043787
0.1361013312222662,0.8815196394075981
0.13614299702089538,0.8815196394075981
0.13626799441678297,0.8815196394075981
0.1363096602154122,0.8815196394075981
0.13639299181267056,0.8815196394075981
0.13641382471198515,0.8815196394075981
0.13647632340992896,0.8815196394075981
0.13662215370513114,0.8815196394075981
0.13668465240307492,0.8815196394075981
0.13670548530238955,0.8815196394075981
0.13674715110101873,0.8815196394075981
0.13678881689964792,0.8815196394075981
0.13687214849690632,0.8815196394075981
0.13689298139622091,0.8815196394075981
0.1369346471948501,0.8815196394075981
0.1370179787921085,0.8815196394075981
0.13710131038936688,0.8815196394075981
0.13718464198662528,0.8815196394075981
0.13724714068456906,0.8815196394075981
0.13730963938251287,0.8815196394075981
0.13737213808045665,0.8815196394075981
0.13743463677840045,0.8815196394075981
0.13760129997291723,0.8815196394075981
0.13766379867086104,0.8815196394075981
0.1377471302681194,0.8815196394075981
0.1377887960667486,0.8815196394075981
0.1378929605633216,0.8815196394075981
0.1379554592612654,0.8815196394075981
0.1379971250598946,0.8815196394075981
0.138080456657153,0.8815196394075981
0.13814295535509677,0.8815196394075981
0.13830961854961354,0.8815196394075981
0.13837211724755735,0.8815196394075981
0.13841378304618654,0.8815196394075981
0.13853878044207413,0.8815196394075981
0.13855961334138872,0.8815196394075981
0.1386012791400179,0.8815196394075981
0.1387054436365909,0.8815196394075981
0.1387887752338493,0.8815196394075981
0.13885127393179308,0.8815196394075981
0.13889293973042227,0.8815196394075981
0.13897627132768067,0.8815196394075981
0.13901793712630986,0.8815196394075981
0.13918460032082666,0.8815196394075981
0.13933043061602884,0.8815196394075981
0.13983042019957917,0.8815196394075981
0.13985125309889376,0.8815196394075981
0.13995541759546676,0.8815196394075981
0.14003874919272516,0.8815196394075981
0.14012208078998353,0.8815196394075981
0.14018457948792734,0.8815196394075981
0.14024707818587112,0.8815196394075981
0.14033040978312952,0.8815196394075981
0.1404137413803879,0.8815196394075981
0.14072623487010688,0.8815196394075981
0.14074706776942147,0.8815196394075981
0.14078873356805066,0.8815196394075981
0.14089289806462366,0.8815196394075981
0.14091373096393825,0.8815196394075981
0.1414553863461178,0.8821635544108177
0.14162204954063456,0.8821635544108177
0.14166371533926375,0.8821635544108177
0.14174704693652215,0.8821635544108177
0.14185121143309515,0.8821635544108177
0.14191371013103893,0.8821635544108177
0.14203870752692652,0.8821635544108177
0.14208037332555573,0.8821635544108177
0.14210120622487032,0.8821635544108177
0.1421845378221287,0.8821635544108177
0.1422262036207579,0.8821635544108177
0.1422678694193871,0.8821635544108177
0.1423928668152747,0.8821635544108177
0.14251786421116228,0.8821635544108177
0.14258036290910606,0.8821635544108177
0.14262202870773524,0.8821635544108177
0.14274702610362283,0.8821635544108177
0.1431428511906002,0.8821635544108177
0.14324701568717318,0.8821635544108177
0.14335118018374618,0.8821635544108177
0.14337201308306077,0.8821635544108177
0.14343451178100455,0.8821635544108177
0.14358034207620674,0.8821635544108177
0.14370533947209432,0.8821635544108177
0.14378867106935272,0.8821635544108177
0.1439345013645549,0.8821635544108177
0.1440178329618133,0.8821635544108177
0.14435115935084686,0.8821635544108177
0.14439282514947605,0.8821635544108177
0.14443449094810526,0.8821635544108177
0.14449698964604904,0.8821635544108177
0.1447678173371388,0.8821635544108177
0.144809483135768,0.8821635544108177
0.1448511489343972,0.8821635544108177
0.14493448053165559,0.8821635544108177
0.14503864502822858,0.8821635544108177
0.14508031082685777,0.8821635544108177
0.14514280952480157,0.8821635544108177
0.14516364242411617,0.8821635544108177
0.14522614112205995,0.8821635544108177
0.14537197141726213,0.8821635544108177
0.14545530301452053,0.8821635544108177
0.14547613591383513,0.8821635544108177
0.14558030041040812,0.8821635544108177
0.1456427991083519,0.8821635544108177
0.14568446490698111,0.8821635544108177
0.1457469636049249,0.8821635544108177
0.14578862940355408,0.8821635544108177
0.14593445969875626,0.8821635544108177
0.14595529259807088,0.8821635544108177
0.14643444928230662,0.8821635544108177
0.1464552821816212,0.8821635544108177
0.1465386137788796,0.8821635544108177
0.1466011124768234,0.8821635544108177
0.1466427782754526,0.8821635544108177
0.1466636111747672,0.8821635544108177
0.1472885981542051,0.8821635544108177
0.1473094310535197,0.8821635544108177
0.14737192975146352,0.8821635544108177
0.1474552613487219,0.8821635544108177
0.1474969271473511,0.8821635544108177
0.14755942584529488,0.8821635544108177
0.1476010916439241,0.8821635544108177
0.1476219245432387,0.8821635544108177
0.14766359034186788,0.8821635544108177
0.14785108643569925,0.8821635544108177
0.14787191933501384,0.8821635544108177
0.14801774963021605,0.8821635544108177
0.14803858252953064,0.8821635544108177
0.1481427470261036,0.8821635544108177
0.1482469115226766,0.8821635544108177
0.1482885773213058,0.8821635544108177
0.1483927418178788,0.8821635544108177
0.148434407616508,0.8821635544108177
0.14853857211308097,0.8821635544108177
0.14862190371033937,0.8821635544108177
0.14885106560279995,0.8821635544108177
0.14891356430074373,0.8821635544108177
0.14893439720005833,0.8821635544108177
0.14893439720005833,0.8828074694140373
0.14897606299868751,0.8828074694140373
0.14901772879731673,0.8828074694140373
0.14912189329388972,0.8828074694140373
0.14914272619320432,0.8828074694140373
0.1492052248911481,0.8828074694140373
0.14924689068977728,0.8828074694140373
0.14943438678360868,0.8828074694140373
0.14947605258223787,0.8828074694140373
0.14951771838086705,0.8828074694140373
0.15030936855482177,0.8828074694140373
0.15033020145413636,0.8828074694140373
0.15037186725276558,0.8828074694140373
0.15039270015208017,0.8828074694140373
0.15047603174933855,0.8828074694140373
0.15049686464865317,0.8828074694140373
0.15058019624591154,0.8828074694140373
0.15062186204454073,0.8828074694140373
0.15064269494385535,0.8828074694140373
0.15068436074248454,0.8828074694140373
0.15070519364179913,0.8828074694140373
0.1509760213328889,0.8828074694140373
0.1509968542322035,0.8828074694140373
0.1510801858294619,0.8828074694140373
0.15118435032603486,0.8834513844172569
0.15124684902397867,0.8834513844172569
0.15139267931918085,0.8834513844172569
0.15143434511781004,0.8834513844172569
0.15147601091643925,0.8834513844172569
0.15210099789587717,0.8834513844172569
0.15214266369450635,0.8834513844172569
0.15216349659382097,0.8840952994204765
0.15226766109039394,0.8840952994204765
0.15230932688902316,0.8840952994204765
0.15314264286160706,0.8840952994204765
0.15326764025749465,0.8840952994204765
0.15335097185475302,0.8840952994204765
0.1533926376533822,0.8840952994204765
0.1535176350492698,0.8840952994204765
0.15353846794858442,0.8840952994204765
0.1536217995458428,0.8840952994204765
0.15410095623007855,0.8840952994204765
0.15420512072665152,0.8840952994204765
0.15426761942459533,0.8840952994204765
0.15428845232390992,0.8840952994204765
0.1543509510218537,0.8840952994204765
0.15439261682048291,0.8840952994204765
0.1544551155184267,0.8840952994204765
0.15460094581362888,0.8840952994204765
0.1553925959875836,0.8840952994204765
0.15543426178621278,0.8840952994204765
0.15555925918210037,0.8840952994204765
0.15564259077935877,0.8840952994204765
0.15574675527593176,0.8840952994204765
0.15576758817524636,0.8840952994204765
0.15580925397387554,0.8840952994204765
0.15587175267181932,0.8847392144236961
0.15591341847044854,0.8847392144236961
0.15605924876565072,0.8847392144236961
0.1561425803629091,0.8847392144236961
0.1562467448594821,0.8847392144236961
0.15641340805399886,0.8847392144236961
0.15687173183892003,0.8847392144236961
0.1569550634361784,0.8847392144236961
0.156975896335493,0.8847392144236961
0.1570383950334368,0.8847392144236961
0.157080060832066,0.8847392144236961
0.1571425595300098,0.8847392144236961
0.157184225328639,0.8847392144236961
0.15728838982521198,0.8847392144236961
0.15735088852315576,0.8847392144236961
0.15739255432178495,0.8847392144236961
0.15749671881835794,0.8847392144236961
0.15751755171767254,0.8847392144236961
0.15766338201287472,0.8847392144236961
0.15770504781150393,0.8847392144236961
0.15774671361013312,0.8847392144236961
0.15776754650944771,0.8847392144236961
0.15808003999916667,0.8847392144236961
0.15828836899231266,0.8853831294269157
0.15835086769025644,0.8853831294269157
0.1587466927772338,0.8853831294269157
0.15878835857586301,0.8853831294269157
0.1588508572738068,0.8853831294269157
0.15899668756900898,0.8853831294269157
0.15905918626695278,0.8853831294269157
0.15916335076352575,0.8853831294269157
0.15930918105872793,0.8853831294269157
0.15941334555530093,0.8853831294269157
0.15943417845461552,0.8853831294269157
0.15949667715255933,0.8853831294269157
0.1595591758505031,0.8853831294269157
0.1596425074477615,0.8853831294269157
0.1596841732463907,0.8853831294269157
0.15972583904501989,0.8853831294269157
0.1598091706422783,0.8853831294269157
0.15987166934022207,0.8853831294269157
0.1598925022395367,0.8853831294269157
0.15993416803816587,0.8853831294269157
0.16005916543405346,0.8853831294269157
0.16012166413199724,0.8853831294269157
0.16016332993062646,0.8853831294269157
0.16024666152788483,0.8853831294269157
0.16028832732651402,0.8853831294269157
0.16035082602445783,0.8853831294269157
0.160392491823087,0.8853831294269157
0.16043415762171623,0.8853831294269157
0.16068415241349138,0.8853831294269157
0.16070498531280597,0.8853831294269157
0.16076748401074978,0.8853831294269157
0.16093414720526655,0.8853831294269157
0.16120497489635632,0.8853831294269157
0.16126747359430013,0.8853831294269157
0.16130913939292932,0.8853831294269157
0.1613508051915585,0.8853831294269157
0.1613924709901877,0.8853831294269157
0.16212162246619863,0.8853831294269157
0.1621841211641424,0.8853831294269157
0.1622882856607154,0.8853831294269157
0.16235078435865918,0.8853831294269157
0.16247578175454677,0.8853831294269157
0.16249661465386137,0.8853831294269157
0.16253828045249058,0.8853831294269157
0.1631007687339847,0.8853831294269157
0.16337159642507448,0.8853831294269157
0.16341326222370367,0.8853831294269157
0.16368408991479344,0.8853831294269157
0.16372575571342263,0.8853831294269157
0.16376742151205184,0.8853831294269157
0.16378825441136644,0.8853831294269157
0.16385075310931022,0.8853831294269157
0.16389241890793943,0.8853831294269157
0.16393408470656862,0.8853831294269157
0.1639549176058832,0.8853831294269157
0.1639965834045124,0.8853831294269157
0.1640382492031416,0.8853831294269157
0.1641007479010854,0.8853831294269157
0.1641632465990292,0.8853831294269157
0.16422574529697298,0.8853831294269157
0.16426741109560217,0.8853831294269157
0.16560071665173642,0.8860270444301352
0.165829878544197,0.8860270444301352
0.16591321014145538,0.8860270444301352
0.1659757088393992,0.8860270444301352
0.16603820753734297,0.8860270444301352
0.16620487073185974,0.8866709594333548
0.16624653653048896,0.8866709594333548
0.16626736942980355,0.8866709594333548
0.16632986812774733,0.8866709594333548
0.16637153392637655,0.8866709594333548
0.16639236682569114,0.8866709594333548
0.16643403262432033,0.8866709594333548
0.16651736422157873,0.8866709594333548
0.16653819712089332,0.8866709594333548
0.1665798629195225,0.8866709594333548
0.1666215287181517,0.8866709594333548
0.1666631945167809,0.8866709594333548
0.1666840274160955,0.8866709594333548
0.1667256932147247,0.8866709594333548
0.16674652611403928,0.8866709594333548
0.1667881919126685,0.8866709594333548
0.1668090248119831,0.8866709594333548
0.16689235640924147,0.8866709594333548
0.16714235120101664,0.8866709594333548
0.16716318410033124,0.8866709594333548
0.16724651569758964,0.8866709594333548
0.16726734859690423,0.8866709594333548
0.1684964896564655,0.8866709594333548
0.16851732255578009,0.8866709594333548
0.1686006541530385,0.8866709594333548
0.16864231995166767,0.8866709594333548
0.16868398575029686,0.8866709594333548
0.16880898314618445,0.8866709594333548
0.16897564634070122,0.8866709594333548
0.16905897793795963,0.8866709594333548
0.1691214766359034,0.8866709594333548
0.1702464531988917,0.8866709594333548
0.17041311639340848,0.8866709594333548
0.17051728088998147,0.8866709594333548
0.17070477698381284,0.8866709594333548
0.17074644278244203,0.8866709594333548
0.17078810858107124,0.8866709594333548
0.17082977437970043,0.8866709594333548
0.1708922730776442,0.8866709594333548
0.1710172704735318,0.8873148744365744
0.1711006020707902,0.8873148744365744
0.1712047665673632,0.8873148744365744
0.17124643236599238,0.8873148744365744
0.17139226266119456,0.8873148744365744
0.17141309556050915,0.8873148744365744
0.17145476135913834,0.8873148744365744
0.17147559425845296,0.8873148744365744
0.17153809295639674,0.8873148744365744
0.17155892585571134,0.8873148744365744
0.17189225224474491,0.8873148744365744
0.1719339180433741,0.8873148744365744
0.17199641674131788,0.8873148744365744
0.17201724964063247,0.8873148744365744
0.17216307993583466,0.8873148744365744
0.17220474573446387,0.8873148744365744
0.17224641153309306,0.8873148744365744
0.17232974313035146,0.8873148744365744
0.17249640632486823,0.8873148744365744
0.17255890502281201,0.8873148744365744
0.17260057082144123,0.8873148744365744
0.172663069519385,0.8873148744365744
0.17272556821732882,0.8873148744365744
0.1727464011166434,0.8873148744365744
0.17285056561321638,0.8873148744365744
0.172871398512531,0.8873148744365744
0.17297556300910397,0.8873148744365744
0.17305889460636237,0.8873148744365744
0.17307972750567696,0.8873148744365744
0.17312139330430615,0.8873148744365744
0.17314222620362077,0.8873148744365744
0.17322555780087914,0.8873148744365744
0.1736005499885419,0.8873148744365744
0.1737255473844295,0.8873148744365744
0.17378804608237328,0.8873148744365744
0.17391304347826086,0.8873148744365744
0.17393387637757546,0.8873148744365744
0.17397554217620467,0.8873148744365744
0.17405887377346305,0.8873148744365744
0.17430886856523822,0.8873148744365744
0.1743505343638674,0.8873148744365744
0.1744546988604404,0.8873148744365744
0.17462136205495718,0.8873148744365744
0.17470469365221558,0.8873148744365744
0.17482969104810317,0.8873148744365744
0.17485052394741776,0.8873148744365744
0.17489218974604695,0.8873148744365744
0.17491302264536154,0.8873148744365744
0.17507968583987835,0.8873148744365744
0.17516301743713672,0.8873148744365744
0.17520468323576593,0.8873148744365744
0.17524634903439512,0.8873148744365744
0.1753088477323389,0.8873148744365744
0.1753296806316535,0.8873148744365744
0.1753713464302827,0.8873148744365744
0.17547551092685568,0.8873148744365744
0.17553800962479948,0.8873148744365744
0.17555884252411408,0.8873148744365744
0.17560050832274327,0.8873148744365744
0.17564217412137248,0.8873148744365744
0.17570467281931626,0.8886027044430135
0.17574633861794545,0.8886027044430135
0.17580883731588925,0.8886027044430135
0.17587133601383304,0.8886027044430135
0.17589216891314766,0.8886027044430135
0.17601716630903522,0.8886027044430135
0.17605883210766443,0.8886027044430135
0.17641299139601258,0.8886027044430135
0.17643382429532717,0.8886027044430135
0.17653798879190016,0.8886027044430135
0.17660048748984397,0.8886027044430135
0.17672548488573156,0.8886027044430135
0.17674631778504615,0.8886027044430135
0.1770588112747651,0.8886027044430135
0.1772879731672257,0.8886027044430135
0.1773088060665403,0.8886027044430135
0.17741297056311328,0.8886027044430135
0.17749630216037166,0.8886027044430135
0.17753796795900084,0.8886027044430135
0.17760046665694465,0.8886027044430135
0.17764213245557384,0.8886027044430135
0.17776712985146143,0.8886027044430135
0.178100456240495,0.8886027044430135
0.1781212891398096,0.8886027044430135
0.17820462073706797,0.8886027044430135
0.17824628653569718,0.8886027044430135
0.17828795233432637,0.8886027044430135
0.17832961813295556,0.8886027044430135
0.17841294973021396,0.8892466194462331
0.17847544842815774,0.8892466194462331
0.17870461032061832,0.8892466194462331
0.1787879419178767,0.8892466194462331
0.17880877481719132,0.8892466194462331
0.1788712735151351,0.8892466194462331
0.17891293931376429,0.8892466194462331
0.1789546051123935,0.8892466194462331
0.1789962709110227,0.8892466194462331
0.17905876960896647,0.8892466194462331
0.17910043540759568,0.8892466194462331
0.17912126830691028,0.8892466194462331
0.17922543280348327,0.8892466194462331
0.17955875919251682,0.8892466194462331
0.17966292368908982,0.8892466194462331
0.1797879210849774,0.8892466194462331
0.1798295868836066,0.8892466194462331
0.179912918480865,0.8892466194462331
0.17993375138017959,0.8892466194462331
0.18003791587675258,0.8892466194462331
0.18005874877606717,0.8892466194462331
0.18035040936647154,0.8892466194462331
0.18041290806441532,0.8892466194462331
0.18045457386304453,0.8892466194462331
0.1805170725609883,0.8892466194462331
0.1806629028561905,0.8892466194462331
0.18070456865481968,0.8892466194462331
0.1807462344534489,0.8892466194462331
0.18082956605070727,0.8892466194462331
0.18087123184933648,0.8892466194462331
0.18093373054728026,0.8892466194462331
0.18095456344659486,0.8892466194462331
0.18099622924522404,0.8892466194462331
0.18110039374179704,0.8892466194462331
0.18130872273494303,0.8892466194462331
0.1813712214328868,0.8892466194462331
0.1813920543322014,0.8892466194462331
0.1814753859294598,0.8892466194462331
0.181517051728089,0.8892466194462331
0.18178787941917876,0.8892466194462331
0.18180871231849335,0.8892466194462331
0.18185037811712257,0.8892466194462331
0.18187121101643716,0.8892466194462331
0.18191287681506635,0.8892466194462331
0.18199620841232475,0.8892466194462331
0.18205870711026853,0.8892466194462331
0.18207954000958312,0.8892466194462331
0.1822045374054707,0.8898905344494527
0.1822253703047853,0.8898905344494527
0.18249619799587508,0.8898905344494527
0.1825378637945043,0.8898905344494527
0.18268369408970647,0.8898905344494527
0.18272535988833566,0.8898905344494527
0.18280869148559406,0.8898905344494527
0.18285035728422325,0.8898905344494527
0.18287119018353784,0.8898905344494527
0.18293368888148165,0.8898905344494527
0.18301702047874002,0.8898905344494527
0.1830586862773692,0.8898905344494527
0.18307951917668383,0.8898905344494527
0.18312118497531302,0.8898905344494527
0.183225349471886,0.8898905344494527
0.1832670152705152,0.8898905344494527
0.1832878481698298,0.8898905344494527
0.1840794983437845,0.8898905344494527
0.1841003312430991,0.8898905344494527
0.1841419970417283,0.8898905344494527
0.1841836628403575,0.8898905344494527
0.18426699443761588,0.8898905344494527
0.18432949313555969,0.8898905344494527
0.18437115893418887,0.8898905344494527
0.18443365763213265,0.8898905344494527
0.18455865502802024,0.8898905344494527
0.18472531822253704,0.8898905344494527
0.18478781692048082,0.8898905344494527
0.18512114330951437,0.8911783644558918
0.1851628091081436,0.8911783644558918
0.18524614070540196,0.8911783644558918
0.18526697360471656,0.8911783644558918
0.18537113810128955,0.8911783644558918
0.18566279869169391,0.8911783644558918
0.1858086289868961,0.8911783644558918
0.18582946188621072,0.8911783644558918
0.1858919605841545,0.8911783644558918
0.1859961250807275,0.8911783644558918
0.18610028957730046,0.8911783644558918
0.18635028436907564,0.8911783644558918
0.18639195016770485,0.8911783644558918
0.18645444886564863,0.8911783644558918
0.18651694756359244,0.8911783644558918
0.18655861336222163,0.8911783644558918
0.18657944626153622,0.8911783644558918
0.1866211120601654,0.8911783644558918
0.18664194495948,0.8911783644558918
0.1867669423553676,0.8911783644558918
0.1868086081539968,0.8911783644558918
0.186850273952626,0.8911783644558918
0.18707943584508657,0.8911783644558918
0.18710026874440117,0.8911783644558918
0.18720443324097413,0.8911783644558918
0.18722526614028875,0.8911783644558918
0.18730859773754713,0.8911783644558918
0.18732943063686172,0.8911783644558918
0.1874544280327493,0.8911783644558918
0.1876419241265807,0.8911783644558918
0.18772525572383908,0.8911783644558918
0.1884752400991646,0.892466194462331
0.1886210703943668,0.892466194462331
0.18866273619299598,0.892466194462331
0.18880856648819816,0.892466194462331
0.18887106518614197,0.892466194462331
0.18891273098477115,0.892466194462331
0.19012103914501782,0.892466194462331
0.19014187204433242,0.892466194462331
0.1902043707422762,0.892466194462331
0.1902877023395346,0.892466194462331
0.19032936813816378,0.892466194462331
0.1903918668361076,0.892466194462331
0.19047519843336597,0.892466194462331
0.19055853003062437,0.892466194462331
0.19074602612445574,0.892466194462331
0.19078769192308492,0.892466194462331
0.19087102352034332,0.892466194462331
0.19093352221828713,0.892466194462331
0.1909960209162309,0.892466194462331
0.1910168538155455,0.892466194462331
0.1910585196141747,0.892466194462331
0.1912251828086915,0.892466194462331
0.19128768150663528,0.892466194462331
0.19147517760046665,0.892466194462331
0.19149601049978127,0.892466194462331
0.19157934209703964,0.892466194462331
0.19162100789566883,0.892466194462331
0.19170433949292723,0.892466194462331
0.19176683819087104,0.892466194462331
0.191871002687444,0.892466194462331
0.19191266848607322,0.892466194462331
0.191975167184017,0.892466194462331
0.1919960000833316,0.892466194462331
0.19207933168059,0.892466194462331
0.1921001645799046,0.892466194462331
0.19216266327784837,0.892466194462331
0.19224599487510677,0.892466194462331
0.19230849357305055,0.892466194462331
0.19251682256619654,0.892466194462331
0.19260015416345494,0.892466194462331
0.1926834857607133,0.892466194462331
0.19276681735797171,0.892466194462331
0.19299597925043227,0.892466194462331
0.19332930563946585,0.892466194462331
0.19339180433740963,0.892466194462331
0.19341263723672422,0.892466194462331
0.19380846232370158,0.892466194462331
0.19382929522301617,0.892466194462331
0.19405845711547676,0.892466194462331
0.19410012291410594,0.892466194462331
0.19426678610862275,0.892466194462331
0.19430845190725193,0.892466194462331
0.19441261640382493,0.892466194462331
0.19445428220245412,0.892466194462331
0.1945167809003979,0.892466194462331
0.1946001124976563,0.892466194462331
0.19464177829628548,0.892466194462331
0.19472510989354389,0.892466194462331
0.19476677569217307,0.892466194462331
0.19507926918189206,0.892466194462331
0.19510010208120665,0.892466194462331
0.19514176787983584,0.892466194462331
0.19520426657777962,0.892466194462331
0.19522509947709424,0.892466194462331
0.19566259036270078,0.892466194462331
0.19574592195995916,0.892466194462331
0.19580842065790297,0.892466194462331
0.19585008645653215,0.892466194462331
0.1963917418387117,0.892466194462331
0.19641257473802629,0.892466194462331
0.19674590112705986,0.892466194462331
0.19682923272431824,0.892466194462331
0.19685006562363283,0.892466194462331
0.1970792275160934,0.892466194462331
0.197100060415408,0.892466194462331
0.1971833920126664,0.892466194462331
0.19799587508593572,0.892466194462331
0.1980375408845649,0.892466194462331
0.1981417053811379,0.892466194462331
0.19820420407908168,0.892466194462331
0.19828753567634008,0.892466194462331
0.19830836857565468,0.892466194462331
0.19845419887085686,0.892466194462331
0.19849586466948604,0.892466194462331
0.19855836336742985,0.892466194462331
0.19864169496468823,0.892466194462331
0.1989333555550926,0.892466194462331
0.1989541884544072,0.892466194462331
0.19903752005166558,0.892466194462331
0.1990791858502948,0.892466194462331
0.19912085164892399,0.892466194462331
0.19916251744755317,0.892466194462331
0.19920418324618236,0.892466194462331
0.19937084644069916,0.892466194462331
0.19945417803795754,0.892466194462331
0.19949584383658675,0.892466194462331
0.19964167413178893,0.892466194462331
0.1997250057290473,0.892466194462331
0.20053748880231662,0.892466194462331
0.20059998750026042,0.892466194462331
0.2007666506947772,0.892466194462331
0.20080831649340639,0.892466194462331
0.20091248098997938,0.892466194462331
0.20097497968792316,0.892466194462331
0.20101664548655238,0.892466194462331
0.20107914418449616,0.892466194462331
0.20132913897627133,0.892466194462331
0.20147496927147351,0.892466194462331
0.2014958021707881,0.892466194462331
0.2015583008687319,0.892466194462331
0.2016416324659903,0.892466194462331
0.20174579696256328,0.892466194462331
0.20184996145913628,0.892466194462331
0.20189162725776547,0.892466194462331
0.20197495885502387,0.892466194462331
0.20203745755296765,0.8931101094655506
0.20205829045228224,0.8931101094655506
0.20239161684131582,0.8931101094655506
0.20262077873377637,0.8931101094655506
0.20268327743172018,0.8931101094655506
0.20280827482760777,0.8931101094655506
0.20282910772692236,0.8931101094655506
0.20287077352555155,0.8931101094655506
0.20291243932418074,0.8931101094655506
0.20295410512280995,0.8931101094655506
0.20301660382075373,0.8931101094655506
0.20312076831732673,0.8931101094655506
0.20316243411595591,0.8931101094655506
0.20343326180704568,0.8931101094655506
0.20345409470636028,0.8931101094655506
0.20353742630361868,0.8931101094655506
0.20382908689402304,0.8931101094655506
0.20389158559196682,0.8931101094655506
0.20395408428991063,0.8931101094655506
0.20407908168579822,0.8931101094655506
0.2042040790816858,0.8931101094655506
0.2042249119810004,0.8931101094655506
0.2042665777796296,0.8931101094655506
0.20443324097414636,0.8931101094655506
0.20455823837003395,0.8931101094655506
0.20459990416866317,0.8931101094655506
0.20468323576592154,0.8931101094655506
0.20474573446386535,0.8931101094655506
0.20491239765838212,0.8931101094655506
0.2049957292556405,0.8931101094655506
0.2050373950542697,0.8931101094655506
0.20514155955084268,0.8931101094655506
0.20526655694673027,0.8931101094655506
0.2052873898460449,0.8931101094655506
0.20534988854398867,0.8931101094655506
0.20537072144330326,0.8931101094655506
0.20545405304056166,0.8931101094655506
0.20549571883919085,0.8931101094655506
0.20555821753713463,0.8931101094655506
0.20559988333576384,0.8931101094655506
0.20564154913439303,0.8931101094655506
0.2057873794295952,0.8931101094655506
0.20584987812753902,0.8931101094655506
0.2059123768254828,0.8931101094655506
0.2059957084227412,0.8931101094655506
0.20605820712068498,0.8931101094655506
0.20609987291931417,0.8931101094655506
0.20616237161725798,0.8931101094655506
0.20626653611383097,0.8931101094655506
0.20634986771108935,0.8931101094655506
0.20643319930834775,0.8931101094655506
0.20647486510697693,0.8931101094655506
0.20657902960354993,0.8931101094655506
0.20749567717339223,0.8937540244687702
0.20807899835420096,0.8937540244687702
0.20809983125351555,0.8937540244687702
0.20824566154871774,0.8937540244687702
0.20832899314597614,0.8937540244687702
0.20837065894460532,0.8937540244687702
0.2085164892398075,0.8937540244687702
0.2085789879377513,0.8937540244687702
0.2086206537363805,0.8937540244687702
0.2086623195350097,0.8937540244687702
0.20870398533363888,0.8937540244687702
0.20876648403158268,0.8937540244687702
0.20880814983021187,0.8937540244687702
0.20882898272952646,0.8937540244687702
0.20889148142747027,0.8937540244687702
0.20891231432678486,0.8937540244687702
0.20909981042061623,0.8937540244687702
0.20922480781650382,0.8937540244687702
0.20930813941376222,0.8937540244687702
0.2093498052123914,0.8937540244687702
0.20951646840690819,0.8937540244687702
0.20962063290348118,0.8937540244687702
0.20966229870211037,0.8937540244687702
0.21047478177537968,0.8937540244687702
0.21051644757400886,0.8937540244687702
0.21055811337263808,0.8937540244687702
0.21057894627195267,0.8937540244687702
0.21070394366784026,0.8937540244687702
0.21074560946646945,0.8937540244687702
0.21084977396304244,0.8937540244687702
0.21087060686235704,0.8937540244687702
0.21097477135893003,0.8937540244687702
0.2110372700568738,0.8937540244687702
0.211078935855503,0.8937540244687702
0.211183100352076,0.8937540244687702
0.21120393325139059,0.8937540244687702
0.2112664319493344,0.8937540244687702
0.21130809774796358,0.8937540244687702
0.21132893064727817,0.8937540244687702
0.2113705964459074,0.8937540244687702
0.21139142934522198,0.8937540244687702
0.21191225182808693,0.8943979394719896
0.21195391762671612,0.8943979394719896
0.2119955834253453,0.8943979394719896
0.2120164163246599,0.8943979394719896
0.2120580821232891,0.8943979394719896
0.2121205808212329,0.8943979394719896
0.2122039124184913,0.8943979394719896
0.21226641111643507,0.8943979394719896
0.21230807691506426,0.8943979394719896
0.21232890981437888,0.8943979394719896
0.21232890981437888,0.8950418544752092
0.21245390721026644,0.8950418544752092
0.21249557300889566,0.8950418544752092
0.21253723880752484,0.8950418544752092
0.21259973750546862,0.8950418544752092
0.21268306910272702,0.8950418544752092
0.2127247349013562,0.8950418544752092
0.21274556780067083,0.8950418544752092
0.2128497322972438,0.8950418544752092
0.2128705651965584,0.8950418544752092
0.2129122309951876,0.8950418544752092
0.2129747296931314,0.8950418544752092
0.2130163954917606,0.8950418544752092
0.21307889418970438,0.8950418544752092
0.21314139288764816,0.8950418544752092
0.21318305868627738,0.8950418544752092
0.21320389158559197,0.8950418544752092
0.21328722318285034,0.8950418544752092
0.21339138767942334,0.8950418544752092
0.21347471927668174,0.8950418544752092
0.21349555217599633,0.8950418544752092
0.21357888377325474,0.8950418544752092
0.21362054957188392,0.8950418544752092
0.2137038811691423,0.8950418544752092
0.21372471406845692,0.8950418544752092
0.2137872127664007,0.8950418544752092
0.2138080456657153,0.8950418544752092
0.2138497114643445,0.8950418544752092
0.2138705443636591,0.8950418544752092
0.21391221016228829,0.8950418544752092
0.21393304306160288,0.8950418544752092
0.2139955417595467,0.8950418544752092
0.21414137205474887,0.8950418544752092
0.21416220495406346,0.8950418544752092
0.21491218932938896,0.8950418544752092
0.21495385512801818,0.8950418544752092
0.21499552092664737,0.8950418544752092
0.21507885252390574,0.8950418544752092
0.21514135122184955,0.8950418544752092
0.21516218412116414,0.8950418544752092
0.21522468281910795,0.8950418544752092
0.2154746776108831,0.8950418544752092
0.2155371763088269,0.8950418544752092
0.2155788421074561,0.8950418544752092
0.21570383950334368,0.8950418544752092
0.21584966979854586,0.8950418544752092
0.21589133559717505,0.8950418544752092
0.21603716589237723,0.8950418544752092
0.21609966459032104,0.8950418544752092
0.21620382908689403,0.8950418544752092
0.21653715547592758,0.8950418544752092
0.21668298577112977,0.8950418544752092
0.21672465156975895,0.8950418544752092
0.21682881606633195,0.8950418544752092
0.21691214766359035,0.8950418544752092
0.21697464636153413,0.8950418544752092
0.21707881085810712,0.8950418544752092
0.21716214245536553,0.8950418544752092
0.21718297535468012,0.8950418544752092
0.21728713985125309,0.8950418544752092
0.21728713985125309,0.8956857694784288
0.2173288056498823,0.8956857694784288
0.21739130434782608,0.8956857694784288
0.21741213724714067,0.8956857694784288
0.21749546884439908,0.8956857694784288
0.21755796754234286,0.8956857694784288
0.21757880044165748,0.8956857694784288
0.21789129393137643,0.8956857694784288
0.21793295973000562,0.8956857694784288
0.21801629132726402,0.8956857694784288
0.2180996229245224,0.8956857694784288
0.2181829545217808,0.8956857694784288
0.2182662861190392,0.8956857694784288
0.21839128351492676,0.8956857694784288
0.21841211641424138,0.8956857694784288
0.21859961250807275,0.8956857694784288
0.21862044540738734,0.8963296844816484
0.21887044019916252,0.8963296844816484
0.21895377179642092,0.8963296844816484
0.2189954375950501,0.8963296844816484
0.2224953646799025,0.8963296844816484
0.2225161975792171,0.8963296844816484
0.2225786962771609,0.8963296844816484
0.22262036207579008,0.8963296844816484
0.2226828607737339,0.8963296844816484
0.22272452657236308,0.8963296844816484
0.22301618716276744,0.8963296844816484
0.22303702006208204,0.8963296844816484
0.22312035165934044,0.8963296844816484
0.2232036832565988,0.8963296844816484
0.2233286806524864,0.8963296844816484
0.223349513551801,0.8963296844816484
0.2242661611216433,0.8963296844816484
0.22443282431616007,0.8963296844816484
0.22449532301410388,0.8963296844816484
0.22466198620862066,0.8963296844816484
0.22472448490656444,0.8963296844816484
0.22755775921334973,0.8976175144880876
0.2277035895085519,0.8976175144880876
0.2278285869044395,0.8976175144880876
0.22820357909210226,0.8976175144880876
0.22824524489073145,0.8976175144880876
0.22826607779004604,0.8976175144880876
0.22830774358867523,0.8976175144880876
0.22832857648798982,0.8976175144880876
0.22837024228661904,0.8976175144880876
0.22843274098456282,0.8976175144880876
0.22851607258182122,0.8976175144880876
0.22872440157496718,0.8976175144880876
0.228786900272911,0.8982614294913072
0.22882856607154017,0.8982614294913072
0.22887023187016936,0.8982614294913072
0.22895356346742776,0.8982614294913072
0.22897439636674236,0.8982614294913072
0.22905772796400076,0.8982614294913072
0.22909939376262994,0.8982614294913072
0.22920355825920294,0.8982614294913072
0.2292868898564613,0.8982614294913072
0.22966188204412408,0.8982614294913072
0.22976604654069707,0.8982614294913072
0.22978687944001167,0.8982614294913072
0.22997437553384303,0.8982614294913072
0.23003687423178684,0.8982614294913072
0.23009937292973062,0.8982614294913072
0.23012020582904522,0.8982614294913072
0.23028686902356202,0.8982614294913072
0.2303702006208204,0.8982614294913072
0.2304118664194496,0.8982614294913072
0.2304535322180788,0.8982614294913072
0.23053686381533717,0.8982614294913072
0.23057852961396638,0.8982614294913072
0.23059936251328098,0.8982614294913072
0.23066186121122476,0.8982614294913072
0.23076602570779775,0.8982614294913072
0.23084935730505615,0.8982614294913072
0.23164100747901084,0.8982614294913072
0.23168267327764006,0.8982614294913072
0.23176600487489843,0.8982614294913072
0.23189100227078602,0.8982614294913072
0.23197433386804442,0.8982614294913072
0.2322243286598196,0.8982614294913072
0.23226599445844878,0.8982614294913072
0.23232849315639256,0.8982614294913072
0.23239099185433637,0.8982614294913072
0.23245349055228015,0.8982614294913072
0.23247432345159477,0.8982614294913072
0.23259932084748233,0.8982614294913072
0.23270348534405533,0.8982614294913072
0.23278681694131373,0.8982614294913072
0.23291181433720132,0.8982614294913072
0.2330784775317181,0.8982614294913072
0.23309931043103269,0.8982614294913072
0.23314097622966187,0.8982614294913072
0.23320347492760568,0.8982614294913072
0.23332847232349327,0.8982614294913072
0.23334930522280786,0.8982614294913072
0.23339097102143705,0.8982614294913072
0.23347430261869545,0.8982614294913072
0.23349513551801004,0.8982614294913072
0.23355763421595382,0.8982614294913072
0.23364096581321223,0.8982614294913072
0.2336826316118414,0.8982614294913072
0.2338492948063582,0.8982614294913072
0.2338701277056728,0.8982614294913072
0.23397429220224578,0.8982614294913072
0.23432845149059395,0.8989053444945267
0.23441178308785235,0.8989053444945267
0.23443261598716694,0.8989053444945267
0.23449511468511072,0.8989053444945267
0.2345367804837399,0.8989053444945267
0.2348284410741443,0.8989053444945267
0.23491177267140267,0.8989053444945267
0.23512010166454866,0.8989053444945267
0.23530759775838003,0.8989053444945267
0.23666173621382888,0.8989053444945267
0.23670340201245807,0.8989053444945267
0.23674506781108726,0.8995492594977463
0.23720339159600842,0.8995492594977463
0.2372658902939522,0.8995492594977463
0.237328388991896,0.8995492594977463
0.24066165288223162,0.9001931745009659
0.2407033186808608,0.9001931745009659
0.24076581737880462,0.9001931745009659
0.24101581217057977,0.9001931745009659
0.2410366450698944,0.9001931745009659
0.24128663986166954,0.9001931745009659
0.24130747276098416,0.9001931745009659
0.24134913855961335,0.9001931745009659
0.2416616320493323,0.9001931745009659
0.2416824649486469,0.9001931745009659
0.2417241307472761,0.9001931745009659
0.2417449636465907,0.9001931745009659
0.24211995583425344,0.9001931745009659
0.24226578612945562,0.9001931745009659
0.2423907835253432,0.9001931745009659
0.2427241099143768,0.9001931745009659
0.24284910731026438,0.9001931745009659
0.24286994020957897,0.9001931745009659
0.24291160600820816,0.9001931745009659
0.24297410470615197,0.9001931745009659
0.24299493760546656,0.9001931745009659
0.24305743630341034,0.9001931745009659
0.24318243369929793,0.9001931745009659
0.2434324284910731,0.9001931745009659
0.2434532613903877,0.9001931745009659
0.2435157600883315,0.9001931745009659
0.2435574258869607,0.9001931745009659
0.24397408387325265,0.9001931745009659
0.24403658257119643,0.9001931745009659
0.24407824836982564,0.9001931745009659
0.24409908126914023,0.9001931745009659
0.2441824128663986,0.9001931745009659
0.2444115747588592,0.9001931745009659
0.2444949063561176,0.9001931745009659
0.24453657215474678,0.9001931745009659
0.24461990375200518,0.9001931745009659
0.24720318326701526,0.9008370895041854
0.24726568196495907,0.9008370895041854
0.24736984646153204,0.9008370895041854
0.24741151226016125,0.9008370895041854
0.24745317805879044,0.9008370895041854
0.2479323347430262,0.9008370895041854
0.2479531676423408,0.9008370895041854
0.24811983083685757,0.9008370895041854
0.24818232953480135,0.9008370895041854
0.24824482823274516,0.9008370895041854
0.2485781546217787,0.9008370895041854
0.2485989875210933,0.9008370895041854
0.2487031520176663,0.9008370895041854
0.2487239849169809,0.9008370895041854
0.24899481260807066,0.9008370895041854
0.24922397450053124,0.9008370895041854
0.24926564029916043,0.9008370895041854
0.24930730609778962,0.9008370895041854
0.24936980479573342,0.9008370895041854
0.2494114705943626,0.9008370895041854
0.2494323034936772,0.9008370895041854
0.24970313118476697,0.9008370895041854
0.24970313118476697,0.901481004507405
0.24972396408408157,0.901481004507405
0.24986979437928378,0.901481004507405
0.24991146017791296,0.901481004507405
0.24997395887585674,0.901481004507405
0.2501197891710589,0.901481004507405
0.2501614549696881,0.901481004507405
0.2502031207683173,0.901481004507405
0.25022395366763195,0.901481004507405
0.25028645236557573,0.901481004507405
0.2505989458552947,0.901481004507405
0.2506197787546093,0.901481004507405
0.25084894064706986,0.901481004507405
0.250994770942272,0.901481004507405
0.25103643674090126,0.901481004507405
0.25109893543884504,0.901481004507405
0.2512655986333618,0.901481004507405
0.251307264431991,0.901481004507405
0.2513489302306202,0.901481004507405
0.2514322618278786,0.901481004507405
0.2514530947271932,0.901481004507405
0.2516405908210246,0.901481004507405
0.25172392241828295,0.901481004507405
0.25174475531759755,0.901481004507405
0.2518072540155413,0.901481004507405
0.2518489198141705,0.901481004507405
0.25186975271348516,0.901481004507405
0.2520155830086873,0.901481004507405
0.2520572488073165,0.901481004507405
0.2522239120018333,0.901481004507405
0.2523072435990917,0.901481004507405
0.25234890939772087,0.901481004507405
0.25259890418949604,0.9021249195106246
0.25261973708881064,0.9021249195106246
0.2526614028874398,0.9021249195106246
0.2526822357867544,0.9021249195106246
0.25272390158538366,0.9021249195106246
0.2528697318805858,0.9021249195106246
0.252911397679215,0.9021249195106246
0.2529530634778442,0.9021249195106246
0.253015562175788,0.9021249195106246
0.2530988937730464,0.9021249195106246
0.253119726672361,0.9021249195106246
0.25320305826961936,0.9021249195106246
0.2574321368304827,0.9027688345138442
0.2575154684277411,0.9027688345138442
0.2575363013270557,0.9027688345138442
0.25764046582362865,0.9027688345138442
0.2576821316222579,0.9027688345138442
0.2577446303202017,0.9027688345138442
0.25778629611883086,0.9027688345138442
0.25784879481677464,0.9027688345138442
0.25880710818524616,0.9027688345138442
0.2589737713797629,0.9027688345138442
0.2593695964667403,0.9027688345138442
0.25945292806399867,0.9027688345138442
0.25951542676194245,0.9027688345138442
0.259848753150976,0.9034127495170637
0.25986958605029065,0.9034127495170637
0.259952917647549,0.9034127495170637
0.260265411137268,0.9040566645202833
0.26028624403658257,0.9040566645202833
0.26032790983521176,0.9040566645202833
0.26034874273452635,0.9040566645202833
0.2604320743317848,0.9040566645202833
0.2604529072310994,0.9040566645202833
0.26049457302972856,0.9040566645202833
0.2606404033249307,0.9040566645202833
0.26070290202287455,0.9040566645202833
0.26074456782150374,0.9040566645202833
0.2607862336201329,0.9040566645202833
0.2608487323180767,0.9040566645202833
0.2635153434303452,0.9047005795235029
0.2635361763296598,0.9047005795235029
0.263577842128289,0.9047005795235029
0.26366117372554737,0.9047005795235029
0.2637653382221204,0.9047005795235029
0.26384866981937877,0.9047005795235029
0.26386950271869336,0.9047005795235029
0.26414033040978313,0.9047005795235029
0.2641611633090977,0.9047005795235029
0.2642236620070415,0.9047005795235029
0.2643903252015583,0.9047005795235029
0.2644111581008729,0.9047005795235029
0.2644944896981313,0.9047005795235029
0.26453615549676046,0.9047005795235029
0.2650153121809962,0.9047005795235029
0.2650569779796254,0.9047005795235029
0.2652028082748276,0.9047005795235029
0.2652236411741422,0.9047005795235029
0.26536947146934436,0.9047005795235029
0.265390304368659,0.9047005795235029
0.2654736359659174,0.9047005795235029
0.26559863336180495,0.9047005795235029
0.26576529655632175,0.9047005795235029
0.26580696235495094,0.9047005795235029
0.2658694610528947,0.9047005795235029
0.2659111268515239,0.9047005795235029
0.26595279265015315,0.9047005795235029
0.26597362554946774,0.9047005795235029
0.26895273015145515,0.9053444945267225
0.2689943959500844,0.9053444945267225
0.2690568946480282,0.9053444945267225
0.26909856044665736,0.9053444945267225
0.26911939334597196,0.9053444945267225
0.26916105914460114,0.9053444945267225
0.26918189204391574,0.9053444945267225
0.2694943855336347,0.9053444945267225
0.2695152184329493,0.9053444945267225
0.2703277015062186,0.9053444945267225
0.2704943647007354,0.9053444945267225
0.2705360304993646,0.9053444945267225
0.27061936209662296,0.9053444945267225
0.2706818607945668,0.9053444945267225
0.27080685819045436,0.9053444945267225
0.2711193516801733,0.9053444945267225
0.27120268327743174,0.9053444945267225
0.2712651819753755,0.9053444945267225
0.2713485135726339,0.9053444945267225
0.2714110122705777,0.9053444945267225
0.27143184516989227,0.9053444945267225
0.2714735109685215,0.9053444945267225
0.2714943438678361,0.9053444945267225
0.2715568425657799,0.9053444945267225
0.27172350576029664,0.9053444945267225
0.27184850315618425,0.9053444945267225
0.2721401637465886,0.9053444945267225
0.2721818295452178,0.9053444945267225
0.2722443282431616,0.9053444945267225
0.2738484614903856,0.9053444945267225
0.273931793087644,0.9053444945267225
0.2740567904835316,0.9053444945267225
0.27416095498010457,0.9053444945267225
0.27418178787941916,0.9053444945267225
0.274244286577363,0.9053444945267225
0.2742859523759922,0.9053444945267225
0.27432761817462137,0.9053444945267225
0.27436928397325056,0.9053444945267225
0.27439011687256515,0.9053444945267225
0.27453594716776736,0.9053444945267225
0.27455678006708195,0.9053444945267225
0.27459844586571114,0.9053444945267225
0.2747026103622841,0.9053444945267225
0.2747234432615987,0.9053444945267225
0.2748484406574863,0.9053444945267225
0.2749109393554301,0.9053444945267225
0.27499427095268847,0.9053444945267225
0.27501510385200306,0.9053444945267225
0.2750567696506323,0.9053444945267225
0.2750776025499469,0.9053444945267225
0.27541092893898045,0.9053444945267225
0.27545259473760964,0.9053444945267225
0.27547342763692423,0.9053444945267225
0.2757025895293848,0.9053444945267225
0.2757234224286994,0.9053444945267225
0.27586925272390156,0.9053444945267225
0.2759317514218454,0.9053444945267225
0.27607758171704755,0.9053444945267225
0.2763692423074519,0.9053444945267225
0.2773692214745526,0.9053444945267225
0.2774733859711256,0.9053444945267225
0.2775150517697548,0.9053444945267225
0.2775358846690694,0.9053444945267225
0.277660882064957,0.9053444945267225
0.27772338076290076,0.9053444945267225
0.27776504656152995,0.9053444945267225
0.2778483781587884,0.9053444945267225
0.27791087685673216,0.9053444945267225
0.2782025374471365,0.9053444945267225
0.2782233703464511,0.9053444945267225
0.2782858690443949,0.9053444945267225
0.2783067019437095,0.9053444945267225
0.27859836253411385,0.9053444945267225
0.2786400283327431,0.9053444945267225
0.2786608612320577,0.9053444945267225
0.2787025270306869,0.9053444945267225
0.27880669152725984,0.9053444945267225
0.2788900231245182,0.9053444945267225
0.279160850815608,0.9053444945267225
0.27920251661423723,0.9053444945267225
0.2792441824128664,0.9053444945267225
0.2793066811108102,0.9053444945267225
0.27943167850669776,0.9053444945267225
0.2795150101039562,0.9053444945267225
0.27955667590258537,0.9053444945267225
0.27957750880189997,0.9053444945267225
0.27974417199641677,0.9053444945267225
0.27976500489573136,0.9053444945267225
0.2799108351909335,0.9053444945267225
0.2799733338888773,0.9053444945267225
0.28003583258682113,0.9053444945267225
0.2800774983854503,0.9053444945267225
0.28047332347242765,0.9053444945267225
0.28049415637174224,0.9053444945267225
0.28063998666694445,0.9053444945267225
0.28068165246557364,0.9053444945267225
0.28084831566009044,0.9053444945267225
0.28130663944501155,0.9059884095299421
0.28136913814295533,0.9059884095299421
0.28149413553884295,0.9059884095299421
0.2815774671361013,0.9059884095299421
0.2815983000354159,0.9059884095299421
0.28170246453198894,0.9059884095299421
0.28172329743130353,0.9059884095299421
0.2817857961292473,0.9059884095299421
0.2818066290285619,0.9059884095299421
0.2818482948271911,0.9059884095299421
0.28193162642444947,0.9059884095299421
0.2820357909210225,0.9059884095299421
0.2820774567196517,0.9059884095299421
0.28216078831691005,0.9059884095299421
0.2822441199141685,0.9059884095299421
0.28424407824836984,0.9059884095299421
0.284598237536718,0.9059884095299421
0.28463990333534717,0.9059884095299421
0.28468156913397635,0.9059884095299421
0.28470240203329095,0.9059884095299421
0.2847440678319202,0.9059884095299421
0.28482739942917856,0.9066323245331617
0.28484823232849316,0.9066323245331617
0.28503572842232455,0.9066323245331617
0.2851815587175267,0.9066323245331617
0.2854523864086165,0.9066323245331617
0.28611903918668363,0.9066323245331617
0.286202370783942,0.9066323245331617
0.2862440365825712,0.9066323245331617
0.2862857023812004,0.9066323245331617
0.28632736817982957,0.9066323245331617
0.2864315326764026,0.9066323245331617
0.2864731984750318,0.9066323245331617
0.2866606945688632,0.9066323245331617
0.28670236036749236,0.9066323245331617
0.2870148538572113,0.9072762395363811
0.2870981854544697,0.9072762395363811
0.28718151705172806,0.9072762395363811
0.2873273473469303,0.9072762395363811
0.28745234474281783,0.9072762395363811
0.2874940105414471,0.9072762395363811
0.28759817503802004,0.9072762395363811
0.2876606737359638,0.9072762395363811
0.2876815066352784,0.9072762395363811
0.28776483823253685,0.9072762395363811
0.28778567113185144,0.9072762395363811
0.2878481698297952,0.9072762395363811
0.2878690027291098,0.9072762395363811
0.2879523343263682,0.9072762395363811
0.2879731672256828,0.9079201545396007
0.2880981646215704,0.9079201545396007
0.28828566071540174,0.9079201545396007
0.2883481594133456,0.9079201545396007
0.28843149101060395,0.9079201545396007
0.2888064831982667,0.9079201545396007
0.2888898147955251,0.9079201545396007
0.2889106476948397,0.9079201545396007
0.28903564509072727,0.9079201545396007
0.28911897668798564,0.9079201545396007
0.2891814753859295,0.9079201545396007
0.2893481385804462,0.9079201545396007
0.28941063727839006,0.9079201545396007
0.289514801774963,0.9079201545396007
0.2895356346742776,0.9079201545396007
0.2896397991708506,0.9079201545396007
0.289723130768109,0.9079201545396007
0.2897856294660528,0.9079201545396007
0.289827295264682,0.9079201545396007
0.28993145976125495,0.9079201545396007
0.28995229266056954,0.9079201545396007
0.290035624257828,0.9079201545396007
0.29005645715714257,0.9079201545396007
0.2902022874523447,0.9085640695428203
0.29024395325097396,0.9085640695428203
0.29028561904960315,0.9085640695428203
0.2904314493448053,0.9085640695428203
0.2904731151434345,0.9085640695428203
0.29051478094206373,0.9085640695428203
0.2905564467406929,0.9085640695428203
0.29111893502218705,0.9085640695428203
0.29182725359888334,0.9085640695428203
0.2918689193975125,0.9085640695428203
0.29193141809545636,0.9085640695428203
0.29201474969271474,0.9085640695428203
0.29203558259202933,0.9085640695428203
0.2920980812899731,0.9085640695428203
0.2923272431824337,0.9085640695428203
0.2923480760817483,0.9085640695428203
0.2923897418803775,0.9085640695428203
0.29241057477969207,0.9085640695428203
0.29257723797420887,0.9085640695428203
0.29266056957146724,0.9085640695428203
0.29270223537009643,0.9085640695428203
0.29278556696735486,0.9085640695428203
0.29282723276598405,0.9085640695428203
0.29284806566529864,0.9085640695428203
0.29305639465844463,0.9092079845460399
0.2930772275577592,0.9092079845460399
0.2932022249536468,0.9092079845460399
0.2933688881481636,0.9092079845460399
0.29428553571800586,0.9092079845460399
0.29432720151663505,0.9092079845460399
0.2943897002145789,0.9092079845460399
0.2947646924022416,0.9092079845460399
0.2947855253015562,0.9092079845460399
0.2948271911001854,0.9092079845460399
0.2950146871940168,0.9092079845460399
0.29534801358305035,0.9092079845460399
0.29538967938167954,0.9092079845460399
0.2954313451803087,0.9092079845460399
0.2954730109789379,0.9092079845460399
0.29551467677756715,0.9092079845460399
0.2955980083748255,0.9092079845460399
0.2956396741734547,0.9092079845460399
0.2957230057707131,0.9092079845460399
0.29576467156934233,0.9092079845460399
0.2957855044686569,0.9092079845460399
0.2958271702672861,0.9092079845460399
0.2958480031666007,0.9092079845460399
0.2966396533405554,0.9098518995492595
0.2967854836357576,0.9098518995492595
0.29680631653507217,0.9098518995492595
0.29697297972958897,0.9098518995492595
0.29701464552821816,0.9098518995492595
0.29703547842753275,0.9098518995492595
0.29716047582342037,0.9098518995492595
0.2975146351117685,0.9104958145524791
0.2975354680110831,0.9104958145524791
0.2975771338097123,0.9104958145524791
0.2976187996083415,0.9104958145524791
0.29811878919189183,0.9104958145524791
0.2982021207891502,0.9104958145524791
0.298368783983667,0.9104958145524791
0.2984104497822962,0.9104958145524791
0.29870211037270056,0.9104958145524791
0.29886877356721736,0.9104958145524791
0.2994104289493969,0.9104958145524791
0.2994520947480261,0.9104958145524791
0.29968125664048667,0.9104958145524791
0.29972292243911586,0.9104958145524791
0.299868752734318,0.9104958145524791
0.2998895856336326,0.9104958145524791
0.29993125143226185,0.9104958145524791
0.3000145830295202,0.9104958145524791
0.3001604133247224,0.9104958145524791
0.3002229120226662,0.9104958145524791
0.300493739713756,0.9104958145524791
0.30053540551238517,0.9104958145524791
0.30061873710964354,0.9104958145524791
0.3006812358075873,0.9104958145524791
0.30072290160621656,0.9104958145524791
0.30074373450553116,0.9104958145524791
0.3013478885856545,0.9111397295556987
0.30141038728359826,0.9111397295556987
0.3015353846794858,0.9111397295556987
0.301785379471261,0.9111397295556987
0.3018062123705756,0.9111397295556987
0.301993708464407,0.9111397295556987
0.3020145413637216,0.9111397295556987
0.30251453094727193,0.9111397295556987
0.3025561967459011,0.9111397295556987
0.30266036124247414,0.9111397295556987
0.3027020270411033,0.9111397295556987
0.3028061915376763,0.9111397295556987
0.3028478573363055,0.9111397295556987
0.3029311889335639,0.9111397295556987
0.3029936876315077,0.9111397295556987
0.3030353534301369,0.9117836445589182
0.30305618632945147,0.9117836445589182
0.30316035082602444,0.9117836445589182
0.30324368242328287,0.9117836445589182
0.30332701402054124,0.9117836445589182
0.303389512718485,0.9117836445589182
0.30684777400470825,0.9143593045717965
0.30688943980333744,0.9143593045717965
0.3069936042999104,0.9143593045717965
0.3071394345951126,0.9143593045717965
0.3071602674944272,0.9143593045717965
0.30745192808483157,0.9150032195750161
0.30747276098414617,0.9150032195750161
0.30749359388346076,0.9156471345782357
0.30751442678277535,0.9156471345782357
0.30768108997729215,0.9156471345782357
0.30772275577592134,0.9156471345782357
0.30774358867523594,0.9156471345782357
0.3077852544738651,0.9156471345782357
0.3078060873731797,0.9156471345782357
0.3078894189704381,0.9156471345782357
0.3079727505676965,0.9156471345782357
0.30816024666152786,0.9156471345782357
0.30838940855398844,0.9156471345782357
0.30843107435261763,0.9156471345782357
0.30847274015124687,0.9156471345782357
0.30849357305056146,0.9156471345782357
0.308618570446449,0.9156471345782357
0.3086602362450782,0.9156471345782357
0.3087019020437074,0.9156471345782357
0.30878523364096583,0.9156471345782357
0.3088060665402804,0.9156471345782357
0.30926439032520153,0.9156471345782357
0.3092852232245162,0.9156471345782357
0.30934772192245996,0.9156471345782357
0.30938938772108915,0.9156471345782357
0.30943105351971834,0.9156471345782357
0.3096602154121789,0.9156471345782357
0.3097643799087519,0.9156471345782357
0.3098477115060103,0.9156471345782357
0.3098893773046395,0.9156471345782357
0.3099102102039541,0.9156471345782357
0.3101185391971001,0.9156471345782357
0.31020187079435846,0.9156471345782357
0.31028520239161683,0.9156471345782357
0.3103685339888752,0.9156471345782357
0.3106185287806504,0.9156471345782357
0.3107018603779088,0.9156471345782357
0.3107226932772234,0.9156471345782357
0.3107643590758526,0.9156471345782357
0.3107851919751672,0.9156471345782357
0.31086852357242556,0.9156471345782357
0.31091018937105475,0.9156471345782357
0.3109935209683132,0.9156471345782357
0.31107685256557155,0.9156471345782357
0.31113935126351533,0.9156471345782357
0.31126434865940295,0.9156471345782357
0.31128518155871754,0.9156471345782357
0.3114101789546051,0.9156471345782357
0.3114310118539197,0.9156471345782357
0.3114726776525489,0.9156471345782357
0.31149351055186353,0.9156471345782357
0.31193100143747005,0.9156471345782357
0.31195183433678464,0.9156471345782357
0.3124934897189642,0.9156471345782357
0.31257682131622255,0.9156471345782357
0.3126809858127956,0.9156471345782357
0.31270181871211017,0.9156471345782357
0.31276431741005395,0.9156471345782357
0.31280598320868314,0.9156471345782357
0.31282681610799773,0.9156471345782357
0.3133059727922335,0.9156471345782357
0.3134934688860649,0.9156471345782357
0.31357680048332326,0.9156471345782357
0.31359763338263785,0.9156471345782357
0.3137017978792109,0.9156471345782357
0.3140351242682444,0.9156471345782357
0.314160121664132,0.9156471345782357
0.3142017874627612,0.9156471345782357
0.3143267848586488,0.9156471345782357
0.314368450657278,0.9156471345782357
0.3147642757442553,0.9156471345782357
0.3149101060394575,0.9156471345782357
0.31528509822712025,0.9156471345782357
0.3162017457969626,0.9162910495814552
0.31626424449490637,0.9162910495814552
0.3174933855544676,0.9175788795878944
0.3176183829503552,0.9175788795878944
0.3177225474469282,0.9175788795878944
0.3179308764400742,0.9175788795878944
0.31797254223870336,0.9175788795878944
0.3184725318222537,0.918222794591114
0.3185350305201975,0.918222794591114
0.31863919501677046,0.918222794591114
0.3187016937147143,0.918222794591114
0.3187225266140289,0.918222794591114
0.31880585821128726,0.918222794591114
0.31882669111060186,0.918222794591114
0.3269306889439803,0.918222794591114
0.32695152184329496,0.918222794591114
0.32699318764192414,0.918222794591114
0.3274931772254745,0.918222794591114
0.32784733651382264,0.918222794591114
0.3279098352117664,0.918222794591114
0.327930668111081,0.918222794591114
0.3283681589966876,0.918222794591114
0.32845149059394596,0.918222794591114
0.32847232349326055,0.918222794591114
0.32865981958709195,0.9188667095943336
0.32870148538572114,0.9188667095943336
0.3287431511843503,0.9188667095943336
0.3288681485802379,0.9188667095943336
0.3298681277473386,0.9195106245975532
0.3298889606466532,0.9195106245975532
0.3299931251432262,0.9195106245975532
0.3300347909418554,0.9195106245975532
0.33011812253911377,0.9195106245975532
0.33036811733088894,0.9201545396007726
0.33038895023020354,0.9201545396007726
0.3304514489281473,0.9201545396007726
0.33053478052540575,0.9201545396007726
0.33057644632403493,0.9201545396007726
0.3305972792233495,0.9201545396007726
0.3306389450219787,0.9201545396007726
0.3307222766192371,0.9201545396007726
0.3307431095185517,0.9201545396007726
0.33101393720964145,0.9201545396007726
0.33105560300827064,0.9201545396007726
0.3310972688068999,0.9201545396007726
0.33113893460552907,0.9201545396007726
0.33120143330347285,0.9201545396007726
0.3312847649007312,0.9201545396007726
0.33136809649798965,0.9201545396007726
0.33140976229661884,0.9201545396007726
0.3315139267931918,0.9201545396007726
0.331763921584967,0.9207984546039922
0.3321597466719443,0.9207984546039922
0.3376804649903127,0.922730199613651
0.3377221307889419,0.922730199613651
0.3377846294868857,0.922730199613651
0.3378679610841441,0.922730199613651
0.3380346242786609,0.922730199613651
0.33805545717797547,0.922730199613651
0.33811795587591925,0.922730199613651
0.33815962167454844,0.922730199613651
0.3382221203724922,0.922730199613651
0.33826378617112146,0.922730199613651
0.33830545196975065,0.922730199613651
0.33836795066769443,0.922730199613651
0.3384096164663236,0.922730199613651
0.338492948063582,0.922730199613651
0.3413887210683111,0.9233741146168706
0.34145121976625487,0.9233741146168706
0.3415970500614571,0.9233741146168706
0.34161788296077167,0.9233741146168706
0.34588862732026415,0.9233741146168706
0.34590946021957875,0.9233741146168706
0.3459719589175225,0.9233741146168706
0.3459927918168372,0.9233741146168706
0.34607612341409555,0.9233741146168706
0.34611778921272474,0.9233741146168706
0.3461594550113539,0.9233741146168706
0.3462011208099831,0.9233741146168706
0.34630528530655613,0.9233741146168706
0.3463261182058707,0.9233741146168706
0.3463886169038145,0.9233741146168706
0.3464719485010729,0.9233741146168706
0.34651361429970207,0.9233741146168706
0.34653444719901666,0.9233741146168706
0.3465969458969605,0.9233741146168706
0.3466177787962751,0.9233741146168706
0.34670111039353346,0.9233741146168706
0.347034436782567,0.9233741146168706
0.3473885960709152,0.9240180296200902
0.3474094289702298,0.9240180296200902
0.3474927605674882,0.9240180296200902
0.34757609216474655,0.9240180296200902
0.34951355180100413,0.9246619446233098
0.3495343847003187,0.9246619446233098
0.34968021499552093,0.9246619446233098
0.3497010478948355,0.9246619446233098
0.3498885439886669,0.9246619446233098
0.3499093768879815,0.9246619446233098
0.3499510426866107,0.9246619446233098
0.3503885335722172,0.9253058596265293
0.35047186516947565,0.9253058596265293
0.3510343534509698,0.9253058596265293
0.3510551863502844,0.9253058596265293
0.35130518114205955,0.9253058596265293
0.3533676381742047,0.9253058596265293
0.3534718026707777,0.9253058596265293
0.3535343013687215,0.9253058596265293
0.3535968000666653,0.9253058596265293
0.3537426303618675,0.9253058596265293
0.3537634632611821,0.9253058596265293
0.35382596195912586,0.9253058596265293
0.3547842753275973,0.9253058596265293
0.35482594112622656,0.9253058596265293
0.35493010562279953,0.9253058596265293
0.3549509385221141,0.9253058596265293
0.3549926043207433,0.9253058596265293
0.3550134372200579,0.9253058596265293
0.35547176100497907,0.9253058596265293
0.35549259390429366,0.9253058596265293
0.3556384241994958,0.9253058596265293
0.35568008999812506,0.9253058596265293
0.35576342159538343,0.9253058596265293
0.35632590987687757,0.9253058596265293
0.35638840857482135,0.9253058596265293
0.3564717401720797,0.9253058596265293
0.35661757046728193,0.9253058596265293
0.3566800691652257,0.9253058596265293
0.3567009020645403,0.9253058596265293
0.35676340076248414,0.9253058596265293
0.3568050665611133,0.9253058596265293
0.3569300639570009,0.9253058596265293
0.3569717297556301,0.9253058596265293
0.35701339555425926,0.9253058596265293
0.3581592050165622,0.9253058596265293
0.35822170371450596,0.9253058596265293
0.35843003270765195,0.9253058596265293
0.3585341972042249,0.9253058596265293
0.3586175288014833,0.9253058596265293
0.3595341763713256,0.9253058596265293
0.35970083956584237,0.9253058596265293
0.35982583696173,0.9253058596265293
0.36007583175350516,0.9253058596265293
0.36011749755213435,0.9253058596265293
0.3602008291493927,0.9253058596265293
0.3602424949480219,0.9253058596265293
0.3603049936459657,0.9253058596265293
0.3604299910418533,0.9253058596265293
0.3604508239411679,0.9253058596265293
0.36055498843774086,0.9253058596265293
0.3606383200349993,0.9253058596265293
0.3607008187329431,0.9253058596265293
0.36095081352471825,0.9253058596265293
0.36097164642403284,0.9253058596265293
0.3611591425178642,0.9253058596265293
0.36117997541717883,0.9253058596265293
0.3612633070144372,0.9253058596265293
0.3613049728130664,0.9253058596265293
0.36142997020895395,0.9253058596265293
0.3614508031082686,0.9253058596265293
0.36161746630278535,0.9253058596265293
0.3617216307993584,0.9253058596265293
0.36174246369867297,0.9253058596265293
0.36180496239661675,0.9253058596265293
0.36184662819524593,0.9253058596265293
0.3619299597925043,0.9253058596265293
0.3619507926918189,0.9253058596265293
0.36203412428907733,0.9253058596265293
0.3620549571883919,0.9253058596265293
0.36222162038290867,0.9253058596265293
0.36226328618153786,0.9253058596265293
0.3623257848794817,0.9253058596265293
0.3623882835774255,0.9253058596265293
0.36242994937605466,0.9253058596265293
0.3629716047582342,0.9253058596265293
0.3629924376575488,0.9253058596265293
0.363034103456178,0.9253058596265293
0.36309660215412176,0.9253058596265293
0.3631174350534364,0.9253058596265293
0.3631591008520656,0.9253058596265293
0.3632215995500094,0.9253058596265293
0.36328409824795316,0.9253058596265293
0.3634090956438408,0.9253058596265293
0.36342992854315537,0.9253058596265293
0.36347159434178455,0.9253058596265293
0.3635757588383575,0.9253058596265293
0.36370075623424514,0.9259497746297489
0.36372158913355973,0.9259497746297489
0.3637632549321889,0.9259497746297489
0.3638257536301327,0.9259497746297489
0.3638882523280765,0.9259497746297489
0.36390908522739107,0.9259497746297489
0.3639507510260203,0.9259497746297489
0.3642424116164247,0.9259497746297489
0.36428407741505386,0.9259497746297489
0.36438824191162683,0.9259497746297489
0.3644090748109414,0.9259497746297489
0.36449240640819985,0.9259497746297489
0.3646799025020312,0.9259497746297489
0.3647007354013458,0.9259497746297489
0.3654507197766713,0.9265936896329684
0.3655132184746151,0.9265936896329684
0.3656382158705027,0.9265936896329684
0.3657215474677611,0.9265936896329684
0.36595070936022167,0.9265936896329684
0.36603404095748004,0.9265936896329684
0.36607570675610923,0.9265936896329684
0.3661173725547384,0.9265936896329684
0.36622153705131144,0.9265936896329684
0.366346534447199,0.9265936896329684
0.3663882002458282,0.9265936896329684
0.366450698943772,0.9265936896329684
0.3678048373992209,0.9265936896329684
0.36782567029853547,0.9265936896329684
0.3679923334930522,0.9265936896329684
0.36807566509031064,0.9265936896329684
0.368158996687569,0.9265936896329684
0.3682006624861982,0.9265936896329684
0.3682423282848274,0.9265936896329684
0.3684089914793442,0.9265936896329684
0.3684298243786588,0.9265936896329684
0.36895064686152373,0.9265936896329684
0.3690339784587821,0.9265936896329684
0.3690756442574113,0.9265936896329684
0.3690964771567259,0.9265936896329684
0.3692006416532989,0.9265936896329684
0.3692839732505573,0.9265936896329684
0.36932563904918647,0.9265936896329684
0.36963813253890543,0.9265936896329684
0.3697006312368492,0.9265936896329684
0.36974229703547845,0.9265936896329684
0.36978396283410764,0.9265936896329684
0.3698256286327368,0.9265936896329684
0.369867294431366,0.9265936896329684
0.3699297931293098,0.927237604636188
0.3700131247265682,0.927237604636188
0.3701589550217704,0.927237604636188
0.3701589550217704,0.9278815196394076
0.37022145371971416,0.9278815196394076
0.37059644590737695,0.9278815196394076
0.37063811170600613,0.9278815196394076
0.3708881064977813,0.9285254346426272
0.3709089393970959,0.9285254346426272
0.37103393679298347,0.9285254346426272
0.37107560259161265,0.9285254346426272
0.37109643549092725,0.9285254346426272
0.3711381012895565,0.9285254346426272
0.3711589341888711,0.9285254346426272
0.37128393158475864,0.9285254346426272
0.37132559738338783,0.9285254346426272
0.3713464302827024,0.9285254346426272
0.3715547592758484,0.9285254346426272
0.37165892377242143,0.9285254346426272
0.3717214224703652,0.9285254346426272
0.3718464198662528,0.9285254346426272
0.3719505843628258,0.9285254346426272
0.371992250161455,0.9285254346426272
0.37203391596008417,0.9285254346426272
0.37211724755734255,0.9285254346426272
0.37215891335597173,0.9285254346426272
0.37224224495323016,0.9285254346426272
0.37228391075185935,0.9285254346426272
0.37232557655048854,0.9285254346426272
0.3724089081477469,0.9285254346426272
0.3725339055436345,0.9285254346426272
0.3725755713422637,0.9285254346426272
0.3732422241203308,0.9285254346426272
0.37328388991896,0.9285254346426272
0.37336722151621843,0.9285254346426272
0.3734088873148476,0.9285254346426272
0.3734713860127914,0.9285254346426272
0.373492218912106,0.9285254346426272
0.3736172163079936,0.9285254346426272
0.3736588821066228,0.9285254346426272
0.37392970979771256,0.9291693496458467
0.37395054269702716,0.9291693496458467
0.3740547071936001,0.9291693496458467
0.3740963729922293,0.9291693496458467
0.37413803879085855,0.9291693496458467
0.3742213703881169,0.9291693496458467
0.3742422032874315,0.9291693496458467
0.3743047019853753,0.9291693496458467
0.3743255348846899,0.9291693496458467
0.3743672006833191,0.9291693496458467
0.37440886648194827,0.9291693496458467
0.3744921980792067,0.9291693496458467
0.3745546967771505,0.9291693496458467
0.37467969417303804,0.9291693496458467
0.3747005270723527,0.9291693496458467
0.37486719026686943,0.9291693496458467
0.374888023166184,0.9291693496458467
0.3749296889648132,0.9291693496458467
0.37499218766275705,0.9291693496458467
0.3750755192600154,0.9291693496458467
0.3751380179579592,0.9291693496458467
0.3751796837565884,0.9291693496458467
0.3752630153538468,0.9291693496458467
0.375408845649049,0.9291693496458467
0.37549217724630735,0.9291693496458467
0.3759088352325993,0.9291693496458467
0.3759505010312285,0.9291693496458467
0.3760963313264307,0.9291693496458467
0.3761588300243745,0.9291693496458467
0.3762213287223183,0.9291693496458467
0.37626299452094747,0.9291693496458467
0.37642965771546427,0.9291693496458467
0.37645049061477887,0.9291693496458467
0.37651298931272265,0.9291693496458467
0.376596320909981,0.9291693496458467
0.37663798670861026,0.9291693496458467
0.37674215120518323,0.9291693496458467
0.3767838170038124,0.9291693496458467
0.3768463157017562,0.9291693496458467
0.3768879815003854,0.9291693496458467
0.3769921459969584,0.9291693496458467
0.377012978896273,0.9291693496458467
0.37711714339284597,0.9291693496458467
0.3772004749901044,0.9291693496458467
0.3772421407887336,0.9291693496458467
0.3772629736880482,0.9291693496458467
0.37740880398325033,0.9291693496458467
0.3778462948688569,0.9291693496458467
0.3780546238620029,0.9291693496458467
0.3780754567613175,0.9291693496458467
0.37815878835857586,0.9291693496458467
0.3782629528551488,0.9291693496458467
0.37832545155309266,0.9291693496458467
0.37836711735172185,0.9291693496458467
0.3784712818482948,0.9291693496458467
0.37855461344555325,0.9291693496458467
0.37880460823732837,0.9291693496458467
0.3788879398345868,0.9291693496458467
0.3789087727339014,0.9291693496458467
0.38007541509551884,0.9291693496458467
0.38011708089414803,0.9291693496458467
0.3801379137934626,0.9291693496458467
0.380325409887294,0.9291693496458467
0.3803670756859232,0.9291693496458467
0.3803670756859232,0.9298132646490663
0.38053373888044,0.9298132646490663
0.3805754046790692,0.9298132646490663
0.3806170704776984,0.9298132646490663
0.38074206787358594,0.9298132646490663
0.3807629007729006,0.9304571796522859
0.38086706526947356,0.9304571796522859
0.3809920626653611,0.9304571796522859
0.38107539426261955,0.9304571796522859
0.38111706006124874,0.9304571796522859
0.3813670548530239,0.9304571796522859
0.3825128643153268,0.9317450096587251
0.38253369721464137,0.9317450096587251
0.38261702881189974,0.9317450096587251
0.38276285910710195,0.9317450096587251
0.38280452490573114,0.9317450096587251
0.3828670236036749,0.9317450096587251
0.3828878565029895,0.9317450096587251
0.38320034999270847,0.9317450096587251
0.3832836815899669,0.9317450096587251
0.38345034478448364,0.9317450096587251
0.3835128434824274,0.9317450096587251
0.38363784087831504,0.9317450096587251
0.3836795066769442,0.9317450096587251
0.3837211724755734,0.9317450096587251
0.3837628382742026,0.9317450096587251
0.3839086685694048,0.9317450096587251
0.3839920001666632,0.9317450096587251
0.3841169975625508,0.9317450096587251
0.38415866336118,0.9317450096587251
0.38505447803170767,0.9317450096587251
0.38509614383033686,0.9317450096587251
0.38524197412553907,0.9317450096587251
0.38526280702485366,0.9317450096587251
0.38599195850086454,0.9317450096587251
0.3864086164871565,0.9317450096587251
0.3864502822857857,0.9317450096587251
0.3865336138830441,0.9317450096587251
0.3865544467823587,0.9317450096587251
0.3866377783796171,0.9317450096587251
0.3866794441782463,0.9317450096587251
0.38674194287619007,0.9317450096587251
0.38678360867481926,0.9317450096587251
0.3868669402720777,0.9317450096587251
0.3868877731713923,0.9317450096587251
0.38765859044603235,0.9317450096587251
0.3877002562446616,0.9317450096587251
0.38776275494260537,0.9317450096587251
0.38778358784191996,0.9317450096587251
0.38797108393575136,0.9317450096587251
0.3882835774254703,0.9323889246619447
0.3883669090227287,0.9323889246619447
0.38845024061998706,0.9323889246619447
0.3885335722172455,0.9323889246619447
0.3885960709151893,0.9323889246619447
0.39097102143705337,0.9330328396651641
0.3910543530343118,0.9330328396651641
0.3910751859336264,0.9330328396651641
0.39117935043019936,0.9330328396651641
0.391304347826087,0.9330328396651641
0.3918043374096373,0.9330328396651641
0.3918251703089519,0.9330328396651641
0.3918668361075811,0.9330328396651641
0.3918876690068957,0.9330328396651641
0.3919501677048395,0.9330328396651641
0.3919501677048395,0.9336767546683837
0.3919710006041541,0.9336767546683837
0.39205433220141245,0.9336767546683837
0.3920959980000417,0.9336767546683837
0.3921376637986709,0.9336767546683837
0.39240849148976065,0.9343206696716033
0.3925126559863336,0.9343206696716033
0.3925334888856482,0.9343206696716033
0.3926168204829066,0.9343206696716033
0.39324180746234455,0.9343206696716033
0.3934293035561759,0.9343206696716033
0.3934918022541197,0.9343206696716033
0.3935334680527489,0.9343206696716033
0.3936167996500073,0.9343206696716033
0.3936584654486365,0.9343206696716033
0.39372096414658025,0.9343206696716033
0.3937626299452095,0.9343206696716033
0.39390846024041165,0.9343206696716033
0.39399179183767,0.9343206696716033
0.39405429053561386,0.9343206696716033
0.39409595633424305,0.9343206696716033
0.39411678923355764,0.9343206696716033
0.3941584550321868,0.9343206696716033
0.3941792879315014,0.9343206696716033
0.3942209537301306,0.9343206696716033
0.394616778817108,0.9343206696716033
0.39490843940751236,0.9343206696716033
0.39497093810545614,0.9343206696716033
0.3950126039040853,0.9343206696716033
0.3950334368033999,0.9343206696716033
0.3950751026020291,0.9343206696716033
0.39513760129997294,0.9343206696716033
0.39536676319243347,0.9343206696716033
0.39538759609174806,0.9343206696716033
0.3954292618903773,0.9343206696716033
0.3954500947896919,0.9343206696716033
0.3954917605883211,0.9343206696716033
0.39553342638695027,0.9343206696716033
0.39576258827941085,0.9343206696716033
0.39580425407804004,0.9343206696716033
0.3958459198766692,0.9343206696716033
0.39595008437324225,0.9343206696716033
0.3960334159705006,0.9343206696716033
0.3960750817691298,0.9343206696716033
0.3961375804670736,0.9343206696716033
0.3962417449636466,0.9343206696716033
0.3962834107622758,0.9343206696716033
0.396325076560905,0.9343206696716033
0.3970958938355451,0.9343206696716033
0.3975958834190954,0.9343206696716033
0.39761671631841006,0.9343206696716033
0.39765838211703924,0.9343206696716033
0.39767921501635384,0.9343206696716033
0.397720880814983,0.9343206696716033
0.3977833795129268,0.9343206696716033
0.3978042124122414,0.9343206696716033
0.3983875335930501,0.9343206696716033
0.39845003229099396,0.9343206696716033
0.39849169808962315,0.9343206696716033
0.39855419678756693,0.9343206696716033
0.3986375283848253,0.9343206696716033
0.3986791941834545,0.9343206696716033
0.39872085998208373,0.9343206696716033
0.3987416928813983,0.9343206696716033
0.3988250244786567,0.9343206696716033
0.3988666902772859,0.9343206696716033
0.39895002187454426,0.9343206696716033
0.39922084956563403,0.9343206696716033
0.3992416824649486,0.9343206696716033
0.39936667986083624,0.9343206696716033
0.3994083456594654,0.9343206696716033
0.39942917855878,0.9343206696716033
0.3994708443574092,0.9343206696716033
0.39955417595466763,0.9343206696716033
0.3995958417532968,0.9343206696716033
0.3996166746526114,0.9343206696716033
0.3996583404512406,0.9343206696716033
0.3996791733505552,0.9343206696716033
0.39980417074644276,0.9343206696716033
0.3998250036457574,0.9343206696716033
0.39999166684027415,0.9343206696716033
0.40005416553821793,0.9343206696716033
0.4003041603299931,0.9343206696716033
0.40038749192725154,0.9343206696716033
0.4005333222224537,0.9343206696716033
0.4005749880210829,0.9343206696716033
0.40059582092039747,0.9343206696716033
0.4023874502614529,0.9343206696716033
0.4024499489593967,0.9343206696716033
0.40251244765734046,0.9343206696716033
0.40288743984500325,0.9343206696716033
0.4030332701402054,0.9343206696716033
0.40351242682444116,0.9343206696716033
0.40355409262307035,0.9343206696716033
0.40361659132101413,0.9343206696716033
0.40372075581758715,0.9343206696716033
0.40376242161621634,0.9343206696716033
0.4038874190121039,0.9343206696716033
0.4039290848107331,0.9343206696716033
0.4040332493073061,0.9343206696716033
0.4041165809045645,0.9343206696716033
0.40415824670319367,0.9343206696716033
0.40419991250182286,0.9343206696716033
0.4042415783004521,0.9343206696716033
0.4043040769983959,0.9343206696716033
0.40438740859565425,0.9343206696716033
0.4050957271723506,0.9343206696716033
0.4051582258702944,0.9343206696716033
0.40522072456823816,0.9343206696716033
0.40528322326618194,0.9343206696716033
0.40544988646069874,0.9343206696716033
0.4056790483531593,0.9343206696716033
0.4057207141517885,0.9343206696716033
0.40622070373533886,0.9343206696716033
0.4066373617216308,0.9343206696716033
0.40778317118393365,0.9343206696716033
0.40780400408324824,0.9343206696716033
0.4078456698818775,0.9343206696716033
0.40790816857982126,0.9343206696716033
0.40794983437845045,0.9343206696716033
0.4086581529551468,0.9343206696716033
0.40884564904897813,0.9343206696716033
0.4088664819482927,0.9343206696716033
0.40892898064623656,0.9343206696716033
0.4099081269140226,0.9349645846748229
0.410095623007854,0.9349645846748229
0.4101164559071686,0.9349645846748229
0.4101581217057978,0.9349645846748229
0.4101789546051124,0.9349645846748229
0.4102206204037416,0.9349645846748229
0.41028311910168536,0.9349645846748229
0.410303952001,0.9349645846748229
0.4103456177996292,0.9349645846748229
0.410408116497573,0.9349645846748229
0.41049144809483135,0.9349645846748229
0.41059561259140437,0.9349645846748229
0.41063727839003356,0.9349645846748229
0.4107414428866065,0.9349645846748229
0.4107831086852357,0.9349645846748229
0.41086644028249414,0.9349645846748229
0.41088727318180873,0.9349645846748229
0.4109497718797525,0.9349645846748229
0.4109706047790671,0.9349645846748229
0.4110539363763255,0.9349645846748229
0.41111643507426926,0.9349645846748229
0.41126226536947147,0.9349645846748229
0.41128309826878606,0.9349645846748229
0.41134559696672984,0.9349645846748229
0.4114080956646737,0.9349645846748229
0.41149142726193205,0.9349645846748229
0.41151226016124665,0.9349645846748229
0.41172058915439264,0.9349645846748229
0.41174142205370723,0.9349645846748229
0.41215808003999915,0.9349645846748229
0.4122414116372576,0.9349645846748229
0.4122622445365722,0.9349645846748229
0.41238724193245974,0.9349645846748229
0.4124497406304035,0.9349645846748229
0.41251223932834735,0.9349645846748229
0.41253307222766195,0.9349645846748229
0.41257473802629113,0.9349645846748229
0.4126789025228641,0.9349645846748229
0.4127205683214933,0.9349645846748229
0.4127622341201225,0.9349645846748229
0.4128038999187517,0.9349645846748229
0.4129080644153247,0.9349645846748229
0.41294973021395387,0.9349645846748229
0.41301222891189765,0.9349645846748229
0.413303889502302,0.9349645846748229
0.41334555530093126,0.9349645846748229
0.4134497197975042,0.9349645846748229
0.4134705526968188,0.9349645846748229
0.4135538842940772,0.9349645846748229
0.4135955500927064,0.9349645846748229
0.4136580487906502,0.9349645846748229
0.4136788816899648,0.9349645846748229
0.41384554488448155,0.9349645846748229
0.41397054228036917,0.9356084996780425
0.41401220807899836,0.9356084996780425
0.4141372054748859,0.9356084996780425
0.41417887127351516,0.9356084996780425
0.41419970417282975,0.9356084996780425
0.41424136997145894,0.9356084996780425
0.4143663673673465,0.9356084996780425
0.41509551884335744,0.9356084996780425
0.4152621820378742,0.9356084996780425
0.415324680735818,0.9356084996780425
0.4153871794337618,0.9356084996780425
0.415428845232391,0.9356084996780425
0.4154496781317056,0.9356084996780425
0.4179496260494573,0.9362524146812621
0.4180954563446595,0.9362524146812621
0.4181371221432887,0.9362524146812621
0.41822045374054706,0.9368963296844817
0.41826211953917625,0.9368963296844817
0.4183037853378055,0.9368963296844817
0.41836628403574927,0.9368963296844817
0.41849128143163683,0.9368963296844817
0.418532947230266,0.9368963296844817
0.4185537801295806,0.9368963296844817
0.4186787775254682,0.9368963296844817
0.4187204433240974,0.9368963296844817
0.4187621091227266,0.9368963296844817
0.4189079394179288,0.9368963296844817
0.4189912710151872,0.9368963296844817
0.4191371013103894,0.9368963296844817
0.4191996000083332,0.9368963296844817
0.41924126580696236,0.9368963296844817
0.41928293160559155,0.9368963296844817
0.41930376450490614,0.9368963296844817
0.4193870961021645,0.9368963296844817
0.41944959480010835,0.9368963296844817
0.4201995791754338,0.9368963296844817
0.42024124497406307,0.9368963296844817
0.42026207787337766,0.9368963296844817
0.42197037561717465,0.9368963296844817
0.42201204141580384,0.9368963296844817
0.42222037040894983,0.9368963296844817
0.422262036207579,0.9368963296844817
0.4223453678048374,0.9368963296844817
0.4223870336034666,0.9368963296844817
0.4224495323014104,0.9368963296844817
0.4225328638986688,0.9368963296844817
0.42261619549592716,0.9368963296844817
0.42263702839524175,0.9368963296844817
0.4227203599925002,0.9368963296844817
0.42303285348221914,0.9368963296844817
0.4230953521801629,0.9368963296844817
0.4231995166767359,0.9368963296844817
0.4247828170246453,0.9368963296844817
0.4248453157225891,0.9368963296844817
0.4248661486219037,0.9368963296844817
0.42492864731984753,0.9368963296844817
0.4249703131184767,0.9368963296844817
0.42511614341367887,0.9368963296844817
0.42515780921230806,0.9368963296844817
0.42517864211162265,0.9368963296844817
0.4258661277890044,0.9368963296844817
0.425886960688319,0.9368963296844817
0.4259286264869482,0.9368963296844817
0.4263036186746109,0.9368963296844817
0.42642861607049853,0.9368963296844817
0.4264702818691277,0.9368963296844817
0.4264911147684423,0.9368963296844817
0.4265536134663861,0.9368963296844817
0.4266577779629591,0.9368963296844817
0.4267202766609029,0.9368963296844817
0.4267619424595321,0.9368963296844817
0.42682444115747586,0.9368963296844817
0.42699110435199267,0.9368963296844817
0.42701193725130726,0.9368963296844817
0.42705360304993645,0.9368963296844817
0.4271369346471949,0.9368963296844817
0.42728276494239703,0.9375402446877013
0.4273035978417116,0.9375402446877013
0.427595258432116,0.9375402446877013
0.42811608091498093,0.9375402446877013
0.4281577467136101,0.9375402446877013
0.42828274410949774,0.9375402446877013
0.42830357700881233,0.9375402446877013
0.4283452428074415,0.9375402446877013
0.4284077415053853,0.9375402446877013
0.4285327389012729,0.9375402446877013
0.4285744046999021,0.9375402446877013
0.4286160704985313,0.9375402446877013
0.4286577362971605,0.9375402446877013
0.42872023499510425,0.9375402446877013
0.42874106789441885,0.9375402446877013
0.4288035665923627,0.9375402446877013
0.42884523239099187,0.9375402446877013
0.42890773108893565,0.9375402446877013
0.42894939688756484,0.9381841596909208
0.42897022978687943,0.9381841596909208
0.4290118955855086,0.9381841596909208
0.42913689298139623,0.9381841596909208
0.4291577258807108,0.9381841596909208
0.4318035040936647,0.9381841596909208
0.43184516989229393,0.9381841596909208
0.4318868356909231,0.9381841596909208
0.4319493343888669,0.9381841596909208
0.4320118330868107,0.9381841596909208
0.43209516468406906,0.9381841596909208
0.4321368304826983,0.9381841596909208
0.43224099497927126,0.9381841596909208
0.43232432657652964,0.9381841596909208
0.43240765817378807,0.9381841596909208
0.43244932397241725,0.9381841596909208
0.43253265556967563,0.9381841596909208
0.43311597675048435,0.9381841596909208
0.43315764254911354,0.9381841596909208
0.4334701360388325,0.9381841596909208
0.43351180183746174,0.9381841596909208
0.43353263473677633,0.9381841596909208
0.4336159663340347,0.9381841596909208
0.4336367992333493,0.9381841596909208
0.4336784650319785,0.9381841596909208
0.43390762692443907,0.9381841596909208
0.43399095852169745,0.9381841596909208
0.43401179142101204,0.9381841596909208
0.43409512301827047,0.9381841596909208
0.43415762171621425,0.9381841596909208
0.43417845461552884,0.9381841596909208
0.43434511781004564,0.9381841596909208
0.43476177579633757,0.9381841596909208
0.43524093248057333,0.9381841596909208
0.44042832440990815,0.9381841596909208
0.4406158205037395,0.9381841596909208
0.4407199850003125,0.9381841596909208
0.4407408178996271,0.9381841596909208
0.4408241494968855,0.9381841596909208
0.44084498239620007,0.9381841596909208
0.44109497718797525,0.9381841596909208
0.44113664298660443,0.9381841596909208
0.44128247328180664,0.9381841596909208
0.44132413908043583,0.9381841596909208
0.4413866377783796,0.9381841596909208
0.4414074706776942,0.9381841596909208
0.4414491364763234,0.9381841596909208
0.441469969375638,0.9381841596909208
0.4415116351742672,0.9381841596909208
0.4415533009728964,0.9381841596909208
0.4416157996708402,0.9381841596909208
0.4416574654694694,0.9381841596909208
0.44174079706672775,0.9381841596909208
0.4418449615633008,0.9381841596909208
0.44188662736192996,0.9381841596909208
0.4420324576571321,0.9381841596909208
0.44205329055644677,0.9381841596909208
0.44211578925439055,0.9381841596909208
0.44215745505301973,0.9381841596909208
0.4426157788379409,0.9381841596909208
0.4426366117372555,0.9381841596909208
0.44296993812628904,0.9381841596909208
0.44301160392491823,0.9381841596909208
0.4430532697235474,0.9381841596909208
0.4430949355221766,0.9381841596909208
0.4431366013208058,0.9381841596909208
0.44317826711943503,0.9381841596909208
0.4432407658173788,0.9381841596909208
0.4432615987166934,0.9381841596909208
0.4433657632132664,0.9381841596909208
0.44340742901189556,0.9381841596909208
0.44355325930709777,0.9381841596909208
0.44371992250161457,0.9381841596909208
0.4439490843940751,0.9381841596909208
0.4441990791858503,0.9381841596909208
0.4442615778837941,0.9381841596909208
0.4443032436824233,0.9381841596909208
0.4443657423803671,0.9381841596909208
0.445199058352951,0.9388280746941404
0.44524072415158017,0.9388280746941404
0.44528238995020936,0.9388280746941404
0.44532405574883854,0.9388280746941404
0.445407387346097,0.9388280746941404
0.44551155184266994,0.9388280746941404
0.4455948834399283,0.9388280746941404
0.4456157163392429,0.9388280746941404
0.4457407137351305,0.9388280746941404
0.4457615466344451,0.9388280746941404
0.4458865440303327,0.9388280746941404
0.4459282098289619,0.9388280746941404
0.4460115414262203,0.9388280746941404
0.4460532072248495,0.9388280746941404
0.4460740401241641,0.9388280746941404
0.44611570592279326,0.9388280746941404
0.44632403491593925,0.9388280746941404
0.4468865231974334,0.9388280746941404
0.446907356096748,0.9388280746941404
0.44717818378783775,0.9388280746941404
0.4472615153850961,0.9388280746941404
0.44732401408303996,0.9388280746941404
0.4475323430761859,0.9388280746941404
0.4476365075727589,0.9388280746941404
0.4477615049686465,0.9388280746941404
0.4479073352638487,0.9388280746941404
0.4479281681631633,0.9388280746941404
0.44801149976042165,0.9388280746941404
0.4481156642569947,0.9388280746941404
0.4482614945521968,0.9388280746941404
0.4482823274515114,0.9388280746941404
0.4483448261494552,0.9388280746941404
0.4483656590487698,0.9388280746941404
0.4489489802295786,0.9388280746941404
0.45049061477885877,0.9388280746941404
0.45057394637611714,0.9388280746941404
0.4505947792754318,0.9388280746941404
0.450636445074061,0.9388280746941404
0.45071977667131935,0.9388280746941404
0.45074060957063394,0.9388280746941404
0.4508031082685777,0.9388280746941404
0.4509697714630945,0.9388280746941404
0.4509906043624091,0.9388280746941404
0.4510739359596675,0.9388280746941404
0.4510947688589821,0.9388280746941404
0.4511989333555551,0.9388280746941404
0.45136559655007186,0.9388280746941404
0.45140726234870104,0.9388280746941404
0.45153225974458866,0.9388280746941404
0.45161559134184703,0.9388280746941404
0.4516364242411616,0.9388280746941404
0.4522614112205996,0.9388280746941404
0.45246974021374553,0.9388280746941404
0.4524905731130601,0.9388280746941404
0.4526572363075769,0.9388280746941404
0.4527197350055207,0.9388280746941404
0.4528655653007229,0.9388280746941404
0.4528863982000375,0.9388280746941404
0.4529280639986667,0.9388280746941404
0.4529905626966105,0.9388280746941404
0.45307389429386885,0.9388280746941404
0.4531155600924981,0.9388280746941404
0.4531780587904419,0.9388280746941404
0.45319889168975647,0.9388280746941404
0.45324055748838565,0.9388280746941404
0.45338638778358786,0.9388280746941404
0.45346971938084624,0.9388280746941404
0.4535113851794754,0.9388280746941404
0.4535530509781046,0.9388280746941404
0.45363638257536304,0.9388280746941404
0.45365721547467763,0.9388280746941404
0.4536988812733068,0.9388280746941404
0.4537197141726214,0.9388280746941404
0.4537822128705652,0.9388280746941404
0.4538030457698798,0.9388280746941404
0.45388637736713816,0.9388280746941404
0.45421970375617177,0.9388280746941404
0.4575321347471928,0.9394719896973599
0.4575529676465074,0.9394719896973599
0.45761546634445116,0.9394719896973599
0.45763629924376575,0.9394719896973599
0.45767796504239494,0.9394719896973599
0.4579279598341701,0.9394719896973599
0.4579487927334847,0.9394719896973599
0.45849044811566425,0.9401159047005795
0.4585946126122372,0.9401159047005795
0.45867794420949565,0.9401159047005795
0.45871961000812483,0.9401159047005795
0.459177933793046,0.9401159047005795
0.4592195995916752,0.9401159047005795
0.45936542988687734,0.9401159047005795
0.45940709568550653,0.9401159047005795
0.45944876148413577,0.9401159047005795
0.45949042728276496,0.9401159047005795
0.45953209308139414,0.9401159047005795
0.45955292598070874,0.9401159047005795
0.4616778817107977,0.9414037347070187
0.4617195475094269,0.9414037347070187
0.4617403804087415,0.9414037347070187
0.4619487094018875,0.9414037347070187
0.46201120809983126,0.9414037347070187
0.46211537259640423,0.9414037347070187
0.4621362054957188,0.9414037347070187
0.4625320305826962,0.9414037347070187
0.4625736963813254,0.9414037347070187
0.46259452928064,0.9414037347070187
0.4626361950792692,0.9414037347070187
0.46267786087789836,0.9414037347070187
0.46271952667652755,0.9414037347070187
0.4627403595758422,0.9414037347070187
0.46284452407241516,0.9414037347070187
0.46288618987104435,0.9414037347070187
0.4631986833607633,0.9414037347070187
0.4632820149580217,0.9414037347070187
0.4633445136559655,0.9414037347070187
0.4634070123539093,0.9414037347070187
0.4635945084477407,0.9414037347070187
0.46369867294431366,0.9414037347070187
0.46374033874294285,0.9414037347070187
0.46394866773608884,0.9414037347070187
0.4640111664340326,0.9414037347070187
0.46453198891689756,0.9414037347070187
0.46455282181621216,0.9414037347070187
0.4646569863127851,0.9414037347070187
0.46471948501072896,0.9414037347070187
0.4649278140038749,0.9414037347070187
0.46499031270181873,0.9414037347070187
0.46624028666069456,0.9414037347070187
0.46628195245932375,0.9414037347070187
0.46630278535863834,0.9414037347070187
0.4663652840565822,0.9414037347070187
0.46638611695589677,0.9414037347070187
0.46649028145246973,0.9414037347070187
0.4665319472510989,0.9414037347070187
0.4665736130497281,0.9414037347070187
0.46661527884835735,0.9414037347070187
0.4668236078415033,0.9414037347070187
0.4669694381367055,0.9414037347070187
0.4669902710360201,0.9414037347070187
0.4670319368346493,0.9414037347070187
0.46711526843190765,0.9414037347070187
0.4671569342305369,0.9414037347070187
0.46744859482094125,0.9420476497102382
0.46749026061957044,0.9420476497102382
0.467615258015458,0.9420476497102382
0.4676985896127164,0.9420476497102382
0.4677819212099748,0.9420476497102382
0.4678444199079186,0.9420476497102382
0.46792775150517696,0.9420476497102382
0.46828191079352516,0.9420476497102382
0.46830274369283975,0.9420476497102382
0.4686777358805025,0.9420476497102382
0.4686985687798171,0.9420476497102382
0.46874023457844627,0.9420476497102382
0.4688235661757047,0.9420476497102382
0.4688652319743339,0.9420476497102382
0.46890689777296307,0.9420476497102382
0.46894856357159226,0.9420476497102382
0.46896939647090685,0.9420476497102382
0.46903189516885063,0.9420476497102382
0.4690527280681652,0.9420476497102382
0.46911522676610906,0.9420476497102382
0.46915689256473825,0.9420476497102382
0.46921939126268203,0.9420476497102382
0.4692610570613112,0.9420476497102382
0.4694485531551426,0.9426915647134578
0.4695110518530864,0.9426915647134578
0.46959438345034477,0.9426915647134578
0.46961521634965936,0.9426915647134578
0.46978187954417616,0.9426915647134578
0.46982354534280535,0.9426915647134578
0.47067769421470385,0.9426915647134578
0.47084435740922065,0.9426915647134578
0.47088602320784984,0.9426915647134578
0.47090685610716443,0.9426915647134578
0.4709485219057936,0.9426915647134578
0.4709693548051082,0.9426915647134578
0.4709901877044228,0.9433354797166774
0.4710110206037374,0.9433354797166774
0.47105268640236664,0.9433354797166774
0.471136017999625,0.9433354797166774
0.47128184829482717,0.9433354797166774
0.471344346992771,0.9433354797166774
0.4713651798920856,0.9433354797166774
0.4714068456907148,0.9433354797166774
0.47144851148934397,0.9433354797166774
0.47151101018728775,0.9433354797166774
0.47153184308660234,0.9433354797166774
0.47190683527426514,0.943979394719897
0.4719485010728943,0.943979394719897
0.4720526655694673,0.943979394719897
0.47211516426741107,0.943979394719897
0.47319847503177015,0.9446233097231166
0.473260973729714,0.9446233097231166
0.47330263952834317,0.9446233097231166
0.4734901356221745,0.9446233097231166
0.47361513301806213,0.9446233097231166
0.4739276265077811,0.9446233097231166
0.47399012520572487,0.9446233097231166
0.47403179100435405,0.9446233097231166
0.4741359555009271,0.9446233097231166
0.47424011999750004,0.9446233097231166
0.4754900939563759,0.9452672247263362
0.4755109268556905,0.9452672247263362
0.4755734255536343,0.9452672247263362
0.4756150913522635,0.9452672247263362
0.4756567571508927,0.9452672247263362
0.47569842294952186,0.9452672247263362
0.47584425324472407,0.9452672247263362
0.47590675194266785,0.9452672247263362
0.47592758484198244,0.9459111397295557
0.47596925064061163,0.9459111397295557
0.47607341513718465,0.9459111397295557
0.47613591383512843,0.9459111397295557
0.4764067415262182,0.9459111397295557
0.47651090602279117,0.9459111397295557
0.4765525718214204,0.9459111397295557
0.47694839690839774,0.9459111397295557
0.4770317285056561,0.9459111397295557
0.4771775588008583,0.9459111397295557
0.4772400574988021,0.9459111397295557
0.4772817232974313,0.9459111397295557
0.4773025561967459,0.9459111397295557
0.4790525197391721,0.9459111397295557
0.4791150184371159,0.9459111397295557
0.4791566842357451,0.9459111397295557
0.4791983500343743,0.9459111397295557
0.47924001583300346,0.9459111397295557
0.47926084873231806,0.9459111397295557
0.4812191412678902,0.9459111397295557
0.48134413866377784,0.9459111397295557
0.48138580446240703,0.9459111397295557
0.4814483031603508,0.9459111397295557
0.4835940917897544,0.9465550547327752
0.4841774129705631,0.9465550547327752
0.4842399116685069,0.9465550547327752
0.48448990646028206,0.9465550547327752
0.48451073935959665,0.9465550547327752
0.4845524051582259,0.9465550547327752
0.4846149038561697,0.9465550547327752
0.48467740255411346,0.9465550547327752
0.48471906835274264,0.9465550547327752
0.4847815670506864,0.9465550547327752
0.48482323284931567,0.9465550547327752
0.48490656444657404,0.9465550547327752
0.48492739734588863,0.9465550547327752
0.4849690631445178,0.9465550547327752
0.4850732276410908,0.9465550547327752
0.4851773921376638,0.9465550547327752
0.48536488823149515,0.9465550547327752
0.4854065540301244,0.9465550547327752
0.4854690527280682,0.9465550547327752
0.48559405012395573,0.9465550547327752
0.48567738172121416,0.9465550547327752
0.48571904751984335,0.9465550547327752
0.4859065436136747,0.9471989697359948
0.48594820941230393,0.9471989697359948
0.4860315410095623,0.9471989697359948
0.4860732068081915,0.9471989697359948
0.4864898647944835,0.9471989697359948
0.48657319639174185,0.9471989697359948
0.48659402929105644,0.9471989697359948
0.4866773608883148,0.9471989697359948
0.4866981937876294,0.9471989697359948
0.4870940188746068,0.9471989697359948
0.4871148517739214,0.9471989697359948
0.48721901627049435,0.9471989697359948
0.48734401366638197,0.9471989697359948
0.48736484656569656,0.9471989697359948
0.4875315097602133,0.9471989697359948
0.4875731755588425,0.9471989697359948
0.4876773400554155,0.9471989697359948
0.4876981729547301,0.9471989697359948
0.4877398387533593,0.9478428847392144
0.4878023374513031,0.9478428847392144
0.4879065019478761,0.9478428847392144
0.4879690006458199,0.9478428847392144
0.4881564967396513,0.9478428847392144
0.4881773296389659,0.9478428847392144
0.48830232703485343,0.9478428847392144
0.4887814837190892,0.9478428847392144
0.488843982417033,0.9478428847392144
0.48888564821566216,0.9478428847392144
0.4889689798129206,0.9478428847392144
0.48913564300743734,0.9478428847392144
0.4891981417053811,0.9478428847392144
0.48971896418824606,0.9478428847392144
0.48973979708756066,0.9478428847392144
0.4898647944834483,0.9478428847392144
0.48994812608070665,0.9478428847392144
0.48998979187933583,0.9478428847392144
0.49007312347659426,0.9478428847392144
0.4908856065498635,0.9478428847392144
0.49096893814712195,0.9478428847392144
0.49101060394575113,0.9478428847392144
0.4910939355430095,0.9478428847392144
0.4911564342409533,0.9478428847392144
0.4912189329388971,0.9478428847392144
0.4912605987375263,0.9478428847392144
0.4912814316368409,0.9478428847392144
0.4913230974354701,0.9478428847392144
0.49138559613341387,0.9478428847392144
0.492156413408054,0.9478428847392144
0.49226057790462696,0.9478428847392144
0.49269806879023353,0.9478428847392144
0.4928230661861211,0.9478428847392144
0.49309389387721086,0.9478428847392144
0.4931772254744693,0.9478428847392144
0.4932188912730985,0.9478428847392144
0.49330222287035685,0.9478428847392144
0.49334388866898604,0.9478428847392144
0.49344805316555906,0.9478428847392144
0.49353138476281744,0.9478428847392144
0.4935730505614466,0.9478428847392144
0.4935938834607612,0.9478428847392144
0.4936355492593904,0.9478428847392144
0.49369804795733424,0.9478428847392144
0.4937813795545926,0.9478428847392144
0.4938230453532218,0.9478428847392144
0.493864711151851,0.9478428847392144
0.49392720984979477,0.9478428847392144
0.49411470594362616,0.9478428847392144
0.49415637174225535,0.9478428847392144
0.49419803754088454,0.9478428847392144
0.4942605362388284,0.9478428847392144
0.4948230245203225,0.9478428847392144
0.4948438574196371,0.9478428847392144
0.4949063561175809,0.9478428847392144
0.49498968771483925,0.9478428847392144
0.4950730193120977,0.9478428847392144
0.4950938522114123,0.9478428847392144
0.495260515405929,0.9478428847392144
0.4953021812045582,0.9478428847392144
0.49534384700318745,0.9478428847392144
0.49542717860044583,0.9478428847392144
0.495573008895648,0.9478428847392144
0.49559384179496263,0.9478428847392144
0.49663548676069247,0.9478428847392144
0.497177142142872,0.9478428847392144
0.4972188079415012,0.9478428847392144
0.4972396408408158,0.9478428847392144
0.49728130663944503,0.9478428847392144
0.49778129622299533,0.9478428847392144
0.49782296202162457,0.9478428847392144
0.49790629361888294,0.9478428847392144
0.4980312910147705,0.9478428847392144
0.49832295160517487,0.948486799742434
0.4983646174038041,0.948486799742434
0.4984062832024333,0.948486799742434
0.4984479490010625,0.948486799742434
0.49855211349763545,0.948486799742434
0.49859377929626464,0.948486799742434
0.49861461219557923,0.948486799742434
0.49873960959146685,0.948486799742434
0.49876044249078144,0.948486799742434
0.498885439886669,0.948486799742434
0.5008437324222412,0.9491307147456536
0.5009895627174434,0.9491307147456536
0.501010395616758,0.9491307147456536
0.5013853878044208,0.9497746297488732
0.5014062207037353,0.9497746297488732
0.5014478865023645,0.9497746297488732
0.5015103852003083,0.9497746297488732
0.5015520509989375,0.9497746297488732
0.5016562154955105,0.9497746297488732
0.5018020457907127,0.9497746297488732
0.5018853773879711,0.9497746297488732
0.5026561946626112,0.9497746297488732
0.502718693360555,0.9497746297488732
0.5030728526489031,0.9497746297488732
0.5030936855482178,0.9497746297488732
0.5034270119372513,0.9497746297488732
0.5034478448365659,0.9497746297488732
0.5037395054269703,0.9497746297488732
0.5038228370242287,0.9497746297488732
0.5038436699235432,0.9497746297488732
0.5038853357221724,0.9497746297488732
0.5040519989166893,0.9497746297488732
0.5040728318160038,0.9497746297488732
0.504114497614633,0.9497746297488732
0.5041353305139477,0.9497746297488732
0.5046561529968125,0.9497746297488732
0.5047394845940709,0.9497746297488732
0.5048019832920148,0.9497746297488732
0.5048228161913293,0.9497746297488732
0.5048644819899586,0.9497746297488732
0.5049269806879023,0.9497746297488732
0.5054269702714527,0.9497746297488732
0.5054478031707673,0.9497746297488732
0.505510301868711,0.9497746297488732
0.5055936334659694,0.9497746297488732
0.5060519572508906,0.9497746297488732
0.5060936230495198,0.9497746297488732
0.5062186204454074,0.9497746297488732
0.5062602862440366,0.9497746297488732
0.5062811191433512,0.9497746297488732
0.5066144455323848,0.9497746297488732
0.5066769442303285,0.9497746297488732
0.5067602758275869,0.9497746297488732
0.5067811087269015,0.9497746297488732
0.508468573571384,0.9497746297488732
0.5086144038665861,0.9497746297488732
0.5086769025645299,0.9497746297488732
0.5086977354638446,0.9497746297488732
0.5088018999604175,0.9497746297488732
0.5088643986583613,0.9497746297488732
0.5091143934501364,0.9497746297488732
0.5091560592487656,0.9497746297488732
0.5091768921480803,0.9497746297488732
0.5092185579467094,0.9497746297488732
0.5092810566446533,0.9497746297488732
0.5095310514364284,0.9497746297488732
0.5095935501343722,0.9497746297488732
0.509656048832316,0.9504185447520928
0.5098852107247765,0.9504185447520928
0.5099685423220349,0.9504185447520928
0.5099893752213496,0.9504185447520928
0.5100518739192933,0.9504185447520928
0.5102185371138102,0.9504185447520928
0.5102393700131247,0.9504185447520928
0.5102810358117539,0.9504185447520928
0.5103643674090124,0.9504185447520928
0.5104268661069561,0.9504185447520928
0.5104685319055853,0.9504185447520928
0.5106143622007875,0.9504185447520928
0.510739359596675,0.9504185447520928
0.5108643569925626,0.9504185447520928
0.5109476885898211,0.9504185447520928
0.5111143517843378,0.9504185447520928
0.5111768504822816,0.9504185447520928
0.5112185162809109,0.9504185447520928
0.51126018207954,0.9504185447520928
0.5113851794754276,0.9504185447520928
0.5114268452740568,0.9504185447520928
0.511468511072686,0.9504185447520928
0.5115101768713152,0.9504185447520928
0.511572675569259,0.9504185447520928
0.5116560071665174,0.9504185447520928
0.5116768400658319,0.9504185447520928
0.5121143309514385,0.9504185447520928
0.5135726339034603,0.9504185447520928
0.5136767984000333,0.9504185447520928
0.5137184641986625,0.9504185447520928
0.5138017957959209,0.9504185447520928
0.5141767879835837,0.9504185447520928
0.5142392866815275,0.9504185447520928
0.5143434511781004,0.9504185447520928
0.5153642632445158,0.9510624597553123
0.5154892606404033,0.9510624597553123
0.5156559238349201,0.9510624597553123
0.5156975896335493,0.9510624597553123
0.5157392554321785,0.9510624597553123
0.5157600883314931,0.9510624597553123
0.5158434199287515,0.9510624597553123
0.515864252828066,0.9510624597553123
0.5159059186266953,0.9510624597553123
0.515968417324639,0.9510624597553123
0.5160100831232682,0.9510624597553123
0.5160309160225829,0.9510624597553123
0.5165309056061332,0.9510624597553123
0.5166142372033916,0.9510624597553123
0.5166559030020208,0.9510624597553123
0.5167392345992792,0.9510624597553123
0.5169683964917398,0.9510624597553123
0.5169892293910544,0.9510624597553123
0.5170308951896836,0.9510624597553123
0.517114226786942,0.9510624597553123
0.5171767254848857,0.9510624597553123
0.5176142163704923,0.9510624597553123
0.5178642111622674,0.9510624597553123
0.5179058769608966,0.9510624597553123
0.5179475427595258,0.9510624597553123
0.5179683756588405,0.9510624597553123
0.5180100414574696,0.9510624597553123
0.5181767046519864,0.9510624597553123
0.5182392033499302,0.9510624597553123
0.5185725297389637,0.9510624597553123
0.5185933626382784,0.9510624597553123
0.5189475219266265,0.9510624597553123
0.5189683548259412,0.9510624597553123
0.5191558509197725,0.9510624597553123
0.5192600154163455,0.9510624597553123
0.5193016812149747,0.9510624597553123
0.5193433470136039,0.9510624597553123
0.519385012812233,0.9510624597553123
0.5194266786108622,0.9510624597553123
0.5194891773088061,0.9510624597553123
0.5195308431074352,0.9510624597553123
0.5202808274827607,0.9510624597553123
0.5203016603820754,0.9510624597553123
0.5203433261807046,0.9510624597553123
0.5203641590800192,0.9510624597553123
0.5204474906772776,0.9510624597553123
0.5204891564759068,0.9510624597553123
0.5205516551738505,0.9510624597553123
0.5205933209724798,0.9510624597553123
0.5213433053478053,0.9510624597553123
0.521509968542322,0.9510624597553123
0.5215724672402658,0.9510624597553123
0.5223641174142205,0.9510624597553123
0.5240307493593883,0.9523502897617514
0.5240932480573322,0.9523502897617514
0.5241140809566467,0.9523502897617514
0.5241974125539052,0.9523502897617514
0.5242599112518489,0.9523502897617514
0.5242807441511635,0.9523502897617514
0.5281139976250495,0.9523502897617514
0.5281556634236787,0.9523502897617514
0.5282181621216224,0.9523502897617514
0.5286348201079144,0.952994204764971
0.5287389846044874,0.952994204764971
0.528863982000375,0.952994204764971
0.5289473135976334,0.952994204764971
0.5289889793962625,0.952994204764971
0.5290306451948917,0.952994204764971
0.5291556425907794,0.952994204764971
0.5292181412887231,0.952994204764971
0.5292389741880378,0.952994204764971
0.5293223057852962,0.952994204764971
0.5293639715839253,0.952994204764971
0.5294056373825545,0.952994204764971
0.5296556321743296,0.952994204764971
0.5296764650736443,0.952994204764971
0.5297389637715881,0.952994204764971
0.5297806295702173,0.952994204764971
0.5298014624695319,0.952994204764971
0.5299056269661049,0.952994204764971
0.5299681256640487,0.952994204764971
0.5300097914626779,0.952994204764971
0.5301972875565092,0.952994204764971
0.5302389533551385,0.952994204764971
0.530259786254453,0.952994204764971
0.5304264494489698,0.952994204764971
0.530468115247599,0.952994204764971
0.5304889481469136,0.952994204764971
0.530572279744172,0.952994204764971
0.5305931126434866,0.952994204764971
0.5307181100393742,0.952994204764971
0.5309681048311493,0.952994204764971
0.5310306035290931,0.952994204764971
0.5311139351263515,0.952994204764971
0.5311347680256662,0.952994204764971
0.5311764338242954,0.952994204764971
0.5312805983208683,0.952994204764971
0.5313639299181268,0.952994204764971
0.5314264286160705,0.952994204764971
0.531551426011958,0.952994204764971
0.5321139142934522,0.952994204764971
0.5332805566550697,0.9536381197681906
0.5333222224536989,0.9536381197681906
0.5335305514468448,0.9536381197681906
0.5335722172454741,0.9536381197681906
0.5336972146413617,0.9542820347714102
0.5337388804399908,0.9542820347714102
0.5339680423324514,0.9542820347714102
0.5340513739297098,0.9542820347714102
0.5341763713255974,0.9542820347714102
0.5342180371242266,0.9542820347714102
0.5343222016207996,0.9542820347714102
0.5343638674194288,0.9542820347714102
0.534509697714631,0.9542820347714102
0.5345305306139455,0.9542820347714102
0.5345721964125747,0.9542820347714102
0.5346138622112039,0.9542820347714102
0.5347388596070916,0.9542820347714102
0.5347805254057207,0.9542820347714102
0.5348013583050353,0.9542820347714102
0.5348430241036645,0.9542820347714102
0.534926355700923,0.9542820347714102
0.5350305201974959,0.9542820347714102
0.5350513530968105,0.9542820347714102
0.5351346846940689,0.9542820347714102
0.5351971833920127,0.9542820347714102
0.5354263452844732,0.9542820347714102
0.5354680110831025,0.9542820347714102
0.535488843982417,0.9542820347714102
0.5359471677673382,0.9542820347714102
0.5359888335659674,0.9542820347714102
0.5364471573508885,0.9542820347714102
0.5364888231495177,0.9542820347714102
0.5365721547467761,0.9542820347714102
0.5365929876460908,0.9542820347714102
0.5367179850419783,0.9542820347714102
0.5367596508406075,0.9542820347714102
0.5369471469344389,0.9542820347714102
0.5369888127330681,0.9542820347714102
0.5370304785316973,0.9542820347714102
0.5370721443303265,0.9542820347714102
0.5379054603029103,0.9542820347714102
0.5379679590008541,0.9542820347714102
0.5381346221953709,0.9542820347714102
0.5382179537926293,0.9542820347714102
0.5382387866919439,0.9542820347714102
0.5383221182892023,0.9542820347714102
0.5383846169871461,0.9542820347714102
0.5384679485844045,0.9542820347714102
0.5389262723693257,0.9542820347714102
0.5389471052686402,0.9542820347714102
0.5389887710672694,0.9542820347714102
0.5390304368658986,0.9542820347714102
0.5391137684631571,0.9542820347714102
0.5391346013624716,0.9542820347714102
0.5391971000604154,0.9542820347714102
0.53921793295973,0.9542820347714102
0.539322097456303,0.9542820347714102
0.5394679277515052,0.9542820347714102
0.5395095935501344,0.9542820347714102
0.5396137580467074,0.9542820347714102
0.5397179225432803,0.9542820347714102
0.5397804212412242,0.9542820347714102
0.5398012541405387,0.9542820347714102
0.5398429199391679,0.9542820347714102
0.5398845857377972,0.9542820347714102
0.5400512489323139,0.9542820347714102
0.5400720818316285,0.9542820347714102
0.5401137476302577,0.9542820347714102
0.5403637424220329,0.9549259497746297
0.5404262411199766,0.9549259497746297
0.5405095727172351,0.9549259497746297
0.5405512385158643,0.9549259497746297
0.5405720714151788,0.9549259497746297
0.5406345701131227,0.9549259497746297
0.5406554030124372,0.9549259497746297
0.5406970688110664,0.9549259497746297
0.5408012333076394,0.9549259497746297
0.5412178912939314,0.9549259497746297
0.5413845544884481,0.9549259497746297
0.5419678756692569,0.9549259497746297
0.5419887085685715,0.9549259497746297
0.5420303743672007,0.9549259497746297
0.5420720401658299,0.9549259497746297
0.5426553613466386,0.9549259497746297
0.5426970271452678,0.9549259497746297
0.5427178600445824,0.9549259497746297
0.5428011916418408,0.9549259497746297
0.5428220245411554,0.9549259497746297
0.5429053561384137,0.9549259497746297
0.542947021937043,0.9549259497746297
0.5432178496281328,0.9549259497746297
0.5432803483260765,0.9549259497746297
0.5433220141247057,0.9549259497746297
0.5434470115205933,0.9549259497746297
0.5434886773192226,0.9549259497746297
0.5436553405137393,0.9549259497746297
0.543717839211683,0.9549259497746297
0.5437386721109977,0.9549259497746297
0.5440094998020875,0.9549259497746297
0.5440303327014021,0.9549259497746297
0.5441136642986605,0.9549259497746297
0.544134497197975,0.9549259497746297
0.5441761629966042,0.9549259497746297
0.5442178287952334,0.9549259497746297
0.5443219932918064,0.9549259497746297
0.5444053248890648,0.9549259497746297
0.544446990687694,0.9549259497746297
0.5445094893856378,0.9549259497746297
0.5450303118685027,0.9549259497746297
0.5451136434657611,0.9549259497746297
0.5453011395595925,0.9549259497746297
0.5453428053582217,0.9549259497746297
0.5455094685527385,0.9549259497746297
0.5455303014520531,0.9549259497746297
0.5456552988479406,0.9549259497746297
0.5457386304451991,0.9549259497746297
0.5459886252369742,0.9549259497746297
0.5460511239349181,0.9549259497746297
0.5461761213308056,0.9549259497746297
0.5462177871294348,0.9549259497746297
0.5462802858273786,0.9549259497746297
0.5464052832232662,0.9549259497746297
0.5464261161225807,0.9549259497746297
0.5464886148205246,0.9549259497746297
0.5465094477198392,0.9549259497746297
0.5468011083102435,0.9549259497746297
0.5468636070081874,0.9549259497746297
0.5469261057061311,0.9549259497746297
0.5469677715047603,0.9549259497746297
0.5470719360013333,0.9549259497746297
0.5471969333972209,0.9549259497746297
0.5477802545780296,0.9555698647778493
0.5478010874773442,0.9555698647778493
0.5478427532759734,0.9555698647778493
0.547863586175288,0.9555698647778493
0.5479469177725464,0.9555698647778493
0.5492802233286807,0.9562137797810689
0.5494052207245682,0.9562137797810689
0.5496135497177143,0.9562137797810689
0.5496552155163434,0.9562137797810689
0.549676048415658,0.9562137797810689
0.5497593800129164,0.9562137797810689
0.549780212912231,0.9562137797810689
0.5498427116101748,0.9562137797810689
0.549884377408804,0.9562137797810689
0.5499677090060624,0.9562137797810689
0.5499885419053769,0.9562137797810689
0.5501343722005791,0.9562137797810689
0.5503010353950959,0.9562137797810689
0.5503843669923544,0.9562137797810689
0.5504260327909836,0.9562137797810689
0.5504676985896128,0.9562137797810689
0.5506343617841295,0.9562137797810689
0.5506760275827587,0.9562137797810689
0.5507385262807025,0.9562137797810689
0.5507801920793317,0.9562137797810689
0.5508843565759046,0.9562137797810689
0.5511968500656236,0.9562137797810689
0.5512593487635674,0.9562137797810689
0.5513010145621966,0.9562137797810689
0.5513426803608258,0.9562137797810689
0.5513635132601404,0.9562137797810689
0.5514468448573988,0.9562137797810689
0.551488510656028,0.9562137797810689
0.551488510656028,0.9568576947842885
0.5515718422532864,0.9568576947842885
0.551592675152601,0.9568576947842885
0.5517593383471178,0.9568576947842885
0.5518426699443761,0.9568576947842885
0.5519468344409492,0.9568576947842885
0.5520093331388929,0.9568576947842885
0.5520509989375222,0.9568576947842885
0.5521134976354659,0.9568576947842885
0.5526343201183309,0.9568576947842885
0.5526968188162746,0.9568576947842885
0.552780150413533,0.9568576947842885
0.5528009833128477,0.9568576947842885
0.5528426491114768,0.9568576947842885
0.5542176204662402,0.9575016097875081
0.5543634507614424,0.9575016097875081
0.5543842836607571,0.9575016097875081
0.5544467823587008,0.9575016097875081
0.5544676152580155,0.9575016097875081
0.5545301139559593,0.9575016097875081
0.5548426074456783,0.9575016097875081
0.5549884377408804,0.9581455247907277
0.5550301035395095,0.9581455247907277
0.5550717693381388,0.9581455247907277
0.5551967667340264,0.9581455247907277
0.5552175996333409,0.9581455247907277
0.5556342576196329,0.9581455247907277
0.5556967563175768,0.9581455247907277
0.5557384221162059,0.9581455247907277
0.5570925605716548,0.9581455247907277
0.5571550592695985,0.9581455247907277
0.5571967250682277,0.9581455247907277
0.5573008895648007,0.9581455247907277
0.5574050540613738,0.9581455247907277
0.5574467198600029,0.9581455247907277
0.5574675527593175,0.9581455247907277
0.5575092185579467,0.9581455247907277
0.5575300514572613,0.9581455247907277
0.5575717172558905,0.9581455247907277
0.5576342159538343,0.9581455247907277
0.5582592029332722,0.9581455247907277
0.558321701631216,0.9581455247907277
0.5583425345305306,0.9581455247907277
0.5584050332284745,0.9581455247907277
0.558530030624362,0.9581455247907277
0.5585925293223057,0.9581455247907277
0.5586758609195642,0.9581455247907277
0.558738359617508,0.9581455247907277
0.5588841899127102,0.9581455247907277
0.5591758505031145,0.9581455247907277
0.5592800149996875,0.9581455247907277
0.5593008478990021,0.9581455247907277
0.5593633465969459,0.9581455247907277
0.5594258452948897,0.9581455247907277
0.5594675110935189,0.9581455247907277
0.5604258244619904,0.9581455247907277
0.5604883231599341,0.9587894397939472
0.5605299889585633,0.9587894397939472
0.560654986354451,0.9587894397939472
0.5606966521530802,0.9587894397939472
0.5608008166496531,0.9587894397939472
0.5608216495489677,0.9587894397939472
0.5609466469448553,0.9587894397939472
0.56096747984417,0.9587894397939472
0.5610924772400575,0.9587894397939472
0.5611758088373159,0.9587894397939472
0.5612591404345743,0.9587894397939472
0.5612799733338889,0.9587894397939472
0.5613216391325181,0.9587894397939472
0.5613841378304618,0.9587894397939472
0.5614674694277203,0.9587894397939472
0.5614883023270348,0.9587894397939472
0.5615508010249787,0.9587894397939472
0.5615716339242932,0.9587894397939472
0.561634132622237,0.9587894397939472
0.5616757984208662,0.9587894397939472
0.561842461615383,0.9587894397939472
0.5618632945146976,0.9587894397939472
0.561946626111956,0.9587894397939472
0.5619882919105852,0.9587894397939472
0.5621549551051019,0.9587894397939472
0.5621757880044166,0.9587894397939472
0.5636340909564385,0.9587894397939472
0.5642174121372472,0.9587894397939472
0.5642590779358764,0.9587894397939472
0.5644257411303931,0.9587894397939472
0.5644674069290223,0.9587894397939472
0.5648423991166851,0.9587894397939472
0.5649048978146288,0.9587894397939472
0.564946563613258,0.9587894397939472
0.5652173913043478,0.9587894397939472
0.5654048873981792,0.9587894397939472
0.5654465531968084,0.9587894397939472
0.5664673652632237,0.9594333547971667
0.5665506968604821,0.9594333547971667
0.5665923626591113,0.9594333547971667
0.5666340284577405,0.9594333547971667
0.5666965271556843,0.9600772698003863
0.5667798587529427,0.9600772698003863
0.5668215245515719,0.9600772698003863
0.5670298535447178,0.9600772698003863
0.5670923522426616,0.9600772698003863
0.5671131851419762,0.9600772698003863
0.5671548509406054,0.9600772698003863
0.56717568383992,0.9600772698003863
0.5673006812358076,0.9600772698003863
0.5674465115310098,0.9600772698003863
0.5675715089268973,0.9600772698003863
0.5677173392220995,0.9600772698003863
0.5680923314097623,0.9600772698003863
0.5681131643090769,0.9600772698003863
0.5681756630070207,0.9600772698003863
0.5682173288056499,0.9600772698003863
0.5682381617049644,0.9600772698003863
0.5683006604029083,0.9600772698003863
0.5683214933022229,0.9600772698003863
0.5683631591008521,0.9600772698003863
0.5683839920001666,0.9600772698003863
0.5684464906981105,0.9600772698003863
0.5684881564967397,0.9600772698003863
0.5685298222953689,0.9600772698003863
0.5685506551946834,0.9600772698003863
0.5686756525905711,0.9600772698003863
0.5686964854898856,0.9600772698003863
0.5689048144830317,0.9600772698003863
0.5689464802816608,0.9600772698003863
0.5690089789796046,0.9600772698003863
0.5690506447782337,0.9600772698003863
0.5691131434761776,0.9600772698003863
0.5691339763754921,0.9607211848036059
0.5691548092748068,0.9607211848036059
0.5692798066706943,0.9607211848036059
0.5693214724693235,0.9607211848036059
0.5694048040665819,0.9607211848036059
0.5694881356638404,0.9607211848036059
0.5696131330597279,0.9607211848036059
0.5696339659590425,0.9607211848036059
0.569717297556301,0.9613650998068255
0.5697589633549301,0.9613650998068255
0.5698422949521885,0.9613650998068255
0.570175621341222,0.9613650998068255
0.5704672819316264,0.9613650998068255
0.5705297806295703,0.9613650998068255
0.5705506135288848,0.9613650998068255
0.5706131122268286,0.9613650998068255
0.57080060832066,0.9613650998068255
0.5708631070186038,0.9613650998068255
0.5709672715151768,0.9613650998068255
0.5710297702131205,0.9613650998068255
0.5710714360117497,0.9613650998068255
0.5711547676090082,0.9613650998068255
0.5711756005083227,0.9613650998068255
0.5748838565863211,0.9620090148100451
0.5749046894856357,0.9620090148100451
0.574946355284265,0.9620090148100451
0.5749671881835795,0.9620090148100451
0.5754255119685007,0.9620090148100451
0.575508843565759,0.9620090148100451
0.5755296764650737,0.9620090148100451
0.5756130080623321,0.9620090148100451
0.5756755067602758,0.9620090148100451
0.575717172558905,0.9620090148100451
0.5758005041561635,0.9620090148100451
0.575821337055478,0.9620090148100451
0.5758838357534218,0.9620090148100451
0.5759046686527364,0.9620090148100451
0.5759463344513656,0.9620090148100451
0.5760504989479386,0.9620090148100451
0.5760713318472532,0.9620090148100451
0.5761129976458824,0.9620090148100451
0.5763629924376575,0.9620090148100451
0.5764046582362867,0.9620090148100451
0.5764671569342306,0.9620090148100451
0.5764879898335451,0.9620090148100451
0.5767796504239495,0.9620090148100451
0.5768004833232641,0.9620090148100451
0.5771754755109268,0.9620090148100451
0.5772588071081852,0.9620090148100451
0.5773004729068144,0.9620090148100451
0.5773421387054436,0.9620090148100451
0.5773629716047582,0.9620090148100451
0.5774254703027021,0.9620090148100451
0.5774463032020166,0.9620090148100451
0.5774463032020166,0.9626529298132647
0.5774879690006458,0.9626529298132647
0.577529634799275,0.9626529298132647
0.5775713005979042,0.9632968448164843
0.577633799295848,0.9632968448164843
0.5776962979937917,0.9632968448164843
0.577737963792421,0.9632968448164843
0.5777587966917356,0.9632968448164843
0.577842128288994,0.9632968448164843
0.5779046269869378,0.9632968448164843
0.577946292785567,0.9632968448164843
0.5779879585841962,0.9632968448164843
0.5780296243828253,0.9632968448164843
0.57805045728214,0.9632968448164843
0.5780921230807692,0.9632968448164843
0.5781337888793984,0.9632968448164843
0.5781754546780276,0.9632968448164843
0.5782796191746006,0.9632968448164843
0.5783004520739151,0.9632968448164843
0.578362950771859,0.9632968448164843
0.5784254494698027,0.9632968448164843
0.5784671152684319,0.9632968448164843
0.5787171100602071,0.9632968448164843
0.5787379429595216,0.9632968448164843
0.5787796087581508,0.9632968448164843
0.5788837732547238,0.9632968448164843
0.5789046061540385,0.9632968448164843
0.5789462719526677,0.9632968448164843
0.5789671048519822,0.9632968448164843
0.5790087706506114,0.9632968448164843
0.5796962563279932,0.9632968448164843
0.5797170892273078,0.9632968448164843
0.5797795879252515,0.9632968448164843
0.5798837524218245,0.9632968448164843
0.5799879169183976,0.9632968448164843
0.5801962459115435,0.9632968448164843
0.5802795775088019,0.9632968448164843
0.5804879065019479,0.9632968448164843
0.5805295723005771,0.9632968448164843
0.5806962354950939,0.9632968448164843
0.5808003999916669,0.9632968448164843
0.5808420657902961,0.9632968448164843
0.5816545488635654,0.9639407598197038
0.5816962146621946,0.9639407598197038
0.5817587133601383,0.9639407598197038
0.5818628778567113,0.9639407598197038
0.5819462094539697,0.9639407598197038
0.5819670423532843,0.9639407598197038
0.5820503739505427,0.9639407598197038
0.5820712068498572,0.9639407598197038
0.5823003687423178,0.9639407598197038
0.5823837003395762,0.9639407598197038
0.5824045332388909,0.9639407598197038
0.5824670319368347,0.9639407598197038
0.5825086977354639,0.9639407598197038
0.5826753609299806,0.9639407598197038
0.582758692527239,0.9639407598197038
0.5828211912251828,0.9639407598197038
0.582862857023812,0.9639407598197038
0.5829878544196996,0.9639407598197038
0.5830920189162726,0.9639407598197038
0.583175350513531,0.9639407598197038
0.5832170163121602,0.9639407598197038
0.5838211703922835,0.9639407598197038
0.5838836690902273,0.9639407598197038
0.5839253348888565,0.9639407598197038
0.5839461677881711,0.9639407598197038
0.5840711651840587,0.9639407598197038
0.5841128309826878,0.9639407598197038
0.584154496781317,0.9639407598197038
0.5841961625799462,0.9639407598197038
0.5842586612778901,0.9639407598197038
0.5843419928751484,0.9639407598197038
0.584466990271036,0.9639407598197038
0.5845086560696652,0.9639407598197038
0.5845919876669236,0.9639407598197038
0.5847378179621258,0.9639407598197038
0.5848628153580133,0.9639407598197038
0.5849669798545863,0.9639407598197038
0.5850503114518447,0.9639407598197038
0.5858002958271703,0.9658725048293625
0.5858419616257995,0.9658725048293625
0.5859044603237432,0.9658725048293625
0.5860086248203162,0.9658725048293625
0.5860919564175746,0.9658725048293625
0.5861336222162038,0.9658725048293625
0.586175288014833,0.9658725048293625
0.5862169538134622,0.9658725048293625
0.586279452511406,0.9658725048293625
0.5863002854107207,0.9658725048293625
0.5863419512093498,0.9658725048293625
0.5863627841086644,0.9658725048293625
0.5864461157059228,0.9658725048293625
0.5865294473031811,0.9658725048293625
0.586591946001125,0.9658725048293625
0.5866127789004396,0.9658725048293625
0.5867377762963272,0.9658725048293625
0.5869252723901586,0.9658725048293625
0.5869669381887878,0.9658725048293625
0.5875502593695965,0.9658725048293625
0.5875919251682257,0.9658725048293625
0.5876544238661695,0.9658725048293625
0.5877794212620571,0.9658725048293625
0.5878210870606863,0.9658725048293625
0.587987750255203,0.9658725048293625
0.5880085831545177,0.9658725048293625
0.588091914751776,0.9658725048293625
0.5881127476510906,0.9658725048293625
0.588196079248349,0.9658725048293625
0.5882377450469782,0.9658725048293625
0.5882794108456074,0.9658725048293625
0.5883210766442366,0.9658725048293625
0.589696047999,0.9658725048293625
0.5897168808983146,0.9658725048293625
0.5901752046832358,0.9658725048293625
0.5901960375825503,0.9658725048293625
0.5902793691798087,0.9658725048293625
0.5902793691798087,0.9665164198325821
0.5903210349784379,0.9665164198325821
0.5904460323743256,0.9665164198325821
0.590529363971584,0.9665164198325821
0.5905710297702131,0.9665164198325821
0.5909043561592466,0.9665164198325821
0.5910293535551343,0.9665164198325821
0.591091852253078,0.9665164198325821
0.5911751838503364,0.9665164198325821
0.591196016749651,0.9665164198325821
0.591404345742797,0.9665164198325821
0.5914460115414262,0.9665164198325821
0.591925168225662,0.9665164198325821
0.5919668340242912,0.9665164198325821
0.5919876669236057,0.9665164198325821
0.5920501656215496,0.9665164198325821
0.5943626174454699,0.9671603348358017
0.5944042832440991,0.9671603348358017
0.5944459490427283,0.9671603348358017
0.5945917793379305,0.9671603348358017
0.5946751109351889,0.9671603348358017
0.5947167767338181,0.9671603348358017
0.5950709360221662,0.9671603348358017
0.59513343472011,0.9671603348358017
0.5951959334180538,0.9671603348358017
0.5953000979146268,0.9671603348358017
0.5953834295118852,0.9671603348358017
0.595445928209829,0.9671603348358017
0.5955084269077727,0.9671603348358017
0.5955917585050311,0.9671603348358017
0.5956125914043457,0.9671603348358017
0.5956750901022896,0.9671603348358017
0.5956959230016041,0.9671603348358017
0.5957375888002333,0.9671603348358017
0.5957792545988625,0.9671603348358017
0.5958209203974917,0.9671603348358017
0.5958834190954355,0.9671603348358017
0.5959875835920085,0.9671603348358017
0.5960709151892669,0.9671603348358017
0.5961334138872106,0.9671603348358017
0.5961542467865253,0.9671603348358017
0.5964042415783004,0.9671603348358017
0.5965084060748734,0.9671603348358017
0.5965292389741881,0.9671603348358017
0.5965709047728173,0.9671603348358017
0.596633403470761,0.9671603348358017
0.5967792337659632,0.9671603348358017
0.5970708943563676,0.9671603348358017
0.5971333930543113,0.9671603348358017
0.5971958917522552,0.9671603348358017
0.5976125497385472,0.9671603348358017
0.5977167142351201,0.9671603348358017
0.5978000458323784,0.9671603348358017
0.5979250432282661,0.9671603348358017
0.5979875419262098,0.9671603348358017
0.598550030207704,0.9671603348358017
0.5994250119789171,0.9678042498390212
0.5994875106768609,0.9678042498390212
0.5995083435761756,0.9678042498390212
0.5995708422741193,0.9678042498390212
0.5999666673610966,0.9678042498390212
0.6009458136288828,0.9684481648422408
0.6009666465281973,0.9684481648422408
0.6010291452261411,0.9684481648422408
0.6010499781254557,0.9684481648422408
0.6010916439240849,0.9684481648422408
0.6011124768233995,0.9684481648422408
0.6011749755213434,0.9684481648422408
0.6012166413199725,0.9684481648422408
0.6017582967021521,0.9684481648422408
0.6018207954000958,0.9684481648422408
0.6018416282994105,0.9684481648422408
0.6018832940980396,0.9684481648422408
0.601966625695298,0.9684481648422408
0.6020291243932419,0.9684481648422408
0.6020499572925564,0.9684481648422408
0.602174954688444,0.9684481648422408
0.6021957875877586,0.9684481648422408
0.6030707693589716,0.9690920798454604
0.6031124351576009,0.9690920798454604
0.6032165996541738,0.9690920798454604
0.6033624299493761,0.9690920798454604
0.6034249286473199,0.9690920798454604
0.6034665944459491,0.9690920798454604
0.6035082602445783,0.9690920798454604
0.603674923439095,0.9690920798454604
0.6036957563384097,0.9690920798454604
0.6040707485260723,0.9690920798454604
0.6041540801233307,0.9690920798454604
0.6043207433178476,0.9690920798454604
0.6044249078144205,0.9690920798454604
0.6045290723109935,0.9690920798454604
0.6046124039082519,0.9690920798454604
0.6046749026061957,0.9690920798454604
0.6049040644986563,0.9690920798454604
0.6049457302972855,0.9690920798454604
0.6050498947938585,0.9690920798454604
0.6050915605924877,0.9690920798454604
0.6051123934918022,0.9690920798454604
0.6051540592904314,0.9690920798454604
0.6052373908876898,0.9690920798454604
0.605279056686319,0.9690920798454604
0.6054040540822067,0.9690920798454604
0.6055707172767234,0.9690920798454604
0.605591550176038,0.9690920798454604
0.605695714672611,0.9690920798454604
0.6057790462698693,0.9690920798454604
0.6058415449678132,0.9690920798454604
0.6058623778671278,0.9690920798454604
0.605904043665757,0.9690920798454604
0.6060707068602738,0.9690920798454604
0.6063623674506781,0.9690920798454604
0.6064248661486219,0.9690920798454604
0.6064873648465657,0.9690920798454604
0.6065081977458803,0.9690920798454604
0.6065915293431386,0.9690920798454604
0.6066331951417678,0.9690920798454604
0.6066540280410825,0.9690920798454604
0.6067998583362847,0.9690920798454604
0.6068206912355992,0.9690920798454604
0.6070081873294306,0.9690920798454604
0.6071331847253182,0.9690920798454604
0.6075706756109248,0.9690920798454604
0.6075915085102394,0.9690920798454604
0.6076956730068124,0.9690920798454604
0.6080498322951605,0.9690920798454604
0.6080914980937897,0.9690920798454604
0.6102789525218225,0.9690920798454604
0.610299785421137,0.9690920798454604
0.6103414512197662,0.9690920798454604
0.6105706131122268,0.9690920798454604
0.6106331118101707,0.9690920798454604
0.611133101393721,0.9690920798454604
0.6111539342930356,0.9690920798454604
0.6112997645882378,0.9690920798454604
0.6113205974875523,0.9690920798454604
0.6118414199704173,0.9690920798454604
0.6118622528697318,0.9690920798454604
0.6119247515676757,0.9690920798454604
0.6119455844669903,0.9690920798454604
0.612008083164934,0.9690920798454604
0.6121747463594508,0.9690920798454604
0.6122997437553385,0.9690920798454604
0.6147371929751464,0.9690920798454604
0.6147580258744609,0.9690920798454604
0.6148830232703485,0.9690920798454604
0.614966354867607,0.9690920798454604
0.6150496864648654,0.9690920798454604
0.6150913522634945,0.9690920798454604
0.6151330180621237,0.9690920798454604
0.6151746838607529,0.9690920798454604
0.6152163496593821,0.9690920798454604
0.6152788483573259,0.9690920798454604
0.6153830128538988,0.9690920798454604
0.6154663444511572,0.9690920798454604
0.6154871773504719,0.9690920798454604
0.6156121747463594,0.9690920798454604
0.6157788379408762,0.9690920798454604
0.6158205037395055,0.9690920798454604
0.6158621695381347,0.9690920798454604
0.6159038353367638,0.9690920798454604
0.615945501135393,0.9690920798454604
0.616049665631966,0.9690920798454604
0.6161121643299098,0.9690920798454604
0.6162788275244265,0.9690920798454604
0.6163204933230557,0.9690920798454604
0.6163829920209996,0.9690920798454604
0.6164038249203142,0.9690920798454604
0.6165079894168871,0.9690920798454604
0.6165496552155163,0.9690920798454604
0.6165913210141455,0.9690920798454604
0.6167996500072915,0.9690920798454604
0.6168413158059207,0.9690920798454604
0.6169038145038646,0.9690920798454604
0.6171121434970105,0.9690920798454604
0.6171746421949543,0.9690920798454604
0.617237140892898,0.9690920798454604
0.6172788066915272,0.9690920798454604
0.6173204724901564,0.9690920798454604
0.6173621382887856,0.9690920798454604
0.6174454698860441,0.9690920798454604
0.6174663027853586,0.9690920798454604
0.6175288014833025,0.9690920798454604
0.617549634382617,0.9690920798454604
0.6176121330805608,0.9690920798454604
0.61765379887919,0.9690920798454604
0.6177162975771338,0.9690920798454604
0.6177996291743922,0.9690920798454604
0.6178412949730214,0.9690920798454604
0.617862127872336,0.9690920798454604
0.6180079581675382,0.9690920798454604
0.6180287910668528,0.9690920798454604
0.6180287910668528,0.96973599484868
0.618070456865482,0.96973599484868
0.6181121226641112,0.96973599484868
0.6182162871606841,0.96973599484868
0.6183412845565718,0.96973599484868
0.6185704464490324,0.96973599484868
0.6188412741401221,0.96973599484868
0.6188829399387513,0.96973599484868
0.6189246057373805,0.96973599484868
0.618945438636695,0.96973599484868
0.6190496031332681,0.96973599484868
0.6190704360325826,0.96973599484868
0.6192787650257287,0.96973599484868
0.6193412637236724,0.96973599484868
0.6194037624216162,0.96973599484868
0.6194245953209309,0.96973599484868
0.6194870940188746,0.96973599484868
0.619570425616133,0.96973599484868
0.6196329243140768,0.96973599484868
0.6197162559113352,0.96973599484868
0.619778754609279,0.96973599484868
0.6198620862065374,0.96973599484868
0.6199245849044811,0.96973599484868
0.6199454178037958,0.96973599484868
0.6200079165017396,0.96973599484868
0.6200495823003688,0.96973599484868
0.6203204099914585,0.96973599484868
0.6203620757900877,0.96973599484868
0.6203829086894023,0.96973599484868
0.6204870731859753,0.96973599484868
0.6205704047832337,0.96973599484868
0.6207787337763797,0.96973599484868
0.6208412324743234,0.96973599484868
0.6208828982729526,0.96973599484868
0.6209245640715818,0.96973599484868
0.6209870627695256,0.96973599484868
0.6210912272660987,0.96973599484868
0.6211953917626716,0.9703799098518996
0.6212370575613008,0.9703799098518996
0.62127872335993,0.9703799098518996
0.6215287181517052,0.9703799098518996
0.6215287181517052,0.9710238248551192
0.6215495510510197,0.9710238248551192
0.6216120497489636,0.9710238248551192
0.6216537155475927,0.9710238248551192
0.6217370471448511,0.9710238248551192
0.6217578800441658,0.9710238248551192
0.6221537051311431,0.9723116548615582
0.6222370367284015,0.9723116548615582
0.6222787025270307,0.9723116548615582
0.6223412012249745,0.9723116548615582
0.6223828670236037,0.9723116548615582
0.622674527614008,0.9723116548615582
0.6228620237078394,0.9723116548615582
0.6229036895064686,0.9723116548615582
0.6229661882044124,0.9723116548615582
0.6230078540030416,0.9723116548615582
0.6230495198016708,0.9723116548615582
0.6235703422845358,0.9723116548615582
0.6236536738817942,0.9723116548615582
0.6238620028749401,0.9723116548615582
0.6281327472344326,0.974243399871217
0.6281744130330618,0.974243399871217
0.6282160788316911,0.974243399871217
0.6282577446303202,0.974243399871217
0.6282785775296348,0.974243399871217
0.628320243328264,0.974243399871217
0.6283410762275786,0.974243399871217
0.6285494052207246,0.974243399871217
0.6285702381200392,0.974243399871217
0.6286744026166121,0.974243399871217
0.6286952355159268,0.974243399871217
0.628736901314556,0.974243399871217
0.6287994000124998,0.974243399871217
0.6288618987104435,0.974243399871217
0.6289452303077019,0.974243399871217
0.6290285619049603,0.974243399871217
0.6290910606029041,0.974243399871217
0.6291327264015333,0.974243399871217
0.6291535593008479,0.974243399871217
0.6292577237974208,0.974243399871217
0.6293202224953647,0.974243399871217
0.6293618882939939,0.974243399871217
0.6293827211933085,0.974243399871217
0.6295285514885106,0.974243399871217
0.6295493843878253,0.974243399871217
0.629820212078915,0.974243399871217
0.6298618778775442,0.974243399871217
0.6307993583467011,0.974243399871217
0.6308410241453303,0.974243399871217
0.6309660215412178,0.974243399871217
0.6310493531384763,0.974243399871217
0.6310910189371055,0.974243399871217
0.63111185183642,0.974243399871217
0.6311743505343639,0.974243399871217
0.6313826795275098,0.974243399871217
0.631424345326139,0.974243399871217
0.631528509822712,0.974243399871217
0.6315910085206559,0.974243399871217
0.6316535072185996,0.974243399871217
0.631736838815858,0.974243399871217
0.631841003312431,0.974243399871217
0.6322159955000938,0.974243399871217
0.6322368283994083,0.974243399871217
0.6327576508822733,0.974243399871217
0.6328618153788462,0.974243399871217
0.6329034811774755,0.974243399871217
0.6329451469761047,0.974243399871217
0.6329659798754192,0.974243399871217
0.6330493114726776,0.974243399871217
0.633132643069936,0.974243399871217
0.6331743088685652,0.974243399871217
0.633236807566509,0.974243399871217
0.6332784733651382,0.974243399871217
0.633445136559655,0.974243399871217
0.6335076352575988,0.974243399871217
0.6338409616466324,0.974243399871217
0.6343826170288119,0.974243399871217
0.6344034499281265,0.974243399871217
0.6344451157267557,0.974243399871217
0.6344659486260703,0.974243399871217
0.6345701131226433,0.974243399871217
0.6345909460219579,0.974243399871217
0.6346326118205871,0.974243399871217
0.6346951105185309,0.974243399871217
0.6347159434178454,0.974243399871217
0.6347784421157893,0.974243399871217
0.6347992750151038,0.974243399871217
0.6348409408137331,0.974243399871217
0.6350076040082498,0.974243399871217
0.6350701027061936,0.974243399871217
0.635465927793171,0.974243399871217
0.6354867606924856,0.974243399871217
0.6356950896856316,0.974243399871217
0.6357367554842608,0.974243399871217
0.6357575883835753,0.974243399871217
0.6358825857794629,0.974243399871217
0.6359659173767214,0.974243399871217
0.6360700818732943,0.974243399871217
0.6361742463698673,0.974243399871217
0.6362784108664403,0.974243399871217
0.6362992437657549,0.974243399871217
0.6366950688527322,0.9748873148744366
0.6368825649465636,0.9748873148744366
0.6370908939397096,0.9748873148744366
0.6371325597383388,0.9748873148744366
0.6371533926376534,0.9748873148744366
0.6381533718047541,0.9748873148744366
0.6381742047040687,0.9748873148744366
0.6382158705026979,0.9748873148744366
0.6382783692006416,0.9748873148744366
0.6383200349992708,0.9748873148744366
0.6383825336972146,0.9748873148744366
0.6384241994958438,0.9748873148744366
0.6394866773608883,0.9755312298776562
0.6395700089581468,0.9755312298776562
0.6396116747567759,0.9755312298776562
0.6396533405554051,0.9755312298776562
0.6397991708506072,0.9755312298776562
0.6399450011458094,0.9755312298776562
0.6399866669444386,0.9755312298776562
0.6401324972396408,0.9755312298776562
0.64017416303827,0.9755312298776562
0.6402991604341576,0.9755312298776562
0.6403199933334722,0.9755312298776562
0.6403616591321014,0.9755312298776562
0.6403824920314161,0.9755312298776562
0.6404449907293598,0.9755312298776562
0.640486656527989,0.9755312298776562
0.640590821024562,0.9755312298776562
0.6406116539238765,0.9755312298776562
0.640694985521135,0.9755312298776562
0.6407366513197642,0.9755312298776562
0.6407783171183934,0.9755312298776562
0.6407991500177079,0.9755312298776562
0.6408408158163371,0.9755312298776562
0.640903314514281,0.9755312298776562
0.6409449803129101,0.9755312298776562
0.6410699777087977,0.9755312298776562
0.6411741422053707,0.9755312298776562
0.6412158080039999,0.9755312298776562
0.6412783067019437,0.9755312298776562
0.6413616382992021,0.9755312298776562
0.6414033040978313,0.9755312298776562
0.6414658027957751,0.9755312298776562
0.6415074685944043,0.9755312298776562
0.6415491343930335,0.9755312298776562
0.6417782962854941,0.9755312298776562
0.6417991291848086,0.9755312298776562
0.6419032936813817,0.9755312298776562
0.6419449594800108,0.9755312298776562
0.64198662527864,0.9755312298776562
0.6420282910772692,0.9755312298776562
0.6420491239765839,0.9755312298776562
0.6421324555738422,0.9755312298776562
0.642194954271786,0.9755312298776562
0.6423407845669882,0.9755312298776562
0.6423824503656174,0.9755312298776562
0.6425907793587634,0.9755312298776562
0.6427366096539655,0.9755312298776562
0.6427574425532802,0.9755312298776562
0.6427991083519093,0.9755312298776562
0.6428616070498532,0.9755312298776562
0.6429032728484824,0.9755312298776562
0.6430491031436845,0.9755312298776562
0.6431116018416283,0.9755312298776562
0.6431741005395721,0.9755312298776562
0.6433615966334034,0.9755312298776562
0.6433824295327181,0.9755312298776562
0.6434657611299764,0.9755312298776562
0.6434865940292911,0.9755312298776562
0.6439240849148976,0.9755312298776562
0.6441740797066727,0.9755312298776562
0.6442365784046166,0.9755312298776562
0.6442574113039312,0.9755312298776562
0.6444449073977625,0.9755312298776562
0.6445074060957063,0.9755312298776562
0.6446115705922794,0.9755312298776562
0.6446740692902231,0.9755312298776562
0.6447574008874815,0.9755312298776562
0.6448407324847399,0.9755312298776562
0.6448615653840545,0.9755312298776562
0.6451948917730881,0.9755312298776562
0.6452782233703465,0.9755312298776562
0.6453407220682903,0.9755312298776562
0.645403220766234,0.9755312298776562
0.6454240536655487,0.9755312298776562
0.6493198058373784,0.9761751448808758
0.6493614716360075,0.9761751448808758
0.6494448032332659,0.9761751448808758
0.6494864690318952,0.9761751448808758
0.6496322993270973,0.9761751448808758
0.6496947980250412,0.9761751448808758
0.6497364638236703,0.9761751448808758
0.6497989625216142,0.9761751448808758
0.6499239599175017,0.9761751448808758
0.6499447928168163,0.9761751448808758
0.6500072915147601,0.9761751448808758
0.6501114560113331,0.9761751448808758
0.650215620507906,0.9761751448808758
0.6502989521051645,0.9761751448808758
0.6503822837024229,0.9761751448808758
0.6504031166017374,0.9761751448808758
0.6504447824003666,0.9761751448808758
0.6505489468969397,0.9761751448808758
0.6511322680777484,0.9761751448808758
0.6511739338763776,0.9761751448808758
0.6512364325743214,0.9761751448808758
0.651361429970209,0.9761751448808758
0.6516322576612987,0.9768190598840953
0.6517155892585571,0.9768190598840953
0.6520905814462199,0.9768190598840953
0.6521739130434783,0.9768190598840953
0.6522989104393658,0.9768190598840953
0.6523197433386805,0.9768190598840953
0.6524030749359389,0.9768190598840953
0.652444740734568,0.9768190598840953
0.6524864065331972,0.9768190598840953
0.6525489052311411,0.9768190598840953
0.6525697381304556,0.9768190598840953
0.652653069727714,0.9768190598840953
0.6527364013249723,0.9768190598840953
0.652757234224287,0.9768190598840953
0.6527989000229162,0.9768190598840953
0.653173892210579,0.9768190598840953
0.6531947251098935,0.9768190598840953
0.6532780567071519,0.9768190598840953
0.6533405554050957,0.9768190598840953
0.6534030541030396,0.9768190598840953
0.6535697172975563,0.9768190598840953
0.6535905501968708,0.9768190598840953
0.6537155475927585,0.9768190598840953
0.6537572133913877,0.9768190598840953
0.6538405449886461,0.9768190598840953
0.654465531968084,0.9768190598840953
0.6545488635653424,0.9768190598840953
0.6546113622632862,0.9768190598840953
0.6546738609612299,0.9768190598840953
0.6547571925584884,0.9768190598840953
0.654778025457803,0.9768190598840953
0.6548405241557468,0.9768190598840953
0.6550280202495782,0.9768190598840953
0.6552780150413533,0.9768190598840953
0.6553613466386117,0.9768190598840953
0.6554238453365555,0.9768190598840953
0.6555488427324431,0.9768190598840953
0.6556321743297014,0.9768190598840953
0.6556738401283306,0.9768190598840953
0.6557363388262745,0.9768190598840953
0.6557988375242182,0.9768190598840953
0.655861336222162,0.9768190598840953
0.656069665215308,0.9768190598840953
0.6561321639132518,0.9768190598840953
0.656173829711881,0.9768190598840953
0.6561946626111956,0.9768190598840953
0.6562363284098248,0.9768190598840953
0.6563404929063977,0.9768190598840953
0.656382158705027,0.9768190598840953
0.6565279890002291,0.9768190598840953
0.6565488218995438,0.9768190598840953
0.6566113205974875,0.9768190598840953
0.656694652194746,0.9768190598840953
0.6567779837920044,0.9768190598840953
0.6568196495906335,0.9768190598840953
0.6568613153892627,0.9768190598840953
0.6569238140872066,0.9768190598840953
0.6597362554946772,0.9768190598840953
0.659798754192621,0.9768190598840953
0.6598195870919356,0.9768190598840953
0.6600487489843961,0.9768190598840953
0.66011124768234,0.9768190598840953
0.6601320805816545,0.9768190598840953
0.6602154121789129,0.9774629748873149
0.6603820753734297,0.9781068898905344
0.6617987125268223,0.9781068898905344
0.6618612112247662,0.9781068898905344
0.6620070415199684,0.9781068898905344
0.6620278744192829,0.9781068898905344
0.6620695402179121,0.9781068898905344
0.6621528718151705,0.9781068898905344
0.662236203412429,0.9781068898905344
0.6623195350096873,0.9781068898905344
0.662382033707631,0.9781068898905344
0.6624236995062602,0.9781068898905344
0.6625486969021479,0.9781068898905344
0.6626111956000916,0.9781068898905344
0.6626736942980355,0.9781068898905344
0.6627778587946085,0.9781068898905344
0.6628403574925522,0.9781068898905344
0.6630695193850128,0.9781068898905344
0.6631320180829566,0.9781068898905344
0.6631736838815858,0.9781068898905344
0.6632570154788442,0.9781068898905344
0.663319514176788,0.9781068898905344
0.6634445115726756,0.9781068898905344
0.6635070102706193,0.9781068898905344
0.663527843169934,0.9781068898905344
0.663632007666507,0.9781068898905344
0.6637986708610237,0.9781068898905344
0.6638820024582821,0.9781068898905344
0.6639445011562259,0.9781068898905344
0.6639861669548551,0.9781068898905344
0.6642569946459449,0.9781068898905344
0.6642778275452594,0.9781068898905344
0.6643194933438886,0.9781068898905344
0.6644653236390908,0.9781068898905344
0.6644861565384055,0.9781068898905344
0.6645278223370347,0.9781068898905344
0.6645903210349784,0.9781068898905344
0.6646319868336076,0.9781068898905344
0.6646944855315514,0.9781068898905344
0.6647569842294953,0.9781068898905344
0.664923647424012,0.9781068898905344
0.6649653132226412,0.9781068898905344
0.665027811920585,0.9781068898905344
0.6651111435178434,0.9781068898905344
0.6652153080144164,0.9781068898905344
0.6652986396116748,0.9781068898905344
0.6654444699068769,0.9781068898905344
0.6655694673027646,0.9781068898905344
0.6656527989000229,0.9781068898905344
0.6657777962959105,0.9781068898905344
0.6657986291952251,0.9781068898905344
0.6659444594904272,0.9781068898905344
0.6660277910876857,0.9781068898905344
0.6660694568863149,0.9781068898905344
0.6660902897856295,0.9781068898905344
0.666215287181517,0.9781068898905344
0.6662986187787754,0.9781068898905344
0.66631945167809,0.9781068898905344
0.6663819503760339,0.9781068898905344
0.6664027832753484,0.9781068898905344
0.6664444490739776,0.9781068898905344
0.6667152767650674,0.9781068898905344
0.6667569425636966,0.9781068898905344
0.6670694360534155,0.9781068898905344
0.6670902689527302,0.9781068898905344
0.6672152663486177,0.9781068898905344
0.6672360992479324,0.9781068898905344
0.6672777650465616,0.9781068898905344
0.6672985979458761,0.9781068898905344
0.6674235953417638,0.9781068898905344
0.6674860940397075,0.9781068898905344
0.6675277598383367,0.9781068898905344
0.6675485927376513,0.9781068898905344
0.6677569217307973,0.9781068898905344
0.6677985875294264,0.9781068898905344
0.667923584925314,0.9781068898905344
0.6679860836232578,0.9781068898905344
0.6685069061061228,0.9781068898905344
0.6685277390054374,0.9781068898905344
0.6687152350992688,0.9781068898905344
0.668756900897898,0.9781068898905344
0.6687777337972125,0.9781068898905344
0.6688193995958418,0.9781068898905344
0.6688818982937855,0.9781068898905344
0.6690068956896731,0.9781068898905344
0.6691110601862461,0.9781068898905344
0.6691943917835045,0.9781068898905344
0.6692360575821337,0.9781068898905344
0.669319389179392,0.9781068898905344
0.6693610549780213,0.9781068898905344
0.6695277181725381,0.9781068898905344
0.6695693839711673,0.9781068898905344
0.6696318826691111,0.9781068898905344
0.6696527155684256,0.9781068898905344
0.669736047165684,0.9781068898905344
0.6697568800649987,0.9781068898905344
0.6697985458636279,0.9781068898905344
0.6699027103602009,0.9781068898905344
0.6700068748567738,0.9781068898905344
0.6701318722526614,0.9781068898905344
0.6703818670444366,0.9781068898905344
0.6704235328430658,0.9781068898905344
0.6708401908293578,0.9781068898905344
0.6708818566279869,0.9781068898905344
0.6709651882252453,0.9781068898905344
0.6709860211245599,0.9781068898905344
0.6710485198225037,0.9781068898905344
0.6710901856211329,0.9781068898905344
0.6711318514197621,0.9781068898905344
0.6711943501177059,0.9781068898905344
0.6712776817149643,0.9781068898905344
0.6713193475135935,0.9781068898905344
0.671444344909481,0.9781068898905344
0.6715068436074249,0.9781068898905344
0.6715276765067394,0.9781068898905344
0.6715693423053687,0.9781068898905344
0.6715901752046832,0.9781068898905344
0.6717776712985146,0.9781068898905344
0.6718193370971438,0.9781068898905344
0.6719443344930314,0.9781068898905344
0.6720068331909752,0.9781068898905344
0.6721109976875482,0.9781068898905344
0.672277660882065,0.9781068898905344
0.672381825378638,0.9781068898905344
0.6724026582779525,0.9781068898905344
0.6725276556738401,0.9781068898905344
0.6725901543717839,0.9781068898905344
0.6726318201704131,0.9781068898905344
0.6727568175663007,0.9781068898905344
0.6727984833649299,0.9781068898905344
0.6728609820628737,0.9781068898905344
0.6728818149621882,0.9781068898905344
0.6729234807608175,0.9781068898905344
0.6730901439553343,0.9781068898905344
0.6732151413512218,0.9781068898905344
0.673256807149851,0.9781068898905344
0.6733818045457386,0.9781068898905344
0.6734234703443678,0.9781068898905344
0.6734859690423116,0.978750804893754
0.6736317993375138,0.978750804893754
0.6737567967334014,0.978750804893754
0.6737984625320306,0.978750804893754
0.6739442928272328,0.978750804893754
0.673985958625862,0.978750804893754
0.6740067915251765,0.978750804893754
0.6741942876190079,0.978750804893754
0.6742151205183226,0.978750804893754
0.6742984521155809,0.978750804893754
0.6743192850148956,0.978750804893754
0.6743609508135248,0.978750804893754
0.6744859482094123,0.978750804893754
0.6746317785046145,0.978750804893754
0.6746526114039291,0.978750804893754
0.6747567759005021,0.978750804893754
0.6747776087998166,0.978750804893754
0.6750484364909064,0.978750804893754
0.6750901022895356,0.978750804893754
0.6753192641819962,0.978750804893754
0.675485927376513,0.978750804893754
0.6755067602758276,0.978750804893754
0.6757359221682882,0.978750804893754
0.6759025853628049,0.9793947198969736
0.6759442511614341,0.9793947198969736
0.6759650840607487,0.9793947198969736
0.6761109143559509,0.9793947198969736
0.6761942459532093,0.9793947198969736
0.6762567446511532,0.9793947198969736
0.6763609091477261,0.9793947198969736
0.6763817420470407,0.9793947198969736
0.6764234078456699,0.9793947198969736
0.6765067394429283,0.9793947198969736
0.6765900710401866,0.9793947198969736
0.6774858857107143,0.9793947198969736
0.6775483844086582,0.9793947198969736
0.6776317160059165,0.9793947198969736
0.6776525489052312,0.9793947198969736
0.6776942147038604,0.9793947198969736
0.6777567134018041,0.9793947198969736
0.6778608778983771,0.9800386349001932
0.677923376596321,0.9800386349001932
0.6779650423949501,0.9800386349001932
0.6785066977771297,0.9800386349001932
0.6785900293743881,0.9800386349001932
0.6786525280723318,0.9800386349001932
0.6787150267702756,0.9800386349001932
0.678798358367534,0.9800386349001932
0.6788608570654778,0.9800386349001932
0.6789233557634216,0.9800386349001932
0.6789441886627362,0.9800386349001932
0.6789858544613654,0.9800386349001932
0.6790275202599946,0.9800386349001932
0.6792983479510843,0.9800386349001932
0.679319180850399,0.9800386349001932
0.6799233349305223,0.9800386349001932
0.6799650007291514,0.9800386349001932
0.6800483323264098,0.9800386349001932
0.680089998125039,0.9800386349001932
0.6801524968229828,0.9800386349001932
0.6801733297222975,0.9800386349001932
0.6802566613195559,0.9800386349001932
0.680298327118185,0.9800386349001932
0.6803191600174996,0.9800386349001932
0.6804649903127018,0.9800386349001932
0.6806941522051624,0.9800386349001932
0.680714985104477,0.9800386349001932
0.6807774838024208,0.9806825499034127
0.6808191496010499,0.9806825499034127
0.6809858127955668,0.9806825499034127
0.6810483114935105,0.9806825499034127
0.6810899772921397,0.9806825499034127
0.6811524759900836,0.9806825499034127
0.6812358075873419,0.9806825499034127
0.6812983062852858,0.9806825499034127
0.6817566300702069,0.9806825499034127
0.6817774629695215,0.9806825499034127
0.6819441261640382,0.9806825499034127
0.6822982854523864,0.9806825499034127
0.682319118351701,0.9806825499034127
0.6824024499489594,0.9806825499034127
0.6825274473448469,0.9806825499034127
0.6825899460427908,0.9806825499034127
0.68263161184142,0.9806825499034127
0.6828399408345659,0.9806825499034127
0.6829441053311389,0.9806825499034127
0.6830066040290828,0.9806825499034127
0.6830482698277119,0.9806825499034127
0.6836315910085207,0.9806825499034127
0.6836732568071499,0.9806825499034127
0.683714922605779,0.9806825499034127
0.6837565884044082,0.9806825499034127
0.6838399200016666,0.9806825499034127
0.6839024186996104,0.9806825499034127
0.6840065831961835,0.9806825499034127
0.6840690818941272,0.9806825499034127
0.6840899147934418,0.9806825499034127
0.6841524134913856,0.9806825499034127
0.6841940792900147,0.9806825499034127
0.6842982437865878,0.9806825499034127
0.6844232411824753,0.9806825499034127
0.6847149017728797,0.9806825499034127
0.6847774004708235,0.9806825499034127
0.6848398991687673,0.9806825499034127
0.6848815649673965,0.9806825499034127
0.6849648965646549,0.9806825499034127
0.6851940584571155,0.9806825499034127
0.6852357242557446,0.9806825499034127
0.6853398887523177,0.9806825499034127
0.6853815545509468,0.9806825499034127
0.6854648861482052,0.9806825499034127
0.6856940480406658,0.9813264649066323
0.685735713839295,0.9813264649066323
0.6857565467386096,0.9813264649066323
0.685839878335868,0.9813264649066323
0.6860273744296994,0.9813264649066323
0.6860690402283286,0.9813264649066323
0.6861315389262723,0.9813264649066323
0.6862357034228453,0.9813264649066323
0.6862773692214745,0.9813264649066323
0.6865481969125643,0.9813264649066323
0.6865898627111935,0.9813264649066323
0.6866106956105081,0.9813264649066323
0.6867773588050249,0.9813264649066323
0.6868190246036541,0.9813264649066323
0.6868398575029687,0.9813264649066323
0.6869231891002271,0.9813264649066323
0.6870273535968001,0.9813264649066323
0.6871106851940585,0.9813264649066323
0.6871106851940585,0.9819703799098519
0.6871523509926877,0.9819703799098519
0.6871731838920022,0.9819703799098519
0.6872981812878899,0.9819703799098519
0.6874231786837774,0.9819703799098519
0.6875273431803504,0.9819703799098519
0.687548176079665,0.9819703799098519
0.6878398366700694,0.9819703799098519
0.6879023353680132,0.9819703799098519
0.6880273327639007,0.9819703799098519
0.6882148288577321,0.9819703799098519
0.6882981604549905,0.9819703799098519
0.6883189933543051,0.9819703799098519
0.688381492052249,0.9819703799098519
0.6884439907501927,0.9819703799098519
0.6884856565488219,0.9819703799098519
0.6885064894481365,0.9819703799098519
0.6885481552467657,0.9819703799098519
0.6885689881460803,0.9819703799098519
0.6886106539447094,0.9819703799098519
0.6886314868440241,0.9819703799098519
0.6887148184412825,0.9819703799098519
0.6887773171392263,0.9819703799098519
0.6888189829378555,0.9819703799098519
0.6889023145351139,0.9819703799098519
0.6889231474344284,0.9819703799098519
0.6889856461323722,0.9819703799098519
0.6890273119310014,0.9819703799098519
0.6890481448303161,0.9819703799098519
0.689152309326889,0.9819703799098519
0.6892356409241475,0.9819703799098519
0.689256473823462,0.9819703799098519
0.6892981396220912,0.9819703799098519
0.6894231370179787,0.9819703799098519
0.6907147767754839,0.9819703799098519
0.6907772754734276,0.9819703799098519
0.6909022728693153,0.9819703799098519
0.6910064373658882,0.9819703799098519
0.6910481031645174,0.9819703799098519
0.6911314347617757,0.9819703799098519
0.6912355992583488,0.9819703799098519
0.6912564321576634,0.9819703799098519
0.6917355888418991,0.9819703799098519
0.6918397533384721,0.9819703799098519
0.6918605862377867,0.9819703799098519
0.691943917835045,0.9819703799098519
0.6919647507343597,0.9826142949130715
0.6920064165329889,0.9826142949130715
0.6920689152309327,0.9826142949130715
0.6921105810295619,0.9826142949130715
0.6922355784254495,0.9826142949130715
0.6924022416199662,0.9826142949130715
0.6925272390158539,0.9826142949130715
0.6925689048144831,0.9826142949130715
0.6926314035124268,0.9826142949130715
0.6928397325055728,0.9826142949130715
0.6929647299014604,0.9826142949130715
0.6930063957000896,0.9826142949130715
0.6930688943980333,0.9826142949130715
0.693193891793921,0.9826142949130715
0.6932772233911794,0.9826142949130715
0.6932980562904939,0.9826142949130715
0.6934438865856961,0.9826142949130715
0.6934647194850108,0.9826142949130715
0.69350638528364,0.9826142949130715
0.6936105497802129,0.9826142949130715
0.6936522155788422,0.9826142949130715
0.6942147038603362,0.9826142949130715
0.6942563696589654,0.9826142949130715
0.6943188683569093,0.9826142949130715
0.6943397012562238,0.9826142949130715
0.6944438657527968,0.9826142949130715
0.6944646986521115,0.9826142949130715
0.6946938605445719,0.9826142949130715
0.6947563592425158,0.9826142949130715
0.694798025041145,0.9826142949130715
0.6948188579404596,0.9826142949130715
0.6948813566384033,0.9826142949130715
0.6949230224370325,0.9826142949130715
0.6949438553363472,0.9826142949130715
0.6955896752150997,0.9826142949130715
0.6956938397116726,0.9826142949130715
0.6957355055103018,0.9826142949130715
0.6959855003020771,0.9826142949130715
0.6963188266911106,0.9826142949130715
0.6966521530801442,0.9826142949130715
0.6984437824211995,0.9832582099162911
0.6985271140184579,0.9832582099162911
0.6985479469177726,0.9832582099162911
0.6986104456157164,0.9832582099162911
0.6986937772129748,0.9832582099162911
0.6987146101122893,0.9832582099162911
0.6987979417095477,0.9832582099162911
0.6988396075081769,0.9832582099162911
0.6989646049040645,0.9832582099162911
0.6990479365013229,0.9832582099162911
0.6991104351992666,0.9832582099162911
0.6991521009978959,0.9832582099162911
0.6992354325951543,0.9832582099162911
0.6992562654944688,0.9832582099162911
0.6993395970917272,0.9832582099162911
0.6993604299910419,0.9832582099162911
0.6995895918835024,0.9832582099162911
0.6996520905814462,0.9832582099162911
0.6996729234807608,0.9832582099162911
0.69971458927939,0.9832582099162911
0.6997562550780192,0.9832582099162911
0.6997979208766484,0.9832582099162911
0.699818753775963,0.9832582099162911
0.6998604195745922,0.9832582099162911
0.6998812524739068,0.9832582099162911
0.6999229182725359,0.9832582099162911
0.6999854169704798,0.9832582099162911
0.7001104143663673,0.9832582099162911
0.700131247265682,0.9832582099162911
0.7002145788629404,0.9832582099162911
0.7002770775608842,0.9832582099162911
0.7002979104601987,0.9832582099162911
0.7004645736547155,0.9832582099162911
0.7005062394533447,0.9832582099162911
0.7005687381512885,0.9832582099162911
0.7006520697485469,0.9832582099162911
0.7007145684464907,0.9832582099162911
0.7007354013458053,0.9832582099162911
0.7007770671444344,0.9832582099162911
0.7008395658423783,0.9832582099162911
0.7009645632382658,0.9832582099162911
0.701006229036895,0.9832582099162911
0.7011728922314119,0.9832582099162911
0.701318722526614,0.9832582099162911
0.7013812212245578,0.9832582099162911
0.7014853857211308,0.9832582099162911
0.7016520489156476,0.9832582099162911
0.7017145476135914,0.9832582099162911
0.7021520384991979,0.9832582099162911
0.7022770358950855,0.9832582099162911
0.7023812003916585,0.9832582099162911
0.7025478635861753,0.9832582099162911
0.7026311951834336,0.9832582099162911
0.7027561925793213,0.9832582099162911
0.702818691277265,0.9832582099162911
0.7029020228745234,0.9832582099162911
0.7029436886731526,0.9832582099162911
0.7029853544717818,0.9832582099162911
0.7030270202704111,0.9832582099162911
0.7030686860690403,0.9832582099162911
0.7031103518676695,0.9832582099162911
0.7031520176662986,0.9832582099162911
0.7032978479615009,0.9832582099162911
0.7034645111560176,0.9832582099162911
0.703547842753276,0.9832582099162911
0.7035895085519052,0.9832582099162911
0.7037561717464219,0.9832582099162911
0.7037770046457366,0.9832582099162911
0.7038603362429949,0.9832582099162911
0.7038811691423096,0.9839021249195107
0.7039436678402533,0.9839021249195107
0.7040894981354555,0.9839021249195107
0.7042144955313431,0.9839021249195107
0.7042353284306577,0.9839021249195107
0.7043394929272306,0.9839021249195107
0.7043603258265453,0.9845460399227302
0.7044436574238037,0.9845460399227302
0.7044853232224328,0.9845460399227302
0.7045061561217475,0.9845460399227302
0.7045686548196912,0.9845460399227302
0.7045894877190059,0.9845460399227302
0.7046311535176351,0.9845460399227302
0.7046936522155789,0.9845460399227302
0.7047769838128373,0.9845460399227302
0.704839482510781,0.9845460399227302
0.7049228141080394,0.9845460399227302
0.7049644799066687,0.9845460399227302
0.7051103102018708,0.9845460399227302
0.7052144746984438,0.9845460399227302
0.7052769733963876,0.9845460399227302
0.7053811378929605,0.9845460399227302
0.7054228036915897,0.9845460399227302
0.7054644694902189,0.9845460399227302
0.7055061352888482,0.9845460399227302
0.7055269681881627,0.9845460399227302
0.7055686339867919,0.9845460399227302
0.705776962979938,0.9845460399227302
0.7057977958792525,0.9845460399227302
0.7058394616778817,0.9845460399227302
0.7058602945771963,0.9845460399227302
0.7059852919730839,0.9845460399227302
0.7060061248723984,0.9845460399227302
0.7060477906710277,0.9845460399227302
0.7061102893689715,0.9845460399227302
0.7061519551676007,0.9845460399227302
0.7062144538655445,0.9845460399227302
0.7062977854628029,0.9845460399227302
0.7063186183621174,0.9845460399227302
0.7064644486573196,0.9845460399227302
0.7065686131538926,0.9845460399227302
0.706651944751151,0.9845460399227302
0.706756109247724,0.9845460399227302
0.7068186079456678,0.9845460399227302
0.7069436053415554,0.9845460399227302
0.7070269369388138,0.9845460399227302
0.7071519343347014,0.9845460399227302
0.7071936001333305,0.9845460399227302
0.7072769317305889,0.9845460399227302
0.7073394304285328,0.9845460399227302
0.7074644278244203,0.9845460399227302
0.707485260723735,0.9845460399227302
0.7076935897168809,0.9845460399227302
0.7077352555155101,0.9845460399227302
0.7078394200120831,0.9845460399227302
0.7078602529113976,0.9845460399227302
0.7079019187100268,0.9845460399227302
0.707943584508656,0.9845460399227302
0.7081102477031729,0.9845460399227302
0.7082144121997458,0.9845460399227302
0.7082560779983751,0.9845460399227302
0.7083185766963188,0.9851899549259497
0.7084227411928918,0.9851899549259497
0.7084435740922064,0.9851899549259497
0.7086935688839816,0.9851899549259497
0.7087352346826108,0.9851899549259497
0.7088185662798692,0.9851899549259497
0.7088602320784984,0.9851899549259497
0.7091727255682173,0.9851899549259497
0.7092352242661611,0.9851899549259497
0.7096727151517677,0.9851899549259497
0.7097143809503969,0.9851899549259497
0.7105268640236662,0.9851899549259497
0.7105476969229808,0.9851899549259497
0.7106101956209245,0.9851899549259497
0.7106518614195537,0.9851899549259497
0.7106935272181829,0.9851899549259497
0.7107351930168121,0.9851899549259497
0.7107976917147559,0.9851899549259497
0.7108393575133851,0.9851899549259497
0.7109643549092727,0.9851899549259497
0.7110476865065312,0.9851899549259497
0.7110893523051603,0.9851899549259497
0.7111101852044749,0.9851899549259497
0.7111726839024187,0.9851899549259497
0.7112976812983063,0.9851899549259497
0.7113601799962501,0.9851899549259497
0.7114018457948793,0.9851899549259497
0.7114435115935085,0.9851899549259497
0.7114851773921377,0.9851899549259497
0.7115268431907669,0.9851899549259497
0.711568508989396,0.9851899549259497
0.7119435011770588,0.9851899549259497
0.711985166975688,0.9851899549259497
0.7120268327743172,0.9851899549259497
0.712089331472261,0.9851899549259497
0.7122559946667778,0.9851899549259497
0.7122768275660923,0.9851899549259497
0.7123601591633507,0.9851899549259497
0.7124643236599237,0.9851899549259497
0.7124851565592384,0.9851899549259497
0.7125476552571821,0.9851899549259497
0.7125684881564968,0.9851899549259497
0.712714318451699,0.9851899549259497
0.7127768171496427,0.9851899549259497
0.7128184829482719,0.9851899549259497
0.7129018145455303,0.9851899549259497
0.7129226474448449,0.9851899549259497
0.7130059790421033,0.9851899549259497
0.7130268119414179,0.9851899549259497
0.7133601383304514,0.9851899549259497
0.7134018041290806,0.9851899549259497
0.7136726318201704,0.9851899549259497
0.7137142976187996,0.9851899549259497
0.7137351305181142,0.9851899549259497
0.7138184621153726,0.9851899549259497
0.7138601279140018,0.9851899549259497
0.7139226266119456,0.9851899549259497
0.714005958209204,0.9851899549259497
0.7141309556050915,0.9851899549259497
0.7141726214037207,0.9851899549259497
0.7142976187996083,0.9851899549259497
0.7145059477927543,0.9851899549259497
0.7146309451886419,0.9851899549259497
0.7148184412824733,0.9851899549259497
0.7148601070811025,0.9851899549259497
0.7149017728797317,0.9851899549259497
0.7150059373763047,0.9851899549259497
0.7150684360742484,0.9851899549259497
0.7151309347721923,0.9851899549259497
0.7151934334701361,0.9851899549259497
0.7152559321680798,0.9851899549259497
0.7153600966646528,0.9851899549259497
0.7153809295639674,0.9851899549259497
0.7154225953625966,0.9851899549259497
0.715610091456428,0.9851899549259497
0.7156934230536863,0.9851899549259497
0.7158600862482032,0.9851899549259497
0.7159017520468324,0.9851899549259497
0.7159642507447761,0.9851899549259497
0.7162559113351805,0.9851899549259497
0.7163392429324389,0.9851899549259497
0.7164017416303827,0.9851899549259497
0.7164225745296973,0.9851899549259497
0.7164642403283265,0.9851899549259497
0.716693402220787,0.9851899549259497
0.7167559009187309,0.9851899549259497
0.7167975667173601,0.9851899549259497
0.7168183996166747,0.9851899549259497
0.7168808983146184,0.9851899549259497
0.7169017312139331,0.9851899549259497
0.7169642299118768,0.9851899549259497
0.7170683944084498,0.9851899549259497
0.7171308931063937,0.9858338699291693
0.7171933918043374,0.9858338699291693
0.7172975563009104,0.9858338699291693
0.7174017207974834,0.9858338699291693
0.7174433865961126,0.9858338699291693
0.7175058852940563,0.9858338699291693
0.7176100497906294,0.9858338699291693
0.7176725484885732,0.9858338699291693
0.7176933813878877,0.9858338699291693
0.7178600445824045,0.9858338699291693
0.7178808774817191,0.9858338699291693
0.7180475406762359,0.9858338699291693
0.7180892064748651,0.9858338699291693
0.7181933709714381,0.9858338699291693
0.7182558696693819,0.9858338699291693
0.7182767025686965,0.9858338699291693
0.7189016895481344,0.9858338699291693
0.718922522447449,0.9858338699291693
0.7196725068227745,0.9858338699291693
0.7197141726214037,0.9858338699291693
0.7197975042186621,0.9858338699291693
0.7199016687152351,0.9858338699291693
0.7199225016145497,0.9858338699291693
0.7199641674131789,0.9858338699291693
0.7200891648090665,0.9858338699291693
0.7201516635070103,0.9858338699291693
0.7202349951042687,0.9858338699291693
0.7202558280035832,0.9858338699291693
0.7203183267015271,0.9858338699291693
0.7204016582987854,0.9858338699291693
0.7204433240974146,0.9858338699291693
0.7204849898960438,0.9858338699291693
0.720526655694673,0.9858338699291693
0.7205683214933022,0.9858338699291693
0.7206099872919314,0.9858338699291693
0.7206516530905606,0.9858338699291693
0.7206933188891899,0.9858338699291693
0.7207558175871336,0.9858338699291693
0.7207974833857628,0.9858338699291693
0.7208183162850774,0.9858338699291693
0.7208808149830211,0.9858338699291693
0.7209224807816503,0.9858338699291693
0.7209849794795942,0.9858338699291693
0.7210266452782234,0.9858338699291693
0.7211724755734256,0.9858338699291693
0.7212141413720548,0.9858338699291693
0.7213183058686278,0.9858338699291693
0.7214016374658861,0.9858338699291693
0.7214641361638299,0.9858338699291693
0.7216724651569759,0.9858338699291693
0.7217141309556051,0.9858338699291693
0.7217557967542343,0.9858338699291693
0.7218807941501219,0.9858338699291693
0.7219641257473802,0.9858338699291693
0.7220266244453241,0.9858338699291693
0.7221099560425824,0.9858338699291693
0.7221307889418971,0.9858338699291693
0.7223182850357284,0.9858338699291693
0.7223599508343577,0.9858338699291693
0.7225057811295598,0.9858338699291693
0.7225891127268181,0.9858338699291693
0.7226307785254474,0.9858338699291693
0.722651611424762,0.9858338699291693
0.722755775921335,0.9858338699291693
0.7227766088206495,0.9858338699291693
0.7228182746192787,0.9858338699291693
0.7228391075185934,0.9858338699291693
0.7229641049144809,0.9858338699291693
0.7230474365117393,0.9858338699291693
0.7233182642028291,0.9858338699291693
0.7234015958000874,0.9858338699291693
0.7234432615987167,0.9858338699291693
0.7235265931959751,0.9858338699291693
0.7237557550884357,0.9858338699291693
0.7237974208870649,0.9858338699291693
0.7238390866856941,0.9858338699291693
0.7238599195850086,0.9858338699291693
0.723943251182267,0.9858338699291693
0.7240057498802108,0.9858338699291693
0.72404741567884,0.9858338699291693
0.7240682485781547,0.9858338699291693
0.7242140788733568,0.9858338699291693
0.7242974104706152,0.9858338699291693
0.7243390762692444,0.9858338699291693
0.724359909168559,0.9858338699291693
0.7244015749671882,0.9858338699291693
0.7245265723630757,0.9858338699291693
0.724568238161705,0.9858338699291693
0.7246307368596487,0.9858338699291693
0.7246724026582779,0.9858338699291693
0.7247140684569071,0.9858338699291693
0.7247557342555363,0.9858338699291693
0.7247974000541655,0.9858338699291693
0.7248598987521093,0.9858338699291693
0.7249015645507385,0.9858338699291693
0.7249848961479969,0.9858338699291693
0.7250682277452553,0.9858338699291693
0.7251932251411429,0.9858338699291693
0.7252348909397721,0.9858338699291693
0.7252973896377158,0.9858338699291693
0.7253807212349743,0.9858338699291693
0.725443219932918,0.9858338699291693
0.7254848857315472,0.9858338699291693
0.7255473844294911,0.9858338699291693
0.7256723818253786,0.9858338699291693
0.7257140476240078,0.9858338699291693
0.7257348805233225,0.9858338699291693
0.7257973792212662,0.9858338699291693
0.72585987791921,0.9858338699291693
0.7259015437178392,0.9858338699291693
0.7259223766171539,0.9858338699291693
0.7259848753150976,0.9858338699291693
0.7261098727109851,0.9858338699291693
0.7261515385096143,0.9858338699291693
0.726276535905502,0.9858338699291693
0.7263598675027604,0.9858338699291693
0.7264015333013896,0.9858338699291693
0.7264431991000188,0.9858338699291693
0.7265056977979626,0.9858338699291693
0.7266098622945355,0.9858338699291693
0.7268806899856253,0.9864777849323889
0.7269223557842545,0.9864777849323889
0.7269640215828836,0.9864777849323889
0.7270473531801421,0.9864777849323889
0.7271723505760297,0.9864777849323889
0.7272140163746589,0.9864777849323889
0.7272556821732881,0.9864777849323889
0.7272973479719173,0.9864777849323889
0.7273598466698611,0.9864777849323889
0.7277348388575238,0.9864777849323889
0.7278598362534114,0.9864777849323889
0.7279015020520406,0.9864777849323889
0.7279640007499844,0.9864777849323889
0.7280473323472427,0.9864777849323889
0.7281723297431304,0.9864777849323889
0.7281931626424449,0.9864777849323889
0.7281931626424449,0.9871216999356085
0.7282348284410741,0.9871216999356085
0.7282556613403888,0.9871216999356085
0.7283181600383325,0.9871216999356085
0.7283806587362763,0.9871216999356085
0.7286514864273661,0.9871216999356085
0.7286931522259953,0.9871216999356085
0.7288181496218828,0.9871216999356085
0.7288389825211975,0.9871216999356085
0.7290264786150289,0.9871216999356085
0.7290473115143434,0.9871216999356085
0.7290889773129726,0.9871216999356085
0.7292348076081748,0.9871216999356085
0.729276473406804,0.9871216999356085
0.7293181392054332,0.9871216999356085
0.7294014708026916,0.9871216999356085
0.7295264681985792,0.9871216999356085
0.7296097997958376,0.9871216999356085
0.7296514655944668,0.9871216999356085
0.729693131393096,0.9871216999356085
0.729693131393096,0.9877656149388281
0.7297139642924105,0.9877656149388281
0.7297556300910397,0.9877656149388281
0.7298389616882982,0.9877656149388281
0.7298806274869274,0.9877656149388281
0.7300264577821295,0.9877656149388281
0.7300681235807588,0.9877656149388281
0.7301931209766463,0.9877656149388281
0.7302556196745901,0.9877656149388281
0.7302972854732193,0.9877656149388281
0.7303389512718486,0.9877656149388281
0.7303806170704777,0.9877656149388281
0.7305264473656798,0.9877656149388281
0.7305472802649945,0.9877656149388281
0.7306097789629382,0.9877656149388281
0.7306306118622529,0.9877656149388281
0.730672277660882,0.9877656149388281
0.7307347763588259,0.9877656149388281
0.7307764421574551,0.9877656149388281
0.7308181079560843,0.9877656149388281
0.7311306014458032,0.9877656149388281
0.7311514343451178,0.9877656149388281
0.731193100143747,0.9877656149388281
0.7312139330430616,0.9877656149388281
0.7313389304389492,0.9877656149388281
0.7313597633382638,0.9877656149388281
0.7314847607341514,0.9877656149388281
0.731505593633466,0.9877656149388281
0.7321097477135893,0.9877656149388281
0.7321722464115331,0.9877656149388281
0.7322139122101623,0.9877656149388281
0.7322347451094768,0.9877656149388281
0.7323597425053645,0.9877656149388281
0.7324639070019374,0.9877656149388281
0.7324847399012521,0.9877656149388281
0.7325680714985104,0.9877656149388281
0.7326305701964543,0.9877656149388281
0.7326722359950835,0.9877656149388281
0.7327347346930272,0.9877656149388281
0.7327764004916564,0.9877656149388281
0.7328388991896002,0.9877656149388281
0.7328805649882294,0.9877656149388281
0.732901397887544,0.9877656149388281
0.7329638965854878,0.9877656149388281
0.733005562384117,0.9877656149388281
0.7330472281827461,0.9877656149388281
0.7330680610820608,0.9877656149388281
0.7331305597800046,0.9877656149388281
0.7331930584779484,0.9877656149388281
0.7332555571758922,0.9877656149388281
0.7337763796587571,0.9877656149388281
0.7338180454573863,0.9877656149388281
0.7338597112560155,0.9877656149388281
0.7339430428532739,0.9877656149388281
0.7339847086519031,0.9877656149388281
0.7342138705443637,0.9877656149388281
0.7342763692423074,0.9877656149388281
0.7343180350409366,0.9877656149388281
0.7345680298327119,0.9877656149388281
0.734609695631341,0.9877656149388281
0.7346513614299702,0.9877656149388281
0.7347555259265433,0.9877656149388281
0.7348388575238016,0.9877656149388281
0.7349846878190037,0.9877656149388281
0.735026353617633,0.9877656149388281
0.7350680194162622,0.9877656149388281
0.7351305181142059,0.9877656149388281
0.7351721839128351,0.9877656149388281
0.7351930168121498,0.9877656149388281
0.735234682610779,0.9877656149388281
0.7352763484094081,0.9877656149388281
0.7353180142080373,0.9877656149388281
0.7353596800066665,0.9877656149388281
0.7355888418991271,0.9877656149388281
0.7356721734963855,0.9877656149388281
0.7356930063957001,0.9877656149388281
0.7357555050936438,0.9877656149388281
0.7358180037915877,0.9877656149388281
0.7359013353888461,0.9877656149388281
0.7359430011874752,0.9877656149388281
0.7360471656840483,0.9877656149388281
0.7361929959792505,0.9877656149388281
0.736213828878565,0.9877656149388281
0.7363388262744526,0.9877656149388281
0.7363804920730818,0.9877656149388281
0.7364429907710256,0.9877656149388281
0.7364846565696548,0.9877656149388281
0.7365679881669132,0.9877656149388281
0.7366096539655423,0.9877656149388281
0.7366929855628008,0.9877656149388281
0.7367763171600592,0.9877656149388281
0.7368179829586884,0.9877656149388281
0.7368388158580029,0.9877656149388281
0.7369638132538906,0.9877656149388281
0.737047144851149,0.9877656149388281
0.7371096435490927,0.9877656149388281
0.7371513093477219,0.9877656149388281
0.7371929751463511,0.9877656149388281
0.7374013041394971,0.9877656149388281
0.7375471344346993,0.9877656149388281
0.7375888002333285,0.9877656149388281
0.7381096227161934,0.9877656149388281
0.7381512885148226,0.9877656149388281
0.7381929543134518,0.9877656149388281
0.7383596175079686,0.9877656149388281
0.7384012833065978,0.9877656149388281
0.7384221162059124,0.9877656149388281
0.7385471136017999,0.9877656149388281
0.7387137767963168,0.9877656149388281
0.7387762754942605,0.9877656149388281
0.7388596070915189,0.9877656149388281
0.7390679360846649,0.9877656149388281
0.7390887689839795,0.9877656149388281
0.7391512676819233,0.9877656149388281
0.739172100581238,0.9877656149388281
0.7392345992791817,0.9877656149388281
0.73931793087644,0.9877656149388281
0.7393387637757547,0.9877656149388281
0.7394429282723277,0.9877656149388281
0.7395054269702714,0.9877656149388281
0.7395470927689006,0.9877656149388281
0.7395679256682153,0.9877656149388281
0.7396095914668445,0.9877656149388281
0.739630424366159,0.9877656149388281
0.7397137559634174,0.9877656149388281
0.7397762546613612,0.9877656149388281
0.7399220849565634,0.9877656149388281
0.7399637507551926,0.9877656149388281
0.7400887481510802,0.9877656149388281
0.7401304139497094,0.9877656149388281
0.740151246849024,0.9877656149388281
0.7402137455469677,0.9877656149388281
0.7402554113455969,0.9877656149388281
0.7402762442449116,0.9877656149388281
0.7403179100435408,0.9877656149388281
0.7404220745401138,0.9877656149388281
0.7404429074394283,0.9877656149388281
0.7405054061373721,0.9877656149388281
0.7405470719360013,0.9877656149388281
0.7405887377346305,0.9877656149388281
0.7406095706339452,0.9877656149388281
0.7406512364325744,0.9877656149388281
0.7406720693318889,0.9877656149388281
0.7408178996270911,0.9877656149388281
0.7408387325264058,0.9877656149388281
0.7409220641236641,0.9877656149388281
0.7410053957209225,0.9877656149388281
0.741026228620237,0.9877656149388281
0.7410678944188662,0.9877656149388281
0.7410887273181809,0.9877656149388281
0.7411720589154392,0.9877656149388281
0.7412553905126976,0.9877656149388281
0.7413178892106415,0.9877656149388281
0.7414012208078998,0.9877656149388281
0.741442886606529,0.9877656149388281
0.7415262182037874,0.9877656149388281
0.7416512155996751,0.9877656149388281
0.7417137142976188,0.9877656149388281
0.7417970458948772,0.9877656149388281
0.7418178787941918,0.9877656149388281
0.7419428761900794,0.9877656149388281
0.7420053748880232,0.9877656149388281
0.7420887064852816,0.9877656149388281
0.7421928709818545,0.9877656149388281
0.7422553696797983,0.9877656149388281
0.742276202579113,0.9877656149388281
0.7424011999750005,0.9877656149388281
0.7424428657736297,0.9877656149388281
0.7425261973708881,0.9877656149388281
0.7425678631695173,0.9877656149388281
0.7426095289681465,0.9877656149388281
0.7426720276660903,0.9877656149388281
0.742734526364034,0.9877656149388281
0.7428178579612925,0.9877656149388281
0.742838690860607,0.9877656149388281
0.7428803566592362,0.9877656149388281
0.7429011895585509,0.9877656149388281
0.7429428553571801,0.9877656149388281
0.7432136830482698,0.9877656149388281
0.7436303410345618,0.9877656149388281
0.7439428345242808,0.9877656149388281
0.7440053332222245,0.9877656149388281
0.7440886648194829,0.9877656149388281
0.7441928293160559,0.9877656149388281
0.7443594925105727,0.9877656149388281
0.7444844899064603,0.9877656149388281
0.7445053228057749,0.9877656149388281
0.744546988604404,0.9877656149388281
0.7446094873023479,0.9877656149388281
0.7447761504968646,0.9877656149388281
0.7448386491948085,0.9877656149388281
0.744859482094123,0.9877656149388281
0.7449011478927522,0.9877656149388281
0.7449428136913814,0.9877656149388281
0.7450053123893252,0.9877656149388281
0.7451094768858982,0.9877656149388281
0.7451928084831566,0.9877656149388281
0.7456302993687631,0.9877656149388281
0.7457552967646507,0.9877656149388281
0.7458177954625945,0.9877656149388281
0.7458594612612237,0.9877656149388281
0.7459219599591675,0.9877656149388281
0.7459636257577967,0.9877656149388281
0.7460469573550551,0.9877656149388281
0.7461927876502573,0.9877656149388281
0.7462136205495719,0.9877656149388281
0.746255286348201,0.9877656149388281
0.7462761192475157,0.9877656149388281
0.7465052811399763,0.9877656149388281
0.7466511114351785,0.9877656149388281
0.7466927772338077,0.9877656149388281
0.7467136101331222,0.9877656149388281
0.7467552759317514,0.9877656149388281
0.7467969417303806,0.9877656149388281
0.7469011062269536,0.9877656149388281
0.7469427720255828,0.9877656149388281
0.746984437824212,0.9877656149388281
0.7472552655153017,0.9877656149388281
0.7473177642132456,0.9877656149388281
0.7473802629111893,0.9877656149388281
0.747401095810504,0.9877656149388281
0.7475260932063915,0.9877656149388281
0.7475677590050207,0.9877656149388281
0.7476302577029645,0.9877656149388281
0.7476719235015937,0.9877656149388281
0.7477344221995376,0.9877656149388281
0.7477760879981667,0.9877656149388281
0.7478802524947397,0.9877656149388281
0.7479219182933688,0.9877656149388281
0.7479844169913127,0.9877656149388281
0.7481094143872002,0.9877656149388281
0.7481719130851441,0.9877656149388281
0.7482552446824025,0.9877656149388281
0.7482969104810316,0.9877656149388281
0.7483177433803463,0.9877656149388281
0.748484406574863,0.9877656149388281
0.7485677381721214,0.9884095299420477
0.7485677381721214,0.9890534449452673
0.7485885710714361,0.9890534449452673
0.7486719026686944,0.9890534449452673
0.748692735568009,0.9890534449452673
0.7487552342659528,0.9890534449452673
0.748796900064582,0.9890534449452673
0.7488385658632112,0.9890534449452673
0.7488593987625258,0.9890534449452673
0.7489427303597842,0.9890534449452673
0.7490052290577279,0.9890534449452673
0.7490468948563571,0.9890534449452673
0.7490677277556718,0.9890534449452673
0.7491302264536156,0.9890534449452673
0.7491718922522448,0.9890534449452673
0.7498385450303119,0.9890534449452673
0.7498802108289411,0.9890534449452673
0.7499427095268849,0.9890534449452673
0.7499843753255141,0.9890534449452673
0.7501718714193454,0.9890534449452673
0.75019270431866,0.9890534449452673
0.7502343701172892,0.9890534449452673
0.7503802004124914,0.9896973599484868
0.750609362304952,0.9896973599484868
0.7506926939022104,0.9896973599484868
0.7507343597008396,0.9896973599484868
0.7507760254994688,0.9896973599484868
0.750817691298098,0.9896973599484868
0.7509010228953563,0.9896973599484868
0.7509635215933002,0.9896973599484868
0.7510468531905585,0.9896973599484868
0.7512551821837045,0.9896973599484868
0.7513176808816483,0.9896973599484868
0.7513593466802775,0.9896973599484868
0.7514426782775359,0.9896973599484868
0.751484344076165,0.9896973599484868
0.7515260098747942,0.9896973599484868
0.7515676756734234,0.9896973599484868
0.7516093414720527,0.9896973599484868
0.7516510072706819,0.9896973599484868
0.7516926730693111,0.9896973599484868
0.7517343388679403,0.9896973599484868
0.751796837565884,0.9896973599484868
0.75200516655903,0.9896973599484868
0.7520676652569738,0.9896973599484868
0.7520884981562884,0.9896973599484868
0.7521301639549176,0.9896973599484868
0.7521509968542323,0.9896973599484868
0.7521926626528614,0.9896973599484868
0.7522551613508052,0.9896973599484868
0.7522968271494344,0.9896973599484868
0.7523801587466927,0.9896973599484868
0.752421824545322,0.9896973599484868
0.7524843232432658,0.9896973599484868
0.7526093206391533,0.9896973599484868
0.752734318035041,0.9896973599484868
0.7527968167329847,0.9896973599484868
0.7528801483302431,0.9896973599484868
0.7529843128268161,0.9896973599484868
0.7530051457261308,0.9896973599484868
0.7530468115247599,0.9896973599484868
0.7531301431220183,0.9896973599484868
0.7531718089206475,0.9896973599484868
0.7533384721151642,0.9896973599484868
0.7534843024103665,0.9896973599484868
0.7535884669069395,0.9896973599484868
0.7536301327055687,0.9896973599484868
0.7536717985041979,0.9896973599484868
0.753713464302827,0.9896973599484868
0.7539009603966584,0.9896973599484868
0.7540051248932313,0.9896973599484868
0.7540884564904898,0.9896973599484868
0.7545259473760964,0.9896973599484868
0.7545884460740401,0.9896973599484868
0.7546717776712986,0.9896973599484868
0.7547967750671861,0.9896973599484868
0.7548384408658153,0.9896973599484868
0.7549426053623883,0.9896973599484868
0.7550259369596467,0.9896973599484868
0.7551092685569051,0.9896973599484868
0.7551509343555343,0.9896973599484868
0.7551717672548488,0.9896973599484868
0.7552550988521073,0.9896973599484868
0.7552759317514218,0.9896973599484868
0.7553592633486802,0.9896973599484868
0.7554009291473094,0.9896973599484868
0.7554425949459386,0.9896973599484868
0.7555050936438824,0.9896973599484868
0.7555675923418262,0.9896973599484868
0.7556092581404554,0.9896973599484868
0.755734255536343,0.9896973599484868
0.7558175871336014,0.9896973599484868
0.7558800858315452,0.9896973599484868
0.7559634174288036,0.9896973599484868
0.7560050832274328,0.9896973599484868
0.7560259161267474,0.9896973599484868
0.7561717464219495,0.9896973599484868
0.7562550780192079,0.9896973599484868
0.7563175767171517,0.9896973599484868
0.7564217412137247,0.9896973599484868
0.7565467386096123,0.9896973599484868
0.7565884044082415,0.9896973599484868
0.7566717360054999,0.9896973599484868
0.7567759005020729,0.9896973599484868
0.7568383992000167,0.9896973599484868
0.7569008978979604,0.9896973599484868
0.7569425636965896,0.9896973599484868
0.7569633965959043,0.9896973599484868
0.7570675610924772,0.9896973599484868
0.7571925584883649,0.9896973599484868
0.757234224286994,0.9896973599484868
0.7572758900856232,0.9896973599484868
0.7574842190787692,0.9896973599484868
0.7576508822732859,0.9896973599484868
0.7577342138705444,0.9896973599484868
0.7577550467698589,0.9896973599484868
0.7578383783671173,0.9896973599484868
0.7579008770650612,0.9896973599484868
0.7580258744609487,0.9896973599484868
0.7580883731588925,0.9896973599484868
0.7581717047561509,0.9896973599484868
0.7582133705547801,0.9896973599484868
0.7582342034540948,0.9903412749517064
0.758734193037645,0.9903412749517064
0.7587758588362743,0.9903412749517064
0.7588175246349035,0.9903412749517064
0.758838357534218,0.9903412749517064
0.7591925168225662,0.9903412749517064
0.7592341826211954,0.9903412749517064
0.7592966813191392,0.9903412749517064
0.7593383471177684,0.9903412749517064
0.7593800129163976,0.9903412749517064
0.7595466761109143,0.9903412749517064
0.759567509010229,0.9903412749517064
0.7597758380033749,0.9903412749517064
0.7598175038020041,0.9903412749517064
0.7599008353992626,0.9903412749517064
0.7599633340972063,0.9903412749517064
0.7599841669965209,0.9903412749517064
0.7601091643924085,0.9903412749517064
0.7601716630903523,0.9903412749517064
0.7602133288889815,0.9903412749517064
0.7602341617882961,0.9903412749517064
0.7603174933855544,0.9903412749517064
0.7603383262848691,0.9903412749517064
0.7604633236807566,0.9903412749517064
0.7605049894793858,0.9903412749517064
0.7606716526739026,0.9903412749517064
0.7607341513718464,0.9903412749517064
0.7608174829691048,0.9903412749517064
0.760963313264307,0.9903412749517064
0.7609841461636216,0.9903412749517064
0.7610883106601946,0.9903412749517064
0.7611299764588237,0.9903412749517064
0.7611716422574529,0.9903412749517064
0.7612549738547114,0.9903412749517064
0.7612966396533406,0.9903412749517064
0.7613174725526551,0.9903412749517064
0.7615466344451157,0.9903412749517064
0.7616091331430596,0.9903412749517064
0.7616507989416887,0.9903412749517064
0.7617341305389471,0.9903412749517064
0.7618382950355201,0.9903412749517064
0.7618591279348347,0.9903412749517064
0.761942459532093,0.9903412749517064
0.7619632924314077,0.9903412749517064
0.7620049582300369,0.9903412749517064
0.7621507885252391,0.9903412749517064
0.7621924543238683,0.9903412749517064
0.7622341201224975,0.9903412749517064
0.762359117518385,0.9909851899549259
0.7624424491156434,0.9909851899549259
0.7625466136122164,0.9909851899549259
0.7625882794108456,0.9909851899549259
0.7626924439074186,0.9909851899549259
0.7627132768067332,0.9909851899549259
0.7627549426053624,0.9909851899549259
0.7629007729005646,0.9909851899549259
0.762984104497823,0.9909851899549259
0.7630466031957668,0.9909851899549259
0.763088268994396,0.9909851899549259
0.7631299347930252,0.9909851899549259
0.7631716005916543,0.9909851899549259
0.763192433490969,0.9909851899549259
0.7632340992895982,0.9909851899549259
0.7632965979875419,0.9909851899549259
0.7633799295848003,0.9909851899549259
0.7634215953834295,0.9909851899549259
0.7634632611820588,0.9909851899549259
0.7634840940813733,0.9909851899549259
0.7635465927793171,0.9909851899549259
0.7635882585779463,0.9909851899549259
0.7636299243765755,0.9909851899549259
0.76365075727589,0.9909851899549259
0.7637340888731485,0.9909851899549259
0.7640882481614967,0.9916291049581455
0.7641507468594404,0.9916291049581455
0.7642549113560134,0.9916291049581455
0.7643590758525864,0.9916291049581455
0.7644007416512156,0.9916291049581455
0.7644424074498448,0.9916291049581455
0.7645257390471032,0.9916291049581455
0.7646090706443616,0.9916291049581455
0.7646715693423054,0.9916291049581455
0.7647340680402491,0.9916291049581455
0.7648173996375075,0.9916291049581455
0.7648798983354513,0.9916291049581455
0.7649215641340805,0.9916291049581455
0.7649840628320244,0.9916291049581455
0.7650048957313389,0.9916291049581455
0.7650673944292827,0.9916291049581455
0.7650882273285973,0.9916291049581455
0.7651715589258558,0.9916291049581455
0.7652757234224287,0.9916291049581455
0.7653173892210579,0.9916291049581455
0.7653382221203725,0.9916291049581455
0.7653798879190017,0.9916291049581455
0.7654007208183163,0.9916291049581455
0.7654423866169455,0.9916291049581455
0.7654840524155747,0.9916291049581455
0.7655673840128331,0.9916291049581455
0.7656298827107768,0.9916291049581455
0.7656298827107768,0.9922730199613651
0.7656715485094061,0.9922730199613651
0.7657548801066645,0.9922730199613651
0.7658590446032374,0.9922730199613651
0.7659007104018666,0.9922730199613651
0.7659632090998104,0.9922730199613651
0.7660465406970688,0.9922730199613651
0.7661090393950126,0.9922730199613651
0.7661507051936418,0.9922730199613651
0.766192370992271,0.9922730199613651
0.7662132038915855,0.9922730199613651
0.7662548696902148,0.9922730199613651
0.7664006999854169,0.9922730199613651
0.7664631986833608,0.9922730199613651
0.76650486448199,0.9922730199613651
0.7665881960792483,0.9922730199613651
0.766609028978563,0.9922730199613651
0.7666923605758214,0.9922730199613651
0.7667340263744505,0.9922730199613651
0.7667756921730797,0.9922730199613651
0.7668381908710236,0.9922730199613651
0.7668798566696527,0.9922730199613651
0.7669215224682819,0.9922730199613651
0.7669631882669111,0.9922730199613651
0.7670048540655403,0.9922730199613651
0.7670465198641695,0.9922730199613651
0.7670673527634841,0.9922730199613651
0.7671506843607425,0.9922730199613651
0.7671923501593717,0.9922730199613651
0.7672548488573154,0.9922730199613651
0.7672756817566301,0.9922730199613651
0.7674215120518323,0.9922730199613651
0.7675048436490907,0.9922730199613651
0.7675465094477198,0.9922730199613651
0.7677340055415512,0.9922730199613651
0.7677548384408658,0.9922730199613651
0.7678381700381242,0.9922730199613651
0.7679215016353826,0.9922730199613651
0.7680464990312702,0.9922730199613651
0.7680881648298994,0.9922730199613651
0.7681923293264724,0.9922730199613651
0.768213162225787,0.9922730199613651
0.76831732672236,0.9922730199613651
0.7683589925209892,0.9922730199613651
0.7686089873127643,0.9922730199613651
0.7686298202120789,0.9922730199613651
0.7686714860107081,0.9922730199613651
0.768733984708652,0.9922730199613651
0.7687964834065957,0.9922730199613651
0.7688381492052249,0.9922730199613651
0.7688589821045395,0.9922730199613651
0.7690256452990563,0.9922730199613651
0.7690673110976854,0.9922730199613651
0.7691089768963146,0.9922730199613651
0.7691298097956293,0.9922730199613651
0.7691714755942585,0.9922730199613651
0.7692548071915168,0.9922730199613651
0.769400637486719,0.9922730199613651
0.7694214703860336,0.9922730199613651
0.7694839690839774,0.9922730199613651
0.7695464677819213,0.9922730199613651
0.7695881335805504,0.9922730199613651
0.7696297993791796,0.9922730199613651
0.7696714651778088,0.9922730199613651
0.7696922980771234,0.9922730199613651
0.7697339638757525,0.9922730199613651
0.7698589612716402,0.9922730199613651
0.7699006270702694,0.9922730199613651
0.7699839586675278,0.9922730199613651
0.770025624466157,0.9922730199613651
0.7700672902647862,0.9922730199613651
0.7702339534593029,0.9922730199613651
0.7702964521572467,0.9922730199613651
0.7703797837545051,0.9922730199613651
0.7704631153517635,0.9922730199613651
0.7705256140497073,0.9922730199613651
0.7705464469490219,0.9922730199613651
0.770588112747651,0.9922730199613651
0.7706297785462802,0.9922730199613651
0.7706714443449095,0.9922730199613651
0.7707756088414824,0.9922730199613651
0.7708172746401116,0.9922730199613651
0.7709214391366846,0.9922730199613651
0.7709631049353138,0.9922730199613651
0.7710256036332577,0.9922730199613651
0.7710672694318869,0.9922730199613651
0.7711506010291452,0.9922730199613651
0.7711922668277744,0.9922730199613651
0.7712339326264036,0.9922730199613651
0.7712547655257183,0.9922730199613651
0.7712964313243474,0.9922730199613651
0.7713797629216058,0.9922730199613651
0.7714630945188642,0.9922730199613651
0.7715464261161226,0.9922730199613651
0.7716089248140664,0.9922730199613651
0.7717130893106393,0.9922730199613651
0.7717547551092686,0.9922730199613651
0.7717755880085831,0.9922730199613651
0.771838086706527,0.9922730199613651
0.7719214183037854,0.9922730199613651
0.7719630841024145,0.9922730199613651
0.7720255828003584,0.9922730199613651
0.7720672485989876,0.9922730199613651
0.7721089143976168,0.9922730199613651
0.7722547446928189,0.9922730199613651
0.7722964104914481,0.9922730199613651
0.7723172433907627,0.9922730199613651
0.7724005749880211,0.9922730199613651
0.7724839065852794,0.9922730199613651
0.7727339013770547,0.9922730199613651
0.7727964000749984,0.9922730199613651
0.7729005645715714,0.9929169349645847
0.7730880606654028,0.9929169349645847
0.773233890960605,0.9929169349645847
0.7732547238599196,0.9929169349645847
0.7733380554571779,0.9929169349645847
0.7733797212558071,0.9929169349645847
0.773442219953751,0.9929169349645847
0.7735255515510093,0.9929169349645847
0.773546384450324,0.9929169349645847
0.7736297160475823,0.9929169349645847
0.7737338805441554,0.9929169349645847
0.7739005437386721,0.9929169349645847
0.773963042436616,0.9929169349645847
0.7739838753359305,0.9929169349645847
0.7739838753359305,0.9935608499678042
0.7740463740338743,0.9935608499678042
0.7740672069331889,0.9935608499678042
0.7741297056311327,0.9935608499678042
0.7742755359263349,0.9935608499678042
0.7743380346242786,0.9935608499678042
0.774421366221537,0.9935608499678042
0.7744630320201662,0.9935608499678042
0.7745671965167392,0.9935608499678042
0.7745880294160539,0.9935608499678042
0.7746296952146831,0.9935608499678042
0.7747130268119414,0.9935608499678042
0.7747546926105706,0.9935608499678042
0.7748171913085145,0.9935608499678042
0.7749005229057728,0.9935608499678042
0.7749630216037166,0.9935608499678042
0.7750255203016604,0.9935608499678042
0.7751713505968626,0.9935608499678042
0.7752338492948063,0.9935608499678042
0.775254682194121,0.9935608499678042
0.7753171808920647,0.9935608499678042
0.7753380137913793,0.9935608499678042
0.7754213453886377,0.9935608499678042
0.7754421782879524,0.9935608499678042
0.7755255098852107,0.9935608499678042
0.7755880085831545,0.9935608499678042
0.7760463323680756,0.9935608499678042
0.7761504968646487,0.9935608499678042
0.7761504968646487,0.9942047649710238
0.7761921626632778,0.9942047649710238
0.776233828461907,0.9942047649710238
0.7762546613612217,0.9942047649710238
0.7762963271598509,0.9942047649710238
0.7763796587571092,0.9942047649710238
0.7765046561529968,0.9942047649710238
0.776546321951626,0.9942047649710238
0.7765879877502552,0.9942047649710238
0.7769004812399741,0.9942047649710238
0.776962979937918,0.9942047649710238
0.7770046457365472,0.9942047649710238
0.7770463115351763,0.9942047649710238
0.7770879773338055,0.9942047649710238
0.7772963063269516,0.9942047649710238
0.7774213037228391,0.9942047649710238
0.7774213037228391,0.9948486799742434
0.7774421366221537,0.9948486799742434
0.7774838024207829,0.9948486799742434
0.7775463011187267,0.9948486799742434
0.7775671340180413,0.9948486799742434
0.7779629591050187,0.9948486799742434
0.7779837920043332,0.9948486799742434
0.7782337867961084,0.9948486799742434
0.778254619695423,0.9948486799742434
0.7782962854940522,0.9948486799742434
0.778358784191996,0.9948486799742434
0.778462948688569,0.9948486799742434
0.778671277681715,0.9948486799742434
0.7787546092789733,0.9948486799742434
0.7788587737755464,0.9948486799742434
0.7789212724734902,0.9948486799742434
0.7790462698693777,0.9948486799742434
0.7790671027686923,0.9948486799742434
0.7791504343659507,0.9948486799742434
0.77919210016458,0.9948486799742434
0.7792754317618383,0.9948486799742434
0.7793170975604675,0.9948486799742434
0.7793795962584112,0.9948486799742434
0.7794004291577259,0.9948486799742434
0.7795045936542989,0.9948486799742434
0.7795254265536135,0.9948486799742434
0.7795879252515573,0.9948486799742434
0.779650423949501,0.9948486799742434
0.7797337555467594,0.9948486799742434
0.7798170871440179,0.9948486799742434
0.7798587529426471,0.9948486799742434
0.7798795858419616,0.9948486799742434
0.7799420845399054,0.9948486799742434
0.7799837503385346,0.9948486799742434
0.7800045832378492,0.9948486799742434
0.7800462490364785,0.9948486799742434
0.7801087477344222,0.9948486799742434
0.780171246432366,0.9948486799742434
0.7802337451303097,0.9948486799742434
0.7802754109289389,0.9948486799742434
0.7803170767275682,0.9948486799742434
0.7804420741234558,0.9948486799742434
0.7804629070227703,0.9948486799742434
0.7805045728213995,0.9948486799742434
0.7805670715193433,0.9948486799742434
0.780587904418658,0.9948486799742434
0.7809212308076915,0.9948486799742434
0.7809420637070061,0.9948486799742434
0.7810045624049499,0.9948486799742434
0.781046228203579,0.9948486799742434
0.7810878940022082,0.995492594977463
0.7811503927001521,0.995492594977463
0.7811920584987813,0.995492594977463
0.7812337242974104,0.995492594977463
0.7813170558946688,0.995492594977463
0.7814003874919273,0.995492594977463
0.7814212203912418,0.995492594977463
0.781462886189871,0.995492594977463
0.7815045519885002,0.995492594977463
0.7815462177871294,0.995492594977463
0.7816295493843878,0.995492594977463
0.7817128809816463,0.995492594977463
0.7818587112768484,0.995492594977463
0.7819003770754775,0.995492594977463
0.7819212099747922,0.995492594977463
0.7820045415720506,0.995492594977463
0.7820462073706798,0.995492594977463
0.7821503718672528,0.995492594977463
0.7823378679610842,0.995492594977463
0.7823795337597134,0.995492594977463
0.7824420324576571,0.995492594977463
0.7825253640549156,0.995492594977463
0.7825670298535448,0.995492594977463
0.7826920272494323,0.995492594977463
0.7827336930480615,0.995492594977463
0.7827753588466907,0.995492594977463
0.7828170246453199,0.995492594977463
0.7829420220412074,0.995492594977463
0.7829836878398366,0.995492594977463
0.7830461865377805,0.995492594977463
0.7831503510343535,0.995492594977463
0.7832336826316119,0.995492594977463
0.7832545155309264,0.995492594977463
0.7833378471281849,0.995492594977463
0.7838170038124206,0.995492594977463
0.7838586696110498,0.995492594977463
0.7839420012083081,0.995492594977463
0.7841919960000834,0.995492594977463
0.7842336617987126,0.995492594977463
0.7843378262952855,0.995492594977463
0.7844211578925439,0.995492594977463
0.7844419907918585,0.995492594977463
0.7845253223891169,0.995492594977463
0.7846503197850044,0.995492594977463
0.7847336513822629,0.995492594977463
0.7847753171808921,0.995492594977463
0.7848378158788358,0.995492594977463
0.7848586487781505,0.995492594977463
0.7849003145767797,0.995492594977463
0.7854836357575884,0.9961365099806826
0.7855044686569029,0.9961365099806826
0.7855461344555322,0.9961365099806826
0.7855669673548468,0.9961365099806826
0.785712797650049,0.9961365099806826
0.7858377950459365,0.9961365099806826
0.7858794608445657,0.9961365099806826
0.7859002937438804,0.9961365099806826
0.7859627924418241,0.9961365099806826
0.786129455636341,0.9961365099806826
0.7861502885356555,0.9961365099806826
0.786275285931543,0.9961365099806826
0.7862961188308577,0.9961365099806826
0.7863377846294869,0.9961365099806826
0.7863586175288014,0.9961365099806826
0.7864002833274307,0.9961365099806826
0.7865044478240036,0.9961365099806826
0.7865461136226328,0.9961365099806826
0.786587779421262,0.9961365099806826
0.7866294452198912,0.9961365099806826
0.7867127768171497,0.9961365099806826
0.7872127664007,0.9961365099806826
0.7872335993000146,0.9961365099806826
0.7873377637965876,0.9961365099806826
0.787421095393846,0.9961365099806826
0.7874419282931605,0.9961365099806826
0.7877127559842503,0.9961365099806826
0.7877335888835649,0.9961365099806826
0.7878169204808233,0.9961365099806826
0.7878585862794525,0.9961365099806826
0.7878794191787671,0.9961365099806826
0.7879627507760255,0.9961365099806826
0.7881085810712277,0.9961365099806826
0.7881085810712277,0.9967804249839022
0.7883794087623175,0.9967804249839022
0.7884627403595759,0.9967804249839022
0.7884835732588904,0.9967804249839022
0.7885460719568342,0.9967804249839022
0.7885669048561488,0.9967804249839022
0.788921064144497,0.9967804249839022
0.7889627299431262,0.9967804249839022
0.7890460615403846,0.9967804249839022
0.7891085602383283,0.9967804249839022
0.7891710589362722,0.9967804249839022
0.7892960563321597,0.9967804249839022
0.7895043853253058,0.9967804249839022
0.7896085498218787,0.9967804249839022
0.7896293827211933,0.9967804249839022
0.7896918814191372,0.9967804249839022
0.7897335472177663,0.9967804249839022
0.7897335472177663,0.9980682549903412
0.7897752130163955,0.9980682549903412
0.7897960459157101,0.9980682549903412
0.7898793775129684,0.9980682549903412
0.7899210433115976,0.9980682549903412
0.7899835420095415,0.9980682549903412
0.7900252078081706,0.9980682549903412
0.7901502052040582,0.9980682549903412
0.7901710381033729,0.9980682549903412
0.7902543697006312,0.9980682549903412
0.7902752025999459,0.9980682549903412
0.7903377012978896,0.9980682549903412
0.7904626986937772,0.9980682549903412
0.7905460302910357,0.9980682549903412
0.7906085289889794,0.9980682549903412
0.7907126934855524,0.9980682549903412
0.7907751921834961,0.9980682549903412
0.7908585237807546,0.9980682549903412
0.7909210224786983,0.9980682549903412
0.7909626882773275,0.9980682549903412
0.7910251869752714,0.9980682549903412
0.7910460198745859,0.9980682549903412
0.7912335159684173,0.9980682549903412
0.7912543488677319,0.9980682549903412
0.7913168475656757,0.9980682549903412
0.7913376804649903,0.9980682549903412
0.7914001791629341,0.9980682549903412
0.7914418449615633,0.9980682549903412
0.7914835107601925,0.9980682549903412
0.7915668423574509,0.9980682549903412
0.7916293410553947,0.9980682549903412
0.7917126726526531,0.9980682549903412
0.791816837149226,0.9980682549903412
0.7918585029478552,0.9980682549903412
0.7919001687464845,0.9980682549903412
0.791921001645799,0.9980682549903412
0.7919835003437429,0.9980682549903412
0.7921084977396304,0.9980682549903412
0.7922126622362035,0.9980682549903412
0.7922751609341472,0.9980682549903412
0.7923168267327764,0.9980682549903412
0.7923584925314056,0.9980682549903412
0.7924209912293494,0.9980682549903412
0.7924834899272932,0.9980682549903412
0.792545988625237,0.9980682549903412
0.7927334847190683,0.9980682549903412
0.7929418137122143,0.9980682549903412
0.7929626466115289,0.9980682549903412
0.7931293098060457,0.9980682549903412
0.793212641403304,0.9980682549903412
0.7933376387991917,0.9980682549903412
0.7933793045978209,0.9980682549903412
0.7934834690943938,0.9980682549903412
0.793525134893023,0.9980682549903412
0.7935668006916523,0.9980682549903412
0.7936084664902815,0.9980682549903412
0.793629299389596,0.9980682549903412
0.7944834482614945,0.9980682549903412
0.7945042811608092,0.9980682549903412
0.7946292785566967,0.9980682549903412
0.7946709443553259,0.9980682549903412
0.7947126101539551,0.9980682549903412
0.7947959417512135,0.9980682549903412
0.7948376075498427,0.9980682549903412
0.7948792733484719,0.9980682549903412
0.794920939147101,0.9980682549903412
0.7950251036436741,0.9980682549903412
0.7951084352409324,0.9980682549903412
0.7952125997375055,0.9980682549903412
0.7952334326368201,0.9980682549903412
0.7952959313347638,0.9980682549903412
0.7953584300327077,0.9980682549903412
0.795441761629966,0.9980682549903412
0.7954625945292806,0.9980682549903412
0.7955250932272244,0.9980682549903412
0.7955459261265391,0.9980682549903412
0.7956084248244828,0.9980682549903412
0.7956292577237974,0.9980682549903412
0.7957125893210558,0.9980682549903412
0.7957750880189997,0.9980682549903412
0.7958167538176288,0.9980682549903412
0.795858419616258,0.9980682549903412
0.7959417512135164,0.9980682549903412
0.7959834170121456,0.9980682549903412
0.7960875815087186,0.9980682549903412
0.796170913105977,0.9980682549903412
0.7962125789046062,0.9980682549903412
0.7967750671861002,0.9980682549903412
0.7968167329847294,0.9980682549903412
0.7968375658840441,0.9980682549903412
0.7975042186621112,0.9980682549903412
0.7975458844607404,0.9980682549903412
0.797566717360055,0.9980682549903412
0.7977125476552572,0.9980682549903412
0.7977333805545718,0.9980682549903412
0.7979417095477177,0.9980682549903412
0.797983375346347,0.9980682549903412
0.7980042082456615,0.9980682549903412
0.7980458740442907,0.9980682549903412
0.7980875398429199,0.9980682549903412
0.7982333701381221,0.9980682549903412
0.7982542030374368,0.9980682549903412
0.7983792004333243,0.9980682549903412
0.7984000333326389,0.9980682549903412
0.7984625320305827,0.9980682549903412
0.7985458636278411,0.9980682549903412
0.7985875294264703,0.9980682549903412
0.7986916939230433,0.9980682549903412
0.798754192620987,0.9980682549903412
0.7988375242182455,0.9980682549903412
0.79885835711756,0.9980682549903412
0.7989000229161892,0.9980682549903412
0.7989208558155039,0.9980682549903412
0.7990458532113914,0.9980682549903412
0.7991291848086498,0.9980682549903412
0.7992541822045374,0.9980682549903412
0.7993583467011104,0.9980682549903412
0.7994000124997396,0.9980682549903412
0.7995250098956271,0.9980682549903412
0.7996083414928855,0.9980682549903412
0.7997750046874024,0.9980682549903412
0.7998375033853461,0.9980682549903412
0.7998791691839753,0.9980682549903412
0.7999208349826046,0.9980682549903412
0.7999625007812338,0.9980682549903412
0.8000874981771213,0.9980682549903412
0.8001083310764359,0.9980682549903412
0.8001916626736943,0.9980682549903412
0.8002749942709527,0.9980682549903412
0.8003166600695819,0.9980682549903412
0.8003374929688964,0.9980682549903412
0.8003791587675256,0.9980682549903412
0.8004208245661548,0.9980682549903412
0.8005249890627278,0.9980682549903412
0.8006083206599862,0.9980682549903412
0.8006499864586154,0.9980682549903412
0.8013583050353118,0.9980682549903412
0.8015249682298285,0.9980682549903412
0.8015874669277724,0.9980682549903412
0.8016082998270869,0.9980682549903412
0.8017332972229745,0.9980682549903412
0.8018999604174913,0.9980682549903412
0.8019416262161205,0.9980682549903412
0.8019832920147497,0.9980682549903412
0.8027749421887044,0.9980682549903412
0.803004104081165,0.9980682549903412
0.8032749317722547,0.9980682549903412
0.8033582633695131,0.9980682549903412
0.8034415949667715,0.9980682549903412
0.8038165871544343,0.9980682549903412
0.8039624174496365,0.9980682549903412
0.804087414845524,0.9980682549903412
0.8041082477448387,0.9980682549903412
0.8042332451407262,0.9980682549903412
0.8042540780400408,0.9980682549903412
0.8043582425366138,0.9980682549903412
0.8043790754359285,0.9980682549903412
0.8044624070331868,0.9980682549903412
0.8045457386304452,0.9980682549903412
0.8045665715297597,0.9980682549903412
0.8046499031270182,0.9980682549903412
0.8047332347242766,0.9980682549903412
0.8048998979187934,0.9980682549903412
0.8049623966167372,0.9980682549903412
0.8050248953146809,0.9980682549903412
0.8050665611133101,0.9980682549903412
0.8051498927105686,0.9980682549903412
0.8051707256098831,0.9980682549903412
0.8052123914085123,0.9980682549903412
0.8052540572071415,0.9980682549903412
0.8056290493948043,0.9980682549903412
0.8056915480927481,0.9980682549903412
0.8057540467906918,0.9980682549903412
0.805795712589321,0.9980682549903412
0.8058790441865794,0.9980682549903412
0.8059415428845232,0.9980682549903412
0.8060248744817816,0.9980682549903412
0.8060665402804108,0.9980682549903412
0.8061290389783546,0.9980682549903412
0.8061498718776692,0.9980682549903412
0.8063582008708152,0.9980682549903412
0.8063998666694444,0.9980682549903412
0.8064415324680736,0.9980682549903412
0.8065040311660173,0.9980682549903412
0.8065456969646466,0.9980682549903412
0.8065665298639612,0.9980682549903412
0.806629028561905,0.9980682549903412
0.8066706943605342,0.9980682549903412
0.8067540259577926,0.9980682549903412
0.8068165246557364,0.9980682549903412
0.8069206891523093,0.9980682549903412
0.8069623549509385,0.9980682549903412
0.8070040207495677,0.9980682549903412
0.8070873523468262,0.9980682549903412
0.8071706839440845,0.9980682549903412
0.8078581696214662,0.9987121699935608
0.8080873315139268,0.9987121699935608
0.8081706631111852,0.9987121699935608
0.8082123289098144,0.9987121699935608
0.808337326305702,0.9987121699935608
0.8083581592050165,0.9987121699935608
0.8086081539967918,0.9987121699935608
0.8086289868961063,0.9987121699935608
0.8087956500906232,0.9987121699935608
0.8088164829899377,0.9987121699935608
0.8090248119830837,0.9987121699935608
0.8090664777817129,0.9987121699935608
0.8091914751776005,0.9987121699935608
0.8092748067748589,0.9987121699935608
0.8093581383721172,0.9987121699935608
0.8094206370700611,0.9987121699935608
0.8094623028686903,0.9987121699935608
0.8095873002645778,0.9987121699935608
0.8096914647611508,0.9987121699935608
0.8097747963584092,0.9987121699935608
0.8097956292577237,0.9987121699935608
0.8098789608549822,0.9987121699935608
0.8100039582508698,0.9987121699935608
0.8100664569488135,0.9987121699935608
0.8101289556467574,0.9987121699935608
0.810149788546072,0.9987121699935608
0.8101914543447012,0.9987121699935608
0.8102539530426449,0.9987121699935608
0.8102956188412741,0.9987121699935608
0.8103997833378471,0.9987121699935608
0.8104414491364763,0.9987121699935608
0.810462282035791,0.9987121699935608
0.8106914439282515,0.9987121699935608
0.8107331097268807,0.9987121699935608
0.8107747755255099,0.9987121699935608
0.8108997729213975,0.9987121699935608
0.8109414387200267,0.9987121699935608
0.8110456032165997,0.9987121699935608
0.8111081019145434,0.9987121699935608
0.8111497677131726,0.9987121699935608
0.8115664256994646,0.9993560849967804
0.8116914230953521,0.9993560849967804
0.8117955875919252,0.9993560849967804
0.8119622507864419,0.9993560849967804
0.8121497468802733,0.9993560849967804
0.8121914126789025,0.9993560849967804
0.8122955771754755,0.9993560849967804
0.8123580758734193,0.9993560849967804
0.8124414074706777,0.9993560849967804
0.8125039061686214,0.9993560849967804
0.8125455719672506,0.9993560849967804
0.8129205641549134,0.9993560849967804
0.8130038957521718,0.9993560849967804
0.8130872273494302,0.9993560849967804
0.813149726047374,0.9993560849967804
0.8131913918460032,0.9993560849967804
0.8132330576446324,0.9993560849967804
0.8132747234432616,0.9993560849967804
0.8134205537384638,0.9993560849967804
0.813462219537093,0.9993560849967804
0.8135247182350368,0.9993560849967804
0.8135455511343513,0.9993560849967804
0.8136080498322952,0.9993560849967804
0.8136497156309244,0.9993560849967804
0.8136705485302389,0.9993560849967804
0.8137330472281827,0.9993560849967804
0.8137538801274974,0.9993560849967804
0.8138997104226995,0.9993560849967804
0.8139622091206433,0.9993560849967804
0.8140038749192725,0.9993560849967804
0.8140247078185872,0.9993560849967804
0.8140663736172163,0.9993560849967804
0.8141288723151601,0.9993560849967804
0.8141705381137893,0.9993560849967804
0.8142122039124184,0.9993560849967804
0.8142747026103623,0.9993560849967804
0.8143163684089915,0.9993560849967804
0.8143580342076207,0.9993560849967804
0.8148371908918565,0.9993560849967804
0.814858023791171,0.9993560849967804
0.8149205224891148,0.9993560849967804
0.8150246869856878,0.9993560849967804
0.8152121830795191,0.9993560849967804
0.815274681777463,0.9993560849967804
0.8153163475760922,0.9993560849967804
0.8154205120726652,0.9993560849967804
0.8154621778712944,0.9993560849967804
0.8155246765692381,0.9993560849967804
0.8155871752671819,0.9993560849967804
0.8156288410658111,0.9993560849967804
0.8157121726630695,0.9993560849967804
0.8157538384616987,0.9993560849967804
0.8159621674548447,0.9993560849967804
0.8159830003541593,0.9993560849967804
0.8161079977500468,0.9993560849967804
0.8161288306493615,0.9993560849967804
0.8161913293473053,0.9993560849967804
0.8163163267431929,0.9993560849967804
0.8165246557363388,0.9993560849967804
0.8171079769171475,0.9993560849967804
0.8172329743130351,0.9993560849967804
0.8173788046082373,0.9993560849967804
0.8175454678027541,0.9993560849967804
0.8176912980979563,0.9993560849967804
0.8177537967959001,0.9993560849967804
0.8178162954938438,0.9993560849967804
0.8178579612924731,0.9993560849967804
0.8179204599904168,0.9993560849967804
0.817962125789046,0.9993560849967804
0.8181079560842482,0.9993560849967804
0.8181496218828774,0.9993560849967804
0.8182537863794505,0.9993560849967804
0.8183996166746527,0.9993560849967804
0.8184204495739672,0.9993560849967804
0.8184621153725964,0.9993560849967804
0.8185662798691694,0.9993560849967804
0.8186287785671131,0.9993560849967804
0.8187121101643716,0.9993560849967804
0.8188371075602592,0.9993560849967804
0.8189412720568322,0.9993560849967804
0.8189829378554614,0.9993560849967804
0.8190454365534051,0.9993560849967804
0.8192329326472365,0.9993560849967804
0.8192954313451803,0.9993560849967804
0.8201079144184497,0.9993560849967804
0.8201287473177642,0.9993560849967804
0.820191246015708,0.9993560849967804
0.8202329118143372,0.9993560849967804
0.8203370763109102,0.9993560849967804
0.8203579092102248,0.9993560849967804
0.820399575008854,0.9993560849967804
0.820503739505427,0.9993560849967804
0.8205870711026854,0.9993560849967804
0.8206495698006292,0.9993560849967804
0.8206912355992584,0.9993560849967804
0.8207954000958313,0.9993560849967804
0.8208995645924043,0.9993560849967804
0.8209620632903482,0.9993560849967804
0.8209828961896627,0.9993560849967804
0.8210870606862357,0.9993560849967804
0.8211495593841796,0.9993560849967804
0.8211703922834941,0.9993560849967804
0.8213370554780108,0.9993560849967804
0.8213578883773255,0.9993560849967804
0.8214203870752693,0.9993560849967804
0.8214620528738985,0.9993560849967804
0.8215037186725277,0.9993560849967804
0.8215453844711569,0.9993560849967804
0.8216495489677298,0.9993560849967804
0.8217120476656736,0.9993560849967804
0.8217537134643028,0.9993560849967804
0.821795379262932,0.9993560849967804
0.8218370450615612,0.9993560849967804
0.8218578779608758,0.9993560849967804
0.821899543759505,0.9993560849967804
0.8219203766588196,0.9993560849967804
0.8219828753567634,0.9993560849967804
0.8220453740547072,0.9993560849967804
0.8221287056519656,0.9993560849967804
0.8221703714505948,0.9993560849967804
0.8222953688464824,0.9993560849967804
0.8224411991416846,0.9993560849967804
0.8225245307389429,0.9993560849967804
0.8226078623362013,0.9993560849967804
0.8227745255307181,0.9993560849967804
0.8228161913293474,0.9993560849967804
0.8228578571279765,0.9993560849967804
0.8228786900272911,0.9993560849967804
0.8229620216245495,0.9993560849967804
0.8230036874231786,0.9993560849967804
0.82319118351701,0.9993560849967804
0.8232328493156392,0.9993560849967804
0.8233578467115269,0.9993560849967804
0.8235453428053582,0.9993560849967804
0.8237328388991896,1.0
0.8239411678923356,1.0
0.8239828336909648,1.0
0.8241286639861669,1.0
0.8241494968854816,1.0
0.8242536613820546,1.0
0.8242953271806838,1.0
0.8243994916772567,1.0
0.8244411574758859,1.0
0.8244828232745152,1.0
0.8245661548717735,1.0
0.8246078206704027,1.0
0.8246703193683464,1.0
0.8247536509656049,1.0
0.8248161496635487,1.0
0.8248578154621778,1.0
0.8249203141601217,1.0
0.8249411470594362,1.0
0.82500364575738,1.0
0.8250453115560092,1.0
0.8251703089518968,1.0
0.8252536405491552,1.0
0.8252953063477845,1.0
0.8253786379450428,1.0
0.8254411366429866,1.0
0.8254619695423012,1.0
0.8255869669381888,1.0
0.825628632736818,1.0
0.8256702985354472,1.0
0.825732797233391,1.0
0.8257744630320202,1.0
0.8259202933272224,1.0
0.8259619591258516,1.0
0.82604529072311,1.0
0.8261286223203683,1.0
0.8265661132059748,1.0
0.8266494448032332,1.0
0.826711943501177,1.0
0.8267327764004917,1.0
0.8268994395950084,1.0
0.8269827711922668,1.0
0.8271077685881544,1.0
0.8271702672860982,1.0
0.8272535988833566,1.0
0.8272952646819858,1.0
0.827336930480615,1.0
0.8273785962792441,1.0
0.827441094977188,1.0
0.827545259473761,1.0
0.8276494239703339,1.0
0.8277535884669069,1.0
0.8278160871648508,1.0
0.8278994187621092,1.0
0.8279410845607383,1.0
0.8279619174600529,1.0
0.8280660819566259,1.0
0.8281077477552551,1.0
0.8281494135538843,1.0
0.8284410741442887,1.0
0.8285035728422324,1.0
0.8285452386408616,1.0
0.8286494031374346,1.0
0.8286910689360638,1.0
0.8287535676340076,1.0
0.8287744005333222,1.0
0.8288160663319514,1.0
0.8289827295264682,1.0
0.8290243953250974,1.0
0.8291077269223558,1.0
0.8291285598216703,1.0
0.8291702256202996,1.0
0.8291910585196142,1.0
0.8292327243182434,1.0
0.8293577217141309,1.0
0.8294202204120747,1.0
0.8294410533113894,1.0
0.8295035520093331,1.0
0.829566050707277,1.0
0.8296077165059061,1.0
0.8297118810024792,1.0
0.8297535468011084,1.0
0.8298785441969959,1.0
0.8299202099956251,1.0
0.8299618757942543,1.0
0.8301493718880857,1.0
0.8301910376867149,1.0
0.8302118705860294,1.0
0.8304201995791755,1.0
0.83044103247849,1.0
0.8305035311764338,1.0
0.8305243640757484,1.0
0.8305660298743777,1.0
0.830649361471636,1.0
0.8306910272702652,1.0
0.8307326930688944,1.0
0.8308368575654674,1.0
0.830857690464782,1.0
0.8309201891627258,1.0
0.8309826878606695,1.0
0.8310243536592987,1.0
0.8311076852565572,1.0
0.8311493510551864,1.0
0.8313160142497031,1.0
0.8313576800483323,1.0
0.8314201787462762,1.0
0.8314826774442199,1.0
0.8315243432428491,1.0
0.8315451761421637,1.0
0.8315868419407929,1.0
0.8316076748401074,1.0
0.8316493406387367,1.0
0.8317118393366805,1.0
0.8318785025311972,1.0
0.8320868315243433,1.0
0.8321284973229724,1.0
0.8321701631216016,1.0
0.8322118289202308,1.0
0.8323368263161184,1.0
0.8323784921147476,1.0
0.8324409908126914,1.0
0.8326076540072082,1.0
0.8326909856044665,1.0
0.832774317201725,1.0
0.8328576487989834,1.0
0.832982646194871,1.0
0.8330451448928148,1.0
0.8331076435907585,1.0
0.8331493093893877,1.0
0.8332118080873315,1.0
0.8333159725839046,1.0
0.8333576383825337,1.0
0.8333993041811629,1.0
0.8334618028791067,1.0
0.833545134476365,1.0
0.8335868002749943,1.0
0.833649298972938,1.0
0.8337117976708819,1.0
0.8337534634695111,1.0
0.8338992937647133,1.0
0.8339826253619717,1.0
0.8340242911606008,1.0
0.834170121455803,1.0
0.8342534530530614,1.0
0.8343992833482636,1.0
0.8344409491468928,1.0
0.8346909439386679,1.0
0.8347742755359263,1.0
0.8348159413345555,1.0
0.8348992729318139,1.0
0.8349409387304431,1.0
0.8350659361263307,1.0
0.8351076019249599,1.0
0.8351492677235891,1.0
0.8352742651194767,1.0
0.8353159309181059,1.0
0.8353784296160497,1.0
0.8354200954146789,1.0
0.8354825941126226,1.0
0.8355450928105664,1.0
0.8356075915085103,1.0
0.835670090206454,1.0
0.8357534218037124,1.0
0.8357950876023417,1.0
0.8360242494948021,1.0
0.8360659152934314,1.0
0.8361075810920606,1.0
0.836190912689319,1.0
0.8363992416824649,1.0
0.8366284035749255,1.0
0.8368992312660153,1.0
0.8369408970646445,1.0
0.837065894460532,1.0
0.8371075602591612,1.0
0.8372533905543634,1.0
0.8373367221516218,1.0
0.8375242182454532,1.0
0.8375658840440824,1.0
0.837586716943397,1.0
0.8378367117351722,1.0
0.8380242078290036,1.0
0.8380867065269474,1.0
0.8381075394262619,1.0
0.8381492052248911,1.0
0.8381700381242058,1.0
0.838211703922835,1.0
0.8382742026207788,1.0
0.838315868419408,1.0
0.8383575342180372,1.0
0.8384408658152955,1.0
0.8386283619091269,1.0
0.8386700277077561,1.0
0.8388575238015875,1.0
0.8389408553988459,1.0
0.8390033540967896,1.0
0.8390450198954188,1.0
0.8390658527947334,1.0
0.8391075185933626,1.0
0.8391700172913065,1.0
0.839190850190621,1.0
0.8392741817878794,1.0
0.839399179183767,1.0
0.8394408449823962,1.0
0.8395866752775983,1.0
0.8396283410762275,1.0
0.8398991687673173,1.0
0.8401699964584071,1.0
0.8402533280556655,1.0
0.8403158267536093,1.0
0.8403991583508676,1.0
0.8405658215453845,1.0
0.8406283202433282,1.0
0.8407741505385304,1.0
0.8408366492364743,1.0
0.8408574821357888,1.0
0.8413783046186538,1.0
0.8415033020145414,1.0
0.8415866336117998,1.0
0.8416282994104289,1.0
0.8416907981083728,1.0
0.8417532968063165,1.0
0.8417741297056311,1.0
0.8418157955042603,1.0
0.8419199600008334,1.0
0.8419824586987771,1.0
0.8420032915980917,1.0
0.8420449573967209,1.0
0.8422532863898669,1.0
0.8423574508864399,1.0
0.8423782837857544,1.0
0.8424199495843837,1.0
0.8428991062686194,1.0
0.8429407720672486,1.0
0.8430657694631362,1.0
0.84312826816108,1.0
0.8431491010603945,1.0
0.8431907668590237,1.0
0.843232432657653,1.0
0.8433157642549114,1.0
0.8435032603487428,1.0
0.8435865919460012,1.0
0.8437115893418887,1.0
0.8437532551405179,1.0
0.8437740880398324,1.0
0.8438574196370909,1.0
0.844003249932293,1.0
0.8440449157309222,1.0
0.8440865815295515,1.0
0.8441282473281807,1.0
0.8441490802274952,1.0
0.8441907460261244,1.0
0.8442324118247536,1.0
0.8442949105226975,1.0
0.8443365763213266,1.0
0.8444615737172142,1.0
0.8445657382137872,1.0
0.8445865711131018,1.0
0.8447949001062478,1.0
0.8451073935959668,1.0
0.8451698922939106,1.0
0.8454407199850004,1.0
0.8457323805754047,1.0
0.8458365450719777,1.0
0.8458990437699214,1.0
0.8460240411658091,1.0
0.8460657069644383,1.0
0.846440699152101,1.0
0.8465240307493593,1.0
0.8466281952459324,1.0
0.8466698610445615,1.0
0.8467740255411346,1.0
0.8468156913397638,1.0
0.8472115164267411,1.0
0.8472740151246849,1.0
0.8475448428157747,1.0
0.8475865086144039,1.0
0.8476490073123477,1.0
0.8477531718089206,1.0
0.8479198350034375,1.0
0.8479823337013812,1.0
0.848044832399325,1.0
0.8481073310972688,1.0
0.8481698297952126,1.0
0.8482114955938418,1.0
0.8482739942917856,1.0
0.848357325889044,1.0
0.8483989916876732,1.0
0.8488781483719089,1.0
0.8488989812712235,1.0
0.8489614799691673,1.0
0.8489823128684819,1.0
0.8490448115664258,1.0
0.8490656444657403,1.0
0.8491073102643695,1.0
0.8494823024520323,1.0
0.8496072998479198,1.0
0.8498572946396951,1.0
0.849961459136268,1.0
0.8500447907335263,1.0
0.850169788129414,1.0
0.8502531197266724,1.0
0.8502739526259869,1.0
0.8505031145184475,1.0
0.8506489448136497,1.0
0.8506906106122789,1.0
0.8507322764109081,1.0
0.8508572738067957,1.0
0.8510239370013125,1.0
0.8510656027999417,1.0
0.8510864356992562,1.0
0.8511281014978854,1.0
0.8511697672965146,1.0
0.8513155975917168,1.0
0.8513364304910315,1.0
0.851461427886919,1.0
0.8515239265848629,1.0
0.8516072581821212,1.0
0.8516489239807504,1.0
0.8517114226786942,1.0
0.8518572529738964,1.0
0.8518989187725255,1.0
0.8519405845711547,1.0
0.8520655819670424,1.0
0.8521489135643008,1.0
0.8522114122622445,1.0
0.8522530780608737,1.0
0.8522947438595029,1.0
0.8523364096581322,1.0
0.8524614070540197,1.0
0.8525030728526489,1.0
0.8525655715505926,1.0
0.8526072373492218,1.0
0.8526905689464803,1.0
0.8529405637382554,1.0
0.8532530572279744,1.0
0.8532947230266036,1.0
0.8533572217245474,1.0
0.8533988875231766,1.0
0.8535238849190642,1.0
0.8536072165163225,1.0
0.8536280494156372,1.0
0.8537322139122102,1.0
0.8538572113080978,1.0
0.853898877106727,1.0
0.8539197100060415,1.0
0.8540030416033,1.0
0.8540655403012437,1.0
0.8541280389991875,1.0
0.8541697047978167,1.0
0.8541905376971313,1.0
0.8542322034957605,1.0
0.8543155350930189,1.0
0.8546488614820524,1.0
0.8546696943813671,1.0
0.8547321930793108,1.0
0.8548155246765692,1.0
0.8548988562738277,1.0
0.8549405220724569,1.0
0.854982187871086,1.0
0.8550655194683444,1.0
0.8551488510656028,1.0
0.8552738484614903,1.0
0.8553155142601195,1.0
0.8554405116560072,1.0
0.8554821774546364,1.0
0.8555655090518948,1.0
0.855607174850524,1.0
0.8557738380450407,1.0
0.8558155038436699,1.0
0.8558363367429845,1.0
0.8559821670381867,1.0
0.8561904960313327,1.0
0.8562529947292765,1.0
0.8563154934272202,1.0
0.8563779921251641,1.0
0.8564404908231078,1.0
0.8564821566217371,1.0
0.8565238224203663,1.0
0.8565446553196808,1.0
0.85658632111831,1.0
0.8567321514135122,1.0
0.8567738172121414,1.0
0.8568154830107706,1.0
0.8568571488093998,1.0
0.8568779817087144,1.0
0.8569404804066582,1.0
0.8571488093998042,1.0
0.8571696422991187,1.0
0.8572529738963771,1.0
0.8574404699902085,1.0
0.8575029686881523,1.0
0.8575446344867815,1.0
0.8576279660840399,1.0
0.8579404595737589,1.0
0.8580029582717027,1.0
0.8581071227682756,1.0
0.8581487885669049,1.0
0.8583154517614217,1.0
0.8583779504593654,1.0
0.8586279452511406,1.0
0.8587946084456574,1.0
0.8588362742442865,1.0
0.8588779400429157,1.0
0.8589404387408596,1.0
0.8589821045394888,1.0
0.8590654361367471,1.0
0.8591071019353763,1.0
0.8592529322305785,1.0
0.8592945980292077,1.0
0.8593362638278369,1.0
0.8593779296264661,1.0
0.8595654257202975,1.0
0.8596487573175559,1.0
0.8596695902168705,1.0
0.8599195850086456,1.0
0.8599404179079603,1.0
0.8599820837065895,1.0
0.8600445824045332,1.0
0.8600654153038478,1.0
0.8601279140017917,1.0
0.8602737442969938,1.0
0.8603362429949376,1.0
0.8604404074915106,1.0
0.8604820732901398,1.0
0.8605862377867127,1.0
0.8607529009812296,1.0
0.8608570654778025,1.0
0.8609195641757463,1.0
0.8609820628736902,1.0
0.8610237286723194,1.0
0.8611695589675216,1.0
0.8612320576654653,1.0
0.8612528905647799,1.0
0.8613362221620383,1.0
0.8613778879606675,1.0
0.8614195537592967,1.0
0.8615237182558697,1.0
0.8615862169538134,1.0
0.8620028749401054,1.0
0.8620445407387346,1.0
0.8621070394366784,1.0
0.8621695381346222,1.0
0.8622112039332513,1.0
0.8622528697318805,1.0
0.862336201329139,1.0
0.8627736922147455,1.0
0.8628361909126894,1.0
0.8630445199058353,1.0
0.8630861857044645,1.0
0.8633153475969251,1.0
0.8633778462948689,1.0
0.8634403449928126,1.0
0.8634820107914418,1.0
0.8636695068852732,1.0
0.8637528384825316,1.0
0.8643778254619695,1.0
0.8644194912605987,1.0
0.8645028228578572,1.0
0.864773650548947,1.0
0.8648569821462053,1.0
0.8648778150455199,1.0
0.864919480844149,1.0
0.8649819795420929,1.0
0.8650236453407221,1.0
0.865336138830441,1.0
0.8653778046290702,1.0
0.8655236349242724,1.0
0.8655653007229016,1.0
0.8656694652194746,1.0
0.8657111310181038,1.0
0.8661277890043957,1.0
0.866169454803025,1.0
0.8662319535009687,1.0
0.8662736192995979,1.0
0.8664819482927439,1.0
0.8665236140913731,1.0
0.8667944417824629,1.0
0.8668361075810921,1.0
0.8671277681714964,1.0
0.8671694339701256,1.0
0.8672110997687548,1.0
0.8672735984666986,1.0
0.8672944313660133,1.0
0.8673777629632716,1.0
0.86746109456053,1.0
0.8675027603591592,1.0
0.8675444261577884,1.0
0.8675860919564176,1.0
0.8676902564529906,1.0
0.867773588050249,1.0
0.8679194183454512,1.0
0.8679610841440804,1.0
0.8680652486406534,1.0
0.8680860815399679,1.0
0.8681485802379117,1.0
0.8681694131372263,1.0
0.8682110789358555,1.0
0.8682735776337993,1.0
0.8683152434324285,1.0
0.8687319014187205,1.0
0.8688152330159788,1.0
0.868856898814608,1.0
0.8688985646132372,1.0
0.8690443949084394,1.0
0.8690860607070686,1.0
0.8691277265056978,1.0
0.8692318910022708,1.0
0.8692735568009,1.0
0.8693360554988437,1.0
0.8693777212974729,1.0
0.8696693818878773,1.0
0.8697110476865065,1.0
0.8697318805858212,1.0
0.8697735463844504,1.0
0.8698152121830796,1.0
0.8698568779817087,1.0
0.8698777108810233,1.0
0.8699193766796525,1.0
0.8699818753775963,1.0
0.8700235411762255,1.0
0.8700652069748547,1.0
0.8701693714714277,1.0
0.8702318701693714,1.0
0.8702735359680007,1.0
0.8703568675652591,1.0
0.8704193662632028,1.0
0.870461032061832,1.0
0.8704818649611467,1.0
0.8705860294577197,1.0
0.8707318597529218,1.0
0.8708151913501802,1.0
0.870877690048124,1.0
0.8709610216453824,1.0
0.8710235203433262,1.0
0.8710651861419554,1.0
0.8711068519405846,1.0
0.8711485177392138,1.0
0.8712735151351013,1.0
0.8713360138330452,1.0
0.8713776796316743,1.0
0.8715235099268765,1.0
0.8715860086248203,1.0
0.8717943376179663,1.0
0.8718151705172809,1.0
0.8724193245974042,1.0
0.872585987791921,1.0
0.8727526509864377,1.0
0.8727734838857524,1.0
0.8728359825836962,1.0
0.8728568154830108,1.0
0.8730234786775275,1.0
0.8732526405699881,1.0
0.8732943063686173,1.0
0.8733359721672466,1.0
0.8734401366638195,1.0
0.8735026353617633,1.0
0.8735443011603925,1.0
0.873565134059707,1.0
0.8736067998583363,1.0
0.8736901314555947,1.0
0.8738567946501115,1.0
0.8740651236432574,1.0
0.8741484552405159,1.0
0.8741901210391451,1.0
0.8742317868377742,1.0
0.874294285535718,1.0
0.8744192829316056,1.0
0.8745234474281786,1.0
0.8745651132268077,1.0
0.8746067790254369,1.0
0.87471094352201,1.0
0.8747526093206391,1.0
0.874815108018583,1.0
0.8748567738172122,1.0
0.8748984396158414,1.0
0.8750234370117289,1.0
0.875377596300077,1.0
0.8754609278973354,1.0
0.8754817607966501,1.0
0.8755234265952793,1.0
0.8755442594945939,1.0
0.8755859252932231,1.0
0.8757734213870544,1.0
0.8758984187829421,1.0
0.8759609174808858,1.0
0.876002583279515,1.0
0.8760650819774588,1.0
0.876106747776088,1.0
0.876419241265807,1.0
0.8764609070644361,1.0
0.8764817399637508,1.0
0.87652340576238,1.0
0.8765859044603237,1.0
0.876627570258953,1.0
0.8766900689568967,1.0
0.8767317347555259,1.0
0.8767734005541551,1.0
0.8768775650507281,1.0
0.8769192308493573,1.0
0.8770025624466157,1.0
0.8774192204329077,1.0
0.877502552030166,1.0
0.8775650507281099,1.0
0.877606716526739,1.0
0.8776275494260536,1.0
0.8786066956938398,1.0
0.8786691943917835,1.0
0.878794191787671,1.0
0.8788775233849295,1.0
0.8798983354513448,1.0
0.8807941501218725,1.0
0.8808149830211871,1.0
0.8808983146184455,1.0
0.8809608133163892,1.0
0.8810024791150184,1.0
0.881023312014333,1.0
0.8812733068061082,1.0
0.8812941397054228,1.0
0.8817316305910293,1.0
0.8817941292889732,1.0
0.8818357950876023,1.0
0.8820024582821191,1.0
0.8820857898793775,1.0
0.8821274556780067,1.0
0.8823566175704672,1.0
0.8824191162684111,1.0
0.8826899439595008,1.0
0.8827941084560739,1.0
0.8829816045499053,1.0
0.8832107664423657,1.0
0.8832315993416804,1.0
0.8836899231266016,1.0
0.8837524218245453,1.0
0.8838357534218038,1.0
0.8838982521197475,1.0
0.8856065498635445,1.0
0.8857732130580613,1.0
0.8858773775546342,1.0
0.8859607091518926,1.0
0.8860857065477803,1.0
0.8861273723464095,1.0
0.8863773671381846,1.0
0.8863982000374993,1.0
0.8864815316347576,1.0
0.8865023645340722,1.0
0.8865440303327013,1.0
0.8865856961313306,1.0
0.8867940251244766,1.0
0.8868356909231058,1.0
0.8868981896210496,1.0
0.8873773463052853,1.0
0.8874815108018583,1.0
0.8887523176600487,1.0
0.888793983458678,1.0
0.8888356492573072,1.0
0.8888773150559364,1.0
0.8889189808545656,1.0
0.8889398137538801,1.0
0.8889814795525093,1.0
0.8890231453511385,1.0
0.8892314743442845,1.0
0.889252307243599,1.0
0.8893356388408575,1.0
0.8895023020353743,1.0
0.889564800733318,1.0
0.8896272994312618,1.0
0.8898147955250932,1.0
0.8898772942230371,1.0
0.8898981271223516,1.0
0.8900022916189246,1.0
0.8900231245182392,1.0
0.8901481219141268,1.0
0.890189787712756,1.0
0.8902106206120706,1.0
0.890502281202475,1.0
0.8905647799004187,1.0
0.8906064456990479,1.0
0.8910856023832837,1.0
0.8911064352825983,1.0
0.8911481010812274,1.0
0.8911897668798566,1.0
0.8912939313764296,1.0
0.8913564300743735,1.0
0.8914397616716319,1.0
0.8914605945709464,1.0
0.8916272577654633,1.0
0.891689756463407,1.0
0.89179392095998,1.0
0.8918147538592947,1.0
0.8918564196579238,1.0
0.891898085456553,1.0
0.8919605841544967,1.0
0.8920022499531259,1.0
0.892106414449699,1.0
0.8926272369325639,1.0
0.8926480698318785,1.0
0.8926897356305077,1.0
0.8927105685298223,1.0
0.8927730672277661,1.0
0.8927939001270807,1.0
0.8928772317243391,1.0
0.8929397304222829,1.0
0.8930230620195413,1.0
0.8932730568113164,1.0
0.8933772213078894,1.0
0.8934397200058332,1.0
0.8934813858044625,1.0
0.8935438845024062,1.0
0.8935855503010354,1.0
0.8936272160996646,1.0
0.8936688818982937,1.0
0.8937938792941814,1.0
0.8938563779921251,1.0
0.8938980437907543,1.0
0.8939605424886982,1.0
0.8940022082873273,1.0
0.8941688714818441,1.0
0.8941897043811587,1.0
0.8942313701797879,1.0
0.8942730359784171,1.0
0.8943563675756755,1.0
0.8944605320722485,1.0
0.8945230307701922,1.0
0.8945646965688215,1.0
0.8945855294681361,1.0
0.8946688610653944,1.0
0.8947105268640236,1.0
0.8948355242599112,1.0
0.8949188558571697,1.0
0.8949396887564842,1.0
0.8949813545551134,1.0
0.8950230203537426,1.0
0.8950646861523718,1.0
0.8951688506489448,1.0
0.8952521822462032,1.0
0.8953980125414054,1.0
0.8955021770379784,1.0
0.8955438428366076,1.0
0.8955646757359221,1.0
0.8956063415345513,1.0
0.8956480073331805,1.0
0.8957938376283827,1.0
0.8958980021249557,1.0
0.8959188350242703,1.0
0.8959605008228996,1.0
0.8959813337222141,1.0
0.8961063311181017,1.0
0.8962729943126185,1.0
0.8963354930105623,1.0
0.8964604904064498,1.0
0.8965646549030228,1.0
0.8966688193995959,1.0
0.8966896522989104,1.0
0.8967729838961689,1.0
0.8967938167954834,1.0
0.8970438115872585,1.0
0.8970646444865732,1.0
0.8971063102852024,1.0
0.8971896418824608,1.0
0.8972313076810899,1.0
0.8973979708756068,1.0
0.8974813024728652,1.0
0.8975229682714944,1.0
0.8975438011708089,1.0
0.8976479656673819,1.0
0.8976687985666966,1.0
0.8977104643653258,1.0
0.8979187933584717,1.0
0.8979604591571009,1.0
0.8979812920564155,1.0
0.8980229578550447,1.0
0.8981687881502469,1.0
0.8984812816399659,1.0
0.8986062790358534,1.0
0.8986687777337972,1.0
0.898731276431741,1.0
0.8990646028207746,1.0
0.8991062686194038,1.0
0.8991687673173475,1.0
0.8992104331159767,1.0
0.8992729318139205,1.0
0.8992937647132352,1.0
0.8993562634111789,1.0
0.8993979292098081,1.0
0.8995854253036395,1.0
0.8996270911022687,1.0
0.8996479240015833,1.0
0.8997729213974709,1.0
0.8998145871961001,1.0
0.8998562529947293,1.0
0.8999395845919876,1.0
0.900022916189246,1.0
0.9000854148871898,1.0
0.9001479135851337,1.0
0.9003770754775943,1.0
0.9004187412762235,1.0
0.9004604070748526,1.0
0.9005020728734818,1.0
0.9006062373700547,1.0
0.900647903168684,1.0
0.9007104018666278,1.0
0.9007729005645716,1.0
0.9008145663632008,1.0
0.9009395637590883,1.0
0.9010228953563467,1.0
0.9010853940542906,1.0
0.9011062269536051,1.0
0.9011478927522343,1.0
0.9012312243494928,1.0
0.901272890148122,1.0
0.9014395533426387,1.0
0.9015020520405825,1.0
0.9015853836378409,1.0
0.9016270494364701,1.0
0.9016478823357846,1.0
0.9016895481344138,1.0
0.9017728797316723,1.0
0.9018978771275599,1.0
0.9019187100268744,1.0
0.9019603758255036,1.0
0.9020437074227621,1.0
0.9021062061207058,1.0
0.9021270390200204,1.0
0.9021687048186496,1.0
0.9022312035165934,1.0
0.9023145351138518,1.0
0.9023353680131664,1.0
0.9023770338117956,1.0
0.902564529905627,1.0
0.9026061957042562,1.0
0.9026895273015145,1.0
0.9027728588987729,1.0
0.9028145246974021,1.0
0.9028353575967167,1.0
0.9028770233953459,1.0
0.9030020207912335,1.0
0.9030436865898627,1.0
0.9031061852878065,1.0
0.9031895168850649,1.0
0.9032311826836941,1.0
0.9033978458782109,1.0
0.9034603445761547,1.0
0.9036061748713569,1.0
0.9037103393679299,1.0
0.9038145038645028,1.0
0.9038770025624466,1.0
0.9038978354617612,1.0
0.9039811670590197,1.0
0.9042519947501094,1.0
0.9042936605487386,1.0
0.9045644882398284,1.0
0.9046478198370868,1.0
0.9046894856357159,1.0
0.9048144830316035,1.0
0.9049394804274911,1.0
0.9049811462261202,1.0
0.9050228120247494,1.0
0.9050644778233787,1.0
0.9051478094206371,1.0
0.9056477990041875,1.0
0.905668631903502,1.0
0.9057311306014458,1.0
0.9061686214870524,1.0
0.9062102872856815,1.0
0.912710151871836,1.0
0.9129393137642966,1.0
0.9145642799108352,1.0
0.9161475802587447,1.0
0.9163767421512052,1.0
0.9204599904168663,1.0
0.9206474865106977,1.0
0.9478969188141914,1.0
0.949313555967584,1.0
0.952313493468886,1.0
0.9530218120455823,1.0
0.953042644944897,1.0
0.9534801358305035,1.0
0.9542717860044583,1.0
0.9658340451240599,1.0
0.9667715255932168,1.0
0.9668548571904751,1.0
0.9668756900897898,1.0
0.9677298389616883,1.0
0.9680631653507219,1.0
0.9686048207329014,1.0
0.968625653632216,1.0
0.9686881523301598,1.0
0.968833982625362,1.0
0.9702297868794401,1.0
0.9711047686506531,1.0
0.9716672569321473,1.0
0.9718964188246079,1.0
0.9721047478177538,1.0
0.9721672465156976,1.0
0.9721880794150122,1.0
0.9726255703006187,1.0
0.9726672360992479,1.0
0.9961250807274848,1.0
0.9966667361096644,1.0
0.9973750546863607,1.0
0.9978125455719673,1.0
0.997875044269911,1.0
0.9993750130205621,1.0
0.9995208433157643,1.0
1.0,1.0
