fpr,tpr
0.0,0.0
0.0,0.000643915003219575
0.0,0.0038634900193174502
0.0,0.004507405022537025
0.0,0.005795235028976175
0.0,0.0077269800386349004
0.0,0.012234385061171926
0.0,0.015453960077269801
0.0,0.01674179008370895
0.0,0.019961365099806824
0.0,0.021249195106245976
0.0,0.050225370251126854
0.0,0.051513200257566
0.0,0.26722472633612365
2.0832899314597614e-05,0.26722472633612365
2.0832899314597614e-05,0.27430779137153893
2.0832899314597614e-05,0.2755956213779781
2.0832899314597614e-05,0.2858982614294913
4.166579862919523e-05,0.2858982614294913
4.166579862919523e-05,0.2994204764971024
6.249869794379283e-05,0.2994204764971024
6.249869794379283e-05,0.304571796522859
8.333159725839046e-05,0.304571796522859
8.333159725839046e-05,0.3122987765614939
0.00012499739588758566,0.3122987765614939
0.00012499739588758566,0.32260141661300706
0.0001458302952021833,0.32260141661300706
0.0001458302952021833,0.32388924661944624
0.0001666631945167809,0.32388924661944624
0.0001666631945167809,0.3271088216355441
0.00020832899314597613,0.3271088216355441
0.00020832899314597613,0.3277527366387637
0.00022916189246057373,0.3277527366387637
0.00022916189246057373,0.3283966516419833
0.00022916189246057373,0.3296844816484224
0.0002499947917751713,0.3296844816484224
0.0002499947917751713,0.33419188667095945
0.000270827691089769,0.33419188667095945
0.000270827691089769,0.33547971667739857
0.0003541592883481594,0.33547971667739857
0.0003541592883481594,0.33612363168061815
0.000374992187662757,0.33612363168061815
0.000374992187662757,0.3399871216999356
0.00041665798629195226,0.3399871216999356
0.00041665798629195226,0.3432066967160335
0.00045832378492114746,0.3432066967160335
0.00045832378492114746,0.34642627173213136
0.000541655382179538,0.34642627173213136
0.000541655382179538,0.34835801674179007
0.0005624882814941355,0.34835801674179007
0.0005624882814941355,0.34900193174500965
0.0006041540801233308,0.34900193174500965
0.0006041540801233308,0.3509336767546684
0.0006249869794379283,0.3509336767546684
0.0006249869794379283,0.35222150676110753
0.000645819878752526,0.35222150676110753
0.000645819878752526,0.3528654217643271
0.0006874856773817212,0.3528654217643271
0.0006874856773817212,0.3541532517707663
0.0007083185766963188,0.3541532517707663
0.0007083185766963188,0.3580167417900837
0.0007291514760109165,0.3580167417900837
0.0007291514760109165,0.35994848679974245
0.000749984375325514,0.35994848679974245
0.000749984375325514,0.36123631680618157
0.0007916501739547092,0.36123631680618157
0.0007916501739547092,0.36445589182227944
0.0008333159725839045,0.36445589182227944
0.0008333159725839045,0.36509980682549903
0.0008958146705276974,0.36509980682549903
0.0008958146705276974,0.3676754668383773
0.0009166475698422949,0.3676754668383773
0.0009166475698422949,0.3683193818415969
0.0010624778650444781,0.3683193818415969
0.0010624778650444781,0.3689632968448165
0.0011041436636736734,0.3689632968448165
0.0011041436636736734,0.3696072118480361
0.001124976562988271,0.3696072118480361
0.001124976562988271,0.3702511268512556
0.0011458094623028687,0.3702511268512556
0.0011458094623028687,0.3708950418544752
0.0011666423616174663,0.3708950418544752
0.0011666423616174663,0.3734707018673535
0.0012499739588758567,0.3734707018673535
0.0012499739588758567,0.37475853187379266
0.0012708068581904544,0.37475853187379266
0.0012708068581904544,0.37669027688345136
0.001291639757505052,0.37669027688345136
0.001291639757505052,0.37733419188667094
0.0013124726568196495,0.37733419188667094
0.0013124726568196495,0.37797810688989053
0.0013541384554488448,0.37797810688989053
0.0013541384554488448,0.3786220218931101
0.0013749713547634424,0.3786220218931101
0.0013749713547634424,0.3811976819059884
0.0014166371533926377,0.3811976819059884
0.0014166371533926377,0.381841596909208
0.001458302952021833,0.381841596909208
0.001458302952021833,0.3831294269156471
0.001562467448594821,0.3831294269156471
0.001562467448594821,0.3844172569220863
0.0015833003479094184,0.3844172569220863
0.0015833003479094184,0.386349001931745
0.0016041332472240162,0.386349001931745
0.0016041332472240162,0.38828074694140374
0.0016249661465386137,0.38828074694140374
0.0016249661465386137,0.3915003219575016
0.0016457990458532113,0.3915003219575016
0.0016457990458532113,0.3921442369607212
0.001666631945167809,0.3921442369607212
0.001666631945167809,0.39278815196394073
0.0017082977437970041,0.39278815196394073
0.0017082977437970041,0.3947198969735995
0.0017916293410553947,0.3947198969735995
0.0017916293410553947,0.3953638119768191
0.0018124622403699923,0.3953638119768191
0.0018124622403699923,0.3960077269800386
0.0018332951396845898,0.3960077269800386
0.0018332951396845898,0.3966516419832582
0.0018541280389991876,0.3966516419832582
0.0018541280389991876,0.3972955569864778
0.0019166267369429804,0.3972955569864778
0.0019166267369429804,0.39793947198969737
0.0019582925355721755,0.39793947198969737
0.0019999583342013706,0.39793947198969737
0.002041624132830566,0.39793947198969737
0.002041624132830566,0.3992273019961365
0.0020624570321451634,0.3992273019961365
0.0020624570321451634,0.40051513200257566
0.002145788629403554,0.40051513200257566
0.002145788629403554,0.40244687701223436
0.0023541176225495303,0.40244687701223436
0.0023541176225495303,0.40373470701867353
0.0024374492198079205,0.40373470701867353
0.0024374492198079205,0.4050225370251127
0.002479115018437116,0.4050225370251127
0.002479115018437116,0.4069542820347714
0.002520780817066311,0.4069542820347714
0.002562446615695506,0.4069542820347714
0.002562446615695506,0.4082421120412106
0.002583279515010104,0.4082421120412106
0.002583279515010104,0.4088860270444301
0.002687444011583092,0.4088860270444301
0.002687444011583092,0.4095299420476497
0.0027707756088414825,0.4095299420476497
0.0027707756088414825,0.41081777205408887
0.0027916085081560803,0.41081777205408887
0.0027916085081560803,0.41468126207340633
0.0028124414074706776,0.41468126207340633
0.0028124414074706776,0.41532517707662586
0.0028332743067852753,0.41532517707662586
0.0028332743067852753,0.41661300708306503
0.002854107206099873,0.41661300708306503
0.002854107206099873,0.4179008370895042
0.002916605904043666,0.4179008370895042
0.002916605904043666,0.4191886670959433
0.0029374388033582633,0.4191886670959433
0.0029374388033582633,0.4211204121056021
0.002958271702672861,0.4211204121056021
0.002999937501302056,0.4211204121056021
0.002999937501302056,0.4224082421120412
0.003062436199245849,0.4224082421120412
0.003062436199245849,0.4230521571152608
0.003166600695818837,0.4230521571152608
0.003166600695818837,0.42369607211848037
0.003333263890335618,0.42369607211848037
0.003333263890335618,0.42433998712169996
0.003395762588279411,0.42433998712169996
0.003395762588279411,0.42755956213779783
0.0034165954875940083,0.42755956213779783
0.0034165954875940083,0.42820347714101736
0.003499927084852399,0.42820347714101736
0.003499927084852399,0.4301352221506761
0.0035207599841669966,0.4301352221506761
0.0035207599841669966,0.4307791371538957
0.0035832586821107895,0.4307791371538957
0.0035832586821107895,0.43142305215711524
0.0036249244807399846,0.43142305215711524
0.0036249244807399846,0.433354797166774
0.0036874231786837774,0.433354797166774
0.0036874231786837774,0.4352865421764327
0.003812420574571363,0.4352865421764327
0.003812420574571363,0.4359304571796523
0.003916585071144351,0.4359304571796523
0.003916585071144351,0.43721828718609146
0.003999916668402741,0.43721828718609146
0.003999916668402741,0.437862202189311
0.004145746963604925,0.437862202189311
0.004145746963604925,0.4385061171925306
0.004374908856065498,0.4385061171925306
0.004374908856065498,0.43915003219575016
0.004520739151267682,0.43915003219575016
0.004520739151267682,0.44043786220218933
0.0045415720505822795,0.44043786220218933
0.0045415720505822795,0.44108177720540886
0.004562404949896877,0.44108177720540886
0.004583237849211475,0.44172569220862845
0.004583237849211475,0.4430135222150676
0.004604070748526073,0.4430135222150676
0.004604070748526073,0.44430135222150674
0.004666569446469865,0.44430135222150674
0.004666569446469865,0.4449452672247263
0.0047290681444136584,0.4449452672247263
0.0047290681444136584,0.4455891822279459
0.004749901043728255,0.4455891822279459
0.004749901043728255,0.4475209272376046
0.004770733943042853,0.4475209272376046
0.004770733943042853,0.45009658725048296
0.004812399741672049,0.45009658725048296
0.004812399741672049,0.4513844172569221
0.004833232640986646,0.4513844172569221
0.004833232640986646,0.45202833226014166
0.004854065540301244,0.45202833226014166
0.004854065540301244,0.45267224726336125
0.004958230036874232,0.45267224726336125
0.004958230036874232,0.4558918222794591
0.004999895835503427,0.4558918222794591
0.004999895835503427,0.4565357372826787
0.0050207287348180245,0.4565357372826787
0.0050207287348180245,0.4578235672891178
0.005187391929334806,0.4578235672891178
0.005187391929334806,0.4603992273019961
0.005229057727964,0.4603992273019961
0.005229057727964,0.4616870573084353
0.005249890627278598,0.4616870573084353
0.005249890627278598,0.4623309723116549
0.005437386721109977,0.4623309723116549
0.005437386721109977,0.46297488731487446
0.005458219620424575,0.46297488731487446
0.005458219620424575,0.4642627173213136
0.005479052519739172,0.4642627173213136
0.005479052519739172,0.46490663232453316
0.0054998854190537695,0.46490663232453316
0.0054998854190537695,0.46555054732775275
0.005541551217682965,0.46555054732775275
0.005541551217682965,0.46619446233097234
0.0055832170163121605,0.46619446233097234
0.0055832170163121605,0.46683837733419187
0.005604049915626757,0.46683837733419187
0.005604049915626757,0.46748229233741145
0.005895710506031124,0.46748229233741145
0.005895710506031124,0.46812620734063104
0.005999875002604112,0.46812620734063104
0.005999875002604112,0.4687701223438506
0.006041540801233308,0.4687701223438506
0.006041540801233308,0.47005795235028974
0.0060623737005479055,0.47005795235028974
0.0060623737005479055,0.47070186735350933
0.006083206599862503,0.47070186735350933
0.006083206599862503,0.4713457823567289
0.0061040394991771,0.4713457823567289
0.0061040394991771,0.4719896973599485
0.006270702693693881,0.4719896973599485
0.006270702693693881,0.4726336123631681
0.006291535593008479,0.4726336123631681
0.006291535593008479,0.4739214423696072
0.006333201391637674,0.4739214423696072
0.006333201391637674,0.4745653573728268
0.0063540342909522715,0.4745653573728268
0.0063540342909522715,0.4752092723760464
0.006374867190266869,0.4752092723760464
0.006374867190266869,0.47585318737926596
0.006416532988896065,0.47585318737926596
0.006416532988896065,0.4764971023824855
0.006437365888210663,0.4764971023824855
0.006437365888210663,0.4771410173857051
0.006479031686839857,0.4771410173857051
0.0065415303847836505,0.4771410173857051
0.0065415303847836505,0.47907276239536384
0.006562363284098248,0.47907276239536384
0.006562363284098248,0.47971667739858337
0.006666527780671236,0.47971667739858337
0.006666527780671236,0.48100450740502254
0.00681235807587342,0.48100450740502254
0.00681235807587342,0.4816484224082421
0.006874856773817212,0.4816484224082421
0.006874856773817212,0.48293625241468124
0.0069790212703902,0.48293625241468124
0.0069790212703902,0.48358016741790083
0.007041519968333993,0.48358016741790083
0.007041519968333993,0.4842240824211204
0.0071248515655923834,0.4842240824211204
0.0071248515655923834,0.4855119124275596
0.007145684464906981,0.4855119124275596
0.007145684464906981,0.4861558274307791
0.007166517364221579,0.4861558274307791
0.007166517364221579,0.4867997424339987
0.007229016062165371,0.4867997424339987
0.007229016062165371,0.4874436574372183
0.007291514760109165,0.4874436574372183
0.007291514760109165,0.4880875724404379
0.007312347659423762,0.4880875724404379
0.007312347659423762,0.49130714745653575
0.007354013458052957,0.49130714745653575
0.007354013458052957,0.49259497746297487
0.007437345055311348,0.49259497746297487
0.007437345055311348,0.49323889246619446
0.0074998437532551405,0.49323889246619446
0.0074998437532551405,0.49388280746941404
0.007562342451198933,0.49388280746941404
0.007562342451198933,0.49452672247263363
0.007583175350513531,0.49452672247263363
0.007583175350513531,0.49581455247907275
0.007645674048457324,0.49581455247907275
0.007645674048457324,0.49645846748229233
0.007687339847086519,0.49645846748229233
0.007687339847086519,0.4977462974887315
0.007729005645715714,0.4977462974887315
0.007729005645715714,0.4996780424983902
0.007958167538176289,0.4996780424983902
0.007958167538176289,0.501609787508049
0.007979000437490886,0.501609787508049
0.007979000437490886,0.5022537025112686
0.008062332034749277,0.5022537025112686
0.008062332034749277,0.5028976175144881
0.008083164934063873,0.5028976175144881
0.008145663632007666,0.5028976175144881
0.008145663632007666,0.5035415325177076
0.008270661027895252,0.5035415325177076
0.008270661027895252,0.5041854475209272
0.00829149392720985,0.5041854475209272
0.00829149392720985,0.5048293625241468
0.008333159725839045,0.5048293625241468
0.008333159725839045,0.5074050225370251
0.008353992625153643,0.5074050225370251
0.008353992625153643,0.5080489375402447
0.008395658423782837,0.5080489375402447
0.008395658423782837,0.5086928525434643
0.00854148871898502,0.5086928525434643
0.00854148871898502,0.5099806825499034
0.00856232161829962,0.5099806825499034
0.00856232161829962,0.5125563425627817
0.008645653215558009,0.5125563425627817
0.008645653215558009,0.5132002575660013
0.008666486114872607,0.5132002575660013
0.008666486114872607,0.5144880875724405
0.008708151913501803,0.5144880875724405
0.008708151913501803,0.51513200257566
0.0087289848128164,0.51513200257566
0.0087289848128164,0.5170637475853187
0.008749817712130997,0.5170637475853187
0.008749817712130997,0.5177076625885383
0.00881231641007479,0.5177076625885383
0.00881231641007479,0.5189954925949775
0.00889564800733318,0.5189954925949775
0.00889564800733318,0.519639407598197
0.008937313805962376,0.519639407598197
0.008937313805962376,0.5202833226014166
0.008958146705276974,0.5202833226014166
0.008958146705276974,0.5209272376046362
0.009020645403220767,0.5209272376046362
0.009020645403220767,0.5215711526078558
0.009103977000479156,0.5215711526078558
0.009103977000479156,0.5235028976175145
0.009124809899793754,0.5235028976175145
0.009124809899793754,0.5247907276239536
0.009145642799108351,0.5247907276239536
0.009145642799108351,0.5260785576303928
0.009291473094310535,0.5260785576303928
0.00933313889293973,0.5260785576303928
0.009395637590883523,0.5260785576303928
0.009395637590883523,0.5267224726336124
0.009478969188141914,0.5267224726336124
0.009478969188141914,0.527366387636832
0.009603966584029499,0.527366387636832
0.009603966584029499,0.5280103026400516
0.009645632382658694,0.5280103026400516
0.009645632382658694,0.5286542176432711
0.009666465281973293,0.5286542176432711
0.009666465281973293,0.5292981326464906
0.00968729818128789,0.5292981326464906
0.00968729818128789,0.5305859626529298
0.009749796879231682,0.5305859626529298
0.009749796879231682,0.531873792659369
0.009812295577175476,0.531873792659369
0.009812295577175476,0.5325177076625885
0.009833128476490073,0.5325177076625885
0.009833128476490073,0.5338055376690277
0.009895627174433866,0.5338055376690277
0.009895627174433866,0.536381197681906
0.009937292973063061,0.536381197681906
0.009937292973063061,0.5383129426915647
0.009999791671006853,0.5383129426915647
0.009999791671006853,0.5396007726980039
0.010020624570321452,0.5396007726980039
0.010020624570321452,0.5421764327108821
0.010083123268265244,0.5421764327108821
0.010083123268265244,0.5428203477141017
0.010103956167579841,0.5428203477141017
0.010103956167579841,0.5441081777205409
0.010166454865523636,0.5441081777205409
0.010166454865523636,0.5447520927237605
0.010228953563467428,0.5447520927237605
0.010228953563467428,0.54539600772698
0.010270619362096623,0.54539600772698
0.010270619362096623,0.5460399227301996
0.01029145226141122,0.5460399227301996
0.01029145226141122,0.5466838377334192
0.010333118060040416,0.5466838377334192
0.010333118060040416,0.5473277527366388
0.010395616757984208,0.5473277527366388
0.010395616757984208,0.5479716677398584
0.010416449657298807,0.5479716677398584
0.010416449657298807,0.549903412749517
0.010458115455928,0.549903412749517
0.010458115455928,0.5511912427559562
0.010624778650444783,0.5511912427559562
0.010624778650444783,0.5518351577591758
0.01064561154975938,0.5518351577591758
0.01064561154975938,0.5524790727623954
0.010749776046332368,0.5524790727623954
0.010749776046332368,0.5537669027688346
0.010853940542905356,0.5537669027688346
0.010895606341534551,0.5537669027688346
0.01091643924084915,0.5537669027688346
0.01091643924084915,0.5550547327752736
0.010999770838107539,0.5550547327752736
0.010999770838107539,0.5556986477784932
0.01108310243536593,0.5556986477784932
0.01108310243536593,0.5563425627817128
0.011103935334680527,0.5563425627817128
0.011103935334680527,0.5569864777849324
0.011124768233995126,0.5569864777849324
0.011124768233995126,0.5589182227945911
0.011166434032624321,0.5589182227945911
0.011166434032624321,0.5608499678042499
0.011187266931938918,0.5608499678042499
0.011187266931938918,0.5614938828074694
0.011312264327826503,0.5614938828074694
0.011312264327826503,0.5627817128139085
0.011333097227141101,0.5627817128139085
0.011333097227141101,0.5634256278171281
0.011395595925084894,0.5634256278171281
0.011395595925084894,0.5640695428203477
0.01143726172371409,0.5640695428203477
0.01143726172371409,0.5647134578235673
0.011458094623028686,0.5647134578235673
0.011458094623028686,0.5653573728267869
0.011478927522343285,0.5653573728267869
0.011478927522343285,0.5660012878300065
0.011499760421657882,0.5660012878300065
0.011499760421657882,0.5666452028332261
0.01152059332097248,0.5666452028332261
0.01152059332097248,0.5679330328396651
0.011541426220287077,0.5679330328396651
0.011541426220287077,0.5692208628461043
0.011562259119601674,0.5692208628461043
0.011562259119601674,0.5698647778493239
0.011770588112747652,0.5698647778493239
0.011770588112747652,0.5705086928525435
0.011812253911376846,0.5705086928525435
0.011812253911376846,0.5724404378622022
0.011895585508635237,0.5724404378622022
0.011895585508635237,0.5737282678686413
0.011958084206579029,0.5737282678686413
0.011958084206579029,0.5743721828718609
0.01204141580383742,0.5743721828718609
0.01204141580383742,0.5750160978750805
0.012062248703152017,0.5750160978750805
0.012062248703152017,0.5756600128783
0.012145580300410408,0.5756600128783
0.012145580300410408,0.5763039278815196
0.0122080789983542,0.5763039278815196
0.0122080789983542,0.5769478428847392
0.012270577696297994,0.5769478428847392
0.012270577696297994,0.5782356728911784
0.012291410595612591,0.5782356728911784
0.012291410595612591,0.578879587894398
0.012312243494927188,0.578879587894398
0.012312243494927188,0.5795235028976176
0.01239557509218558,0.5795235028976176
0.01239557509218558,0.580167417900837
0.012416407991500178,0.580167417900837
0.012416407991500178,0.5808113329040566
0.012437240890814775,0.5808113329040566
0.012437240890814775,0.5820991629104958
0.012458073790129372,0.5820991629104958
0.012458073790129372,0.583386992916935
0.01264556988396075,0.583386992916935
0.01264556988396075,0.5853187379265937
0.012728901481219142,0.5853187379265937
0.012728901481219142,0.5872504829362524
0.012791400179162934,0.5872504829362524
0.012791400179162934,0.587894397939472
0.012812233078477531,0.587894397939472
0.012812233078477531,0.5891822279459111
0.012958063373679714,0.5891822279459111
0.012958063373679714,0.5917578879587895
0.012978896272994313,0.5917578879587895
0.012978896272994313,0.5930457179652285
0.013062227870252702,0.5930457179652285
0.013062227870252702,0.5936896329684481
0.013083060769567301,0.5936896329684481
0.013083060769567301,0.5943335479716677
0.013187225266140289,0.5943335479716677
0.013187225266140289,0.596909207984546
0.013291389762713277,0.596909207984546
0.013291389762713277,0.5975531229877656
0.013333055561342472,0.5975531229877656
0.013333055561342472,0.5994848679974243
0.013374721359971668,0.5994848679974243
0.013374721359971668,0.6001287830006439
0.013395554259286265,0.6001287830006439
0.013395554259286265,0.6007726980038635
0.013416387158600862,0.6007726980038635
0.013416387158600862,0.601416613007083
0.013541384554488448,0.601416613007083
0.013541384554488448,0.6020605280103026
0.013666381950376033,0.6020605280103026
0.013666381950376033,0.6027044430135222
0.013853878044207412,0.6027044430135222
0.013853878044207412,0.6039922730199614
0.013937209641465803,0.6039922730199614
0.013937209641465803,0.604636188023181
0.0139580425407804,0.604636188023181
0.0139580425407804,0.6052801030264006
0.014020541238724192,0.6052801030264006
0.014020541238724192,0.6065679330328396
0.014083039936667987,0.6065679330328396
0.014083039936667987,0.6078557630392788
0.014145538634611779,0.6078557630392788
0.014145538634611779,0.6084996780424984
0.014187204433240974,0.6084996780424984
0.014187204433240974,0.609143593045718
0.014208037332555571,0.609143593045718
0.014208037332555571,0.6097875080489376
0.014249703131184767,0.6097875080489376
0.014249703131184767,0.6110753380553767
0.014416366325701547,0.6110753380553767
0.014416366325701547,0.6117192530585963
0.014437199225016146,0.6117192530585963
0.014437199225016146,0.6130070830650354
0.014478865023645341,0.6130070830650354
0.014478865023645341,0.613650998068255
0.014499697922959938,0.613650998068255
0.014499697922959938,0.6155827430779137
0.014541363721589134,0.6155827430779137
0.014541363721589134,0.6162266580811333
0.014603862419532926,0.6162266580811333
0.014603862419532926,0.6168705730843529
0.014645528218162122,0.6168705730843529
0.014645528218162122,0.6175144880875725
0.014687194016791317,0.6175144880875725
0.014687194016791317,0.6188023180940115
0.014791358513364305,0.6188023180940115
0.014791358513364305,0.6194462330972311
0.014812191412678902,0.6194462330972311
0.014812191412678902,0.6200901481004507
0.014958021707881086,0.6200901481004507
0.014958021707881086,0.6207340631036703
0.015041353305139477,0.6207340631036703
0.015041353305139477,0.6220218931101095
0.015062186204454073,0.6220218931101095
0.015062186204454073,0.6233097231165486
0.015103852003083269,0.6233097231165486
0.015103852003083269,0.6245975531229878
0.015124684902397866,0.6245975531229878
0.015124684902397866,0.6252414681262073
0.015249682298285452,0.6252414681262073
0.015249682298285452,0.6258853831294269
0.015291348096914648,0.6258853831294269
0.015291348096914648,0.627173213135866
0.015374679694173037,0.627173213135866
0.015374679694173037,0.6291049581455248
0.015437178392116831,0.6291049581455248
0.015437178392116831,0.6297488731487444
0.015562175788004416,0.6297488731487444
0.015562175788004416,0.6310367031551836
0.015645507385262807,0.6310367031551836
0.015645507385262807,0.631680618158403
0.015687173183892,0.631680618158403
0.015687173183892,0.6323245331616226
0.01581217057977959,0.6323245331616226
0.01581217057977959,0.6329684481648422
0.015833003479094186,0.6329684481648422
0.015833003479094186,0.6342562781712814
0.015916335076352577,0.6342562781712814
0.015916335076352577,0.634900193174501
0.015999666673610965,0.634900193174501
0.015999666673610965,0.6355441081777206
0.016041332472240162,0.6355441081777206
0.016041332472240162,0.6361880231809401
0.016082998270869356,0.6361880231809401
0.016082998270869356,0.639407598197038
0.01622882856607154,0.639407598197038
0.01622882856607154,0.6400515132002575
0.016457990458532114,0.6400515132002575
0.016457990458532114,0.6419832582099163
0.016520489156475908,0.6419832582099163
0.016520489156475908,0.6426271732131359
0.016603820753734296,0.6426271732131359
0.016603820753734296,0.6432710882163555
0.016707985250307287,0.6432710882163555
0.016707985250307287,0.6439150032195751
0.016791316847565674,0.6439150032195751
0.016791316847565674,0.6445589182227945
0.016874648444824066,0.6445589182227945
0.016874648444824066,0.6452028332260141
0.016895481344138662,0.6452028332260141
0.016895481344138662,0.6458467482292337
0.016957980042082457,0.6458467482292337
0.016957980042082457,0.6471345782356729
0.016978812941397053,0.6471345782356729
0.016978812941397053,0.6484224082421121
0.01702047874002625,0.6484224082421121
0.01702047874002625,0.6490663232453316
0.01720797483385763,0.6490663232453316
0.01720797483385763,0.6497102382485512
0.017249640632486823,0.6497102382485512
0.017249640632486823,0.6503541532517708
0.017291306431116017,0.6503541532517708
0.017291306431116017,0.6522858982614295
0.017312139330430618,0.6522858982614295
0.017312139330430618,0.6535737282678686
0.017332972229745214,0.6535737282678686
0.017332972229745214,0.6542176432710882
0.01737463802837441,0.6542176432710882
0.01737463802837441,0.6555054732775274
0.0174579696256328,0.6555054732775274
0.0174579696256328,0.656149388280747
0.01760379992083498,0.656149388280747
0.01760379992083498,0.6567933032839666
0.017666298618778775,0.6567933032839666
0.017666298618778775,0.657437218287186
0.01772879731672257,0.657437218287186
0.01772879731672257,0.6580811332904056
0.017770463115351763,0.6580811332904056
0.017770463115351763,0.6587250482936252
0.01779129601466636,0.6587250482936252
0.01779129601466636,0.6600128783000644
0.017832961813295557,0.6600128783000644
0.017832961813295557,0.660656793303284
0.017895460511239348,0.660656793303284
0.017895460511239348,0.6613007083065036
0.017999625007812336,0.6613007083065036
0.017999625007812336,0.6619446233097231
0.018020457907126936,0.6619446233097231
0.018020457907126936,0.6625885383129427
0.018124622403699924,0.6625885383129427
0.018124622403699924,0.6645202833226014
0.018166288202329118,0.6645202833226014
0.018166288202329118,0.6658081133290406
0.018228786900272912,0.6658081133290406
0.018228786900272912,0.6664520283322601
0.018312118497531303,0.6664520283322601
0.018312118497531303,0.6670959433354797
0.0183329513968459,0.6670959433354797
0.0183329513968459,0.6677398583386993
0.018437115893418888,0.6677398583386993
0.018437115893418888,0.6683837733419189
0.018457948792733485,0.6683837733419189
0.018457948792733485,0.6690276883451385
0.018541280389991876,0.6690276883451385
0.018541280389991876,0.6696716033483581
0.018603779087935667,0.6696716033483581
0.018603779087935667,0.6703155183515775
0.018645444886564864,0.6703155183515775
0.018645444886564864,0.6709594333547971
0.018687110685194058,0.6709594333547971
0.018687110685194058,0.6716033483580167
0.018791275181767046,0.6716033483580167
0.018791275181767046,0.6722472633612363
0.01885377387971084,0.6722472633612363
0.01885377387971084,0.6735350933676755
0.018874606779025437,0.6735350933676755
0.018874606779025437,0.6748229233741146
0.018978771275598424,0.6748229233741146
0.018978771275598424,0.6761107533805538
0.01902043707422762,0.6761107533805538
0.01902043707422762,0.6767546683837733
0.019145434470115207,0.6767546683837733
0.019145434470115207,0.6780424983902125
0.0191871002687444,0.6780424983902125
0.0191871002687444,0.678686413393432
0.019228766067373598,0.678686413393432
0.019228766067373598,0.6793303283966516
0.01937459636257578,0.6793303283966516
0.01937459636257578,0.6806181584030908
0.019499593758463364,0.6806181584030908
0.019499593758463364,0.68190598840953
0.019624591154350952,0.68190598840953
0.019624591154350952,0.6825499034127496
0.019666256952980146,0.6825499034127496
0.019666256952980146,0.683193818415969
0.019749588550238537,0.683193818415969
0.019749588550238537,0.6838377334191886
0.019853753046811525,0.6838377334191886
0.019874585946126122,0.6844816484224082
0.019937084644069916,0.6844816484224082
0.019937084644069916,0.6851255634256278
0.01997875044269911,0.6851255634256278
0.01997875044269911,0.6857694784288474
0.020041249140642904,0.6857694784288474
0.020041249140642904,0.686413393432067
0.020353742630361868,0.686413393432067
0.020353742630361868,0.6877012234385061
0.02058290452282244,0.6877012234385061
0.02058290452282244,0.6883451384417257
0.020645403220766235,0.6883451384417257
0.020645403220766235,0.6889890534449453
0.020749567717339223,0.6889890534449453
0.020749567717339223,0.6896329684481648
0.0209578967104852,0.6896329684481648
0.0209578967104852,0.6902768834513844
0.02110372700568738,0.6902768834513844
0.02110372700568738,0.690920798454604
0.021166225703631174,0.690920798454604
0.021166225703631174,0.6915647134578236
0.021437053394720944,0.6915647134578236
0.021437053394720944,0.6922086284610431
0.02145788629403554,0.6922086284610431
0.02145788629403554,0.6928525434642627
0.021582883689923126,0.6928525434642627
0.021582883689923126,0.6941403734707019
0.021874544280327493,0.6941403734707019
0.021874544280327493,0.6947842884739215
0.021916210078956687,0.6947842884739215
0.021916210078956687,0.6954282034771411
0.021957875877585884,0.6954282034771411
0.021957875877585884,0.6967160334835801
0.021999541676215078,0.6967160334835801
0.021999541676215078,0.6973599484867997
0.022103706172788066,0.6973599484867997
0.022103706172788066,0.6986477784932389
0.022124539072102666,0.6986477784932389
0.022124539072102666,0.6992916934964585
0.022228703568675654,0.6992916934964585
0.022228703568675654,0.7005795235028976
0.022270369367304848,0.7005795235028976
0.022270369367304848,0.7018673535093368
0.022291202266619445,0.7018673535093368
0.022291202266619445,0.7025112685125563
0.022374533863877836,0.7025112685125563
0.022374533863877836,0.7031551835157759
0.022395366763192433,0.7031551835157759
0.022395366763192433,0.7037990985189955
0.02249953125976542,0.7037990985189955
0.02249953125976542,0.7050869285254346
0.022520364159080018,0.7050869285254346
0.022520364159080018,0.7057308435286542
0.022541197058394618,0.7057308435286542
0.022541197058394618,0.7063747585318738
0.02258286285702381,0.7063747585318738
0.02258286285702381,0.7070186735350934
0.022624528655653005,0.7070186735350934
0.022624528655653005,0.707662588538313
0.022666194454282203,0.707662588538313
0.022666194454282203,0.7083065035415326
0.023062019541259558,0.7083065035415326
0.023062019541259558,0.708950418544752
0.02314535113851795,0.708950418544752
0.02314535113851795,0.7095943335479716
0.02322868273577634,0.7095943335479716
0.02322868273577634,0.7108821635544108
0.023249515635090937,0.7108821635544108
0.023249515635090937,0.7128139085640696
0.023353680131663924,0.7128139085640696
0.023353680131663924,0.7134578235672892
0.023457844628236912,0.7134578235672892
0.023457844628236912,0.7141017385705087
0.02347867752755151,0.7141017385705087
0.02347867752755151,0.7147456535737282
0.023499510426866106,0.7147456535737282
0.023499510426866106,0.7153895685769478
0.023520343326180703,0.7153895685769478
0.023520343326180703,0.7160334835801674
0.02362450782275369,0.7160334835801674
0.02362450782275369,0.716677398583387
0.02364534072206829,0.716677398583387
0.02364534072206829,0.7173213135866066
0.02383283681589967,0.7173213135866066
0.02383283681589967,0.7179652285898261
0.02399950001041645,0.7179652285898261
0.02399950001041645,0.7186091435930457
0.024061998708360243,0.7186091435930457
0.024061998708360243,0.7192530585962653
0.024103664506989437,0.7192530585962653
0.024103664506989437,0.7198969735994849
0.024124497406304034,0.7198969735994849
0.024124497406304034,0.7205408886027045
0.024145330305618634,0.7205408886027045
0.024145330305618634,0.721184803605924
0.02416616320493323,0.721184803605924
0.02416616320493323,0.7224726336123631
0.024186996104247828,0.7224726336123631
0.024186996104247828,0.7231165486155827
0.02427032770150622,0.7231165486155827
0.02427032770150622,0.7237604636188023
0.024374492198079207,0.7237604636188023
0.024374492198079207,0.7244043786220219
0.024645319889168977,0.7244043786220219
0.024645319889168977,0.7250482936252415
0.024666152788483574,0.7250482936252415
0.024666152788483574,0.7256922086284611
0.02468698568779817,0.7256922086284611
0.02468698568779817,0.7263361236316807
0.024707818587112768,0.7263361236316807
0.024707818587112768,0.7276239536381197
0.024728651486427364,0.7276239536381197
0.024728651486427364,0.7282678686413393
0.024811983083685756,0.7282678686413393
0.024811983083685756,0.7295556986477785
0.024916147580258743,0.7295556986477785
0.024916147580258743,0.7301996136509981
0.02504114497614633,0.7301996136509981
0.02504114497614633,0.7314874436574372
0.025103643674090122,0.7314874436574372
0.025103643674090122,0.7321313586606568
0.025624466156955062,0.7321313586606568
0.025624466156955062,0.7327752736638764
0.02572863065352805,0.7327752736638764
0.02572863065352805,0.733419188667096
0.025895293848044832,0.733419188667096
0.025895293848044832,0.7340631036703155
0.02593695964667403,0.7340631036703155
0.02593695964667403,0.734707018673535
0.025978625445303223,0.734707018673535
0.025978625445303223,0.7353509336767546
0.02635361763296598,0.7353509336767546
0.02635361763296598,0.7359948486799742
0.02652028082748276,0.7359948486799742
0.02652028082748276,0.7372826786864134
0.026624445324055748,0.7372826786864134
0.026624445324055748,0.737926593689633
0.026645278223370348,0.737926593689633
0.026645278223370348,0.7385705086928526
0.026666111122684945,0.7385705086928526
0.026666111122684945,0.7398583386992917
0.026770275619257933,0.7398583386992917
0.026770275619257933,0.7405022537025112
0.026895273015145518,0.7405022537025112
0.026895273015145518,0.7417900837089504
0.026916105914460114,0.7417900837089504
0.026916105914460114,0.74243399871217
0.02695777171308931,0.74243399871217
0.02695777171308931,0.7430779137153896
0.02697860461240391,0.7430779137153896
0.02697860461240391,0.7437218287186091
0.0270619362096623,0.7437218287186091
0.0270619362096623,0.7443657437218287
0.027082769108976897,0.7443657437218287
0.027082769108976897,0.7450096587250483
0.027228599404179078,0.7450096587250483
0.027228599404179078,0.7456535737282679
0.027353596800066667,0.7456535737282679
0.027353596800066667,0.7462974887314875
0.02739526259869586,0.7462974887314875
0.02739526259869586,0.746941403734707
0.027436928397325054,0.746941403734707
0.027436928397325054,0.7475853187379266
0.027541092893898046,0.7475853187379266
0.027541092893898046,0.7482292337411461
0.027603591591841836,0.7482292337411461
0.027603591591841836,0.7488731487443657
0.027936917980875397,0.7488731487443657
0.027936917980875397,0.7495170637475853
0.027957750880189997,0.7495170637475853
0.027957750880189997,0.7501609787508049
0.028041082477448385,0.7501609787508049
0.028041082477448385,0.7508048937540245
0.02810358117539218,0.7508048937540245
0.02810358117539218,0.7514488087572441
0.028124414074706776,0.7514488087572441
0.028124414074706776,0.7520927237604637
0.02818691277265057,0.7520927237604637
0.02818691277265057,0.7527366387636832
0.028228578571279764,0.7527366387636832
0.028228578571279764,0.7540244687701223
0.02833274306785275,0.7540244687701223
0.02833274306785275,0.7546683837733419
0.028416074665111143,0.7546683837733419
0.028416074665111143,0.7553122987765615
0.028561904960313328,0.7553122987765615
0.028561904960313328,0.7559562137797811
0.029145226141122058,0.7559562137797811
0.029145226141122058,0.7566001287830006
0.029207724839065852,0.7566001287830006
0.029207724839065852,0.7572440437862202
0.029353555134268038,0.7572440437862202
0.029353555134268038,0.7585318737926594
0.029416053832211828,0.7585318737926594
0.029416053832211828,0.759175788795879
0.02949938542947022,0.759175788795879
0.02949938542947022,0.7598197037990985
0.029666048623987,0.7598197037990985
0.029666048623987,0.760463618802318
0.029707714422616195,0.760463618802318
0.029707714422616195,0.7611075338055376
0.029895210516447574,0.7611075338055376
0.029895210516447574,0.7623953638119768
0.029999375013020562,0.7623953638119768
0.029999375013020562,0.7630392788151964
0.03002020791233516,0.7630392788151964
0.03002020791233516,0.763683193818416
0.030082706610278953,0.763683193818416
0.030082706610278953,0.7643271088216356
0.03010353950959355,0.7643271088216356
0.03010353950959355,0.7649710238248552
0.03024936980479573,0.7649710238248552
0.03024936980479573,0.7656149388280747
0.030332701402054123,0.7656149388280747
0.030332701402054123,0.7662588538312942
0.03037436720068332,0.7662588538312942
0.03037436720068332,0.7675466838377334
0.0305618632945147,0.7675466838377334
0.0305618632945147,0.768190598840953
0.030603529093143893,0.768190598840953
0.030603529093143893,0.7688345138441726
0.031020187079435844,0.7688345138441726
0.031020187079435844,0.7694784288473921
0.03104101997875044,0.7694784288473921
0.03104101997875044,0.7701223438506117
0.03108268577737964,0.7701223438506117
0.03108268577737964,0.7707662588538313
0.031249348971896417,0.7707662588538313
0.031249348971896417,0.7714101738570509
0.03166600695818837,0.7714101738570509
0.03166600695818837,0.7720540888602705
0.031686839857502966,0.7720540888602705
0.031686839857502966,0.77269800386349
0.03174933855544676,0.77269800386349
0.03174933855544676,0.7746297488731487
0.032061832045165724,0.7746297488731487
0.032061832045165724,0.7765614938828075
0.03212433074310952,0.7765614938828075
0.03212433074310952,0.7791371538956857
0.032332659736255494,0.7791371538956857
0.032332659736255494,0.7797810688989053
0.03254098872940147,0.7797810688989053
0.03254098872940147,0.7804249839021249
0.03295764671569342,0.7804249839021249
0.03295764671569342,0.7810688989053445
0.03308264411158101,0.7810688989053445
0.03308264411158101,0.7817128139085641
0.0331243099102102,0.7817128139085641
0.0331243099102102,0.7823567289117836
0.03322847440678319,0.7823567289117836
0.033270140205412385,0.7823567289117836
0.03347846919855836,0.7823567289117836
0.03347846919855836,0.7830006439150032
0.03374929688964813,0.7830006439150032
0.03374929688964813,0.7836445589182228
0.03387429428553572,0.7836445589182228
0.03387429428553572,0.7842884739214424
0.03452011416428825,0.7842884739214424
0.03452011416428825,0.784932388924662
0.03468677735880502,0.784932388924662
0.03468677735880502,0.7855763039278815
0.03472844315743422,0.7855763039278815
0.03472844315743422,0.7862202189311011
0.03533259723755755,0.7862202189311011
0.03533259723755755,0.7868641339343206
0.035395095935501344,0.7868641339343206
0.035395095935501344,0.7881519639407598
0.03541592883481594,0.7881519639407598
0.03541592883481594,0.7887958789439794
0.03572842232453491,0.7887958789439794
0.03572842232453491,0.789439793947199
0.0357492552238495,0.789439793947199
0.0357492552238495,0.7907276239536382
0.036332576404658236,0.7907276239536382
0.036332576404658236,0.7913715389568577
0.036728401491635594,0.7913715389568577
0.036728401491635594,0.7920154539600772
0.03679090018957938,0.7920154539600772
0.03679090018957938,0.7926593689632968
0.036978396283410764,0.7926593689632968
0.036978396283410764,0.7933032839665164
0.03706172788066915,0.7933032839665164
0.03706172788066915,0.793947198969736
0.03735338847107352,0.793947198969736
0.03735338847107352,0.7945911139729556
0.03758255036353409,0.7945911139729556
0.03758255036353409,0.7952350289761752
0.03762421616216329,0.7952350289761752
0.03762421616216329,0.7958789439793947
0.03812420574571363,0.7958789439793947
0.03812420574571363,0.7965228589826143
0.038165871544342825,0.7965228589826143
0.038165871544342825,0.7978106889890535
0.0383950334368034,0.7978106889890535
0.0383950334368034,0.798454603992273
0.038415866336117994,0.798454603992273
0.038415866336117994,0.7997424339987121
0.038457532134747195,0.7997424339987121
0.038457532134747195,0.8003863490019317
0.03891585591966834,0.8003863490019317
0.03891585591966834,0.8010302640051513
0.03906168621487052,0.8010302640051513
0.03906168621487052,0.8029620090148101
0.03912418491281432,0.8029620090148101
0.03912418491281432,0.8036059240180297
0.03918668361075811,0.8036059240180297
0.03918668361075811,0.8042498390212492
0.039207516510072704,0.8042498390212492
0.039207516510072704,0.8048937540244687
0.03954084289910627,0.8048937540244687
0.03954084289910627,0.8055376690276883
0.039728338992937644,0.8055376690276883
0.039728338992937644,0.8061815840309079
0.03997833378471282,0.8061815840309079
0.03997833378471282,0.8074694140373471
0.040019999583342014,0.8074694140373471
0.040019999583342014,0.8081133290405667
0.04062415366346534,0.8081133290405667
0.04062415366346534,0.8087572440437862
0.04074915105935293,0.8087572440437862
0.04074915105935293,0.8094011590470058
0.04118664194495948,0.8094011590470058
0.04118664194495948,0.8100450740502254
0.04131163934084706,0.8100450740502254
0.04131163934084706,0.810688989053445
0.04156163413262224,0.810688989053445
0.04156163413262224,0.8113329040566645
0.04193662632028499,0.8113329040566645
0.04193662632028499,0.8119768190598841
0.04197829211891419,0.8119768190598841
0.04197829211891419,0.8126207340631036
0.042269952709318555,0.8126207340631036
0.042269952709318555,0.8132646490663232
0.042519947501093724,0.8132646490663232
0.042519947501093724,0.8139085640695428
0.04262411199766671,0.8139085640695428
0.04262411199766671,0.8145524790727624
0.04289493968875648,0.8145524790727624
0.04289493968875648,0.815196394075982
0.04322826607779005,0.815196394075982
0.04322826607779005,0.8158403090792016
0.0436240911647674,0.8158403090792016
0.0436240911647674,0.8164842240824212
0.04420741234557613,0.8164842240824212
0.04420741234557613,0.8171281390856407
0.04424907814420533,0.8171281390856407
0.04424907814420533,0.8177720540888602
0.04435324264077832,0.8177720540888602
0.04435324264077832,0.8184159690920798
0.04462407033186808,0.8184159690920798
0.04462407033186808,0.8190598840952994
0.044811566425699466,0.8190598840952994
0.044811566425699466,0.819703799098519
0.04568654819691256,0.819703799098519
0.04568654819691256,0.8203477141017386
0.04643653257223808,0.8203477141017386
0.04643653257223808,0.8209916291049582
0.04722818274619279,0.8209916291049582
0.04722818274619279,0.8216355441081777
0.04733234724276578,0.8216355441081777
0.04733234724276578,0.8222794591113973
0.04762400783317014,0.8222794591113973
0.04762400783317014,0.8229233741146169
0.047853169725630716,0.8229233741146169
0.047853169725630716,0.8235672891178365
0.0479990000208329,0.8235672891178365
0.0479990000208329,0.824211204121056
0.04806149871877669,0.824211204121056
0.048103164517405886,0.824211204121056
0.048873981792046,0.824211204121056
0.048873981792046,0.8248551191242756
0.04893648048998979,0.8248551191242756
0.04893648048998979,0.8254990341274951
0.049144809483135765,0.8254990341274951
0.049186475281764966,0.8254990341274951
0.05006145705297806,0.8254990341274951
0.05006145705297806,0.8261429491307147
0.05031145184475323,0.8261429491307147
0.05031145184475323,0.8267868641339343
0.05066561113310139,0.8267868641339343
0.05066561113310139,0.8274307791371539
0.05079060852898898,0.8274307791371539
0.05079060852898898,0.8287186091435931
0.05112393491802254,0.8287186091435931
0.05112393491802254,0.8293625241468127
0.05137392970979771,0.8293625241468127
0.05137392970979771,0.8300064391500322
0.0514989271056853,0.8300064391500322
0.0514989271056853,0.8306503541532517
0.05189475219266265,0.8306503541532517
0.05189475219266265,0.8312942691564713
0.05197808378992105,0.8312942691564713
0.05197808378992105,0.8319381841596909
0.052457240474156785,0.8319381841596909
0.052457240474156785,0.8325820991629105
0.052728068165246555,0.8325820991629105
0.052728068165246555,0.8332260141661301
0.05306139455428012,0.8332260141661301
0.05306139455428012,0.8338699291693497
0.05308222745359472,0.8338699291693497
0.05308222745359472,0.8345138441725692
0.0532280577487969,0.8345138441725692
0.0532280577487969,0.8351577591757888
0.05335305514468448,0.8351577591757888
0.05335305514468448,0.8358016741790084
0.05393637632549322,0.8358016741790084
0.05393637632549322,0.836445589182228
0.05426970271452678,0.836445589182228
0.05426970271452678,0.8370895041854475
0.05462386200287494,0.8370895041854475
0.05462386200287494,0.8377334191886671
0.05560300827066103,0.8377334191886671
0.05560300827066103,0.8383773341918866
0.056165496552155164,0.8383773341918866
0.056165496552155164,0.8390212491951062
0.05649882294118873,0.8390212491951062
0.05649882294118873,0.8396651641983258
0.056602987437761716,0.8396651641983258
0.056602987437761716,0.8403090792015454
0.05716547571925585,0.8403090792015454
0.05716547571925585,0.840952994204765
0.057644632403491596,0.840952994204765
0.057644632403491596,0.8415969092079846
0.05885294056373826,0.8415969092079846
0.05885294056373826,0.8428847392144238
0.05939459594591779,0.8428847392144238
0.05939459594591779,0.8435286542176432
0.061061227891085604,0.8435286542176432
0.061061227891085604,0.8441725692208628
0.06126955688423158,0.8441725692208628
0.06126955688423158,0.8448164842240824
0.0629153559300848,0.8448164842240824
0.0629153559300848,0.845460399227302
0.06343617841294973,0.845460399227302
0.06343617841294973,0.8461043142305216
0.06414449698964605,0.8461043142305216
0.06414449698964605,0.8467482292337412
0.06418616278827524,0.8467482292337412
0.06418616278827524,0.8473921442369607
0.06489448136497156,0.8473921442369607
0.06489448136497156,0.8480360592401803
0.06499864586154455,0.8480360592401803
0.06499864586154455,0.8486799742433999
0.06524864065331973,0.8486799742433999
0.06524864065331973,0.8493238892466195
0.06614445532384743,0.8493238892466195
0.06614445532384743,0.849967804249839
0.06622778692110581,0.849967804249839
0.06622778692110581,0.8506117192530586
0.0663111185183642,0.8506117192530586
0.0663111185183642,0.8512556342562781
0.06739442928272328,0.8512556342562781
0.06739442928272328,0.8518995492594977
0.0681444136580488,0.8518995492594977
0.0681444136580488,0.8525434642627173
0.06870690193954293,0.8525434642627173
0.06870690193954293,0.8531873792659369
0.06910272702652027,0.8531873792659369
0.06910272702652027,0.8538312942691565
0.07024853648882315,0.8538312942691565
0.07024853648882315,0.8544752092723761
0.07026936938813774,0.8544752092723761
0.07026936938813774,0.8551191242755957
0.07097768796483407,0.8551191242755957
0.07097768796483407,0.8557630392788153
0.07101935376346326,0.8557630392788153
0.07101935376346326,0.8564069542820347
0.07214433032645154,0.8564069542820347
0.07214433032645154,0.8570508692852543
0.07256098831274349,0.8570508692852543
0.07256098831274349,0.8576947842884739
0.07270681860794567,0.8576947842884739
0.07270681860794567,0.8583386992916935
0.07291514760109165,0.8583386992916935
0.07291514760109165,0.8589826142949131
0.07351930168121497,0.8589826142949131
0.07351930168121497,0.8596265292981327
0.07431095185516969,0.8596265292981327
0.07435261765379889,0.8596265292981327
0.07451928084831566,0.8596265292981327
0.07451928084831566,0.8602704443013522
0.07462344534488864,0.8602704443013522
0.07462344534488864,0.8609143593045718
0.07481094143872002,0.8609143593045718
0.07481094143872002,0.8615582743077914
0.07487344013666382,0.8615582743077914
0.07487344013666382,0.8622021893110109
0.07522759942501198,0.8622021893110109
0.07522759942501198,0.8628461043142305
0.07614424699485427,0.8628461043142305
0.07614424699485427,0.8634900193174501
0.07712339326264037,0.8634900193174501
0.07716505906126955,0.8634900193174501
0.0776442157455053,0.8634900193174501
0.0776442157455053,0.8641339343206696
0.07837336722151622,0.8641339343206696
0.07837336722151622,0.8647778493238892
0.07874835940917897,0.8647778493238892
0.07874835940917897,0.8654217643271088
0.07881085810712277,0.8654217643271088
0.07881085810712277,0.8660656793303284
0.08053998875023437,0.8660656793303284
0.08053998875023437,0.866709594333548
0.08068581904543655,0.866709594333548
0.08068581904543655,0.8673535093367676
0.08070665194475116,0.8673535093367676
0.08070665194475116,0.8679974243399872
0.08083164934063873,0.8679974243399872
0.08083164934063873,0.8686413393432066
0.08108164413241391,0.8686413393432066
0.08108164413241391,0.8692852543464262
0.0811024770317285,0.8692852543464262
0.0811024770317285,0.8699291693496458
0.08174829691048104,0.8699291693496458
0.08174829691048104,0.8705730843528654
0.08191496010499781,0.8705730843528654
0.08191496010499781,0.871216999356085
0.08216495489677299,0.871216999356085
0.08216495489677299,0.8718609143593046
0.08260244578237953,0.8718609143593046
0.08260244578237953,0.8725048293625242
0.0829774379700423,0.8725048293625242
0.0829774379700423,0.8731487443657437
0.08347742755359264,0.8731487443657437
0.08347742755359264,0.8737926593689633
0.08422741192891815,0.8737926593689633
0.08422741192891815,0.8744365743721829
0.08441490802274952,0.8744365743721829
0.08441490802274952,0.8750804893754024
0.0846024041165809,0.8750804893754024
0.0846024041165809,0.875724404378622
0.0846440699152101,0.875724404378622
0.0846440699152101,0.8763683193818416
0.08512322659944585,0.8763683193818416
0.08512322659944585,0.8770122343850612
0.08518572529738964,0.8770122343850612
0.08518572529738964,0.8776561493882807
0.0855190516864232,0.8776561493882807
0.0855190516864232,0.8783000643915003
0.08614403866586112,0.8783000643915003
0.08614403866586112,0.8789439793947199
0.08618570446449032,0.8789439793947199
0.08618570446449032,0.8795878943979395
0.0863732005583217,0.8795878943979395
0.0863940334576363,0.8802318094011591
0.08693568883981584,0.8802318094011591
0.08693568883981584,0.8808757244043787
0.08708151913501802,0.8808757244043787
0.08708151913501802,0.8815196394075981
0.08770650611445595,0.8815196394075981
0.08770650611445595,0.8821635544108177
0.0882273285973209,0.8821635544108177
0.0882273285973209,0.8828074694140373
0.08912314326784859,0.8828074694140373
0.08912314326784859,0.8834513844172569
0.08916480906647778,0.8834513844172569
0.08916480906647778,0.8840952994204765
0.08937313805962376,0.8840952994204765
0.08937313805962376,0.8847392144236961
0.08968563154934273,0.8847392144236961
0.08968563154934273,0.8853831294269157
0.0897897960459157,0.8853831294269157
0.0897897960459157,0.8860270444301352
0.09014395533426386,0.8860270444301352
0.09014395533426386,0.8866709594333548
0.09026895273015145,0.8866709594333548
0.09026895273015145,0.8873148744365744
0.09058144621987042,0.8873148744365744
0.09058144621987042,0.8879587894397939
0.09064394491781422,0.8879587894397939
0.09064394491781422,0.8886027044430135
0.0907481094143872,0.8886027044430135
0.0907481094143872,0.8892466194462331
0.0915814253869711,0.8892466194462331
0.0915814253869711,0.8898905344494527
0.09187308597737547,0.8898905344494527
0.09187308597737547,0.8905344494526722
0.09243557425886961,0.8905344494526722
0.09243557425886961,0.8911783644558918
0.09356055082185788,0.8911783644558918
0.09356055082185788,0.8918222794591114
0.09372721401637465,0.8918222794591114
0.09372721401637465,0.892466194462331
0.09453969708964396,0.892466194462331
0.09453969708964396,0.8937540244687702
0.09501885377387971,0.8937540244687702
0.09501885377387971,0.8943979394719896
0.09531051436428407,0.8943979394719896
0.09531051436428407,0.8950418544752092
0.09549801045811546,0.8950418544752092
0.09549801045811546,0.8956857694784288
0.09656048832315993,0.8956857694784288
0.09656048832315993,0.8963296844816484
0.09664381992041833,0.8963296844816484
0.09664381992041833,0.8976175144880876
0.09720630820191246,0.8976175144880876
0.09720630820191246,0.8982614294913072
0.09783129518135039,0.8982614294913072
0.09783129518135039,0.8989053444945267
0.09797712547655257,0.8989053444945267
0.09797712547655257,0.8995492594977463
0.0986646111539343,0.8995492594977463
0.0986646111539343,0.9001931745009659
0.09889377304639486,0.9001931745009659
0.09889377304639486,0.9008370895041854
0.09893543884502407,0.9008370895041854
0.09893543884502407,0.901481004507405
0.09903960334159705,0.901481004507405
0.09903960334159705,0.9021249195106246
0.09912293493885543,0.9021249195106246
0.09912293493885543,0.9027688345138442
0.09960209162309118,0.9027688345138442
0.09960209162309118,0.9034127495170637
0.09991458511281015,0.9034127495170637
0.09991458511281015,0.9040566645202833
0.10014374700527072,0.9040566645202833
0.10014374700527072,0.9047005795235029
0.10026874440115831,0.9047005795235029
0.10026874440115831,0.9053444945267225
0.10041457469636049,0.9053444945267225
0.10041457469636049,0.9059884095299421
0.10047707339430428,0.9059884095299421
0.10047707339430428,0.9066323245331617
0.10108122747442762,0.9066323245331617
0.10108122747442762,0.9072762395363811
0.10143538676277578,0.9072762395363811
0.10143538676277578,0.9079201545396007
0.10189371054769693,0.9079201545396007
0.10189371054769693,0.9085640695428203
0.10193537634632611,0.9085640695428203
0.10193537634632611,0.9092079845460399
0.10222703693673048,0.9092079845460399
0.10222703693673048,0.9098518995492595
0.1029145226141122,0.9098518995492595
0.1029145226141122,0.9104958145524791
0.10372700568738151,0.9104958145524791
0.10372700568738151,0.9111397295556987
0.1039561675798421,0.9111397295556987
0.1039561675798421,0.9117836445589182
0.1046436532572238,0.9117836445589182
0.1046436532572238,0.9124275595621378
0.10506031124351577,0.9124275595621378
0.10510197704214495,0.9124275595621378
0.10587279431678506,0.9124275595621378
0.10587279431678506,0.9130714745653574
0.10616445490718944,0.9130714745653574
0.10616445490718944,0.9137153895685769
0.1064352825982792,0.9137153895685769
0.1064352825982792,0.9143593045717965
0.1064769483969084,0.9143593045717965
0.1064769483969084,0.9150032195750161
0.1065186141955376,0.9150032195750161
0.1065186141955376,0.9156471345782357
0.10662277869211058,0.9156471345782357
0.10662277869211058,0.9162910495814552
0.10703943667840253,0.9162910495814552
0.10703943667840253,0.9169349645846748
0.10712276827566092,0.9169349645846748
0.10712276827566092,0.9175788795878944
0.1073519301681215,0.9175788795878944
0.1073519301681215,0.918222794591114
0.10772692235578425,0.918222794591114
0.10772692235578425,0.9188667095943336
0.10783108685235725,0.9188667095943336
0.10783108685235725,0.9195106245975532
0.10785191975167184,0.9195106245975532
0.10785191975167184,0.9201545396007726
0.10849773963042436,0.9201545396007726
0.10849773963042436,0.9220862846104314
0.10924772400574988,0.9220862846104314
0.10924772400574988,0.922730199613651
0.11047686506531114,0.922730199613651
0.11047686506531114,0.9233741146168706
0.11191433511801838,0.9233741146168706
0.11191433511801838,0.9240180296200902
0.11237265890293953,0.9240180296200902
0.11237265890293953,0.9246619446233098
0.11303931168100664,0.9246619446233098
0.11303931168100664,0.9253058596265293
0.1142267869419387,0.9253058596265293
0.1142267869419387,0.9259497746297489
0.11441428303577009,0.9259497746297489
0.11441428303577009,0.9265936896329684
0.11539342930355617,0.9265936896329684
0.11539342930355617,0.927237604636188
0.1161225807795671,0.927237604636188
0.1161225807795671,0.9278815196394076
0.11697672965146559,0.9278815196394076
0.11697672965146559,0.9285254346426272
0.11751838503364513,0.9285254346426272
0.11751838503364513,0.9291693496458467
0.1186225286973188,0.9291693496458467
0.1186225286973188,0.9298132646490663
0.11906001958292535,0.9298132646490663
0.11906001958292535,0.9304571796522859
0.12001833295139684,0.9304571796522859
0.12001833295139684,0.9311010946555055
0.12195579258765442,0.9311010946555055
0.12195579258765442,0.9323889246619447
0.12320576654653027,0.9323889246619447
0.12320576654653027,0.9330328396651641
0.1238724193245974,0.9330328396651641
0.1238724193245974,0.9336767546683837
0.12399741672048499,0.9336767546683837
0.12399741672048499,0.9343206696716033
0.1248723984916981,0.9343206696716033
0.1248723984916981,0.9349645846748229
0.12522655778004624,0.9349645846748229
0.12522655778004624,0.9356084996780425
0.12772650569779798,0.9356084996780425
0.12772650569779798,0.9368963296844817
0.12793483469094394,0.9368963296844817
0.12793483469094394,0.9375402446877013
0.12805983208683153,0.9375402446877013
0.12805983208683153,0.9381841596909208
0.12851815587175267,0.9381841596909208
0.12851815587175267,0.9388280746941404
0.12899731255598842,0.9388280746941404
0.12899731255598842,0.9394719896973599
0.12947646924022416,0.9394719896973599
0.12947646924022416,0.9401159047005795
0.1298931272265161,0.9401159047005795
0.1299139601258307,0.9407598197037991
0.13005979042103288,0.9407598197037991
0.13005979042103288,0.9414037347070187
0.13024728651486428,0.9414037347070187
0.13024728651486428,0.9420476497102382
0.13041394970938106,0.9420476497102382
0.13041394970938106,0.9426915647134578
0.13070561029978542,0.9426915647134578
0.13070561029978542,0.9433354797166774
0.1308722734943022,0.9433354797166774
0.1308722734943022,0.943979394719897
0.1309764379908752,0.943979394719897
0.1309764379908752,0.9446233097231166
0.13201808295660508,0.9446233097231166
0.13201808295660508,0.9452672247263362
0.13228891064769485,0.9452672247263362
0.13228891064769485,0.9459111397295557
0.13291389762713277,0.9459111397295557
0.13295556342576195,0.9459111397295557
0.13308056082164954,0.9459111397295557
0.13308056082164954,0.9465550547327752
0.1343097018812108,0.9465550547327752
0.1343097018812108,0.9471989697359948
0.13447636507572758,0.9471989697359948
0.13447636507572758,0.9478428847392144
0.13455969667298598,0.9478428847392144
0.13455969667298598,0.948486799742434
0.13468469406887357,0.948486799742434
0.13468469406887357,0.9491307147456536
0.13474719276681735,0.9491307147456536
0.13474719276681735,0.9497746297488732
0.13576800483323265,0.9497746297488732
0.13576800483323265,0.9504185447520928
0.13578883773254724,0.9504185447520928
0.13578883773254724,0.9510624597553123
0.13810128955646758,0.9510624597553123
0.13810128955646758,0.9517063747585319
0.14018457948792734,0.9517063747585319
0.14018457948792734,0.9523502897617514
0.14022624528655653,0.9523502897617514
0.14022624528655653,0.9536381197681906
0.14072623487010688,0.9536381197681906
0.14072623487010688,0.9542820347714102
0.14078873356805066,0.9542820347714102
0.14078873356805066,0.9549259497746297
0.14103872835982584,0.9549259497746297
0.14103872835982584,0.9555698647778493
0.14110122705776962,0.9555698647778493
0.14110122705776962,0.9562137797810689
0.14268452740567905,0.9562137797810689
0.14268452740567905,0.9568576947842885
0.14270536030499364,0.9568576947842885
0.14270536030499364,0.9575016097875081
0.1433303472844316,0.9575016097875081
0.1433303472844316,0.9581455247907277
0.14378867106935272,0.9581455247907277
0.14378867106935272,0.9587894397939472
0.1439970000624987,0.9587894397939472
0.1439970000624987,0.9594333547971667
0.14435115935084686,0.9594333547971667
0.14435115935084686,0.9600772698003863
0.1448303160350826,0.9600772698003863
0.1448303160350826,0.9607211848036059
0.1448928147330264,0.9607211848036059
0.14493448053165559,0.9607211848036059
0.1476010916439241,0.9607211848036059
0.1476010916439241,0.9613650998068255
0.14849690631445178,0.9613650998068255
0.14849690631445178,0.9620090148100451
0.14853857211308097,0.9620090148100451
0.14853857211308097,0.9626529298132647
0.14866356950896856,0.9626529298132647
0.14866356950896856,0.9632968448164843
0.14895523009937292,0.9632968448164843
0.14895523009937292,0.9645846748229234
0.14897606299868751,0.9645846748229234
0.14897606299868751,0.9652285898261429
0.1491635590925189,0.9652285898261429
0.1491635590925189,0.9658725048293625
0.14945521968292327,0.9658725048293625
0.14945521968292327,0.9665164198325821
0.150038540863732,0.9665164198325821
0.150038540863732,0.9671603348358017
0.15037186725276558,0.9671603348358017
0.15037186725276558,0.9678042498390212
0.15160100831232684,0.9678042498390212
0.15160100831232684,0.9690920798454604
0.15245515718422534,0.9690920798454604
0.15245515718422534,0.96973599484868
0.15420512072665152,0.96973599484868
0.15420512072665152,0.9703799098518996
0.1543301181225391,0.9703799098518996
0.1543301181225391,0.9710238248551192
0.1544134497197975,0.9710238248551192
0.1544134497197975,0.9716677398583387
0.15472594320951646,0.9716677398583387
0.15472594320951646,0.9723116548615582
0.15495510510197705,0.9723116548615582
0.15495510510197705,0.9729555698647778
0.15520509989375222,0.9729555698647778
0.15520509989375222,0.9735994848679974
0.1554134288868982,0.9735994848679974
0.1554134288868982,0.974243399871217
0.15595508426907773,0.974243399871217
0.15595508426907773,0.9748873148744366
0.1572675569258974,0.9748873148744366
0.1572675569258974,0.9755312298776562
0.15737172142247036,0.9755312298776562
0.15737172142247036,0.9761751448808758
0.15908001916626738,0.9761751448808758
0.15908001916626738,0.9768190598840953
0.16199662507031104,0.9768190598840953
0.16199662507031104,0.9774629748873149
0.16270494364700736,0.9774629748873149
0.16270494364700736,0.9781068898905344
0.16280910814358035,0.9781068898905344
0.16280910814358035,0.978750804893754
0.1650173954709277,0.978750804893754
0.16505906126955688,0.978750804893754
0.16543405345721965,0.978750804893754
0.16543405345721965,0.9793947198969736
0.16580904564488239,0.9793947198969736
0.16580904564488239,0.9800386349001932
0.1658715443428262,0.9800386349001932
0.1658715443428262,0.9806825499034127
0.1658923772421408,0.9806825499034127
0.1658923772421408,0.9813264649066323
0.16697568800649987,0.9813264649066323
0.16697568800649987,0.9819703799098519
0.16791316847565677,0.9819703799098519
0.16791316847565677,0.9826142949130715
0.16795483427428595,0.9826142949130715
0.16799650007291514,0.9826142949130715
0.16918397533384721,0.9826142949130715
0.16918397533384721,0.9832582099162911
0.169350638528364,0.9832582099162911
0.169350638528364,0.9839021249195107
0.16947563592425158,0.9839021249195107
0.16947563592425158,0.9845460399227302
0.16949646882356617,0.9845460399227302
0.16953813462219536,0.9845460399227302
0.16985062811191434,0.9845460399227302
0.16985062811191434,0.9851899549259497
0.16999645840711652,0.9851899549259497
0.16999645840711652,0.9858338699291693
0.17093393887627342,0.9858338699291693
0.17093393887627342,0.9864777849323889
0.17218391283514928,0.9864777849323889
0.17218391283514928,0.9871216999356085
0.17247557342555364,0.9871216999356085
0.17247557342555364,0.9877656149388281
0.1736422157871711,0.9877656149388281
0.1736422157871711,0.9884095299420477
0.17387137767963168,0.9884095299420477
0.17387137767963168,0.9890534449452673
0.1754338451282265,0.9890534449452673
0.1754338451282265,0.9896973599484868
0.17564217412137248,0.9896973599484868
0.17568383992000167,0.9896973599484868
0.17639215849669798,0.9896973599484868
0.17643382429532717,0.9896973599484868
0.17660048748984397,0.9896973599484868
0.17664215328847316,0.9896973599484868
0.17766296535488843,0.9896973599484868
0.17766296535488843,0.9903412749517064
0.17778796275077602,0.9903412749517064
0.17782962854940523,0.9903412749517064
0.17891293931376429,0.9903412749517064
0.1789546051123935,0.9903412749517064
0.1789754380117081,0.9903412749517064
0.1789754380117081,0.9909851899549259
0.18028791066852773,0.9909851899549259
0.18032957646715694,0.9909851899549259
0.18187121101643716,0.9909851899549259
0.18187121101643716,0.9916291049581455
0.18214203870752693,0.9916291049581455
0.18218370450615612,0.9916291049581455
0.18224620320409993,0.9916291049581455
0.1823503677006729,0.9916291049581455
0.18353784296160497,0.9916291049581455
0.18357950876023416,0.9916291049581455
0.18372533905543634,0.9916291049581455
0.18376700485406555,0.9916291049581455
0.18474615112185164,0.9916291049581455
0.18482948271911,0.9916291049581455
0.1850794775108852,0.9916291049581455
0.1850794775108852,0.9922730199613651
0.18510031041019978,0.9922730199613651
0.18510031041019978,0.9929169349645847
0.18532947230266036,0.9929169349645847
0.18541280389991877,0.9929169349645847
0.18651694756359244,0.9929169349645847
0.18655861336222163,0.9929169349645847
0.18666277785879462,0.9929169349645847
0.1867044436574238,0.9929169349645847
0.18710026874440117,0.9929169349645847
0.18714193454303035,0.9929169349645847
0.18726693193891794,0.9929169349645847
0.18730859773754713,0.9929169349645847
0.18907939417928793,0.9929169349645847
0.18914189287723174,0.9929169349645847
0.18974604695735506,0.9929169349645847
0.18978771275598424,0.9929169349645847
0.18987104435324265,0.9929169349645847
0.18995437595050102,0.9929169349645847
0.19045436553405137,0.9929169349645847
0.19049603133268056,0.9929169349645847
0.19157934209703964,0.9929169349645847
0.19157934209703964,0.9935608499678042
0.1921001645799046,0.9935608499678042
0.19214183037853377,0.9935608499678042
0.19260015416345494,0.9935608499678042
0.19264181996208413,0.9935608499678042
0.19276681735797171,0.9935608499678042
0.1928084831566009,0.9935608499678042
0.19310014374700527,0.9935608499678042
0.19314180954563448,0.9935608499678042
0.19316264244494907,0.9935608499678042
0.19320430824357826,0.9935608499678042
0.1936209662298702,0.9935608499678042
0.1936626320284994,0.9935608499678042
0.1963084102414533,0.9935608499678042
0.1963500760400825,0.9935608499678042
0.19670423532843065,0.9935608499678042
0.19676673402637446,0.9935608499678042
0.19735005520718318,0.9935608499678042
0.19735005520718318,0.9942047649710238
0.1979333763879919,0.9942047649710238
0.19797504218662113,0.9942047649710238
0.1987875252598904,0.9942047649710238
0.19882919105851962,0.9942047649710238
0.199016687152351,0.9942047649710238
0.19905835295098018,0.9942047649710238
0.1990791858502948,0.9942047649710238
0.19912085164892399,0.9942047649710238
0.19951667673590134,0.9942047649710238
0.19955834253453053,0.9942047649710238
0.2017249640632487,0.9942047649710238
0.20180829566050706,0.9942047649710238
0.202433282639945,0.9942047649710238
0.20249578133788879,0.9942047649710238
0.20437074227620258,0.9942047649710238
0.20441240807483177,0.9942047649710238
0.2048707318597529,0.9942047649710238
0.20491239765838212,0.9942047649710238
0.20530822274535948,0.9942047649710238
0.20530822274535948,0.9948486799742434
0.2058082123289098,0.9948486799742434
0.20584987812753902,0.9948486799742434
0.205954042624112,0.9948486799742434
0.2060165413220558,0.9948486799742434
0.20605820712068498,0.9948486799742434
0.20609987291931417,0.9948486799742434
0.20651653090560612,0.9948486799742434
0.20657902960354993,0.9948486799742434
0.20718318368367325,0.9948486799742434
0.20724568238161706,0.9948486799742434
0.20764150746859442,0.9948486799742434
0.2076831732672236,0.9948486799742434
0.20916230911856004,0.9948486799742434
0.20922480781650382,0.9948486799742434
0.20972479740005417,0.9948486799742434
0.20978729609799796,0.9948486799742434
0.20999562509114394,0.9948486799742434
0.21005812378908773,0.9948486799742434
0.2111622674527614,0.9948486799742434
0.21120393325139059,0.9948486799742434
0.21214141372054748,0.9948486799742434
0.21218307951917667,0.9948486799742434
0.21234974271369347,0.9948486799742434
0.21234974271369347,0.995492594977463
0.2128705651965584,0.995492594977463
0.2129538967938168,0.995492594977463
0.21347471927668174,0.995492594977463
0.21351638507531093,0.995492594977463
0.21355805087394011,0.995492594977463
0.21359971667256933,0.995492594977463
0.21459969583967,0.995492594977463
0.2146413616382992,0.995492594977463
0.21570383950334368,0.995492594977463
0.21574550530197287,0.995492594977463
0.21645382387866918,0.995492594977463
0.21657882127455677,0.995492594977463
0.21943292848065665,0.995492594977463
0.21947459427928584,0.995492594977463
0.22030791025186974,0.995492594977463
0.22034957605049896,0.995492594977463
0.2215995500093748,0.995492594977463
0.221641215808004,0.995492594977463
0.2216828816066332,0.995492594977463
0.2217245474052624,0.995492594977463
0.2217662132038916,0.995492594977463
0.22180787900252077,0.995492594977463
0.22301618716276744,0.995492594977463
0.22305785296139663,0.995492594977463
0.22326618195454262,0.995492594977463
0.2233078477531718,0.995492594977463
0.223349513551801,0.995492594977463
0.22366200704151998,0.995492594977463
0.22393283473260975,0.995492594977463
0.22397450053123893,0.995492594977463
0.22449532301410388,0.995492594977463
0.22453698881273307,0.995492594977463
0.22532863898668778,0.995492594977463
0.22537030478531697,0.995492594977463
0.22559946667777755,0.995492594977463
0.22564113247640674,0.995492594977463
0.2259327930668111,0.995492594977463
0.2259744588654403,0.995492594977463
0.2260577904626987,0.995492594977463
0.22609945626132788,0.995492594977463
0.22664111164350742,0.995492594977463
0.22668277744213663,0.995492594977463
0.22716193412637237,0.995492594977463
0.22720359992500155,0.995492594977463
0.22741192891814754,0.995492594977463
0.22745359471677673,0.995492594977463
0.22901606216537154,0.995492594977463
0.22905772796400076,0.995492594977463
0.22968271494343867,0.995492594977463
0.22972438074206789,0.995492594977463
0.23018270452698902,0.995492594977463
0.2302243703256182,0.995492594977463
0.23259932084748233,0.995492594977463
0.23264098664611155,0.995492594977463
0.2329326472365159,0.995492594977463
0.2329743130351451,0.995492594977463
0.23341180392075164,0.995492594977463
0.23345346971938086,0.995492594977463
0.23362013291389763,0.995492594977463
0.2336826316118414,0.995492594977463
0.23501593716797567,0.995492594977463
0.23507843586591945,0.995492594977463
0.23512010166454866,0.995492594977463
0.23518260036249244,0.995492594977463
0.23545342805358221,0.995492594977463
0.2354950938522114,0.995492594977463
0.23637007562342452,0.995492594977463
0.2364117414220537,0.995492594977463
0.2365367388179413,0.995492594977463
0.23657840461657048,0.995492594977463
0.23659923751588507,0.995492594977463
0.2366409033145143,0.995492594977463
0.23793254307201933,0.995492594977463
0.23797420887064852,0.995492594977463
0.2382867023603675,0.995492594977463
0.23837003395762588,0.995492594977463
0.23934918022541196,0.995492594977463
0.23939084602404118,0.995492594977463
0.24026582779525427,0.995492594977463
0.24030749359388345,0.995492594977463
0.24045332388908564,0.995492594977463
0.24049498968771485,0.995492594977463
0.24255744671986001,0.995492594977463
0.2425991125184892,0.995492594977463
0.24266161121643298,0.995492594977463
0.2427241099143768,0.995492594977463
0.24297410470615197,0.995492594977463
0.24303660340409575,0.995492594977463
0.24403658257119643,0.995492594977463
0.24407824836982564,0.995492594977463
0.24466156955063437,0.995492594977463
0.24476573404720736,0.995492594977463
0.24503656173829713,0.995492594977463
0.2452032249328139,0.995492594977463
0.24539072102664528,0.995492594977463
0.24545321972458908,0.995492594977463
0.24574488031499345,0.995492594977463
0.24574488031499345,0.9961365099806826
0.246286535697173,0.9961365099806826
0.24634903439511677,0.9961365099806826
0.24657819628757735,0.9961365099806826
0.24661986208620654,0.9961365099806826
0.2469531884752401,0.9961365099806826
0.2469948542738693,0.9961365099806826
0.24726568196495907,0.9961365099806826
0.24730734776358826,0.9961365099806826
0.24805733213891376,0.9961365099806826
0.24816149663548676,0.9961365099806826
0.24820316243411594,0.9961365099806826
0.24830732693068894,0.9961365099806826
0.24843232432657653,0.9961365099806826
0.2484739901252057,0.9961365099806826
0.24889064811149766,0.9961365099806826
0.24893231391012688,0.9961365099806826
0.24899481260807066,0.9961365099806826
0.24903647840669987,0.9961365099806826
0.24911981000395825,0.9961365099806826
0.24916147580258743,0.9961365099806826
0.24968229828545238,0.9961365099806826
0.24978646278202538,0.9961365099806826
0.24989062727859837,0.9961365099806826
0.24993229307722756,0.9961365099806826
0.24997395887585674,0.9961365099806826
0.24997395887585674,0.9967804249839022
0.2506197787546093,0.9967804249839022
0.25066144455323847,0.9967804249839022
0.2511614341367888,0.9967804249839022
0.251203099935418,0.9967804249839022
0.2530572279744172,0.9967804249839022
0.2530988937730464,0.9967804249839022
0.25320305826961936,0.9967804249839022
0.2532447240682486,0.9967804249839022
0.25339055436345076,0.9967804249839022
0.25343222016207995,0.9967804249839022
0.2537447136517989,0.9967804249839022
0.25382804524905733,0.9967804249839022
0.2541197058394617,0.9967804249839022
0.2541613716380909,0.9967804249839022
0.25522384950313537,0.9967804249839022
0.25530718110039374,0.9967804249839022
0.25572383908668567,0.9967804249839022
0.2557655048853149,0.9967804249839022
0.25593216807983166,0.9967804249839022
0.25597383387846084,0.9967804249839022
0.25693214724693236,0.9967804249839022
0.25699464594487614,0.9967804249839022
0.25759880002499946,0.9967804249839022
0.25764046582362865,0.9967804249839022
0.25780712901814545,0.9967804249839022
0.2579112935147184,0.9967804249839022
0.25797379221266226,0.9967804249839022
0.25803629091060604,0.9967804249839022
0.2584112830982688,0.9967804249839022
0.25847378179621255,0.9967804249839022
0.2585779462927856,0.9967804249839022
0.25861961209141476,0.9967804249839022
0.258765442386617,0.9967804249839022
0.25880710818524616,0.9967804249839022
0.2594320951646841,0.9967804249839022
0.25947376096331326,0.9967804249839022
0.25964042415783006,0.9967804249839022
0.25970292285577384,0.9967804249839022
0.260265411137268,0.9967804249839022
0.26030707693589716,0.9967804249839022
0.2604320743317848,0.9967804249839022
0.26049457302972856,0.9967804249839022
0.2609320639153351,0.9967804249839022
0.2610362284119081,0.9967804249839022
0.26114039290848107,0.9967804249839022
0.26118205870711025,0.9967804249839022
0.26143205349888543,0.9967804249839022
0.2614737192975146,0.9967804249839022
0.26224453657215474,0.9967804249839022
0.2623487010687277,0.9967804249839022
0.26243203266598614,0.9967804249839022
0.2624736984646153,0.9967804249839022
0.2624945313639299,0.9967804249839022
0.2625570300618737,0.9967804249839022
0.2626195287598175,0.9967804249839022
0.2626611945584467,0.9967804249839022
0.26307785254473864,0.9967804249839022
0.26311951834336783,0.9967804249839022
0.2636195079269182,0.9967804249839022
0.26366117372554737,0.9967804249839022
0.26386950271869336,0.9967804249839022
0.26395283431595173,0.9967804249839022
0.2639945001145809,0.9967804249839022
0.26405699881252476,0.9967804249839022
0.26414033040978313,0.9967804249839022
0.2641819962084123,0.9967804249839022
0.26472365159059186,0.9967804249839022
0.26478615028853564,0.9967804249839022
0.26559863336180495,0.9967804249839022
0.26570279785837797,0.9967804249839022
0.2660361242474115,0.9967804249839022
0.2660777900460407,0.9967804249839022
0.2673277640049166,0.9967804249839022
0.2673694298035458,0.9967804249839022
0.26747359430011874,0.9967804249839022
0.2677860877898377,0.9967804249839022
0.2678694193870961,0.9967804249839022
0.26805691548092747,0.9967804249839022
0.2681819128768151,0.9967804249839022
0.2686610695610508,0.9967804249839022
0.26870273535968003,0.9967804249839022
0.2688902314535114,0.9967804249839022
0.26893189725214056,0.9967804249839022
0.26909856044665736,0.9967804249839022
0.2694318868356909,0.9967804249839022
0.2704735318014208,0.9967804249839022
0.2705776962979938,0.9967804249839022
0.27084852398908354,0.9967804249839022
0.270931855586342,0.9967804249839022
0.27166100706235286,0.9967804249839022
0.27170267286098204,0.9967804249839022
0.2717443386596113,0.9967804249839022
0.27178600445824047,0.9967804249839022
0.27186933605549884,0.9967804249839022
0.2719526676527572,0.9967804249839022
0.27251515593425135,0.9967804249839022
0.2725776546321952,0.9967804249839022
0.27284848232328496,0.9967804249839022
0.27289014812191414,0.9967804249839022
0.27336930480614985,0.9967804249839022
0.2734109706047791,0.9967804249839022
0.2734318035040937,0.9967804249839022
0.273619299597925,0.9967804249839022
0.2738901272890148,0.9967804249839022
0.273931793087644,0.9967804249839022
0.27459844586571114,0.9967804249839022
0.2746817774629695,0.9967804249839022
0.2747234432615987,0.9967804249839022
0.2747651090602279,0.9967804249839022
0.2751192683485761,0.9967804249839022
0.27516093414720527,0.9967804249839022
0.27543176183829504,0.9967804249839022
0.27547342763692423,0.9967804249839022
0.2763692423074519,0.9967804249839022
0.2764109081060811,0.9967804249839022
0.27649423970333953,0.9967804249839022
0.27668173579717087,0.9967804249839022
0.2767650673944293,0.9967804249839022
0.2768067331930585,0.9967804249839022
0.27695256348826064,0.9967804249839022
0.2773900543738672,0.9967804249839022
0.2774733859711256,0.9967804249839022
0.2775150517697548,0.9967804249839022
0.2785150309368555,0.9967804249839022
0.27857752963479926,0.9967804249839022
0.27872335993000147,0.9967804249839022
0.27876502572863066,0.9967804249839022
0.2790983521176642,0.9967804249839022
0.2791400179162934,0.9967804249839022
0.27945251140601235,0.9967804249839022
0.27968167329847293,0.9967804249839022
0.2800983312847649,0.9967804249839022
0.2801399970833941,0.9967804249839022
0.28088998145871963,0.9967804249839022
0.28088998145871963,0.9974243399871217
0.2809524801566634,0.9974243399871217
0.2810358117539218,0.9974243399871217
0.28134830524364074,0.9974243399871217
0.2813899710422699,0.9974243399871217
0.2815983000354159,0.9974243399871217
0.2816607987333597,0.9974243399871217
0.2819524593237641,0.9974243399871217
0.2819941251223933,0.9974243399871217
0.28211912251828086,0.9974243399871217
0.28216078831691005,0.9974243399871217
0.28316076748401076,0.9974243399871217
0.28320243328263994,0.9974243399871217
0.28322326618195454,0.9974243399871217
0.2832649319805837,0.9974243399871217
0.2833274306785275,0.9974243399871217
0.2835149267723589,0.9974243399871217
0.2835565925709881,0.9974243399871217
0.2835982583696173,0.9974243399871217
0.28386908606070704,0.9974243399871217
0.2839107518593363,0.9974243399871217
0.2845357388387742,0.9974243399871217
0.284598237536718,0.9974243399871217
0.28509822712026833,0.9974243399871217
0.2851607258182121,0.9974243399871217
0.28549405220724566,0.9974243399871217
0.28553571800587485,0.9974243399871217
0.28566071540176247,0.9974243399871217
0.28574404699902084,0.9974243399871217
0.285994041790796,0.9974243399871217
0.2861607049853128,0.9974243399871217
0.2861815378846274,0.9974243399871217
0.2862232036832566,0.9974243399871217
0.28649403137434637,0.9974243399871217
0.28653569717297556,0.9974243399871217
0.28668152746817777,0.9974243399871217
0.28672319326680695,0.9974243399871217
0.28676485906543614,0.9974243399871217
0.2868065248640653,0.9974243399871217
0.28716068415241347,0.9974243399871217
0.2872231828503573,0.9974243399871217
0.28757734213870545,0.9974243399871217
0.28761900793733464,0.9974243399871217
0.28828566071540174,0.9974243399871217
0.288327326514031,0.9974243399871217
0.2888273160975813,0.9974243399871217
0.2888689818962105,0.9974243399871217
0.2889314805941543,0.9974243399871217
0.2889731463927835,0.9974243399871217
0.2891814753859295,0.9974243399871217
0.28922314118455866,0.9974243399871217
0.289723130768109,0.9974243399871217
0.2897647965667382,0.9974243399871217
0.2897856294660528,0.9974243399871217
0.289827295264682,0.9974243399871217
0.28995229266056954,0.9974243399871217
0.2899939584591988,0.9974243399871217
0.2903689506468615,0.9974243399871217
0.2904106164454907,0.9974243399871217
0.29111893502218705,0.9974243399871217
0.2913064311160184,0.9974243399871217
0.291535593008479,0.9974243399871217
0.29159809170642276,0.9974243399871217
0.2916814233036812,0.9974243399871217
0.29174392200162497,0.9974243399871217
0.2922855773838045,0.9974243399871217
0.2923272431824337,0.9974243399871217
0.2932230578529614,0.9974243399871217
0.2933063894502198,0.9974243399871217
0.2937855461344555,0.9974243399871217
0.29382721193308475,0.9974243399871217
0.2939730422282869,0.9974243399871217
0.2940147080269161,0.9974243399871217
0.2940980396241745,0.9974243399871217
0.2941397054228037,0.9974243399871217
0.29472302660361244,0.9974243399871217
0.2948063582008708,0.9974243399871217
0.2949313555967584,0.9974243399871217
0.2949730213953876,0.9974243399871217
0.2950146871940168,0.9974243399871217
0.2950980187912752,0.9974243399871217
0.29518135038853355,0.9974243399871217
0.2952230161871628,0.9974243399871217
0.2952438490864774,0.9974243399871217
0.29528551488510657,0.9974243399871217
0.2958480031666007,0.9974243399871217
0.2959105018645445,0.9974243399871217
0.2962854940522072,0.9974243399871217
0.29632715985083646,0.9974243399871217
0.2965146559446678,0.9974243399871217
0.2965771546426116,0.9974243399871217
0.29684798233370135,0.9974243399871217
0.29707714422616194,0.9974243399871217
0.2973479719172517,0.9974243399871217
0.29741047061519554,0.9974243399871217
0.2977021312055999,0.9974243399871217
0.29795212599737503,0.9974243399871217
0.2988062748692736,0.9974243399871217
0.29884794066790277,0.9974243399871217
0.29888960646653195,0.9974243399871217
0.29893127226516114,0.9974243399871217
0.2991812670569363,0.9974243399871217
0.2992229328555655,0.9974243399871217
0.2992854315535093,0.9974243399871217
0.29951459344596987,0.9974243399871217
0.29955625924459905,0.9974243399871217
0.29959792504322824,0.9974243399871217
0.2996395908418575,0.9974243399871217
0.29978542113705964,0.9974243399871217
0.2998270869356888,0.9974243399871217
0.3006812358075873,0.9974243399871217
0.30072290160621656,0.9974243399871217
0.3013062227870253,0.9974243399871217
0.3013478885856545,0.9974243399871217
0.30143122018291285,0.9974243399871217
0.30147288598154204,0.9974243399871217
0.30155621757880047,0.9974243399871217
0.3017228807733172,0.9974243399871217
0.3017645465719464,0.9974243399871217
0.3027853586383617,0.9974243399871217
0.3028478573363055,0.9974243399871217
0.3030145205308223,0.9974243399871217
0.30309785212808066,0.9974243399871217
0.30313951792670984,0.9974243399871217
0.30318118372533903,0.9974243399871217
0.3035770088123164,0.9974243399871217
0.30399366679860834,0.9974243399871217
0.30407699839586677,0.9974243399871217
0.30413949709381055,0.9974243399871217
0.30436865898627113,0.9974243399871217
0.3044103247849003,0.9974243399871217
0.3045978208787317,0.9974243399871217
0.3046394866773609,0.9974243399871217
0.3046603195766755,0.9974243399871217
0.3047019853753047,0.9974243399871217
0.30478531697256306,0.9974243399871217
0.30484781567050684,0.9974243399871217
0.3049103143684507,0.9974243399871217
0.30499364596570905,0.9974243399871217
0.30561863294514696,0.9974243399871217
0.3060977896293827,0.9974243399871217
0.3063477844211579,0.9974243399871217
0.3063894502197871,0.9974243399871217
0.30728526489031477,0.9974243399871217
0.3077852544738651,0.9974243399871217
0.3080144163663257,0.9974243399871217
0.3080560821649549,0.9974243399871217
0.30811858086289867,0.9974243399871217
0.3082019124601571,0.9974243399871217
0.30836857565467385,0.9974243399871217
0.30843107435261763,0.9974243399871217
0.30857690464781984,0.9974243399871217
0.3086810691443928,0.9974243399871217
0.30876440074165123,0.9974243399871217
0.3088060665402804,0.9974243399871217
0.30959771671423514,0.9974243399871217
0.3097643799087519,0.9974243399871217
0.3097643799087519,0.9980682549903412
0.3098060457073811,0.9980682549903412
0.3099102102039541,0.9980682549903412
0.31009770629778544,0.9980682549903412
0.3101393720964147,0.9980682549903412
0.31016020499572927,0.9980682549903412
0.31020187079435846,0.9980682549903412
0.3106810274785942,0.9980682549903412
0.310743526176538,0.9980682549903412
0.31124351576008835,0.9980682549903412
0.31128518155871754,0.9980682549903412
0.3113893460552905,0.9980682549903412
0.3114726776525489,0.9980682549903412
0.3115768421491219,0.9980682549903412
0.3116601737463803,0.9980682549903412
0.31186850273952627,0.9980682549903412
0.31191016853815545,0.9980682549903412
0.31274348451073936,0.9980682549903412
0.31291014770525616,0.9980682549903412
0.3130976437990875,0.9980682549903412
0.31318097539634593,0.9980682549903412
0.3135351346846941,0.9980682549903412
0.31372263077852547,0.9980682549903412
0.3138684610737276,0.9980682549903412
0.3139309597716714,0.9980682549903412
0.3140351242682444,0.9980682549903412
0.3140767900668736,0.9980682549903412
0.3143059519593342,0.9980682549903412
0.3143476177579634,0.9980682549903412
0.31459761254973856,0.9980682549903412
0.31463927834836775,0.9980682549903412
0.31480594154288455,0.9980682549903412
0.3150351034353451,0.9980682549903412
0.31505593633465967,0.9980682549903412
0.3150976021332889,0.9980682549903412
0.3151601008312327,0.9980682549903412
0.3152017666298619,0.9980682549903412
0.3152225995291765,0.9980682549903412
0.31532676402574944,0.9980682549903412
0.31551426011958084,0.9980682549903412
0.3155767588175246,0.9980682549903412
0.3159309181058728,0.9980682549903412
0.3160142497031312,0.9980682549903412
0.31632674319285015,0.9980682549903412
0.31636840899147933,0.9980682549903412
0.31649340638736695,0.9980682549903412
0.31653507218599614,0.9980682549903412
0.3165975708839399,0.9980682549903412
0.3166392366825691,0.9980682549903412
0.3168475656757151,0.9980682549903412
0.3168892314743443,0.9980682549903412
0.31718089206474864,0.9980682549903412
0.31736838815858004,0.9980682549903412
0.31782671194350115,0.9980682549903412
0.3178683777421304,0.9980682549903412
0.317889210641445,0.9980682549903412
0.3179308764400742,0.9980682549903412
0.31797254223870336,0.9980682549903412
0.31801420803733255,0.9980682549903412
0.3180975396345909,0.9980682549903412
0.31813920543322016,0.9980682549903412
0.31820170413116394,0.9980682549903412
0.31822253703047854,0.9980682549903412
0.3182850357284223,0.9980682549903412
0.3183058686277369,0.9980682549903412
0.3183683673256807,0.9980682549903412
0.31891002270786023,0.9980682549903412
0.3189516885064895,0.9980682549903412
0.3195350096872982,0.9980682549903412
0.3195766754859274,0.9980682549903412
0.3197641715797588,0.9980682549903412
0.31986833607633175,0.9980682549903412
0.32009749796879233,0.9980682549903412
0.3201599966667361,0.9980682549903412
0.3203474927605675,0.9980682549903412
0.3204099914585113,0.9980682549903412
0.32047249015645507,0.9980682549903412
0.32051415595508426,0.9980682549903412
0.32070165204891565,0.9980682549903412
0.32074331784754484,0.9980682549903412
0.32095164684069083,0.9980682549903412
0.32099331263932,0.9980682549903412
0.3211808087331514,0.9980682549903412
0.3212641403304098,0.9980682549903412
0.32151413512218496,0.9980682549903412
0.32155580092081415,0.9980682549903412
0.3218682944105331,0.9980682549903412
0.3219099602091623,0.9980682549903412
0.3220141247057353,0.9980682549903412
0.3220557905043645,0.9980682549903412
0.3222849523968251,0.9980682549903412
0.32255578008791486,0.9980682549903412
0.3227641090810608,0.9980682549903412
0.32280577487969003,0.9980682549903412
0.32305576967146515,0.9980682549903412
0.3230974354700944,0.9980682549903412
0.3231391012687236,0.9980682549903412
0.32318076706735277,0.9980682549903412
0.32320159996666736,0.9980682549903412
0.32324326576529655,0.9980682549903412
0.3237015895502177,0.9980682549903412
0.3237432553488469,0.9980682549903412
0.32409741463719505,0.9980682549903412
0.3241599133351388,0.9980682549903412
0.32424324493239726,0.9980682549903412
0.3243474094289702,0.9980682549903412
0.3244515739255432,0.9980682549903412
0.324514072623487,0.9980682549903412
0.3246390700193746,0.9980682549903412
0.3246599029186892,0.9980682549903412
0.3248057332138914,0.9980682549903412
0.32528488989812715,0.9980682549903412
0.32532655569675634,0.9980682549903412
0.3256182162871607,0.9980682549903412
0.3256598820857899,0.9980682549903412
0.3257015478844191,0.9980682549903412
0.32574321368304826,0.9980682549903412
0.32578487948167745,0.9980682549903412
0.32582654528030663,0.9980682549903412
0.32590987687756506,0.9980682549903412
0.32595154267619425,0.9980682549903412
0.3260973729713964,0.9980682549903412
0.32613903877002565,0.9980682549903412
0.3262640361659132,0.9980682549903412
0.3263057019645424,0.9980682549903412
0.326534863857003,0.9980682549903412
0.32659736255494676,0.9980682549903412
0.3267015270515198,0.9980682549903412
0.32674319285014897,0.9980682549903412
0.3271181850378117,0.9980682549903412
0.3271806837357555,0.9980682549903412
0.3272431824336993,0.9980682549903412
0.3273056811316431,0.9980682549903412
0.3281598300035416,0.9980682549903412
0.3282014958021708,0.9980682549903412
0.32859732088914817,0.9980682549903412
0.32865981958709195,0.9980682549903412
0.3288473156809233,0.9980682549903412
0.3289306472781817,0.9980682549903412
0.32936813816378824,0.9980682549903412
0.3294098039624174,0.9980682549903412
0.32947230266036126,0.9980682549903412
0.32951396845899045,0.9980682549903412
0.32953480135830504,0.9980682549903412
0.3295764671569342,0.9980682549903412
0.3296597987541926,0.9980682549903412
0.32970146455282184,0.9980682549903412
0.3300972896397992,0.9980682549903412
0.33018062123705755,0.9980682549903412
0.33024311993500133,0.9980682549903412
0.33030561863294516,0.9980682549903412
0.33034728443157435,0.9980682549903412
0.33038895023020354,0.9980682549903412
0.3304306160288327,0.9980682549903412
0.3305972792233495,0.9980682549903412
0.3306389450219787,0.9980682549903412
0.3308056082164955,0.9980682549903412
0.3308472740151247,0.9980682549903412
0.3309097727130685,0.9980682549903412
0.33095143851169767,0.9980682549903412
0.33107643590758523,0.9980682549903412
0.33113893460552907,0.9980682549903412
0.33140976229661884,0.9980682549903412
0.3314722609945626,0.9980682549903412
0.33161809128976477,0.9980682549903412
0.3316805899877086,0.9980682549903412
0.33180558738359617,0.9980682549903412
0.33184725318222535,0.9980682549903412
0.3331388929397304,0.9980682549903412
0.3332847232349326,0.9980682549903412
0.3333263890335618,0.9980682549903412
0.3336180496239662,0.9980682549903412
0.33365971542259537,0.9980682549903412
0.33386804441574136,0.9980682549903412
0.33390971021437055,0.9980682549903412
0.33397220891231433,0.9980682549903412
0.3340138747109435,0.9980682549903412
0.3344513655965501,0.9980682549903412
0.3344930313951793,0.9980682549903412
0.33451386429449387,0.9980682549903412
0.33455553009312305,0.9980682549903412
0.33468052748901067,0.9980682549903412
0.33472219328763986,0.9980682549903412
0.33495135518010044,0.9980682549903412
0.3349930209787296,0.9980682549903412
0.335076352575988,0.9980682549903412
0.3351180183746172,0.9980682549903412
0.3352430157705048,0.9980682549903412
0.335284681569134,0.9980682549903412
0.33534718026707777,0.9980682549903412
0.3359513343472011,0.9980682549903412
0.3359930001458303,0.9980682549903412
0.33636799233349307,0.9980682549903412
0.33640965813212226,0.9980682549903412
0.33647215683006604,0.9980682549903412
0.3365138226286952,0.9980682549903412
0.33663882002458284,0.9980682549903412
0.33668048582321203,0.9980682549903412
0.33711797670881855,0.9980682549903412
0.3371596425074478,0.9980682549903412
0.33730547280264994,0.9980682549903412
0.33734713860127913,0.9980682549903412
0.33751380179579593,0.9980682549903412
0.3375554675944251,0.9980682549903412
0.3376596320909981,0.9980682549903412
0.33770129788962727,0.9980682549903412
0.33809712297660466,0.9980682549903412
0.33815962167454844,0.9980682549903412
0.3388887731505594,0.9980682549903412
0.33899293764713234,0.9980682549903412
0.33903460344576153,0.9980682549903412
0.33938876273410973,0.9980682549903412
0.3394304285327389,0.9980682549903412
0.3394720943313681,0.9980682549903412
0.3395137601299973,0.9980682549903412
0.33957625882794107,0.9980682549903412
0.3396595904251995,0.9980682549903412
0.3397220891231433,0.9980682549903412
0.33976375492177247,0.9980682549903412
0.33980542072040165,0.9980682549903412
0.33984708651903084,0.9980682549903412
0.3402429116060082,0.9980682549903412
0.340305410303952,0.9980682549903412
0.3405554050957272,0.9980682549903412
0.34059707089435637,0.9980682549903412
0.34061790379367096,0.9980682549903412
0.34068040249161474,0.9980682549903412
0.3410137288806483,0.9980682549903412
0.34105539467927753,0.9980682549903412
0.3420970396450074,0.9980682549903412
0.3421595383429512,0.9980682549903412
0.342222037040895,0.9980682549903412
0.34228453573883877,0.9980682549903412
0.34270119372513075,0.9980682549903412
0.3427845253223891,0.9980682549903412
0.3428261911210183,0.9980682549903412
0.3428886898189621,0.9980682549903412
0.34318035040936645,0.9980682549903412
0.3432428491073103,0.9980682549903412
0.3436386741942876,0.9980682549903412
0.3437428386908606,0.9980682549903412
0.3438678360867482,0.9980682549903412
0.34401366638195036,0.9980682549903412
0.3440969979792088,0.9980682549903412
0.34413866377783797,0.9980682549903412
0.34426366117372553,0.9980682549903412
0.3443053269723547,0.9980682549903412
0.34440949146892774,0.9980682549903412
0.3447428178579613,0.9980682549903412
0.34486781525384885,0.9980682549903412
0.3449094810524781,0.9980682549903412
0.34509697714630944,0.9980682549903412
0.3451386429449386,0.9980682549903412
0.34568029832711816,0.9980682549903412
0.3457219641257474,0.9980682549903412
0.34613862211203933,0.9980682549903412
0.3461802879106685,0.9980682549903412
0.3462219537092977,0.9980682549903412
0.3463886169038145,0.9980682549903412
0.3464927814003875,0.9980682549903412
0.3465761129976459,0.9980682549903412
0.3472844315743422,0.9980682549903412
0.3473677631716006,0.9980682549903412
0.3480552488489823,0.9980682549903412
0.3480969146476115,0.9980682549903412
0.3482427449428137,0.9980682549903412
0.34843024103664505,0.9980682549903412
0.349055228016083,0.9980682549903412
0.3490968938147122,0.9980682549903412
0.34943022020374576,0.9980682549903412
0.34947188600237494,0.9980682549903412
0.34986771108935233,0.9980682549903412
0.3499093768879815,0.9980682549903412
0.3499302097872961,0.9980682549903412
0.3499718755859253,0.9980682549903412
0.35051353096810484,0.9980682549903412
0.3508260244578238,0.9980682549903412
0.3509926876523406,0.9980682549903412
0.3510551863502844,0.9980682549903412
0.35107601924959897,0.9980682549903412
0.35111768504822816,0.9980682549903412
0.35128434824274496,0.9980682549903412
0.35132601404137415,0.9980682549903412
0.3514718443365763,0.9980682549903412
0.3516176746317785,0.9980682549903412
0.35203433261807043,0.9980682549903412
0.3520759984166997,0.9980682549903412
0.3523051603091602,0.9980682549903412
0.35234682610778945,0.9980682549903412
0.3524509906043624,0.9980682549903412
0.35343013687214847,0.9980682549903412
0.3534509697714631,0.9980682549903412
0.3535134684694069,0.9980682549903412
0.35368013166392365,0.9980682549903412
0.3537217974625529,0.9980682549903412
0.3542217870461032,0.9980682549903412
0.354284285744047,0.9980682549903412
0.35468011083102435,0.9980682549903412
0.35472177662965354,0.9980682549903412
0.35486760692485575,0.9980682549903412
0.35490927272348494,0.9980682549903412
0.35532593070977686,0.9980682549903412
0.35536759650840605,0.9980682549903412
0.35547176100497907,0.9980682549903412
0.35551342680360826,0.9980682549903412
0.35559675840086663,0.9980682549903412
0.3556384241994958,0.9980682549903412
0.35593008478990024,0.9980682549903412
0.3560759150851024,0.9980682549903412
0.35640924147413594,0.9980682549903412
0.35649257307139437,0.9980682549903412
0.35678423366179873,0.9980682549903412
0.35699256265494467,0.9980682549903412
0.35718005874877606,0.9980682549903412
0.35726339034603444,0.9980682549903412
0.3573050561446637,0.9980682549903412
0.35734672194329287,0.9980682549903412
0.35740922064123665,0.9980682549903412
0.35745088643986583,0.9980682549903412
0.35805504051998915,0.9980682549903412
0.35809670631861834,0.9980682549903412
0.35811753921793293,0.9980682549903412
0.3581592050165622,0.9980682549903412
0.35828420241244974,0.9980682549903412
0.3583258682110789,0.9980682549903412
0.35843003270765195,0.9980682549903412
0.3586175288014833,0.9980682549903412
0.3586591946001125,0.9980682549903412
0.3588258577946293,0.9980682549903412
0.35886752359325846,0.9980682549903412
0.3589716880898315,0.9980682549903412
0.3591800170829774,0.9980682549903412
0.35930501447886504,0.9980682549903412
0.3593466802774942,0.9980682549903412
0.35970083956584237,0.9980682549903412
0.35976333826378615,0.9980682549903412
0.36011749755213435,0.9980682549903412
0.3601799962500781,0.9980682549903412
0.3602008291493927,0.9980682549903412
0.3602633278473365,0.9980682549903412
0.3603258265452803,0.9980682549903412
0.3603674923439095,0.9980682549903412
0.3604299910418533,0.9980682549903412
0.3604716568404825,0.9980682549903412
0.3607008187329431,0.9980682549903412
0.3610341451219766,0.9980682549903412
0.3610758109206058,0.9980682549903412
0.3621382887856503,0.9980682549903412
0.3621799545842795,0.9980682549903412
0.36286744026166123,0.9980682549903412
0.3629507718589196,0.9980682549903412
0.363034103456178,0.9980682549903412
0.36324243244932397,0.9980682549903412
0.3636174246369867,0.9980682549903412
0.3637840878315035,0.9980682549903412
0.3638257536301327,0.9980682549903412
0.36390908522739107,0.9980682549903412
0.3639924168246495,0.9980682549903412
0.3640340826232787,0.9980682549903412
0.36417991291848084,0.9980682549903412
0.3642215787171101,0.9980682549903412
0.36455490510614363,0.9980682549903412
0.3645965709047728,0.9980682549903412
0.364742401199975,0.9980682549903412
0.3647840669986042,0.9980682549903412
0.3648048998979188,0.9980682549903412
0.364846565696548,0.9980682549903412
0.36515905918626695,0.9980682549903412
0.36522155788421073,0.9980682549903412
0.3653048894814691,0.9980682549903412
0.36534655528009835,0.9980682549903412
0.3654715526759859,0.9980682549903412
0.3656173829711881,0.9980682549903412
0.36597154225953626,0.9980682549903412
0.36607570675610923,0.9980682549903412
0.36613820545405307,0.9980682549903412
0.366346534447199,0.9980682549903412
0.36642986604445743,0.9980682549903412
0.3665131976417158,0.9980682549903412
0.36709651882252453,0.9980682549903412
0.3671381846211537,0.9980682549903412
0.3673465136142997,0.9980682549903412
0.36747151101018727,0.9980682549903412
0.36749234390950186,0.9980682549903412
0.3675340097081311,0.9980682549903412
0.3675965084060749,0.9980682549903412
0.36763817420470407,0.9980682549903412
0.36767984000333326,0.9980682549903412
0.3679715005937376,0.9980682549903412
0.3680131663923668,0.9980682549903412
0.36807566509031064,0.9980682549903412
0.3682423282848274,0.9980682549903412
0.3684298243786588,0.9980682549903412
0.36851315597591716,0.9980682549903412
0.36855482177454635,0.9980682549903412
0.36867981917043396,0.9980682549903412
0.3688464823649507,0.9980682549903412
0.3688881481635799,0.9980682549903412
0.36890898106289455,0.9980682549903412
0.3690964771567259,0.9980682549903412
0.3692839732505573,0.9980682549903412
0.36932563904918647,0.9980682549903412
0.36940897064644485,0.9980682549903412
0.3694506364450741,0.9980682549903412
0.3694714693443887,0.9980682549903412
0.36951313514301787,0.9980682549903412
0.36972146413616386,0.9980682549903412
0.36978396283410764,0.9980682549903412
0.3700131247265682,0.9980682549903412
0.3700964563238266,0.9980682549903412
0.3701172892231412,0.9980682549903412
0.37017978792108497,0.9980682549903412
0.37047144851148933,0.9980682549903412
0.37059644590737695,0.9980682549903412
0.3707006104039499,0.9980682549903412
0.3707422762025791,0.9980682549903412
0.3709922709943543,0.9980682549903412
0.37103393679298347,0.9980682549903412
0.3711172683902419,0.9980682549903412
0.3711797670881857,0.9980682549903412
0.37120059998750027,0.9980682549903412
0.37124226578612946,0.9980682549903412
0.37142976187996085,0.9980682549903412
0.37147142767859004,0.9980682549903412
0.37149226057790463,0.9980682549903412
0.371575592175163,0.9980682549903412
0.3716172579737922,0.9980682549903412
0.37167975667173603,0.9980682549903412
0.3718047540676236,0.9980682549903412
0.3718464198662528,0.9980682549903412
0.37186725276556737,0.9980682549903412
0.37190891856419656,0.9980682549903412
0.37207558175871336,0.9980682549903412
0.37211724755734255,0.9980682549903412
0.3722005791546009,0.9980682549903412
0.37224224495323016,0.9980682549903412
0.37232557655048854,0.9980682549903412
0.3724297410470615,0.9980682549903412
0.3725339055436345,0.9980682549903412
0.3725755713422637,0.9980682549903412
0.37270056873815127,0.9980682549903412
0.3728047332347243,0.9980682549903412
0.37299222932855564,0.9980682549903412
0.37332555571758924,0.9980682549903412
0.3734297202141622,0.9980682549903412
0.3735338847107352,0.9980682549903412
0.37374221370388117,0.9980682549903412
0.37382554530113954,0.9980682549903412
0.3738880439990834,0.9980682549903412
0.37401304139497094,0.9980682549903412
0.3740547071936001,0.9980682549903412
0.37413803879085855,0.9980682549903412
0.37417970458948774,0.9980682549903412
0.3743880335826337,0.9980682549903412
0.3744296993812629,0.9980682549903412
0.3745546967771505,0.9980682549903412
0.37459636257577966,0.9980682549903412
0.37467969417303804,0.9980682549903412
0.3747213599716673,0.9980682549903412
0.3749088560654986,0.9980682549903412
0.37497135476344245,0.9980682549903412
0.3752838482531614,0.9980682549903412
0.3753255140517906,0.9980682549903412
0.3755338430449366,0.9980682549903412
0.37561717464219496,0.9980682549903412
0.3757838378367117,0.9980682549903412
0.37582550363534095,0.9980682549903412
0.3759713339305431,0.9980682549903412
0.3760129997291723,0.9980682549903412
0.3760338326284869,0.9980682549903412
0.3761379971250599,0.9980682549903412
0.3761796629236891,0.9980682549903412
0.3762421616216329,0.9980682549903412
0.37626299452094747,0.9980682549903412
0.3763671590175205,0.9980682549903412
0.3764088248161497,0.9980682549903412
0.37649215641340805,0.9980682549903412
0.37663798670861026,0.9980682549903412
0.3767629841044978,0.9980682549903412
0.3769296472990146,0.9980682549903412
0.3769713130976438,0.9980682549903412
0.3772421407887336,0.9980682549903412
0.37728380658736277,0.9980682549903412
0.37736713818462114,0.9980682549903412
0.37745046978187957,0.9980682549903412
0.3778671277681715,0.9980682549903412
0.37797129226474446,0.9980682549903412
0.37832545155309266,0.9980682549903412
0.37836711735172185,0.9980682549903412
0.37859627924418243,0.9980682549903412
0.3786796108414408,0.9980682549903412
0.3787629424386992,0.9980682549903412
0.37880460823732837,0.9980682549903412
0.3789504385325306,0.9980682549903412
0.37901293723047436,0.9980682549903412
0.37903377012978895,0.9980682549903412
0.37907543592841814,0.9980682549903412
0.37915876752567657,0.9980682549903412
0.3792837649215641,0.9980682549903412
0.3793045978208787,0.9980682549903412
0.3793462636195079,0.9980682549903412
0.3795337597133393,0.9980682549903412
0.3795754255119685,0.9980682549903412
0.37963792420991227,0.9980682549903412
0.3796795900085415,0.9980682549903412
0.3797837545051145,0.9980682549903412
0.37982542030374367,0.9980682549903412
0.37992958480031663,0.9980682549903412
0.38001291639757506,0.9980682549903412
0.38022124539072105,0.9980682549903412
0.38026291118935024,0.9980682549903412
0.38067956917564216,0.9980682549903412
0.38072123497427135,0.9980682549903412
0.38074206787358594,0.9980682549903412
0.3808045665715298,0.9980682549903412
0.38107539426261955,0.9980682549903412
0.38111706006124874,0.9980682549903412
0.3813462219537093,0.9980682549903412
0.3813878877523385,0.9980682549903412
0.3820128747317764,0.9980682549903412
0.3820545405304056,0.9980682549903412
0.38257536301327055,0.9980682549903412
0.3826795275098435,0.9980682549903412
0.38272119330847276,0.9980682549903412
0.3831586841940793,0.9980682549903412
0.38320034999270847,0.9980682549903412
0.38342951188516905,0.9980682549903412
0.38347117768379824,0.9980682549903412
0.38361700797900045,0.9980682549903412
0.38365867377762963,0.9980682549903412
0.383950334368034,0.9980682549903412
0.3839920001666632,0.9980682549903412
0.38405449886460696,0.9980682549903412
0.3840961646632362,0.9980682549903412
0.3841169975625508,0.9980682549903412
0.38415866336118,0.9980682549903412
0.38430449365638214,0.9980682549903412
0.3843461594550113,0.9980682549903412
0.38445032395158435,0.9980682549903412
0.38449198975021354,0.9980682549903412
0.3848461490385617,0.9980682549903412
0.38488781483719087,0.9980682549903412
0.38513780962896604,0.9980682549903412
0.3852003083269099,0.9980682549903412
0.385554467615258,0.9980682549903412
0.3856169663132018,0.9980682549903412
0.38599195850086454,0.9980682549903412
0.3860336242994938,0.9980682549903412
0.38611695589675216,0.9980682549903412
0.38620028749401053,0.9980682549903412
0.3864294493864711,0.9980682549903412
0.3864919480844149,0.9980682549903412
0.3867002770775609,0.9980682549903412
0.38676277577550466,0.9980682549903412
0.3868877731713923,0.9980682549903412
0.38692943897002147,0.9980682549903412
0.38711693506385286,0.9980682549903412
0.38715860086248205,0.9980682549903412
0.3874919272515156,0.9980682549903412
0.3875335930501448,0.9980682549903412
0.387575258848774,0.9980682549903412
0.3877210891439762,0.9980682549903412
0.38776275494260537,0.9980682549903412
0.38778358784191996,0.9980682549903412
0.3879294181371221,0.9980682549903412
0.38803358263369514,0.9980682549903412
0.3883044103247849,0.9980682549903412
0.3883460761234141,0.9980682549903412
0.38867940251244765,0.9980682549903412
0.38882523280764986,0.9980682549903412
0.38888773150559364,0.9980682549903412
0.3889293973042228,0.9980682549903412
0.3891168933980542,0.9980682549903412
0.3891585591966834,0.9980682549903412
0.38963771588091917,0.9980682549903412
0.38974188037749213,0.9980682549903412
0.3898043790754359,0.9980682549903412
0.39134601362471616,0.9980682549903412
0.39138767942334535,0.9980682549903412
0.39142934522197453,0.9980682549903412
0.39153350971854756,0.9980682549903412
0.39157517551717674,0.9980682549903412
0.3916376742151205,0.9980682549903412
0.3916793400137497,0.9980682549903412
0.3917626716110081,0.9980682549903412
0.3918043374096373,0.9980682549903412
0.3918251703089519,0.9980682549903412
0.3918668361075811,0.9980682549903412
0.3919501677048395,0.9980682549903412
0.39201266640278326,0.9980682549903412
0.3927834836774234,0.9980682549903412
0.39284598237536716,0.9980682549903412
0.39330430616028833,0.9980682549903412
0.3933459719589175,0.9980682549903412
0.39372096414658025,0.9980682549903412
0.3937626299452095,0.9980682549903412
0.39392929313972624,0.9980682549903412
0.39397095893835543,0.9980682549903412
0.3942834524280744,0.9980682549903412
0.3944501156225912,0.9980682549903412
0.39453344721984956,0.9980682549903412
0.39455428011916416,0.9980682549903412
0.3945959459177934,0.9980682549903412
0.3946792775150518,0.9980682549903412
0.39472094331368096,0.9980682549903412
0.39482510781025393,0.9980682549903412
0.39486677360888317,0.9980682549903412
0.3954917605883211,0.9980682549903412
0.39557509218557946,0.9980682549903412
0.3956792566821525,0.9980682549903412
0.39572092248078167,0.9980682549903412
0.3959292514739276,0.9980682549903412
0.39597091727255684,0.9980682549903412
0.39620007916501737,0.9980682549903412
0.3962834107622758,0.9980682549903412
0.39684589904376993,0.9980682549903412
0.3969292306410283,0.9980682549903412
0.39742922022457866,0.9980682549903412
0.39749171892252244,0.9980682549903412
0.39753338472115163,0.9980682549903412
0.3975750505197808,0.9980682549903412
0.397929209808129,0.9980682549903412
0.3979708756067582,0.9980682549903412
0.39807504010333117,0.9980682549903412
0.39811670590196035,0.9980682549903412
0.3981583717005896,0.9980682549903412
0.3982000374992188,0.9980682549903412
0.3984083664923647,0.9980682549903412
0.39849169808962315,0.9980682549903412
0.39855419678756693,0.9980682549903412
0.3986583612841399,0.9980682549903412
0.3987833586800275,0.9980682549903412
0.3990333534718027,0.9980682549903412
0.3990750192704319,0.9980682549903412
0.39911668506906106,0.9980682549903412
0.39920001666631943,0.9980682549903412
0.3992416824649486,0.9980682549903412
0.39928334826357786,0.9980682549903412
0.399637507551926,0.9980682549903412
0.3996791733505552,0.9980682549903412
0.399741672048499,0.9980682549903412
0.39978333784712816,0.9980682549903412
0.399845836545072,0.9980682549903412
0.3998875023437012,0.9980682549903412
0.39992916814233037,0.9980682549903412
0.39997083394095956,0.9980682549903412
0.40024166163204933,0.9980682549903412
0.4002833274306785,0.9980682549903412
0.4004708235245099,0.9980682549903412
0.4005541551217683,0.9980682549903412
0.40059582092039747,0.9980682549903412
0.40084581571217265,0.9980682549903412
0.40090831441011643,0.9980682549903412
0.40105414470531864,0.9980682549903412
0.4010958105039478,0.9980682549903412
0.4014083039936668,0.9980682549903412
0.40144996979229597,0.9980682549903412
0.40165829878544196,0.9980682549903412
0.40169996458407115,0.9980682549903412
0.40228328576487987,0.9980682549903412
0.4023666173621383,0.9980682549903412
0.4024082831607675,0.9980682549903412
0.4024499489593967,0.9980682549903412
0.40253328055665505,0.9980682549903412
0.4026166121539135,0.9980682549903412
0.4028249411470594,0.9980682549903412
0.40286660694568865,0.9980682549903412
0.4030332701402054,0.9980682549903412
0.4030749359388346,0.9980682549903412
0.4031791004354076,0.9980682549903412
0.403262432032666,0.9980682549903412
0.40338742942855355,0.9980682549903412
0.4034290952271828,0.9980682549903412
0.40361659132101413,0.9980682549903412
0.40367909001895796,0.9980682549903412
0.40372075581758715,0.9980682549903412
0.4038665861127893,0.9980682549903412
0.40394991771004773,0.9980682549903412
0.4039915835086769,0.9980682549903412
0.4040540822066207,0.9980682549903412
0.4042624111997667,0.9980682549903412
0.40432490989771047,0.9980682549903412
0.40440824149496885,0.9980682549903412
0.40453323889085646,0.9980682549903412
0.40459573758880024,0.9980682549903412
0.4048248994812608,0.9980682549903412
0.4048873981792046,0.9980682549903412
0.4051582258702944,0.9980682549903412
0.4054915522593279,0.9980682549903412
0.4055123851586425,0.9980682549903412
0.4057207141517885,0.9980682549903412
0.40586654444699066,0.9980682549903412
0.4059082102456199,0.9980682549903412
0.4061790379367097,0.9980682549903412
0.40622070373533886,0.9980682549903412
0.40624153663465346,0.9980682549903412
0.40628320243328264,0.9980682549903412
0.4064081998291702,0.9980682549903412
0.40644986562779944,0.9980682549903412
0.4065123643257432,0.9980682549903412
0.4065540301243724,0.9980682549903412
0.4068248578154622,0.9980682549903412
0.40686652361409137,0.9980682549903412
0.4070123539092936,0.9980682549903412
0.40705401970792277,0.9980682549903412
0.40711651840586655,0.9980682549903412
0.40730401449969794,0.9980682549903412
0.4076373408887315,0.9980682549903412
0.40772067248598987,0.9980682549903412
0.40788733568050667,0.9980682549903412
0.40792900147913586,0.9980682549903412
0.4083039936667986,0.9980682549903412
0.40836649236474243,0.9980682549903412
0.40855398845857377,0.9980682549903412
0.40859565425720296,0.9980682549903412
0.4088664819482927,0.9980682549903412
0.40899147934418034,0.9980682549903412
0.4093248057332139,0.9980682549903412
0.4093664715318431,0.9980682549903412
0.40986646111539343,0.9980682549903412
0.4099081269140226,0.9980682549903412
0.4099289598133372,0.9980682549903412
0.4099706256119664,0.9980682549903412
0.41024145330305617,0.9980682549903412
0.4103247849003146,0.9980682549903412
0.41044978229620216,0.9980682549903412
0.41049144809483135,0.9980682549903412
0.41053311389346053,0.9980682549903412
0.41061644549071896,0.9980682549903412
0.4109081060811233,0.9980682549903412
0.4109497718797525,0.9980682549903412
0.41147059436261746,0.9980682549903412
0.411595591758505,0.9980682549903412
0.41174142205370723,0.9980682549903412
0.4117830878523364,0.9980682549903412
0.412012249744797,0.9980682549903412
0.4120539155434262,0.9980682549903412
0.41251223932834735,0.9980682549903412
0.41255390512697654,0.9980682549903412
0.4125955709256057,0.9980682549903412
0.4126372367242349,0.9980682549903412
0.4126580696235495,0.9980682549903412
0.4126997354221787,0.9980682549903412
0.4127414012208079,0.9980682549903412
0.41305389471052684,0.9980682549903412
0.4135538842940772,0.9980682549903412
0.4135955500927064,0.9980682549903412
0.413616382992021,0.9980682549903412
0.4136580487906502,0.9980682549903412
0.4136788816899648,0.9980682549903412
0.413720547488594,0.9980682549903412
0.41407470677694214,0.9980682549903412
0.4141372054748859,0.9980682549903412
0.41422053707214435,0.9980682549903412
0.41426220287077353,0.9980682549903412
0.4142830357700881,0.9980682549903412
0.4143247015687173,0.9980682549903412
0.41444969896460493,0.9980682549903412
0.4144913647632341,0.9980682549903412
0.4146163621591217,0.9980682549903412
0.41469969375638005,0.9980682549903412
0.4147621924543239,0.9980682549903412
0.4148038582529531,0.9980682549903412
0.41488718985021145,0.9980682549903412
0.41492885564884063,0.9980682549903412
0.41507468594404284,0.9980682549903412
0.4151996833399304,0.9980682549903412
0.4152413491385596,0.9980682549903412
0.4152621820378742,0.9980682549903412
0.4153038478365034,0.9980682549903412
0.4153455136351326,0.9980682549903412
0.4154496781317056,0.9980682549903412
0.41567884002416616,0.9980682549903412
0.41576217162142454,0.9980682549903412
0.4160121664131997,0.9980682549903412
0.4161579967084019,0.9980682549903412
0.4164496572988063,0.9980682549903412
0.41653298889606466,0.9980682549903412
0.41667881919126687,0.9980682549903412
0.41674131788921065,0.9980682549903412
0.41676215078852524,0.9980682549903412
0.41692881398304205,0.9980682549903412
0.4181162892439741,0.9980682549903412
0.4181787879419179,0.9980682549903412
0.41824128663986165,0.9980682549903412
0.41828295243849084,0.9980682549903412
0.4183037853378055,0.9980682549903412
0.4183454511364347,0.9980682549903412
0.4186787775254682,0.9980682549903412
0.418741276223412,0.9980682549903412
0.4187829420220412,0.9980682549903412
0.4188246078206704,0.9980682549903412
0.41928293160559155,0.9980682549903412
0.41932459740422073,0.9980682549903412
0.4195745921959959,0.9980682549903412
0.4196162579946251,0.9980682549903412
0.4196370908939397,0.9980682549903412
0.4197204224911981,0.9980682549903412
0.4197620882898273,0.9980682549903412
0.4198037540884565,0.9980682549903412
0.4198662527864003,0.9980682549903412
0.41994958438365865,0.9980682549903412
0.4199912501822879,0.9980682549903412
0.4200329159809171,0.9980682549903412
0.4201995791754338,0.9980682549903412
0.42034540947063603,0.9980682549903412
0.4204287410678944,0.9980682549903412
0.4205745713630966,0.9980682549903412
0.42092873065144476,0.9980682549903412
0.4210537280473323,0.9980682549903412
0.42111622674527616,0.9980682549903412
0.42119955834253453,0.9980682549903412
0.4212203912418491,0.9980682549903412
0.4212620570404783,0.9980682549903412
0.4213037228391075,0.9980682549903412
0.42134538863773674,0.9980682549903412
0.42159538342951186,0.9980682549903412
0.4216370492281411,0.9980682549903412
0.4217203808253995,0.9980682549903412
0.42176204662402866,0.9980682549903412
0.422053707214433,0.9980682549903412
0.4221162059123768,0.9980682549903412
0.422157871711006,0.9980682549903412
0.422574529697298,0.9980682549903412
0.42261619549592716,0.9980682549903412
0.4229078560863315,0.9980682549903412
0.4229703547842753,0.9980682549903412
0.4229911876835899,0.9980682549903412
0.42305368638153373,0.9980682549903412
0.4231786837774213,0.9980682549903412
0.4232203495760505,0.9980682549903412
0.42326201537467967,0.9980682549903412
0.4233245140726235,0.9980682549903412
0.4233661798712527,0.9980682549903412
0.4237411720589154,0.9980682549903412
0.4237828378575446,0.9980682549903412
0.4241578300452074,0.9980682549903412
0.4241994958438366,0.9980682549903412
0.4248661486219037,0.9980682549903412
0.4249703131184767,0.9980682549903412
0.4250744776150497,0.9980682549903412
0.42511614341367887,0.9980682549903412
0.42534530530613945,0.9980682549903412
0.42538697110476864,0.9980682549903412
0.42540780400408323,0.9980682549903412
0.4254494698027124,0.9980682549903412
0.425470302702027,0.9980682549903412
0.42553280139997085,0.9980682549903412
0.4257202974938022,0.9980682549903412
0.42576196329243143,0.9980682549903412
0.42613695548009417,0.9980682549903412
0.42617862127872336,0.9980682549903412
0.4262827857752963,0.9980682549903412
0.42632445157392557,0.9980682549903412
0.42638695027186935,0.9980682549903412
0.42642861607049853,0.9980682549903412
0.4265327805670715,0.9980682549903412
0.4265744463657007,0.9980682549903412
0.42661611216432993,0.9980682549903412
0.4266786108622737,0.9980682549903412
0.4267619424595321,0.9980682549903412
0.42705360304993645,0.9980682549903412
0.42709526884856563,0.9980682549903412
0.4274702610362284,0.9980682549903412
0.4275119268348576,0.9980682549903412
0.4276160913314306,0.9980682549903412
0.42767859002937436,0.9980682549903412
0.4284077415053853,0.9980682549903412
0.4286577362971605,0.9980682549903412
0.42876190079373344,0.9980682549903412
0.4288035665923627,0.9980682549903412
0.42894939688756484,0.9980682549903412
0.428991062686194,0.9980682549903412
0.42907439428345245,0.9980682549903412
0.42911606008208164,0.9980682549903412
0.42978271286014874,0.9980682549903412
0.4298660444574071,0.9980682549903412
0.4300743734505531,0.9980682549903412
0.4301368721484969,0.9980682549903412
0.4301577050478115,0.9980682549903412
0.4301993708464407,0.9980682549903412
0.4302410366450699,0.9980682549903412
0.43036603404095747,0.9980682549903412
0.4304493656382159,0.9980682549903412
0.4304910314368451,0.9980682549903412
0.43055353013478886,0.9980682549903412
0.43059519593341805,0.9980682549903412
0.430699360429991,0.9980682549903412
0.43076185912793485,0.9980682549903412
0.4313451803087436,0.9980682549903412
0.43142851190600195,0.9980682549903412
0.43165767379846254,0.9980682549903412
0.4317410053957209,0.9980682549903412
0.4318243369929793,0.9980682549903412
0.4318660027916085,0.9980682549903412
0.4321159975833837,0.9980682549903412
0.4321576633820129,0.9980682549903412
0.43240765817378807,0.9980682549903412
0.43247015687173185,0.9980682549903412
0.432615987166934,0.9980682549903412
0.43265765296556324,0.9980682549903412
0.43288681485802377,0.9980682549903412
0.43292848065665296,0.9980682549903412
0.4329493135559676,0.9980682549903412
0.4329909793545968,0.9980682549903412
0.4334493031395179,0.9980682549903412
0.43351180183746174,0.9980682549903412
0.43355346763609093,0.9980682549903412
0.4336367992333493,0.9980682549903412
0.4336992979312931,0.9980682549903412
0.43390762692443907,0.9980682549903412
0.43394929272306826,0.9980682549903412
0.43419928751484343,0.9980682549903412
0.4343034520114164,0.9980682549903412
0.4345117810045624,0.9980682549903412
0.43476177579633757,0.9980682549903412
0.4354909272723485,0.9980682549903412
0.4355325930709777,0.9980682549903412
0.4355534259702923,0.9980682549903412
0.43563675756755066,0.9980682549903412
0.43567842336617985,0.9980682549903412
0.4357617549634383,0.9980682549903412
0.4360950813524718,0.9980682549903412
0.436136747151101,0.9980682549903412
0.43649090643944916,0.9980682549903412
0.436553405137393,0.9980682549903412
0.43663673673465137,0.9980682549903412
0.43669923543259515,0.9980682549903412
0.4367617341305389,0.9980682549903412
0.43680339992916817,0.9980682549903412
0.43684506572779735,0.9980682549903412
0.4369700631236849,0.9980682549903412
0.4370117289223141,0.9980682549903412
0.43709506051957253,0.9980682549903412
0.43732422241203306,0.9980682549903412
0.4373658882106623,0.9980682549903412
0.43755338430449364,0.9980682549903412
0.4376158830024374,0.9980682549903412
0.43794920939147103,0.9980682549903412
0.43838670027707755,0.9980682549903412
0.4384491989750214,0.9980682549903412
0.4386575279681673,0.9980682549903412
0.4387200266661111,0.9980682549903412
0.43874085956542574,0.9980682549903412
0.43878252536405493,0.9980682549903412
0.4391158517530885,0.9980682549903412
0.43915751755171767,0.9980682549903412
0.43922001624966145,0.9980682549903412
0.43926168204829064,0.9980682549903412
0.43932418074623447,0.9980682549903412
0.4398450032290994,0.9980682549903412
0.4398866690277286,0.9980682549903412
0.4399491677256724,0.9980682549903412
0.43999083352430157,0.9980682549903412
0.44003249932293076,0.9980682549903412
0.44007416512155995,0.9980682549903412
0.44040749151059355,0.9980682549903412
0.44044915730922274,0.9980682549903412
0.44046999020853733,0.9980682549903412
0.4405116560071665,0.9980682549903412
0.4406991521009979,0.9980682549903412
0.4407408178996271,0.9980682549903412
0.44084498239620007,0.9980682549903412
0.4409908126914023,0.9980682549903412
0.44109497718797525,0.9980682549903412
0.44121997458386286,0.9980682549903412
0.44124080748317746,0.9980682549903412
0.44130330618112124,0.9980682549903412
0.441365804879065,0.9980682549903412
0.4414283035770088,0.9980682549903412
0.4415949667715256,0.9980682549903412
0.4416366325701548,0.9980682549903412
0.4422407866502781,0.9980682549903412
0.4422824524489073,0.9980682549903412
0.4426157788379409,0.9980682549903412
0.4426574446365701,0.9980682549903412
0.4430324368242328,0.9980682549903412
0.443074102622862,0.9980682549903412
0.4432407658173788,0.9980682549903412
0.4433240974146372,0.9980682549903412
0.44340742901189556,0.9980682549903412
0.4434490948105248,0.9980682549903412
0.44357409220641236,0.9980682549903412
0.44361575800504155,0.9980682549903412
0.44399075019270434,0.9980682549903412
0.4440532488906481,0.9980682549903412
0.4441990791858503,0.9980682549903412
0.44424074498447946,0.9980682549903412
0.4443240765817379,0.9980682549903412
0.4443657423803671,0.9980682549903412
0.44444907397762545,0.9980682549903412
0.4445324055748839,0.9980682549903412
0.44461573717214226,0.9980682549903412
0.44465740297077144,0.9980682549903412
0.4447199016687152,0.9980682549903412
0.4450115622591196,0.9980682549903412
0.445094893856378,0.9980682549903412
0.4451573925543218,0.9980682549903412
0.44544905314472616,0.9980682549903412
0.44546988604404075,0.9980682549903412
0.44551155184266994,0.9980682549903412
0.44569904793650134,0.9980682549903412
0.4457407137351305,0.9980682549903412
0.4459073769296473,0.9980682549903412
0.4459490427282765,0.9980682549903412
0.44636570071456844,0.9980682549903412
0.4464490323118268,0.9980682549903412
0.4468865231974334,0.9980682549903412
0.44692818899606257,0.9980682549903412
0.4472406824857815,0.9980682549903412
0.44732401408303996,0.9980682549903412
0.44738651278098374,0.9980682549903412
0.4475115101768713,0.9980682549903412
0.44796983396179246,0.9980682549903412
0.44801149976042165,0.9980682549903412
0.44903231182683695,0.9980682549903412
0.44907397762546614,0.9980682549903412
0.44909481052478073,0.9980682549903412
0.4491364763234099,0.9980682549903412
0.4491781421220391,0.9980682549903412
0.44926147371929753,0.9980682549903412
0.4494906356117581,0.9980682549903412
0.4495323014103873,0.9980682549903412
0.4495739672090165,0.9980682549903412
0.44963646590696027,0.9980682549903412
0.44984479490010626,0.9980682549903412
0.44990729359805004,0.9980682549903412
0.45007395679256684,0.9980682549903412
0.45011562259119603,0.9980682549903412
0.4502406199870836,0.9980682549903412
0.450323951584342,0.9980682549903412
0.4504072831816004,0.9980682549903412
0.4504697818795442,0.9980682549903412
0.45053228057748795,0.9980682549903412
0.4505947792754318,0.9980682549903412
0.45067811087269016,0.9980682549903412
0.45071977667131935,0.9980682549903412
0.45076144246994854,0.9980682549903412
0.4508031082685777,0.9980682549903412
0.45094893856377993,0.9980682549903412
0.4510531030603529,0.9980682549903412
0.45134476365075726,0.9980682549903412
0.45138642944938645,0.9980682549903412
0.4514280952480157,0.9980682549903412
0.45153225974458866,0.9980682549903412
0.45161559134184703,0.9980682549903412
0.4519489177308806,0.9980682549903412
0.4519905835295098,0.9980682549903412
0.4520530822274536,0.9980682549903412
0.4520947480260828,0.9980682549903412
0.4521572467240266,0.9980682549903412
0.45219891252265576,0.9980682549903412
0.45240724151580175,0.9980682549903412
0.45244890731443094,0.9980682549903412
0.45257390471031855,0.9980682549903412
0.45263640340826233,0.9980682549903412
0.4527614008041499,0.9980682549903412
0.45282389950209373,0.9980682549903412
0.4531155600924981,0.9980682549903412
0.4531572258911273,0.9980682549903412
0.4531780587904419,0.9980682549903412
0.45321972458907106,0.9980682549903412
0.45326139038770025,0.9980682549903412
0.453323889085644,0.9980682549903412
0.45340722068290246,0.9980682549903412
0.45344888648153164,0.9980682549903412
0.45363638257536304,0.9980682549903412
0.453740547071936,0.9980682549903412
0.4539905418637112,0.9980682549903412
0.45403220766234037,0.9980682549903412
0.4543447011520593,0.9980682549903412
0.4543863669506885,0.9980682549903412
0.4544488656486323,0.9980682549903412
0.4545530301452053,0.9980682549903412
0.45492802233286805,0.9980682549903412
0.45496968813149724,0.9980682549903412
0.45511551842669945,0.9980682549903412
0.45517801712464323,0.9980682549903412
0.455240515822587,0.9980682549903412
0.45530301452053085,0.9980682549903412
0.45532384741984544,0.9980682549903412
0.4553655132184746,0.9980682549903412
0.4553863461177892,0.9980682549903412
0.4554280119164184,0.9980682549903412
0.4555113435136768,0.9980682549903412
0.4555946751109352,0.9980682549903412
0.45580300410408114,0.9980682549903412
0.4558446699027104,0.9980682549903412
0.4558863357013396,0.9980682549903412
0.45592800149996876,0.9980682549903412
0.45615716339242934,0.9980682549903412
0.4562404949896877,0.9980682549903412
0.4564071581842045,0.9980682549903412
0.4564488239828337,0.9980682549903412
0.4565321555800921,0.9980682549903412
0.45657382137872127,0.9980682549903412
0.4569279806670694,0.9980682549903412
0.45696964646569865,0.9980682549903412
0.45742797025061976,0.9980682549903412
0.45746963604924895,0.9980682549903412
0.4575321347471928,0.9980682549903412
0.4580321243307431,0.9980682549903412
0.45805295723005773,0.9980682549903412
0.4582196204245745,0.9980682549903412
0.45828211912251826,0.9980682549903412
0.4583446178204621,0.9980682549903412
0.4583862836190913,0.9980682549903412
0.4585737797129226,0.9980682549903412
0.45863627841086646,0.9980682549903412
0.4588029416053832,0.9980682549903412
0.4589279390012708,0.9980682549903412
0.4589696047999,0.9980682549903412
0.4590529363971584,0.9980682549903412
0.45911543509510216,0.9980682549903412
0.4591987666923606,0.9980682549903412
0.45957375888002333,0.9980682549903412
0.4596154246786525,0.9980682549903412
0.4596987562759109,0.9980682549903412
0.4597612549738547,0.9980682549903412
0.4600737484635737,0.9980682549903412
0.46011541426220287,0.9980682549903412
0.4602820774567197,0.9980682549903412
0.46036540905397805,0.9980682549903412
0.46040707485260723,0.9980682549903412
0.4604904064498656,0.9980682549903412
0.4605112393491802,0.9980682549903412
0.46059457094643863,0.9980682549903412
0.4606362367450678,0.9980682549903412
0.4607195683423262,0.9980682549903412
0.4607404012416408,0.9980682549903412
0.4608237328388992,0.9980682549903412
0.4609487302347868,0.9980682549903412
0.46099039603341596,0.9980682549903412
0.46105289473135974,0.9980682549903412
0.461094560529989,0.9980682549903412
0.46119872502656195,0.9980682549903412
0.4612820566238203,0.9980682549903412
0.46138622112039335,0.9980682549903412
0.46142788691902253,0.9980682549903412
0.4614903856169663,0.9980682549903412
0.4615320514155955,0.9980682549903412
0.4616987146101123,0.9980682549903412
0.4617612133080561,0.9980682549903412
0.46184454490531446,0.9980682549903412
0.4619487094018875,0.9980682549903412
0.46201120809983126,0.9980682549903412
0.46205287389846045,0.9980682549903412
0.46219870419366266,0.9980682549903412
0.46224036999229184,0.9980682549903412
0.4624486989854378,0.9980682549903412
0.4626361950792692,0.9980682549903412
0.4631778504614487,0.9980682549903412
0.4632195162600779,0.9980682549903412
0.4634695110518531,0.9980682549903412
0.46351117685048226,0.9980682549903412
0.46353200974979686,0.9980682549903412
0.4635736755484261,0.9980682549903412
0.46380283744088663,0.9980682549903412
0.46386533613883046,0.9980682549903412
0.4641153309306056,0.9980682549903412
0.464198662527864,0.9980682549903412
0.4644486573196392,0.9980682549903412
0.4644903231182684,0.9980682549903412
0.46457365471552675,0.9980682549903412
0.46461532051415594,0.9980682549903412
0.46478198370867274,0.9980682549903412
0.4648653153059311,0.9980682549903412
0.46496947980250414,0.9980682549903412
0.4650111456011333,0.9980682549903412
0.4650528113997625,0.9980682549903412
0.4650944771983917,0.9980682549903412
0.46519864169496467,0.9980682549903412
0.4652403074935939,0.9980682549903412
0.46540697068811065,0.9980682549903412
0.46544863648673984,0.9980682549903412
0.46584446157371723,0.9980682549903412
0.4658861273723464,0.9980682549903412
0.466115289264807,0.9980682549903412
0.46619862086206537,0.9980682549903412
0.46624028666069456,0.9980682549903412
0.4663444511572676,0.9980682549903412
0.4665944459490427,0.9980682549903412
0.46663611174767194,0.9980682549903412
0.46667777754630113,0.9980682549903412
0.4667194433449303,0.9980682549903412
0.4668027749421887,0.9980682549903412
0.4668444407408179,0.9980682549903412
0.4670319368346493,0.9980682549903412
0.46707360263327846,0.9980682549903412
0.46711526843190765,0.9980682549903412
0.4671569342305369,0.9980682549903412
0.46721943292848067,0.9980682549903412
0.46732359742505364,0.9980682549903412
0.46746942772025585,0.9980682549903412
0.4676569238140872,0.9980682549903412
0.4677402554113456,0.9980682549903412
0.46794858440449155,0.9980682549903412
0.4680527489010646,0.9980682549903412
0.4684277410887273,0.9980682549903412
0.4684694068873565,0.9980682549903412
0.4685944042832441,0.9980682549903412
0.4688652319743339,0.9980682549903412
0.46894856357159226,0.9980682549903412
0.46896939647090685,0.9980682549903412
0.4694693860544572,0.9980682549903412
0.4694902189537718,0.9980682549903412
0.469531884752401,0.9980682549903412
0.46957355055103017,0.9980682549903412
0.4696568821482886,0.9980682549903412
0.4696985479469178,0.9980682549903412
0.46976104664486157,0.9980682549903412
0.4699068769400637,0.9980682549903412
0.46994854273869296,0.9980682549903412
0.47003187433595134,0.9980682549903412
0.4701568717318389,0.9980682549903412
0.47021937042978273,0.9980682549903412
0.4702610362284119,0.9980682549903412
0.47042769942292867,0.9980682549903412
0.4704693652215579,0.9980682549903412
0.47069852711401844,0.9980682549903412
0.4707401929126476,0.9980682549903412
0.47088602320784984,0.9980682549903412
0.470927689006479,0.9980682549903412
0.4711568508989396,0.9980682549903412
0.4712610153955126,0.9980682549903412
0.47128184829482717,0.9980682549903412
0.4713235140934564,0.9980682549903412
0.4713651798920856,0.9980682549903412
0.47149017728797316,0.9980682549903412
0.4715735088852316,0.9980682549903412
0.47161517468386077,0.9980682549903412
0.47165684048248996,0.9980682549903412
0.47169850628111915,0.9980682549903412
0.4718443365763213,0.9980682549903412
0.47186516947563595,0.9980682549903412
0.47190683527426514,0.9980682549903412
0.4719901668715235,0.9980682549903412
0.4720318326701527,0.9980682549903412
0.4721984958646695,0.9980682549903412
0.4722609945626133,0.9980682549903412
0.47238599195850084,0.9980682549903412
0.4724276577571301,0.9980682549903412
0.47253182225370305,0.9980682549903412
0.4726151538509614,0.9980682549903412
0.4728651486427366,0.9980682549903412
0.4729276473406804,0.9980682549903412
0.4730318118372534,0.9980682549903412
0.4730734776358826,0.9980682549903412
0.47313597633382637,0.9980682549903412
0.47332347242765777,0.9980682549903412
0.4734693027228599,0.9980682549903412
0.47355263432011835,0.9980682549903412
0.47357346721943294,0.9980682549903412
0.47361513301806213,0.9980682549903412
0.4736984646153205,0.9980682549903412
0.4737609633132643,0.9980682549903412
0.4739484594070957,0.9980682549903412
0.47399012520572487,0.9980682549903412
0.4740734568029833,0.9980682549903412
0.4741151226016125,0.9980682549903412
0.4741359555009271,0.9980682549903412
0.47417762129955626,0.9980682549903412
0.4745734463865336,0.9980682549903412
0.47461511218516284,0.9980682549903412
0.47463594508447743,0.9980682549903412
0.4747192766817358,0.9980682549903412
0.4748026082789942,0.9980682549903412
0.47526093206391534,0.9980682549903412
0.47530259786254453,0.9980682549903412
0.47569842294952186,0.9980682549903412
0.4757609216474657,0.9980682549903412
0.47590675194266785,0.9980682549903412
0.4761775796337576,0.9980682549903412
0.4764484073248474,0.9980682549903412
0.47651090602279117,0.9980682549903412
0.4765525718214204,0.9980682549903412
0.4765942376200496,0.9980682549903412
0.47694839690839774,0.9980682549903412
0.47699006270702693,0.9980682549903412
0.4770108956063415,0.9980682549903412
0.4770525614049707,0.9980682549903412
0.4772817232974313,0.9980682549903412
0.4773233890960605,0.9980682549903412
0.4773858877940043,0.9980682549903412
0.47755255098852106,0.9980682549903412
0.47763588258577944,0.9980682549903412
0.4776983812837233,0.9980682549903412
0.47842753275973415,0.9980682549903412
0.4785108643569926,0.9980682549903412
0.4785316972563072,0.9980682549903412
0.47857336305493636,0.9980682549903412
0.4786983604508239,0.9980682549903412
0.4787400262494531,0.9980682549903412
0.4789691881419137,0.9980682549903412
0.4790108539405429,0.9980682549903412
0.4790525197391721,0.9980682549903412
0.4790941855378013,0.9980682549903412
0.4791566842357451,0.9980682549903412
0.4791983500343743,0.9980682549903412
0.47940667902752027,0.9980682549903412
0.47944834482614945,0.9980682549903412
0.47946917772546405,0.9980682549903412
0.47951084352409323,0.9980682549903412
0.479573342222037,0.9980682549903412
0.47961500802066626,0.9980682549903412
0.4798025041144976,0.9980682549903412
0.4798441699131268,0.9980682549903412
0.48032332659736254,0.9980682549903412
0.4803858252953063,0.9980682549903412
0.4805524884898231,0.9980682549903412
0.4806358200870815,0.9980682549903412
0.48069831878502534,0.9980682549903412
0.4807399845836545,0.9980682549903412
0.4809899793754297,0.9980682549903412
0.4810733109726881,0.9980682549903412
0.481698297952126,0.9980682549903412
0.48178162954938436,0.9980682549903412
0.48192745984458657,0.9980682549903412
0.48198995854253035,0.9980682549903412
0.4820941230391034,0.9980682549903412
0.48213578883773256,0.9980682549903412
0.4822399533343055,0.9980682549903412
0.48234411783087855,0.9980682549903412
0.48240661652882233,0.9980682549903412
0.4824482823274515,0.9980682549903412
0.4826774442199121,0.9980682549903412
0.4827399429178559,0.9980682549903412
0.48278160871648507,0.9980682549903412
0.48282327451511425,0.9980682549903412
0.48317743380346245,0.9980682549903412
0.48323993250140623,0.9980682549903412
0.4835315930918106,0.9980682549903412
0.4835732588904398,0.9980682549903412
0.48386491948084415,0.9980682549903412
0.4839482510781025,0.9980682549903412
0.48409408137330473,0.9980682549903412
0.4841357471719339,0.9980682549903412
0.4843440761650799,0.9980682549903412
0.4844065748630237,0.9980682549903412
0.4844482406616529,0.9980682549903412
0.48446907356096747,0.9980682549903412
0.48453157225891125,0.9980682549903412
0.4845732380575405,0.9980682549903412
0.4845940709568551,0.9980682549903412
0.48467740255411346,0.9980682549903412
0.48471906835274264,0.9980682549903412
0.48484406574863026,0.9980682549903412
0.48488573154725945,0.9980682549903412
0.4849482302452032,0.9980682549903412
0.4852607237349222,0.9980682549903412
0.48534405533218056,0.9980682549903412
0.4853857211308098,0.9980682549903412
0.48551071852669736,0.9980682549903412
0.48559405012395573,0.9980682549903412
0.4858023791171017,0.9980682549903412
0.4858440449157309,0.9980682549903412
0.4859065436136747,0.9980682549903412
0.48594820941230393,0.9980682549903412
0.48632320159996667,0.9980682549903412
0.48636486739859586,0.9980682549903412
0.48638570029791045,0.9980682549903412
0.48644819899585423,0.9980682549903412
0.4866773608883148,0.9980682549903412
0.48676069248557324,0.9980682549903412
0.4868856898814608,0.9980682549903412
0.4869690214787192,0.9980682549903412
0.487031520176663,0.9980682549903412
0.4871565175725506,0.9980682549903412
0.48719818337117976,0.9980682549903412
0.48723984916980895,0.9980682549903412
0.48734401366638197,0.9980682549903412
0.48740651236432575,0.9980682549903412
0.48742734526364034,0.9980682549903412
0.48746901106226953,0.9980682549903412
0.4875523426595279,0.9980682549903412
0.48763567425678633,0.9980682549903412
0.4878023374513031,0.9980682549903412
0.48784400324993227,0.9980682549903412
0.4879065019478761,0.9980682549903412
0.4879481677465053,0.9980682549903412
0.4879898335451345,0.9980682549903412
0.4881356638403367,0.9980682549903412
0.4881773296389659,0.9980682549903412
0.48823982833690965,0.9980682549903412
0.48830232703485343,0.9980682549903412
0.4883439928334826,0.9980682549903412
0.4883856586321118,0.9980682549903412
0.488531488927314,0.9980682549903412
0.4885939876252578,0.9980682549903412
0.4892189746046957,0.9980682549903412
0.48928147330263955,0.9980682549903412
0.48932313910126873,0.9980682549903412
0.4894898022957855,0.9980682549903412
0.4895731338930439,0.9980682549903412
0.4896356325909877,0.9980682549903412
0.4896772983896169,0.9980682549903412
0.4898231286848191,0.9980682549903412
0.48988562738276287,0.9980682549903412
0.48992729318139205,0.9980682549903412
0.48994812608070665,0.9980682549903412
0.48998979187933583,0.9980682549903412
0.4900106247786504,0.9980682549903412
0.4900522905772796,0.9980682549903412
0.4903856169663132,0.9980682549903412
0.490448115664257,0.9980682549903412
0.4904897814628862,0.9980682549903412
0.49076060915397596,0.9980682549903412
0.49080227495260514,0.9980682549903412
0.49098977104643654,0.9980682549903412
0.4910314368450657,0.9980682549903412
0.4910522697443803,0.9980682549903412
0.49119810003958253,0.9980682549903412
0.4912189329388971,0.9980682549903412
0.4912605987375263,0.9980682549903412
0.4913230974354701,0.9980682549903412
0.49334388866898604,0.9980682549903412
0.49348971896418825,0.9980682549903412
0.49353138476281744,0.9980682549903412
0.4935730505614466,0.9980682549903412
0.4936147163600758,0.9980682549903412
0.4937813795545926,0.9980682549903412
0.4938438782525364,0.9980682549903412
0.49392720984979477,0.9980682549903412
0.493968875648424,0.9980682549903412
0.4942605362388284,0.9980682549903412
0.49430220203745756,0.9980682549903412
0.49432303493677215,0.9980682549903412
0.49436470073540134,0.9980682549903412
0.4944480323326597,0.9980682549903412
0.49448969813128896,0.9980682549903412
0.4946146955271765,0.9980682549903412
0.4947396929230641,0.9980682549903412
0.49523968250661443,0.9980682549903412
0.49532301410387286,0.9980682549903412
0.4955313430970188,0.9980682549903412
0.4956563404929064,0.9980682549903412
0.4956980062915356,0.9980682549903412
0.4957396720901648,0.9980682549903412
0.49578133788879397,0.9980682549903412
0.49584383658673775,0.9980682549903412
0.495885502385367,0.9980682549903412
0.4961146642778275,0.9980682549903412
0.49615633007645676,0.9980682549903412
0.4962813274723443,0.9980682549903412
0.4963438261702881,0.9980682549903412
0.4965313222641195,0.9980682549903412
0.4965938209620633,0.9980682549903412
0.4966146538613779,0.9980682549903412
0.49667715255932166,0.9980682549903412
0.4967188183579509,0.9980682549903412
0.4967604841565801,0.9980682549903412
0.49698964604904067,0.9980682549903412
0.49703131184766985,0.9980682549903412
0.4973021395387596,0.9980682549903412
0.497385471136018,0.9980682549903412
0.4975521343305348,0.9980682549903412
0.497593800129164,0.9980682549903412
0.49786462782025376,0.9980682549903412
0.49794795941751213,0.9980682549903412
0.4979896252161413,0.9980682549903412
0.4981771213099727,0.9980682549903412
0.4984687819003771,0.9980682549903412
0.49851044769900626,0.9980682549903412
0.49871877669215225,0.9980682549903412
0.4988229411887252,0.9980682549903412
0.4988437740880398,0.9980682549903412
0.49892710568529824,0.9980682549903412
0.498989604383242,0.9980682549903412
0.4990312701818712,0.9980682549903412
0.4991146017791296,0.9980682549903412
0.499197933376388,0.9980682549903412
0.4992187662757026,0.9980682549903412
0.49934376367159017,0.9980682549903412
0.4994895939667924,0.9980682549903412
0.49953125976542156,0.9980682549903412
0.49955209266473616,0.9980682549903412
0.49959375846336534,0.9980682549903412
0.49961459136267994,0.9980682549903412
0.49973958875856755,0.9980682549903412
0.5002395783421179,0.9980682549903412
0.500281244140747,0.9980682549903412
0.5003645757380054,0.9980682549903412
0.5004270744359492,0.9980682549903412
0.5005729047311515,0.9980682549903412
0.5007187350263537,0.9980682549903412
0.500802066623612,0.9980682549903412
0.5008437324222412,0.9980682549903412
0.5009270640194996,0.9980682549903412
0.5009687298181288,0.9980682549903412
0.5009895627174434,0.9980682549903412
0.5010312285160726,0.9980682549903412
0.5011353930126455,0.9980682549903412
0.5011770588112747,0.9980682549903412
0.5015728838982522,0.9980682549903412
0.5016145496968814,0.9980682549903412
0.5020103747838587,0.9980682549903412
0.5020520405824879,0.9980682549903412
0.5023437011728922,0.9980682549903412
0.5023853669715215,0.9980682549903412
0.5024686985687798,0.9980682549903412
0.5025520301660382,0.9980682549903412
0.5026770275619258,0.9980682549903412
0.5027603591591842,0.9980682549903412
0.5027811920584988,0.9980682549903412
0.5028853565550717,0.9980682549903412
0.502927022353701,0.9980682549903412
0.5031770171454761,0.9980682549903412
0.5034061790379367,0.9980682549903412
0.5034478448365659,0.9980682549903412
0.5035103435345097,0.9980682549903412
0.5035936751317681,0.9980682549903412
0.5036353409303973,0.9980682549903412
0.5036770067290265,0.9980682549903412
0.5037603383262849,0.9980682549903412
0.503802004124914,0.9980682549903412
0.5038645028228579,0.9980682549903412
0.5039061686214871,0.9980682549903412
0.5039895002187454,0.9980682549903412
0.504114497614633,0.9980682549903412
0.5042394950105206,0.9980682549903412
0.5044686569029811,0.9980682549903412
0.5044894898022958,0.9980682549903412
0.5045728213995542,0.9980682549903412
0.5046144871981834,0.9980682549903412
0.5046978187954417,0.9980682549903412
0.5047186516947564,0.9980682549903412
0.5047603174933856,0.9980682549903412
0.5048853148892731,0.9980682549903412
0.5049269806879023,0.9980682549903412
0.5052811399762505,0.9980682549903412
0.5053644715735088,0.9980682549903412
0.5056769650632279,0.9980682549903412
0.5057186308618571,0.9980682549903412
0.5057811295598008,0.9980682549903412
0.50582279535843,0.9980682549903412
0.5060102914522614,0.9980682549903412
0.5060519572508906,0.9980682549903412
0.5063227849419804,0.9980682549903412
0.5063644507406095,0.9980682549903412
0.5064686152371826,0.9980682549903412
0.5065102810358117,0.9980682549903412
0.5069061061227891,0.9980682549903412
0.5069686048207329,0.9980682549903412
0.5070102706193621,0.9980682549903412
0.5070519364179913,0.9980682549903412
0.5070727693173059,0.9980682549903412
0.5071144351159351,0.9980682549903412
0.5071561009145643,0.9980682549903412
0.5072810983104519,0.9980682549903412
0.5074269286056541,0.9980682549903412
0.5074894273035978,0.9980682549903412
0.5076769233974292,0.9980682549903412
0.5077185891960584,0.9980682549903412
0.507739422095373,0.9980682549903412
0.5077810878940022,0.9980682549903412
0.507947751088519,0.9980682549903412
0.5079894168871482,0.9980682549903412
0.5080935813837212,0.9980682549903412
0.5081352471823504,0.9980682549903412
0.5082810774775526,0.9980682549903412
0.5083435761754963,0.9980682549903412
0.508468573571384,0.9980682549903412
0.5085102393700132,0.9980682549903412
0.5085310722693277,0.9980682549903412
0.5086144038665861,0.9980682549903412
0.5086977354638446,0.9980682549903412
0.5088018999604175,0.9980682549903412
0.5088435657590467,0.9980682549903412
0.508926897356305,0.9980682549903412
0.5089893960542489,0.9980682549903412
0.5100935397179226,0.9980682549903412
0.5102602029124393,0.9980682549903412
0.5103018687110685,0.9980682549903412
0.5104268661069561,0.9980682549903412
0.5104685319055853,0.9980682549903412
0.5107601924959897,0.9980682549903412
0.5108226911939334,0.9980682549903412
0.5109268556905064,0.9980682549903412
0.5109893543884503,0.9980682549903412
0.5110935188850232,0.9980682549903412
0.5111351846836524,0.9980682549903412
0.5111976833815962,0.9980682549903412
0.5113226807774838,0.9980682549903412
0.5114476781733713,0.9980682549903412
0.5115101768713152,0.9980682549903412
0.5116351742672027,0.9980682549903412
0.5116768400658319,0.9980682549903412
0.5118643361596633,0.9980682549903412
0.5119060019582925,0.9980682549903412
0.5119685006562363,0.9980682549903412
0.5120934980521239,0.9980682549903412
0.5121559967500677,0.9980682549903412
0.5121976625486969,0.9980682549903412
0.5122809941459553,0.9980682549903412
0.5126143205349889,0.9980682549903412
0.5126559863336181,0.9980682549903412
0.5126768192329326,0.9980682549903412
0.5128434824274495,0.9980682549903412
0.512864315326764,0.9980682549903412
0.5129059811253932,0.9980682549903412
0.5131351430178538,0.9980682549903412
0.513176808816483,0.9980682549903412
0.5132184746151122,0.9980682549903412
0.5132601404137414,0.9980682549903412
0.5133018062123705,0.9980682549903412
0.5133643049103144,0.9980682549903412
0.5137601299972917,0.9980682549903412
0.5138226286952355,0.9980682549903412
0.5140309576883815,0.9980682549903412
0.514155955084269,0.9980682549903412
0.514468448573988,0.9980682549903412
0.514676777567134,0.9980682549903412
0.5146976104664486,0.9980682549903412
0.51488510656028,0.9980682549903412
0.5151559342513697,0.9980682549903412
0.5151976000499989,0.9980682549903412
0.5152809316472573,0.9980682549903412
0.5155100935397179,0.9980682549903412
0.5155725922376617,0.9980682549903412
0.5155934251369763,0.9980682549903412
0.5156350909356056,0.9980682549903412
0.5159892502239537,0.9980682549903412
0.5160309160225829,0.9980682549903412
0.5161559134184704,0.9980682549903412
0.5161975792170996,0.9980682549903412
0.5163225766129872,0.9980682549903412
0.5164059082102456,0.9980682549903412
0.5164475740088749,0.9980682549903412
0.516489239807504,0.9980682549903412
0.5165517385054478,0.9980682549903412
0.516593404304077,0.9980682549903412
0.5166350701027062,0.9980682549903412
0.5167184016999646,0.9980682549903412
0.5167392345992792,0.9980682549903412
0.5167809003979084,0.9980682549903412
0.5172808899814587,0.9980682549903412
0.5174267202766609,0.9980682549903412
0.5175725505718631,0.9980682549903412
0.5176350492698069,0.9980682549903412
0.5177392137663799,0.9980682549903412
0.5178433782629529,0.9980682549903412
0.5179683756588405,0.9980682549903412
0.5180100414574696,0.9980682549903412
0.5180308743567842,0.9980682549903412
0.5180725401554134,0.9980682549903412
0.5182183704506156,0.9980682549903412
0.5182600362492448,0.9980682549903412
0.5184891981417054,0.9980682549903412
0.5185308639403345,0.9980682549903412
0.5185516968396492,0.9980682549903412
0.5186141955375929,0.9980682549903412
0.5186558613362222,0.9980682549903412
0.5186766942355368,0.9980682549903412
0.5187183600341659,0.9980682549903412
0.5188433574300535,0.9980682549903412
0.5189058561279973,0.9980682549903412
0.5191350180204579,0.9980682549903412
0.5191975167184018,0.9980682549903412
0.5194683444094915,0.9980682549903412
0.5196141747046936,0.9980682549903412
0.5197391721005813,0.9980682549903412
0.519801670798525,0.9980682549903412
0.5198433365971542,0.9980682549903412
0.5199266681944126,0.9980682549903412
0.520009999791671,0.9980682549903412
0.5200933313889294,0.9980682549903412
0.5205933209724798,0.9980682549903412
0.5206558196704235,0.9980682549903412
0.5209266473615133,0.9980682549903412
0.5209891460594571,0.9980682549903412
0.5210308118580863,0.9980682549903412
0.52109331055603,0.9980682549903412
0.5212183079519177,0.9980682549903412
0.5212599737505469,0.9980682549903412
0.5215308014416367,0.9980682549903412
0.5215724672402658,0.9980682549903412
0.521614133038895,0.9980682549903412
0.5216557988375242,0.9980682549903412
0.5219057936292993,0.9980682549903412
0.5219682923272432,0.9980682549903412
0.5221557884210746,0.9980682549903412
0.5221766213203891,0.9987121699935608
0.5223641174142205,0.9987121699935608
0.5224057832128497,0.9987121699935608
0.5225307806087374,0.9987121699935608
0.5226557780046249,0.9987121699935608
0.5226974438032541,0.9987121699935608
0.5227807754005125,0.9987121699935608
0.5228224411991417,0.9987121699935608
0.5228849398970855,0.9987121699935608
0.5232390991854337,0.9987121699935608
0.5232807649840628,0.9987121699935608
0.523426595279265,0.9987121699935608
0.5234890939772088,0.9987121699935608
0.523634924272411,0.9987121699935608
0.5236765900710402,0.9987121699935608
0.523739088768984,0.9987121699935608
0.5238015874669277,0.9987121699935608
0.5241140809566467,0.9987121699935608
0.5243432428491073,0.9987121699935608
0.5244265744463656,0.9987121699935608
0.5244682402449949,0.9987121699935608
0.5247599008353993,0.9987121699935608
0.5250932272244329,0.9987121699935608
0.5252598904189496,0.9987121699935608
0.5253223891168934,0.9987121699935608
0.5253640549155226,0.9987121699935608
0.5254265536134664,0.9987121699935608
0.5254682194120955,0.9987121699935608
0.5255307181100394,0.9987121699935608
0.5256765484052416,0.9987121699935608
0.5258223787004438,0.9987121699935608
0.5259265431970167,0.9987121699935608
0.5260307076935897,0.9987121699935608
0.5260723734922189,0.9987121699935608
0.5261765379887919,0.9987121699935608
0.5262182037874211,0.9987121699935608
0.5263015353846795,0.9987121699935608
0.5264056998812525,0.9987121699935608
0.5264681985791962,0.9987121699935608
0.5265931959750838,0.9987121699935608
0.5266556946730276,0.9987121699935608
0.5268015249682299,0.9987121699935608
0.526843190766859,0.9987121699935608
0.5269265223641174,0.9987121699935608
0.5269681881627466,0.9987121699935608
0.5270098539613758,0.9987121699935608
0.527051519760005,0.9987121699935608
0.5270931855586342,0.9987121699935608
0.5271348513572633,0.9987121699935608
0.5278431699339597,0.9987121699935608
0.5279056686319035,0.9987121699935608
0.5279265015312181,0.9987121699935608
0.5282598279202516,0.9987121699935608
0.5282806608195663,0.9987121699935608
0.5283223266181954,0.9987121699935608
0.5284889898127122,0.9987121699935608
0.528551488510656,0.9987121699935608
0.5285931543092852,0.9987121699935608
0.5287389846044874,0.9987121699935608
0.5287806504031166,0.9987121699935608
0.5288014833024312,0.9987121699935608
0.5288431491010603,0.9987121699935608
0.5289473135976334,0.9987121699935608
0.5290306451948917,0.9987121699935608
0.5290723109935209,0.9987121699935608
0.5291139767921501,0.9987121699935608
0.529280639986667,0.9987121699935608
0.5293223057852962,0.9987121699935608
0.5294681360804984,0.9987121699935608
0.5295514676777567,0.9987121699935608
0.5299889585633633,0.9987121699935608
0.5300306243619924,0.9987121699935608
0.5300514572613071,0.9987121699935608
0.5303014520530822,0.9987121699935608
0.5303431178517114,0.9987121699935608
0.530468115247599,0.9987121699935608
0.5305097810462283,0.9987121699935608
0.5307181100393742,0.9987121699935608
0.5307597758380034,0.9987121699935608
0.5308222745359472,0.9987121699935608
0.5308639403345764,0.9987121699935608
0.5310097706297785,0.9987121699935608
0.5310722693277223,0.9987121699935608
0.5311139351263515,0.9987121699935608
0.5311972667236099,0.9987121699935608
0.5314055957167559,0.9987121699935608
0.5314472615153851,0.9987121699935608
0.5315097602133289,0.9987121699935608
0.531551426011958,0.9987121699935608
0.5316139247099019,0.9987121699935608
0.5316972563071602,0.9987121699935608
0.5318014208037333,0.9987121699935608
0.531863919501677,0.9987121699935608
0.5323222432865982,0.9987121699935608
0.5323639090852273,0.9987121699935608
0.5325097393804296,0.9987121699935608
0.5325514051790587,0.9987121699935608
0.5326555696756318,0.9987121699935608
0.532697235474261,0.9987121699935608
0.5327180683735756,0.9987121699935608
0.5327597341722048,0.9987121699935608
0.5329472302660361,0.9987121699935608
0.5330305618632946,0.9987121699935608
0.5334263869502719,0.9987121699935608
0.5337597133393054,0.9987121699935608
0.5339055436345076,0.9987121699935608
0.5339472094331368,0.9987121699935608
0.5343013687214849,0.9987121699935608
0.5343430345201141,0.9987121699935608
0.534405533218058,0.9987121699935608
0.5344471990166871,0.9987121699935608
0.5345930293118893,0.9987121699935608
0.5346346951105185,0.9987121699935608
0.5346555280098332,0.9987121699935608
0.5348013583050353,0.9987121699935608
0.5348846899022937,0.9987121699935608
0.5350513530968105,0.9987121699935608
0.535072185996125,0.9987121699935608
0.5351138517947542,0.9987121699935608
0.5352805149892711,0.9987121699935608
0.5353221807879003,0.9987121699935608
0.5354680110831025,0.9987121699935608
0.5355513426803609,0.9987121699935608
0.5356346742776192,0.9987121699935608
0.5356763400762484,0.9987121699935608
0.5358430032707652,0.9987121699935608
0.535905501968709,0.9987121699935608
0.5360304993645966,0.9987121699935608
0.5360721651632258,0.9987121699935608
0.5361763296597988,0.9987121699935608
0.5364054915522594,0.9987121699935608
0.5364679902502031,0.9987121699935608
0.5365096560488323,0.9987121699935608
0.5366971521426637,0.9987121699935608
0.5367388179412929,0.9987121699935608
0.5367596508406075,0.9987121699935608
0.5368429824378659,0.9987121699935608
0.5369263140351243,0.9987121699935608
0.5369679798337534,0.9987121699935608
0.537197141726214,0.9987121699935608
0.5372388075248432,0.9987121699935608
0.537509635215933,0.9987121699935608
0.5375513010145622,0.9987121699935608
0.5377596300077082,0.9987121699935608
0.5378012958063374,0.9987121699935608
0.5378429616049666,0.9987121699935608
0.5378846274035958,0.9987121699935608
0.5381137892960564,0.9987121699935608
0.5381554550946855,0.9987121699935608
0.5382179537926293,0.9987121699935608
0.5382596195912586,0.9987121699935608
0.5383637840878315,0.9987121699935608
0.5384262827857753,0.9987121699935608
0.5384471156850898,0.9987121699935608
0.538488781483719,0.9987121699935608
0.5385096143830337,0.9987121699935608
0.5385721130809775,0.9987121699935608
0.5387387762754943,0.9987121699935608
0.5387804420741235,0.9987121699935608
0.538905439470011,0.9987121699935608
0.5389679381679549,0.9987121699935608
0.5391137684631571,0.9987121699935608
0.5391971000604154,0.9987121699935608
0.5392387658590446,0.9987121699935608
0.5395095935501344,0.9987121699935608
0.5395720922480781,0.9987121699935608
0.5396762567446511,0.9987121699935608
0.539738755442595,0.9987121699935608
0.5398429199391679,0.9987121699935608
0.5398845857377972,0.9987121699935608
0.5400512489323139,0.9987121699935608
0.5402179121268307,0.9987121699935608
0.5402387450261453,0.9987121699935608
0.5402804108247745,0.9987121699935608
0.5403845753213474,0.9987121699935608
0.5404679069186059,0.9987121699935608
0.5405929043144935,0.9987121699935608
0.5406345701131227,0.9987121699935608
0.5408012333076394,0.9987121699935608
0.5408845649048978,0.9987121699935608
0.5410928938980438,0.9987121699935608
0.541134559696673,0.9987121699935608
0.5411970583946167,0.9987121699935608
0.5412803899918752,0.9987121699935608
0.5413012228911898,0.9987121699935608
0.5415928834815942,0.9987121699935608
0.5420928730651445,0.9987121699935608
0.5421553717630883,0.9987121699935608
0.5422178704610321,0.9987121699935608
0.5423012020582905,0.9987121699935608
0.5423637007562342,0.9987121699935608
0.5424053665548635,0.9987121699935608
0.542426199454178,0.9987121699935608
0.5424678652528072,0.9987121699935608
0.5425511968500656,0.9987121699935608
0.5425928626486948,0.9987121699935608
0.5426761942459533,0.9987121699935608
0.5426970271452678,0.9987121699935608
0.54284285744047,0.9987121699935608
0.5429053561384137,0.9987121699935608
0.5429678548363576,0.9987121699935608
0.5430720193329306,0.9987121699935608
0.5431761838295035,0.9987121699935608
0.543717839211683,0.9987121699935608
0.5440511656007166,0.9987121699935608
0.5440928313993458,0.9987121699935608
0.5441553300972897,0.9987121699935608
0.5442803274931772,0.9987121699935608
0.5443219932918064,0.9987121699935608
0.544551155184267,0.9987121699935608
0.5445928209828962,0.9987121699935608
0.5446344867815254,0.9987121699935608
0.5446969854794692,0.9987121699935608
0.5449261473719298,0.9987121699935608
0.544967813170559,0.9987121699935608
0.5452594737609633,0.9987121699935608
0.5454053040561655,0.9987121699935608
0.545946959438345,0.9987121699935608
0.5459886252369742,0.9987121699935608
0.5460302910356034,0.9987121699935608
0.5460719568342326,0.9987121699935608
0.5460927897335472,0.9987121699935608
0.5461761213308056,0.9987121699935608
0.5467386096122997,0.9987121699935608
0.5467802754109289,0.9987121699935608
0.5468427741088727,0.9987121699935608
0.5469677715047603,0.9987121699935608
0.5471136017999625,0.9987121699935608
0.5471552675985917,0.9987121699935608
0.5471761004979063,0.9987121699935608
0.54723859919585,0.9987121699935608
0.5473427636924231,0.9987121699935608
0.5474469281889961,0.9987121699935608
0.547655257182142,0.9987121699935608
0.5477385887794004,0.9987121699935608
0.5478427532759734,0.9987121699935608
0.5478844190746026,0.9987121699935608
0.548071915168434,0.9987121699935608
0.5481135809670632,0.9987121699935608
0.5481344138663777,0.9987121699935608
0.5481969125643216,0.9987121699935608
0.5484677402554113,0.9987121699935608
0.5485510718526697,0.9987121699935608
0.5485719047519844,0.9987121699935608
0.5486135705506135,0.9987121699935608
0.5486552363492427,0.9987121699935608
0.5486969021478719,0.9987121699935608
0.5487594008458158,0.9987121699935608
0.5490510614362201,0.9987121699935608
0.5493010562279953,0.9987121699935608
0.5494468865231974,0.9987121699935608
0.5495302181204558,0.9987121699935608
0.5495510510197704,0.9987121699935608
0.5495927168183996,0.9987121699935608
0.5498427116101748,0.9987121699935608
0.549884377408804,0.9987121699935608
0.5500718735026353,0.9987121699935608
0.550196870898523,0.9987121699935608
0.5502177037978375,0.9987121699935608
0.5502593695964667,0.9987121699935608
0.5503010353950959,0.9987121699935608
0.5503635340930397,0.9987121699935608
0.5505093643882419,0.9987121699935608
0.5506135288848149,0.9987121699935608
0.5508426907772754,0.9987121699935608
0.5509260223745339,0.9987121699935608
0.5510093539717923,0.9987121699935608
0.551071852669736,0.9987121699935608
0.5511343513676799,0.9987121699935608
0.5511968500656236,0.9987121699935608
0.5513218474615112,0.9987121699935608
0.5514260119580842,0.9987121699935608
0.5514676777567133,0.9987121699935608
0.5515510093539718,0.9987121699935608
0.5516135080519156,0.9987121699935608
0.5516343409512302,0.9987121699935608
0.5516760067498594,0.9987121699935608
0.5517176725484886,0.9987121699935608
0.5517593383471178,0.9987121699935608
0.5520093331388929,0.9987121699935608
0.5520509989375222,0.9987121699935608
0.5521134976354659,0.9987121699935608
0.5521551634340951,0.9987121699935608
0.5522801608299827,0.9987121699935608
0.552321826628612,0.9987121699935608
0.5524884898231287,0.9987121699935608
0.5525301556217579,0.9987121699935608
0.5526134872190163,0.9987121699935608
0.5526968188162746,0.9987121699935608
0.5528009833128477,0.9987121699935608
0.5529051478094207,0.9987121699935608
0.5529468136080499,0.9987121699935608
0.5530093123059936,0.9987121699935608
0.5530509781046228,0.9987121699935608
0.553196808399825,0.9987121699935608
0.5532384741984542,0.9987121699935608
0.5534259702922856,0.9987121699935608
0.5534676360909148,0.9987121699935608
0.5534884689902294,0.9987121699935608
0.5535301347888586,0.9987121699935608
0.5537384637820045,0.9987121699935608
0.5538217953792629,0.9987121699935608
0.5540717901710381,0.9987121699935608
0.5541134559696673,0.9987121699935608
0.5542176204662402,0.9987121699935608
0.5542801191641841,0.9987121699935608
0.5543634507614424,0.9987121699935608
0.5544467823587008,0.9987121699935608
0.5549884377408804,0.9987121699935608
0.5550509364388242,0.9987121699935608
0.5550717693381388,0.9987121699935608
0.555113435136768,0.9987121699935608
0.5553842628278578,0.9987121699935608
0.555425928626487,0.9987121699935608
0.5555092602237454,0.9987121699935608
0.5555509260223745,0.9987121699935608
0.5556342576196329,0.9987121699935608
0.5557800879148351,0.9987121699935608
0.5558634195120935,0.9987121699935608
0.5560925814045541,0.9987121699935608
0.5561550801024978,0.9987121699935608
0.5561967459011271,0.9987121699935608
0.5562592445990708,0.9987121699935608
0.5565509051894753,0.9987121699935608
0.5565717380887898,0.9987121699935608
0.556613403887419,0.9987121699935608
0.5566342367867336,0.9987121699935608
0.556717568383992,0.9987121699935608
0.5568008999812504,0.9987121699935608
0.5568425657798796,0.9987121699935608
0.5570508947730256,0.9987121699935608
0.557134226370284,0.9987121699935608
0.5574258869606883,0.9987121699935608
0.5574883856586321,0.9987121699935608
0.5577175475510927,0.9987121699935608
0.5577800462490364,0.9987121699935608
0.5579467094435533,0.9987121699935608
0.5580508739401262,0.9987121699935608
0.5584883648257328,0.9987121699935608
0.5591133518051707,0.9987121699935608
0.5594466781942042,0.9987121699935608
0.5595300097914627,0.9987121699935608
0.5598425032811817,0.9987121699935608
0.5598841690798109,0.9987121699935608
0.55992583487844,0.9987121699935608
0.5599883335763838,0.9987121699935608
0.560029999375013,0.9987121699935608
0.5600716651736423,0.9987121699935608
0.5603633257640466,0.9987121699935608
0.5604049915626758,0.9987121699935608
0.5604258244619904,0.9987121699935608
0.5604883231599341,0.9987121699935608
0.560550821857878,0.9987121699935608
0.5605924876565072,0.9987121699935608
0.5606758192537655,0.9987121699935608
0.5606966521530802,0.9987121699935608
0.5607383179517094,0.9987121699935608
0.5608008166496531,0.9987121699935608
0.5608424824482823,0.9987121699935608
0.5608633153475969,0.9987121699935608
0.5609049811462261,0.9987121699935608
0.56096747984417,0.9987121699935608
0.5610299785421137,0.9987121699935608
0.5610924772400575,0.9987121699935608
0.5611549759380013,0.9987121699935608
0.5612383075352597,0.9987121699935608
0.5613841378304618,0.9987121699935608
0.5614466365284057,0.9987121699935608
0.5615508010249787,0.9987121699935608
0.5615924668236079,0.9987121699935608
0.5617799629174393,0.9987121699935608
0.561842461615383,0.9987121699935608
0.5623216182996188,0.9987121699935608
0.562363284098248,0.9987121699935608
0.5627174433865961,0.9987121699935608
0.5627591091852253,0.9987121699935608
0.5630924355742589,0.9987121699935608
0.5631341013728881,0.9987121699935608
0.5631549342722026,0.9987121699935608
0.563238265869461,0.9987121699935608
0.5633007645674049,0.9987121699935608
0.563342430366034,0.9987121699935608
0.5633840961646632,0.9987121699935608
0.5634257619632924,0.9987121699935608
0.5634465948626071,0.9987121699935608
0.5634882606612363,0.9987121699935608
0.563654923855753,0.9987121699935608
0.5637174225536968,0.9987121699935608
0.5638424199495844,0.9987121699935608
0.563967417345472,0.9987121699935608
0.5641549134393034,0.9987121699935608
0.5641965792379325,0.9987121699935608
0.5642799108351909,0.9987121699935608
0.5643424095331347,0.9987121699935608
0.5643632424324493,0.9987121699935608
0.5645090727276515,0.9987121699935608
0.5647382346201121,0.9987121699935608
0.5647799004187413,0.9987121699935608
0.5648007333180559,0.9987121699935608
0.5648423991166851,0.9987121699935608
0.5648632320159996,0.9987121699935608
0.5649257307139435,0.9987121699935608
0.5649673965125727,0.9987121699935608
0.5650090623112018,0.9987121699935608
0.5650298952105165,0.9987121699935608
0.5650923939084602,0.9987121699935608
0.5651340597070894,0.9987121699935608
0.5651757255057186,0.9987121699935608
0.5652382242036624,0.9987121699935608
0.5655923834920106,0.9987121699935608
0.5656132163913252,0.9987121699935608
0.5656548821899544,0.9987121699935608
0.5658632111831003,0.9987121699935608
0.5659048769817295,0.9987121699935608
0.5660298743776171,0.9987121699935608
0.5660715401762463,0.9987121699935608
0.5661340388741901,0.9987121699935608
0.566196537572134,0.9987121699935608
0.5662382033707631,0.9987121699935608
0.5663215349680215,0.9987121699935608
0.5663840336659653,0.9987121699935608
0.5665298639611674,0.9987121699935608
0.5665715297597966,0.9987121699935608
0.5666340284577405,0.9987121699935608
0.5666756942563697,0.9987121699935608
0.5667173600549988,0.9987121699935608
0.5667798587529427,0.9987121699935608
0.5670090206454033,0.9987121699935608
0.5673631799337514,0.9987121699935608
0.5673840128330659,0.9987121699935608
0.5674256786316951,0.9987121699935608
0.5674673444303243,0.9987121699935608
0.5675090102289536,0.9987121699935608
0.5675715089268973,0.9987121699935608
0.5677381721214141,0.9987121699935608
0.5680089998125039,0.9987121699935608
0.5680506656111332,0.9987121699935608
0.5681131643090769,0.9987121699935608
0.5681548301077061,0.9987121699935608
0.5682589946042791,0.9987121699935608
0.5683214933022229,0.9987121699935608
0.5683631591008521,0.9987121699935608
0.5684256577987958,0.9987121699935608
0.5687173183892003,0.9987121699935608
0.5687589841878294,0.9987121699935608
0.5688006499864586,0.9987121699935608
0.5689256473823462,0.9987121699935608
0.5689464802816608,0.9987121699935608
0.5690506447782337,0.9987121699935608
0.5690714776775484,0.9987121699935608
0.5691339763754921,0.9987121699935608
0.569300639570009,0.9987121699935608
0.5693423053686382,0.9987121699935608
0.5694673027645257,0.9987121699935608
0.5696339659590425,0.9987121699935608
0.5697589633549301,0.9987121699935608
0.5698422949521885,0.9987121699935608
0.5698839607508177,0.9987121699935608
0.5702381200391659,0.9987121699935608
0.570279785837795,0.9987121699935608
0.5704256161329972,0.9987121699935608
0.5704672819316264,0.9987121699935608
0.5705297806295703,0.9987121699935608
0.5706756109247724,0.9987121699935608
0.5707589425220307,0.9987121699935608
0.571008937313806,0.9987121699935608
0.5710506031124352,0.9987121699935608
0.5711339347096935,0.9987121699935608
0.5711756005083227,0.9987121699935608
0.5712589321055811,0.9987121699935608
0.5714672610987271,0.9987121699935608
0.5715089268973563,0.9987121699935608
0.5715922584946147,0.9987121699935608
0.5716130913939292,0.9987121699935608
0.5716547571925585,0.9987121699935608
0.5717589216891314,0.9987121699935608
0.5718005874877606,0.9987121699935608
0.5719255848836483,0.9987121699935608
0.5720089164809067,0.9987121699935608
0.5720505822795359,0.9987121699935608
0.572092248078165,0.9987121699935608
0.5721547467761088,0.9987121699935608
0.5721547467761088,0.9993560849967804
0.5722797441719965,0.9993560849967804
0.5723214099706256,0.9993560849967804
0.5725714047624008,0.9993560849967804
0.5726339034603446,0.9993560849967804
0.5726755692589738,0.9993560849967804
0.572821399554176,0.9993560849967804
0.5728630653528052,0.9993560849967804
0.5729255640507489,0.9993560849967804
0.5730088956480074,0.9993560849967804
0.5730713943459511,0.9993560849967804
0.5731130601445803,0.9993560849967804
0.5731963917418387,0.9993560849967804
0.5733213891377263,0.9993560849967804
0.5733838878356701,0.9993560849967804
0.5735713839295015,0.9993560849967804
0.5738422116205912,0.9993560849967804
0.5738838774192204,0.9993560849967804
0.5741547051103102,0.9993560849967804
0.5741963709089394,0.9993560849967804
0.574217203808254,0.9993560849967804
0.5742797025061978,0.9993560849967804
0.5744255328014,0.9993560849967804
0.5744880314993438,0.9993560849967804
0.5747588591904336,0.9993560849967804
0.5748213578883773,0.9993560849967804
0.5749255223849503,0.9993560849967804
0.5749880210828942,0.9993560849967804
0.5750921855794671,0.9993560849967804
0.5751338513780963,0.9993560849967804
0.5751963500760401,0.9993560849967804
0.5752380158746693,0.9993560849967804
0.5753421803712423,0.9993560849967804
0.575404679069186,0.9993560849967804
0.5754671777671299,0.9993560849967804
0.575508843565759,0.9993560849967804
0.5756963396595904,0.9993560849967804
0.5757380054582196,0.9993560849967804
0.5759463344513656,0.9993560849967804
0.5760296660486239,0.9993560849967804
0.5760713318472532,0.9993560849967804
0.5760921647465678,0.9993560849967804
0.5761754963438261,0.9993560849967804
0.5763004937397137,0.9993560849967804
0.5764046582362867,0.9993560849967804
0.5765088227328597,0.9993560849967804
0.5765713214308035,0.9993560849967804
0.5768004833232641,0.9993560849967804
0.5768421491218932,0.9993560849967804
0.5769046478198371,0.9993560849967804
0.5769671465177809,0.9993560849967804
0.5772796400074999,0.9993560849967804
0.5773421387054436,0.9993560849967804
0.5774254703027021,0.9993560849967804
0.5774671361013313,0.9993560849967804
0.5776754650944772,0.9993560849967804
0.5777171308931064,0.9993560849967804
0.5777796295910502,0.9993560849967804
0.577842128288994,0.9993560849967804
0.5779671256848815,0.9993560849967804
0.5780087914835108,0.9993560849967804
0.57805045728214,0.9993560849967804
0.5781337888793984,0.9993560849967804
0.5781754546780276,0.9993560849967804
0.5782171204766567,0.9993560849967804
0.5782379533759713,0.9993560849967804
0.5782796191746006,0.9993560849967804
0.578508781067061,0.9993560849967804
0.5785504468656903,0.9993560849967804
0.5786337784629487,0.9993560849967804
0.5786754442615779,0.9993560849967804
0.5787379429595216,0.9993560849967804
0.5788004416574655,0.9993560849967804
0.5788421074560947,0.9993560849967804
0.578925439053353,0.9993560849967804
0.5790087706506114,0.9993560849967804
0.579237932543072,0.9993560849967804
0.5792795983417012,0.9993560849967804
0.5793004312410158,0.9993560849967804
0.5793837628382742,0.9993560849967804
0.579446261536218,0.9993560849967804
0.5794879273348472,0.9993560849967804
0.5795920918314201,0.9993560849967804
0.5796754234286786,0.9993560849967804
0.5799670840190829,0.9993560849967804
0.5800920814149705,0.9993560849967804
0.5801129143142851,0.9993560849967804
0.5801545801129143,0.9993560849967804
0.5803004104081165,0.9993560849967804
0.5803420762067457,0.9993560849967804
0.5804045749046894,0.9993560849967804
0.5804670736026333,0.9993560849967804
0.5805504051998917,0.9993560849967804
0.5805920709985208,0.9993560849967804
0.5806129038978355,0.9993560849967804
0.5806545696964647,0.9993560849967804
0.5807795670923522,0.9993560849967804
0.5808212328909814,0.9993560849967804
0.5811337263807004,0.9993560849967804
0.5811753921793296,0.9993560849967804
0.5814045540717901,0.9993560849967804
0.5814462198704193,0.9993560849967804
0.5814878856690485,0.9993560849967804
0.5815295514676777,0.9993560849967804
0.581571217266307,0.9993560849967804
0.5816545488635654,0.9993560849967804
0.5816753817628799,0.9993560849967804
0.5817170475615091,0.9993560849967804
0.5818003791587675,0.9993560849967804
0.5819253765546551,0.9993560849967804
0.5819670423532843,0.9993560849967804
0.5820295410512281,0.9993560849967804
0.5820712068498572,0.9993560849967804
0.5821962042457449,0.9993560849967804
0.5822378700443741,0.9993560849967804
0.582342034540947,0.9993560849967804
0.5824253661382055,0.9993560849967804
0.5824670319368347,0.9993560849967804
0.5825503635340931,0.9993560849967804
0.5825920293327222,0.9993560849967804
0.582758692527239,0.9993560849967804
0.5828003583258682,0.9993560849967804
0.5829461886210704,0.9993560849967804
0.5830295202183288,0.9993560849967804
0.5830920189162726,0.9993560849967804
0.5831545176142163,0.9993560849967804
0.5833628466073624,0.9993560849967804
0.5834670111039353,0.9993560849967804
0.583592008499823,0.9993560849967804
0.5836336742984521,0.9993560849967804
0.583737838795025,0.9993560849967804
0.5837795045936544,0.9993560849967804
0.5838628361909127,0.9993560849967804
0.5839045019895419,0.9993560849967804
0.5839670006874856,0.9993560849967804
0.5840294993854295,0.9993560849967804
0.5840711651840587,0.9993560849967804
0.584154496781317,0.9993560849967804
0.5841753296806317,0.9993560849967804
0.5842586612778901,0.9993560849967804
0.5843419928751484,0.9993560849967804
0.5843836586737776,0.9993560849967804
0.5845086560696652,0.9993560849967804
0.5845503218682944,0.9993560849967804
0.5849253140559572,0.9993560849967804
0.5849669798545863,0.9993560849967804
0.5850503114518447,0.9993560849967804
0.5851336430491031,0.9993560849967804
0.5852169746463616,0.9993560849967804
0.5852794733443053,0.9993560849967804
0.5854044707401929,0.9993560849967804
0.5854461365388222,0.9993560849967804
0.5855294681360805,0.9993560849967804
0.5855919668340243,0.9993560849967804
0.5856336326326534,0.9993560849967804
0.5856961313305973,0.9993560849967804
0.5857169642299119,0.9993560849967804
0.5858002958271703,0.9993560849967804
0.5859044603237432,0.9993560849967804
0.585966959021687,0.9993560849967804
0.5861544551155184,0.9993560849967804
0.5862169538134622,0.9993560849967804
0.5863002854107207,0.9993560849967804
0.5863419512093498,0.9993560849967804
0.5864461157059228,0.9993560849967804
0.5864877815045519,0.9993560849967804
0.5866127789004396,0.9993560849967804
0.5867169433970125,0.9993560849967804
0.5867794420949564,0.9993560849967804
0.5868211078935855,0.9993560849967804
0.5868419407929002,0.9993560849967804
0.5868836065915294,0.9993560849967804
0.5869461052894731,0.9993560849967804
0.5870086039874169,0.9993560849967804
0.5870711026853607,0.9993560849967804
0.5871336013833045,0.9993560849967804
0.5871752671819337,0.9993560849967804
0.5872169329805629,0.9993560849967804
0.5872377658798775,0.9993560849967804
0.5873210974771359,0.9993560849967804
0.5874669277723381,0.9993560849967804
0.5876335909668549,0.9993560849967804
0.5876544238661695,0.9993560849967804
0.5877169225641132,0.9993560849967804
0.5877377554634279,0.9993560849967804
0.5877794212620571,0.9993560849967804
0.5878002541613716,0.9993560849967804
0.5878419199600008,0.9993560849967804
0.5883419095435511,0.9993560849967804
0.5884252411408095,0.9993560849967804
0.5887377346305285,0.9993560849967804
0.5887794004291578,0.9993560849967804
0.5889877294223037,0.9993560849967804
0.5890502281202475,0.9993560849967804
0.5890710610195621,0.9993560849967804
0.5891127268181913,0.9993560849967804
0.589279390012708,0.9993560849967804
0.5893210558113373,0.9993560849967804
0.5895085519051686,0.9993560849967804
0.5895918835024271,0.9993560849967804
0.5896543822003708,0.9993560849967804
0.589696047999,0.9993560849967804
0.5897377137976292,0.9993560849967804
0.5897793795962584,0.9993560849967804
0.5899252098914606,0.9993560849967804
0.5899668756900898,0.9993560849967804
0.5900293743880336,0.9993560849967804
0.5900918730859773,0.9993560849967804
0.5901752046832358,0.9993560849967804
0.5902377033811795,0.9993560849967804
0.5902793691798087,0.9993560849967804
0.5904251994750109,0.9993560849967804
0.5904668652736401,0.9993560849967804
0.5904876981729548,0.9993560849967804
0.5905501968708985,0.9993560849967804
0.5906751942667862,0.9993560849967804
0.5908001916626737,0.9993560849967804
0.5908418574613029,0.9993560849967804
0.5909876877565051,0.9993560849967804
0.5910293535551343,0.9993560849967804
0.5910501864544488,0.9993560849967804
0.591091852253078,0.9993560849967804
0.5911751838503364,0.9993560849967804
0.5912585154475949,0.9993560849967804
0.5913210141455386,0.9993560849967804
0.591404345742797,0.9993560849967804
0.5914876773400554,0.9993560849967804
0.5915293431386847,0.9993560849967804
0.5915918418366284,0.9993560849967804
0.5916751734338868,0.9993560849967804
0.591716839232516,0.9993560849967804
0.5917376721318306,0.9993560849967804
0.5917793379304598,0.9993560849967804
0.5918001708297744,0.9993560849967804
0.5918418366284036,0.9993560849967804
0.5919668340242912,0.9993560849967804
0.5920501656215496,0.9993560849967804
0.5920709985208642,0.9993560849967804
0.5921126643194934,0.9993560849967804
0.5921334972188079,0.9993560849967804
0.5921751630174371,0.9993560849967804
0.5922584946146955,0.9993560849967804
0.5923209933126393,0.9993560849967804
0.5924668236078415,0.9993560849967804
0.5925084894064707,0.9993560849967804
0.5927793170975605,0.9993560849967804
0.5928626486948189,0.9993560849967804
0.5931334763859086,0.9993560849967804
0.593216807983167,0.9993560849967804
0.5935084685735714,0.9993560849967804
0.5935501343722006,0.9993560849967804
0.5935918001708298,0.9993560849967804
0.5937167975667174,0.9993560849967804
0.593737630466032,0.9993560849967804
0.5939042936605488,0.9993560849967804
0.5941334555530093,0.9993560849967804
0.5943626174454699,0.9993560849967804
0.5944251161434136,0.9993560849967804
0.594612612237245,0.9993560849967804
0.5946542780358742,0.9993560849967804
0.5946959438345034,0.9993560849967804
0.5947376096331326,0.9993560849967804
0.5948001083310764,0.9993560849967804
0.5948209412303911,0.9993560849967804
0.5949459386262786,0.9993560849967804
0.5949876044249078,0.9993560849967804
0.5953000979146268,0.9993560849967804
0.5953625966125705,0.9993560849967804
0.5955500927064019,0.9993560849967804
0.5955917585050311,0.9993560849967804
0.5956542572029749,0.9993560849967804
0.5956959230016041,0.9993560849967804
0.5957792545988625,0.9993560849967804
0.5958209203974917,0.9993560849967804
0.5958625861961209,0.9993560849967804
0.5959042519947501,0.9993560849967804
0.5959459177933794,0.9993560849967804
0.5959875835920085,0.9993560849967804
0.5960084164913231,0.9993560849967804
0.5960917480885815,0.9993560849967804
0.5961125809878961,0.9993560849967804
0.5961542467865253,0.9993560849967804
0.5961750796858398,0.9993560849967804
0.5962584112830983,0.9993560849967804
0.5963000770817275,0.9993560849967804
0.5963834086789859,0.9993560849967804
0.5964250744776151,0.9993560849967804
0.5964875731755589,0.9993560849967804
0.5965292389741881,0.9993560849967804
0.5965709047728173,0.9993560849967804
0.5965917376721318,0.9993560849967804
0.5966750692693902,0.9993560849967804
0.5968208995645924,0.9993560849967804
0.5969875627591091,0.9993560849967804
0.597050061457053,0.9993560849967804
0.5972167246515697,0.9993560849967804
0.5972792233495136,0.9993560849967804
0.5973208891481427,0.9993560849967804
0.5974250536447158,0.9993560849967804
0.597466719443345,0.9993560849967804
0.5975917168392325,0.9993560849967804
0.5976750484364909,0.9993560849967804
0.5978000458323784,0.9993560849967804
0.5978208787316931,0.9993560849967804
0.5978625445303223,0.9993560849967804
0.5979042103289515,0.9993560849967804
0.5979875419262098,0.9993560849967804
0.598029207724839,0.9993560849967804
0.5981125393220974,0.9993560849967804
0.5981542051207267,0.9993560849967804
0.5982583696172996,0.9993560849967804
0.5983000354159288,0.9993560849967804
0.5983208683152434,0.9993560849967804
0.5983625341138726,0.9993560849967804
0.5984250328118165,0.9993560849967804
0.5984666986104457,0.9993560849967804
0.5985916960063332,0.9993560849967804
0.5986333618049624,0.9993560849967804
0.5986958605029062,0.9993560849967804
0.5987791921001646,0.9993560849967804
0.5989041894960522,0.9993560849967804
0.5989458552946814,0.9993560849967804
0.5990083539926252,0.9993560849967804
0.5990500197912544,0.9993560849967804
0.5990916855898836,0.9993560849967804
0.599175017187142,0.9993560849967804
0.5991958500864565,0.9993560849967804
0.5992583487844003,0.9993560849967804
0.5993416803816587,0.9993560849967804
0.5993833461802879,0.9993560849967804
0.5994041790796025,0.9993560849967804
0.5994458448782317,0.9993560849967804
0.5995291764754901,0.9993560849967804
0.5995708422741193,0.9993560849967804
0.5995916751734339,0.9993560849967804
0.5996333409720631,0.9993560849967804
0.5998625028645237,0.9993560849967804
0.5999250015624674,0.9993560849967804
0.5999458344617821,0.9993560849967804
0.5999875002604113,0.9993560849967804
0.6001958292535572,0.9993560849967804
0.6002791608508156,0.9993560849967804
0.6005291556425908,0.9993560849967804
0.60057082144122,0.9993560849967804
0.6006124872398492,0.9993560849967804
0.6008208162329951,0.9993560849967804
0.6009041478302536,0.9993560849967804
0.6009458136288828,0.9993560849967804
0.6010499781254557,0.9993560849967804
0.6010916439240849,0.9993560849967804
0.6011333097227141,0.9993560849967804
0.6011958084206579,0.9993560849967804
0.6012374742192871,0.9993560849967804
0.6013833045144893,0.9993560849967804
0.6014249703131185,0.9993560849967804
0.6015708006083207,0.9993560849967804
0.6016124664069499,0.9993560849967804
0.6017582967021521,0.9993560849967804
0.6018416282994105,0.9993560849967804
0.6019249598966688,0.9993560849967804
0.6019874585946127,0.9993560849967804
0.6020082914939272,0.9993560849967804
0.6020916230911856,0.9993560849967804
0.6021332888898148,0.9993560849967804
0.6021957875877586,0.9993560849967804
0.6023207849836462,0.9993560849967804
0.6024457823795337,0.9993560849967804
0.6025707797754214,0.9993560849967804
0.6026124455740506,0.9993560849967804
0.602695777171309,0.9993560849967804
0.6027582758692527,0.9993560849967804
0.6028416074665112,0.9993560849967804
0.6028832732651404,0.9993560849967804
0.6029249390637695,0.9993560849967804
0.6029666048623987,0.9993560849967804
0.6029874377617133,0.9993560849967804
0.6030291035603424,0.9993560849967804
0.6031749338555447,0.9993560849967804
0.6033207641507469,0.9993560849967804
0.6033415970500614,0.9993560849967804
0.6033832628486907,0.9993560849967804
0.6034249286473199,0.9993560849967804
0.6035082602445783,0.9993560849967804
0.6035499260432075,0.9993560849967804
0.6035915918418366,0.9993560849967804
0.6036332576404658,0.9993560849967804
0.6037165892377242,0.9993560849967804
0.6037999208349826,0.9993560849967804
0.6038415866336118,0.9993560849967804
0.603987416928814,0.9993560849967804
0.6040707485260723,0.9993560849967804
0.604091581425387,0.9993560849967804
0.6043624091164768,0.9993560849967804
0.604404074915106,0.9993560849967804
0.6045707381096227,0.9993560849967804
0.6046124039082519,0.9993560849967804
0.6046540697068811,0.9993560849967804
0.6046749026061957,0.9993560849967804
0.6047790671027687,0.9993560849967804
0.6049457302972855,0.9993560849967804
0.6050498947938585,0.9993560849967804
0.605070727693173,0.9993560849967804
0.6054665527801504,0.9993560849967804
0.6055082185787796,0.9993560849967804
0.6055498843774088,0.9993560849967804
0.605695714672611,0.9993560849967804
0.6057582133705548,0.9993560849967804
0.6059248765650715,0.9993560849967804
0.6059665423637007,0.9993560849967804
0.6060082081623299,0.9993560849967804
0.6062373700547905,0.9993560849967804
0.6062790358534197,0.9993560849967804
0.6063623674506781,0.9993560849967804
0.6064248661486219,0.9993560849967804
0.6064665319472511,0.9993560849967804
0.6065290306451949,0.9993560849967804
0.6065706964438241,0.9993560849967804
0.6065915293431386,0.9993560849967804
0.6066331951417678,0.9993560849967804
0.606674860940397,0.9993560849967804
0.6067165267390263,0.9993560849967804
0.6067373596383409,0.9993560849967804
0.6068206912355992,0.9993560849967804
0.6068623570342284,0.9993560849967804
0.6069456886314868,0.9993560849967804
0.6070290202287453,0.9993560849967804
0.6071748505239474,0.9993560849967804
0.6072165163225766,0.9993560849967804
0.6073415137184642,0.9993560849967804
0.607404012416408,0.9993560849967804
0.6074456782150371,0.9993560849967804
0.6074873440136663,0.9993560849967804
0.6077998375033854,0.9993560849967804
0.6078415033020146,0.9993560849967804
0.6078623362013291,0.9993560849967804
0.6079040019999583,0.9993560849967804
0.6079456677985875,0.9993560849967804
0.6079873335972167,0.9993560849967804
0.6080706651944752,0.9993560849967804
0.6081331638924189,0.9993560849967804
0.6082998270869356,0.9993560849967804
0.6084456573821378,0.9993560849967804
0.6087581508718568,0.9993560849967804
0.608799816670486,0.9993560849967804
0.6088206495698006,0.9993560849967804
0.6088623153684298,0.9993560849967804
0.6090289785629466,0.9993560849967804
0.6090706443615758,0.9993560849967804
0.6092789733547218,0.9993560849967804
0.609320639153351,0.9993560849967804
0.6094039707506094,0.9993560849967804
0.6094456365492386,0.9993560849967804
0.6095914668444408,0.9993560849967804
0.6096747984416991,0.9993560849967804
0.6097581300389575,0.9993560849967804
0.6098622945355305,0.9993560849967804
0.6098831274348451,0.9993560849967804
0.6099247932334743,0.9993560849967804
0.6100706235286765,0.9993560849967804
0.6101331222266203,0.9993560849967804
0.6104039499177101,0.9993560849967804
0.6106956105081144,0.9993560849967804
0.6107789421053728,0.9993560849967804
0.6108831066019458,0.9993560849967804
0.610924772400575,0.9993560849967804
0.6109456052998896,0.9993560849967804
0.6109872710985188,0.9993560849967804
0.6111122684944064,0.9993560849967804
0.6111956000916647,0.9993560849967804
0.6112164329909794,0.9993560849967804
0.611341430386867,0.9993560849967804
0.6113622632861815,0.9993560849967804
0.61144559488344,0.9993560849967804
0.6114872606820692,0.9993560849967804
0.6115289264806983,0.9993560849967804
0.6115914251786421,0.9993560849967804
0.6116330909772713,0.9993560849967804
0.611903918668361,0.9993560849967804
0.6119455844669903,0.9993560849967804
0.612008083164934,0.9993560849967804
0.6120289160642487,0.9993560849967804
0.6120914147621924,0.9993560849967804
0.6124455740505406,0.9993560849967804
0.612528905647799,0.9993560849967804
0.6126539030436866,0.9993560849967804
0.6126955688423158,0.9993560849967804
0.6127580675402596,0.9993560849967804
0.612841399137518,0.9993560849967804
0.6128830649361472,0.9993560849967804
0.6130080623320348,0.9993560849967804
0.6130913939292931,0.9993560849967804
0.613153892627237,0.9993560849967804
0.6132372242244953,0.9993560849967804
0.6134247203183267,0.9993560849967804
0.6135913835128435,0.9993560849967804
0.6137372138080457,0.9993560849967804
0.6137788796066749,0.9993560849967804
0.6139663757005063,0.9993560849967804
0.6141122059957084,0.9993560849967804
0.6141955375929669,0.9993560849967804
0.614237203391596,0.9993560849967804
0.6144038665861128,0.9993560849967804
0.6144871981833712,0.9993560849967804
0.6145080310826858,0.9993560849967804
0.614549696881315,0.9993560849967804
0.6145913626799442,0.9993560849967804
0.6146746942772026,0.9993560849967804
0.6147371929751464,0.9993560849967804
0.6148205245724048,0.9993560849967804
0.614862190371034,0.9993560849967804
0.6149038561696631,0.9993560849967804
0.6149455219682923,0.9993560849967804
0.6149871877669215,0.9993560849967804
0.6150288535655507,0.9993560849967804
0.6150705193641799,0.9993560849967804
0.6150913522634945,0.9993560849967804
0.6151746838607529,0.9993560849967804
0.6152580154580113,0.9993560849967804
0.6153205141559551,0.9993560849967804
0.6154455115518427,0.9993560849967804
0.6154663444511572,0.9993560849967804
0.6155288431491011,0.9993560849967804
0.6156330076456741,0.9993560849967804
0.6157163392429325,0.9993560849967804
0.61584133663882,0.9993560849967804
0.6159038353367638,0.9993560849967804
0.615945501135393,0.9993560849967804
0.6163829920209996,0.9993560849967804
0.6164038249203142,0.9993560849967804
0.6164454907189434,0.9993560849967804
0.6164871565175726,0.9993560849967804
0.6165913210141455,0.9993560849967804
0.6166954855107185,0.9993560849967804
0.6167371513093477,0.9993560849967804
0.6167996500072915,0.9993560849967804
0.6168829816045499,0.9993560849967804
0.6170288118997521,0.9993560849967804
0.6170913105976958,0.9993560849967804
0.617132976396325,0.9993560849967804
0.6175704672819317,0.9993560849967804
0.61765379887919,0.9993560849967804
0.6177371304764484,0.9993560849967804
0.6177787962750776,0.9993560849967804
0.6178412949730214,0.9993560849967804
0.6181329555634257,0.9993560849967804
0.6181746213620549,0.9993560849967804
0.6182996187579426,0.9993560849967804
0.618382950355201,0.9993560849967804
0.6185079477510885,0.9993560849967804
0.6185287806504031,0.9993560849967804
0.6186121122476615,0.9993560849967804
0.6186537780462907,0.9993560849967804
0.6186954438449199,0.9993560849967804
0.6188621070394367,0.9993560849967804
0.6189246057373805,0.9993560849967804
0.6189662715360097,0.9993560849967804
0.6189871044353242,0.9993560849967804
0.6190287702339534,0.9993560849967804
0.6190496031332681,0.9993560849967804
0.6190912689318973,0.9993560849967804
0.6191121018312119,0.9993560849967804
0.6191537676298411,0.9993560849967804
0.6192370992270995,0.9993560849967804
0.6192787650257287,0.9993560849967804
0.619362096622987,0.9993560849967804
0.6193829295223017,0.9993560849967804
0.6194245953209309,0.9993560849967804
0.6195287598175038,0.9993560849967804
0.619570425616133,0.9993560849967804
0.6196954230120206,0.9993560849967804
0.619778754609279,0.9993560849967804
0.6198204204079082,0.9993560849967804
0.6199245849044811,0.9993560849967804
0.6199662507031104,0.9993560849967804
0.6200079165017396,0.9993560849967804
0.6201329138976271,0.9993560849967804
0.6201537467969417,0.9993560849967804
0.6202370783942002,0.9993560849967804
0.6202579112935147,0.9993560849967804
0.6202995770921439,0.9993560849967804
0.6203204099914585,0.9993560849967804
0.6203620757900877,0.9993560849967804
0.6204245744880315,0.9993560849967804
0.6205495718839191,0.9993560849967804
0.6205912376825483,0.9993560849967804
0.6206120705818629,0.9993560849967804
0.620653736380492,0.9993560849967804
0.6206745692798067,0.9993560849967804
0.6207787337763797,0.9993560849967804
0.6209453969708965,0.9993560849967804
0.6209870627695256,0.9993560849967804
0.6211328930647279,0.9993560849967804
0.6215078852523905,0.9993560849967804
0.6215287181517052,0.9993560849967804
0.6216120497489636,0.9993560849967804
0.6216328826482782,0.9993560849967804
0.6217162142455366,0.9993560849967804
0.6217370471448511,0.9993560849967804
0.6217787129434803,0.9993560849967804
0.6218412116414241,0.9993560849967804
0.621903710339368,0.9993560849967804
0.6220078748359409,0.9993560849967804
0.6220912064331993,0.9993560849967804
0.6221328722318284,0.9993560849967804
0.6221745380304577,0.9993560849967804
0.6222370367284015,0.9993560849967804
0.6222787025270307,0.9993560849967804
0.6222995354263453,0.9993560849967804
0.622362034124289,0.9993560849967804
0.6223828670236037,0.9993560849967804
0.6224245328222329,0.9993560849967804
0.622466198620862,0.9993560849967804
0.6225286973188059,0.9993560849967804
0.6225911960167496,0.9993560849967804
0.6226328618153788,0.9993560849967804
0.6226536947146935,0.9993560849967804
0.6226953605133226,0.9993560849967804
0.6227578592112665,0.9993560849967804
0.6228203579092102,0.9993560849967804
0.622882856607154,0.9993560849967804
0.6229453553050978,0.9993560849967804
0.6229870211037271,0.9993560849967804
0.6230286869023562,0.9993560849967804
0.6230703527009854,0.9993560849967804
0.6231120184996146,0.9993560849967804
0.6231536842982438,0.9993560849967804
0.6232578487948168,0.9993560849967804
0.6233411803920752,0.9993560849967804
0.6234245119893336,0.9993560849967804
0.6235495093852211,0.9993560849967804
0.6235911751838503,0.9993560849967804
0.6236745067811087,0.9993560849967804
0.6238203370763109,0.9993560849967804
0.6240078331701423,0.9993560849967804
0.6240911647674007,0.9993560849967804
0.6242161621632882,0.9993560849967804
0.6242786608612321,0.9993560849967804
0.6242994937605466,0.9993560849967804
0.6243828253578051,0.9993560849967804
0.6246119872502656,0.9993560849967804
0.6246328201495802,0.9993560849967804
0.624695318847524,0.9993560849967804
0.624799483344097,0.9993560849967804
0.6248411491427261,0.9993560849967804
0.6248828149413553,0.9993560849967804
0.62490364784067,0.9993560849967804
0.6249453136392992,0.9993560849967804
0.6249661465386138,0.9993560849967804
0.6250286452365575,0.9993560849967804
0.6251119768338159,0.9993560849967804
0.6251953084310744,0.9993560849967804
0.6252369742297036,0.9993560849967804
0.6254244703235349,0.9993560849967804
0.6256536322159955,0.9993560849967804
0.6256952980146246,0.9993560849967804
0.6259244599070852,0.9993560849967804
0.6260286244036583,0.9993560849967804
0.6262161204974896,0.9993560849967804
0.626403616591321,0.9993560849967804
0.6264244494906356,0.9993560849967804
0.6264869481885794,0.9993560849967804
0.626507781087894,0.9993560849967804
0.6265494468865231,0.9993560849967804
0.626611945584467,0.9993560849967804
0.6266536113830962,0.9993560849967804
0.6266952771817254,0.9993560849967804
0.62671611008104,0.9993560849967804
0.6268411074769276,0.9993560849967804
0.6268827732755567,0.9993560849967804
0.6269661048728151,0.9993560849967804
0.6270077706714443,0.9993560849967804
0.6270494364700735,0.9993560849967804
0.627132768067332,0.9993560849967804
0.6274035957584218,0.9993560849967804
0.6274869273556801,0.9993560849967804
0.6275494260536238,0.9993560849967804
0.6276327576508822,0.9993560849967804
0.6276535905501969,0.9993560849967804
0.6276952563488261,0.9993560849967804
0.628111914335118,0.9993560849967804
0.6281744130330618,0.9993560849967804
0.6282369117310056,0.9993560849967804
0.628320243328264,0.9993560849967804
0.6283410762275786,0.9993560849967804
0.6287160684152413,0.9993560849967804
0.6287785671131851,0.9993560849967804
0.6288202329118143,0.9993560849967804
0.628841065811129,0.9993560849967804
0.6288827316097582,0.9993560849967804
0.6289868961063311,0.9993560849967804
0.6290702277035896,0.9993560849967804
0.6291118935022187,0.9993560849967804
0.6293202224953647,0.9993560849967804
0.6293618882939939,0.9993560849967804
0.6293827211933085,0.9993560849967804
0.6294452198912522,0.9993560849967804
0.6294868856898814,0.9993560849967804
0.6296118830857691,0.9993560849967804
0.6296327159850836,0.9993560849967804
0.629716047582342,0.9993560849967804
0.6297577133809712,0.9993560849967804
0.629820212078915,0.9993560849967804
0.6298618778775442,0.9993560849967804
0.6298827107768589,0.9993560849967804
0.6299660423741172,0.9993560849967804
0.6300077081727464,0.9993560849967804
0.6300910397700048,0.9993560849967804
0.630132705568634,0.9993560849967804
0.6301743713672632,0.9993560849967804
0.6302160371658924,0.9993560849967804
0.630236870065207,0.9993560849967804
0.6303202016624654,0.9993560849967804
0.6305701964542405,0.9993560849967804
0.6309243557425886,0.9993560849967804
0.6310076873398471,0.9993560849967804
0.6310910189371055,0.9993560849967804
0.6312368492323076,0.9993560849967804
0.6313410137288806,0.9993560849967804
0.6313826795275098,0.9993560849967804
0.631424345326139,0.9993560849967804
0.6314451782254537,0.9993560849967804
0.6316118414199704,0.9993560849967804
0.631841003312431,0.9993560849967804
0.6319035020103748,0.9993560849967804
0.6319243349096894,0.9993560849967804
0.6320909981042062,0.9993560849967804
0.6321118310035208,0.9993560849967804
0.6322993270973521,0.9993560849967804
0.6324659902918689,0.9993560849967804
0.6325076560904981,0.9993560849967804
0.6326118205870711,0.9993560849967804
0.6327784837815879,0.9993560849967804
0.6330076456740484,0.9993560849967804
0.6330284785733631,0.9993560849967804
0.6330701443719923,0.9993560849967804
0.633132643069936,0.9993560849967804
0.6331743088685652,0.9993560849967804
0.6332159746671945,0.9993560849967804
0.6333826378617112,0.9993560849967804
0.6334243036603404,0.9993560849967804
0.6334868023582843,0.9993560849967804
0.6335284681569134,0.9993560849967804
0.6338201287473177,0.9993560849967804
0.6338617945459469,0.9993560849967804
0.6339451261432053,0.9993560849967804
0.6340076248411491,0.9993560849967804
0.634070123539093,0.9993560849967804
0.6341117893377222,0.9993560849967804
0.6342367867336097,0.9993560849967804
0.6342992854315536,0.9993560849967804
0.6343409512301827,0.9993560849967804
0.6343826170288119,0.9993560849967804
0.634945105310306,0.9993560849967804
0.6350284369075644,0.9993560849967804
0.6351742672027666,0.9993560849967804
0.6355284264911147,0.9993560849967804
0.6355700922897439,0.9993560849967804
0.635674256786317,0.9993560849967804
0.6357159225849461,0.9993560849967804
0.63577842128289,0.9993560849967804
0.6357992541822045,0.9993560849967804
0.6358617528801483,0.9993560849967804
0.6360284160746651,0.9993560849967804
0.6361117476719235,0.9993560849967804
0.6361534134705527,0.9993560849967804
0.6362575779671257,0.9993560849967804
0.6363825753630132,0.9993560849967804
0.6364450740609571,0.9993560849967804
0.6366117372554738,0.9993560849967804
0.6367992333493052,0.9993560849967804
0.636861732047249,0.9993560849967804
0.6369450636445074,0.9993560849967804
0.6370283952417658,0.9993560849967804
0.637070061040395,0.9993560849967804
0.6371117268390242,0.9993560849967804
0.6371533926376534,0.9993560849967804
0.6371950584362825,0.9993560849967804
0.6372158913355972,0.9993560849967804
0.6373200558321702,0.9993560849967804
0.6373825545301139,0.9993560849967804
0.6374242203287431,0.9993560849967804
0.6374450532280578,0.9993560849967804
0.637486719026687,0.9993560849967804
0.6375700506239453,0.9993560849967804
0.6376533822212037,0.9993560849967804
0.6377783796170913,0.9993560849967804
0.6378200454157205,0.9993560849967804
0.6378825441136643,0.9993560849967804
0.6379242099122935,0.9993560849967804
0.638049207308181,0.9993560849967804
0.6381117060061249,0.9993560849967804
0.6382367034020124,0.9993560849967804
0.6382575363013271,0.9993560849967804
0.6383200349992708,0.9993560849967804
0.6384450323951585,0.9993560849967804
0.638465865294473,0.9993560849967804
0.6385491968917314,0.9993560849967804
0.6386116955896752,0.9993560849967804
0.6386533613883044,0.9993560849967804
0.638674194287619,0.9993560849967804
0.638778358784192,0.9993560849967804
0.6388200245828212,0.9993560849967804
0.6388616903814504,0.9993560849967804
0.6395491760588321,0.9993560849967804
0.6395908418574613,0.9993560849967804
0.6396325076560905,0.9993560849967804
0.6399450011458094,0.9993560849967804
0.6400074998437533,0.9993560849967804
0.640278327534843,0.9993560849967804
0.6404033249307306,0.9993560849967804
0.6404449907293598,0.9993560849967804
0.6404658236286744,0.9993560849967804
0.6405074894273036,0.9993560849967804
0.6405699881252473,0.9993560849967804
0.6406533197225058,0.9993560849967804
0.6407574842190787,0.9993560849967804
0.6410908106081123,0.9993560849967804
0.6411741422053707,0.9993560849967804
0.6412366409033146,0.9993560849967804
0.6412783067019437,0.9993560849967804
0.6412991396012583,0.9993560849967804
0.6423199516676736,0.9993560849967804
0.6425282806608196,0.9993560849967804
0.642611612258078,0.9993560849967804
0.6426741109560218,0.9993560849967804
0.6426949438553363,0.9993560849967804
0.6429032728484824,0.9993560849967804
0.6429657715464261,0.9993560849967804
0.6431116018416283,0.9993560849967804
0.6431532676402575,0.9993560849967804
0.6432365992375159,0.9993560849967804
0.6433615966334034,0.9993560849967804
0.6434032624320327,0.9993560849967804
0.6434657611299764,0.9993560849967804
0.6435074269286056,0.9993560849967804
0.6435699256265495,0.9993560849967804
0.643694923022437,0.9993560849967804
0.6437157559217517,0.9993560849967804
0.6437574217203809,0.9993560849967804
0.6438824191162684,0.9993560849967804
0.6439240849148976,0.9993560849967804
0.6440699152100998,0.9993560849967804
0.6441324139080435,0.9993560849967804
0.6442574113039312,0.9993560849967804
0.6443615758005041,0.9993560849967804
0.6444032415991333,0.9993560849967804
0.644528238995021,0.9993560849967804
0.6445490718943355,0.9993560849967804
0.6446324034915939,0.9993560849967804
0.6446949021895377,0.9993560849967804
0.6447365679881669,0.9993560849967804
0.6447574008874815,0.9993560849967804
0.6448198995854253,0.9993560849967804
0.6448407324847399,0.9993560849967804
0.6449032311826837,0.9993560849967804
0.6450282285785712,0.9993560849967804
0.6450698943772005,0.9993560849967804
0.6450907272765151,0.9993560849967804
0.6451532259744589,0.9993560849967804
0.6451740588737734,0.9993560849967804
0.6452365575717173,0.9993560849967804
0.6453823878669195,0.9993560849967804
0.6454240536655487,0.9993560849967804
0.6454448865648632,0.9993560849967804
0.645507385262807,0.9993560849967804
0.6456115497593801,0.9993560849967804
0.6456740484573238,0.9993560849967804
0.645715714255953,0.9993560849967804
0.6457990458532114,0.9993560849967804
0.6458407116518405,0.9993560849967804
0.6458615445511552,0.9993560849967804
0.6461948709401888,0.9993560849967804
0.646236536738818,0.9993560849967804
0.6463823670340201,0.9993560849967804
0.6464031999333347,0.9993560849967804
0.6464448657319639,0.9993560849967804
0.6465073644299077,0.9993560849967804
0.6465490302285369,0.9993560849967804
0.6468198579196267,0.9993560849967804
0.6470073540134581,0.9993560849967804
0.6470490198120873,0.9993560849967804
0.6470906856107165,0.9993560849967804
0.6471948501072894,0.9993560849967804
0.6472365159059186,0.9993560849967804
0.6473198475031771,0.9993560849967804
0.6473615133018062,0.9993560849967804
0.64742401199975,0.9993560849967804
0.6477365054894689,0.9993560849967804
0.6477781712880981,0.9993560849967804
0.6477990041874128,0.9993560849967804
0.6479865002812442,0.9993560849967804
0.6480698318785025,0.9993560849967804
0.6482364950730193,0.9993560849967804
0.6482989937709631,0.9993560849967804
0.6484239911668507,0.9993560849967804
0.6484864898647945,0.9993560849967804
0.6485281556634237,0.9993560849967804
0.6485906543613674,0.9993560849967804
0.6486323201599966,0.9993560849967804
0.649340638736693,0.9993560849967804
0.6493823045353222,0.9993560849967804
0.6494656361325806,0.9993560849967804
0.6495489677298389,0.9993560849967804
0.6495698006291536,0.9993560849967804
0.6496322993270973,0.9993560849967804
0.6496947980250412,0.9993560849967804
0.6497781296222995,0.9993560849967804
0.6498197954209287,0.9993560849967804
0.6498822941188725,0.9993560849967804
0.6499031270181871,0.9993560849967804
0.6499447928168163,0.9993560849967804
0.650069790212704,0.9993560849967804
0.6501114560113331,0.9993560849967804
0.6502364534072207,0.9993560849967804
0.6502572863065352,0.9993560849967804
0.6502989521051645,0.9993560849967804
0.6503197850044791,0.9993560849967804
0.6504447824003666,0.9993560849967804
0.6504864481989958,0.9993560849967804
0.6505697797962543,0.9993560849967804
0.6507156100914564,0.9993560849967804
0.6508822732859733,0.9993560849967804
0.6509239390846024,0.9993560849967804
0.651361429970209,0.9993560849967804
0.6514030957688381,0.9993560849967804
0.6514239286681528,0.9993560849967804
0.651465594466782,0.9993560849967804
0.6514864273660965,0.9993560849967804
0.6515280931647257,0.9993560849967804
0.6515905918626695,0.9993560849967804
0.6516322576612987,0.9993560849967804
0.6519030853523885,0.9993560849967804
0.6519447511510177,0.9993560849967804
0.6519864169496469,0.9993560849967804
0.6521530801441636,0.9993560849967804
0.6522155788421075,0.9993560849967804
0.6522572446407366,0.9993560849967804
0.652444740734568,0.9993560849967804
0.6524655736338826,0.9993560849967804
0.6525280723318264,0.9993560849967804
0.6525697381304556,0.9993560849967804
0.6526114039290848,0.9993560849967804
0.6526322368283994,0.9993560849967804
0.6526739026270286,0.9993560849967804
0.6527155684256578,0.9993560849967804
0.652757234224287,0.9993560849967804
0.6530072290160621,0.9993560849967804
0.653069727714006,0.9993560849967804
0.6531322264119498,0.9993560849967804
0.6532572238078374,0.9993560849967804
0.6534238870023541,0.9993560849967804
0.6536113830961855,0.9993560849967804
0.6536738817941293,0.9993560849967804
0.6536947146934439,0.9993560849967804
0.6539030436865899,0.9993560849967804
0.6539863752838483,0.9993560849967804
0.6540072081831628,0.9993560849967804
0.654048873981792,0.9993560849967804
0.6541738713776797,0.9993560849967804
0.6542155371763089,0.9993560849967804
0.6542988687735672,0.9993560849967804
0.6543405345721964,0.9993560849967804
0.6545280306660278,0.9993560849967804
0.6545905293639716,0.9993560849967804
0.6546321951626007,0.9993560849967804
0.6546738609612299,0.9993560849967804
0.6546946938605446,0.9993560849967804
0.654778025457803,0.9993560849967804
0.6548405241557468,0.9993560849967804
0.6550071873502635,0.9993560849967804
0.6550280202495782,0.9993560849967804
0.6550696860482074,0.9993560849967804
0.6551738505447803,0.9993560849967804
0.655298847940668,0.9993560849967804
0.6554863440344992,0.9993560849967804
0.6555071769338139,0.9993560849967804
0.6555696756317577,0.9993560849967804
0.6555905085310723,0.9993560849967804
0.6556321743297014,0.9993560849967804
0.6557155059269598,0.9993560849967804
0.655757171725589,0.9993560849967804
0.6557780046249037,0.9993560849967804
0.6558405033228475,0.9993560849967804
0.655861336222162,0.9993560849967804
0.6559030020207912,0.9993560849967804
0.6560488323159934,0.9993560849967804
0.6560904981146226,0.9993560849967804
0.656173829711881,0.9993560849967804
0.6562988271077685,0.9993560849967804
0.6563613258057124,0.9993560849967804
0.6564029916043416,0.9993560849967804
0.6564446574029708,0.9993560849967804
0.6565696547988583,0.9993560849967804
0.6566738192954313,0.9993560849967804
0.6569654798858358,0.9993560849967804
0.6570071456844649,0.9993560849967804
0.6570488114830941,0.9993560849967804
0.6571738088789817,0.9993560849967804
0.6572571404762401,0.9993560849967804
0.6574446365700715,0.9993560849967804
0.6575279681673298,0.9993560849967804
0.6576529655632174,0.9993560849967804
0.6577571300597904,0.9993560849967804
0.6578196287577343,0.9993560849967804
0.6578404616570488,0.9993560849967804
0.6581946209453969,0.9993560849967804
0.6582154538447116,0.9993560849967804
0.6582571196433408,0.9993560849967804
0.6582779525426553,0.9993560849967804
0.6583612841399138,0.9993560849967804
0.6585071144351159,0.9993560849967804
0.6585279473344305,0.9993560849967804
0.6586112789316889,0.9993560849967804
0.6587987750255203,0.9993560849967804
0.6588404408241495,0.9993560849967804
0.6588612737234641,0.9993560849967804
0.6589029395220933,0.9993560849967804
0.6589654382200371,0.9993560849967804
0.6590071040186662,0.9993560849967804
0.6590696027166101,0.9993560849967804
0.6591112685152393,0.9993560849967804
0.6591737672131831,0.9993560849967804
0.6592570988104415,0.9993560849967804
0.6593404304076999,0.9993560849967804
0.6594445949042729,0.9993560849967804
0.6594654278035874,0.9993560849967804
0.6596112580987896,0.9993560849967804
0.6597570883939918,0.9993560849967804
0.659798754192621,0.9993560849967804
0.6598612528905647,0.9993560849967804
0.6599029186891939,0.9993560849967804
0.6600279160850816,0.9993560849967804
0.6600904147830253,0.9993560849967804
0.6601529134809692,0.9993560849967804
0.6601945792795983,0.9993560849967804
0.6602570779775422,0.9993560849967804
0.6603195766754859,0.9993560849967804
0.6603612424741151,0.9993560849967804
0.6604029082727443,0.9993560849967804
0.6605070727693173,0.9993560849967804
0.6606112372658903,0.9993560849967804
0.6606529030645195,0.9993560849967804
0.6608195662590363,0.9993560849967804
0.6610070623528677,0.9993560849967804
0.6610487281514968,0.9993560849967804
0.6611112268494407,0.9993560849967804
0.6611737255473844,0.9993560849967804
0.6612570571446428,0.9993560849967804
0.661298722943272,0.9993560849967804
0.6614237203391596,0.9993560849967804
0.6614862190371034,0.9993560849967804
0.6615278848357325,0.9993560849967804
0.661611216432991,0.9993560849967804
0.6616320493323056,0.9993560849967804
0.661715380929564,0.9993560849967804
0.661819545426137,0.9993560849967804
0.6618612112247662,0.9993560849967804
0.6619028770233953,0.9993560849967804
0.6619862086206537,0.9993560849967804
0.6620278744192829,0.9993560849967804
0.6621112060165413,0.9993560849967804
0.6621945376137998,0.9993560849967804
0.662236203412429,0.9993560849967804
0.6623403679090019,0.9993560849967804
0.662382033707631,0.9993560849967804
0.6624236995062602,0.9993560849967804
0.6624861982042041,0.9993560849967804
0.6625278640028333,0.9993560849967804
0.6626320284994063,0.9993560849967804
0.66269452719735,0.9993560849967804
0.6627361929959793,0.9993560849967804
0.6627778587946085,0.9993560849967804
0.6628195245932377,0.9993560849967804
0.6629445219891252,0.9993560849967804
0.6629861877877544,0.9993560849967804
0.6630695193850128,0.9993560849967804
0.663319514176788,0.9993560849967804
0.6633820128747318,0.9993560849967804
0.6634236786733609,0.9993560849967804
0.6635070102706193,0.9993560849967804
0.6635486760692486,0.9993560849967804
0.6636111747671923,0.9993560849967804
0.6636528405658215,0.9993560849967804
0.6637570050623945,0.9993560849967804
0.6638611695589676,0.9993560849967804
0.6639236682569113,0.9993560849967804
0.6639445011562259,0.9993560849967804
0.6641111643507427,0.9993560849967804
0.6641944959480011,0.9993560849967804
0.6642778275452594,0.9993560849967804
0.6642986604445741,0.9993560849967804
0.6643403262432033,0.9993560849967804
0.6643611591425178,0.9993560849967804
0.6644444907397763,0.9993560849967804
0.6648403158267536,0.9993560849967804
0.6648819816253828,0.9993560849967804
0.6650486448198996,0.9993560849967804
0.6650694777192142,0.9993560849967804
0.6651111435178434,0.9993560849967804
0.6651319764171579,0.9993560849967804
0.6651736422157871,0.9993560849967804
0.6651944751151018,0.9993560849967804
0.6653194725109893,0.9993560849967804
0.665340305410304,0.9993560849967804
0.6654236370075624,0.9993560849967804
0.6654861357055062,0.9993560849967804
0.6655694673027646,0.9993560849967804
0.6656319660007083,0.9993560849967804
0.6656944646986521,0.9993560849967804
0.6657361304972813,0.9993560849967804
0.6658402949938543,0.9993560849967804
0.6658819607924835,0.9993560849967804
0.6659236265911127,0.9993560849967804
0.6659861252890564,0.9993560849967804
0.6660694568863149,0.9993560849967804
0.6661111226849441,0.9993560849967804
0.6662569529801462,0.9993560849967804
0.6664861148726068,0.9993560849967804
0.666527780671236,0.9993560849967804
0.666736109664382,0.9993560849967804
0.6667569425636966,0.9993560849967804
0.6668402741609549,0.9993560849967804
0.6668611070602696,0.9993560849967804
0.666944438657528,0.9993560849967804
0.6670069373554718,0.9993560849967804
0.6670902689527302,0.9993560849967804
0.6671319347513593,0.9993560849967804
0.6671944334493032,0.9993560849967804
0.6672360992479324,0.9993560849967804
0.6675069269390221,0.9993560849967804
0.6675902585362805,0.9993560849967804
0.6677152559321681,0.9993560849967804
0.6677360888314827,0.9993560849967804
0.6679027520259995,0.9993560849967804
0.6679444178246287,0.9993560849967804
0.6679860836232578,0.9993560849967804
0.6680069165225725,0.9993560849967804
0.6680485823212017,0.9993560849967804
0.6680694152205162,0.9993560849967804
0.6681110810191454,0.9993560849967804
0.6681527468177746,0.9993560849967804
0.6681944126164038,0.9993560849967804
0.6684652403074935,0.9993560849967804
0.6685277390054374,0.9993560849967804
0.6685694048040666,0.9993560849967804
0.6686319035020104,0.9993560849967804
0.6686527364013249,0.9993560849967804
0.6687152350992688,0.9993560849967804
0.668861065394471,0.9993560849967804
0.6689235640924147,0.9993560849967804
0.6689652298910439,0.9993560849967804
0.6690485614883023,0.9993560849967804
0.6690902272869316,0.9993560849967804
0.6691318930855608,0.9993560849967804
0.66917355888419,0.9993560849967804
0.6692152246828191,0.9993560849967804
0.6692985562800775,0.9993560849967804
0.6693402220787067,0.9993560849967804
0.6693818878773359,0.9993560849967804
0.6694235536759651,0.9993560849967804
0.6694443865752797,0.9993560849967804
0.6694860523739089,0.9993560849967804
0.6695068852732234,0.9993560849967804
0.6695693839711673,0.9993560849967804
0.6696943813670548,0.9993560849967804
0.6698193787629424,0.9993560849967804
0.6699235432595154,0.9993560849967804
0.6700277077560884,0.9993560849967804
0.6700693735547176,0.9993560849967804
0.6710276869231891,0.9993560849967804
0.6710901856211329,0.9993560849967804
0.6712151830170204,0.9993560849967804
0.6712568488156496,0.9993560849967804
0.6712985146142789,0.9993560849967804
0.6713818462115373,0.9993560849967804
0.6714026791108518,0.9993560849967804
0.671444344909481,0.9993560849967804
0.6714651778087957,0.9993560849967804
0.6715068436074249,0.9993560849967804
0.6715276765067394,0.9993560849967804
0.6732776400491657,0.9993560849967804
0.6733193058477949,0.9993560849967804
0.6733401387471094,0.9993560849967804
0.6733818045457386,0.9993560849967804
0.6734026374450532,0.9993560849967804
0.6734443032436824,0.9993560849967804
0.6735276348409408,0.9993560849967804
0.6736317993375138,0.9993560849967804
0.6737567967334014,0.9993560849967804
0.673881794129289,0.9993560849967804
0.673985958625862,0.9993560849967804
0.6741734547196934,0.9993560849967804
0.6742776192162663,0.9993560849967804
0.6743192850148956,0.9993560849967804
0.6744234495114685,0.9993560849967804
0.6744859482094123,0.9993560849967804
0.6746109456052999,0.9993560849967804
0.6746942772025583,0.9993560849967804
0.6747359430011874,0.9993560849967804
0.6748192745984458,0.9993560849967804
0.6748817732963897,0.9993560849967804
0.6749859377929627,0.9993560849967804
0.675069269390221,0.9993560849967804
0.6752359325847378,0.9993560849967804
0.6755275931751422,0.9993560849967804
0.6756317576717151,0.9993560849967804
0.6759650840607487,0.9993560849967804
0.6759859169600634,0.9993560849967804
0.6760275827586926,0.9993560849967804
0.6761734130538947,0.9993560849967804
0.6763400762484115,0.9993560849967804
0.6765484052415575,0.9993560849967804
0.6766109039395013,0.9993560849967804
0.6766942355367597,0.9993560849967804
0.6767984000333327,0.9993560849967804
0.6768817316305911,0.9993560849967804
0.6769025645299056,0.9993560849967804
0.6769442303285348,0.9993560849967804
0.6770067290264786,0.9993560849967804
0.677090060623737,0.9993560849967804
0.6771108935230516,0.9993560849967804
0.67719422512031,0.9993560849967804
0.6773192225161976,0.9993560849967804
0.6773608883148268,0.9993560849967804
0.6774233870127706,0.9993560849967804
0.6774650528113998,0.9993560849967804
0.6775483844086582,0.9993560849967804
0.6775692173079727,0.9993560849967804
0.6776317160059165,0.9993560849967804
0.6776733818045457,0.9993560849967804
0.6777775463011187,0.9993560849967804
0.6779442094956355,0.9993560849967804
0.6780692068915231,0.9993560849967804
0.6782150371867253,0.9993560849967804
0.6782983687839836,0.9993560849967804
0.6783192016832983,0.9993560849967804
0.6783608674819275,0.9993560849967804
0.6784441990791859,0.9993560849967804
0.6785691964750734,0.9993560849967804
0.6786525280723318,0.9993560849967804
0.6787566925689048,0.9993560849967804
0.6788400241661632,0.9993560849967804
0.6788816899647924,0.9993560849967804
0.6789441886627362,0.9993560849967804
0.6789858544613654,0.9993560849967804
0.6790275202599946,0.9993560849967804
0.6790691860586238,0.9993560849967804
0.6791941834545113,0.9993560849967804
0.6792358492531405,0.9993560849967804
0.6792775150517698,0.9993560849967804
0.6794441782462866,0.9993560849967804
0.6794858440449157,0.9993560849967804
0.6795483427428596,0.9993560849967804
0.6796525072394325,0.9993560849967804
0.6797566717360055,0.9993560849967804
0.6798191704339492,0.9993560849967804
0.6800483323264098,0.9993560849967804
0.6800691652257245,0.9993560849967804
0.6801108310243537,0.9993560849967804
0.680194162621612,0.9993560849967804
0.6802358284202412,0.9993560849967804
0.6803608258161288,0.9993560849967804
0.6804024916147581,0.9993560849967804
0.6804649903127018,0.9993560849967804
0.6805274890106456,0.9993560849967804
0.6805691548092748,0.9993560849967804
0.6806316535072185,0.9993560849967804
0.6807358180037916,0.9993560849967804
0.6807566509031062,0.9993560849967804
0.6808191496010499,0.9993560849967804
0.6808399825003646,0.9993560849967804
0.6814858023791172,0.9993560849967804
0.6815274681777463,0.9993560849967804
0.6815691339763755,0.9993560849967804
0.6816524655736339,0.9993560849967804
0.6816732984729484,0.9993560849967804
0.6817566300702069,0.9993560849967804
0.6817774629695215,0.9993560849967804
0.6818191287681507,0.9993560849967804
0.6818607945667798,0.9993560849967804
0.6819232932647237,0.9993560849967804
0.6819857919626674,0.9993560849967804
0.6820274577612966,0.9993560849967804
0.6821732880564988,0.9993560849967804
0.6822357867544426,0.9993560849967804
0.6822566196537572,0.9993560849967804
0.682319118351701,0.9993560849967804
0.6823607841503302,0.9993560849967804
0.6824857815462178,0.9993560849967804
0.6825274473448469,0.9993560849967804
0.6825691131434761,0.9993560849967804
0.6826107789421054,0.9993560849967804
0.6826524447407346,0.9993560849967804
0.6828399408345659,0.9993560849967804
0.6829441053311389,0.9993560849967804
0.6829649382304536,0.9993560849967804
0.6830274369283973,0.9993560849967804
0.6830691027270265,0.9993560849967804
0.6832357659215433,0.9993560849967804
0.6832565988208579,0.9993560849967804
0.6832982646194871,0.9993560849967804
0.6833607633174309,0.9993560849967804
0.6834024291160601,0.9993560849967804
0.6834232620153747,0.9993560849967804
0.6835690923105768,0.9993560849967804
0.6836315910085207,0.9993560849967804
0.683714922605779,0.9993560849967804
0.6837357555050937,0.9993560849967804
0.683923251598925,0.9993560849967804
0.6839440844982396,0.9993560849967804
0.6839857502968688,0.9993560849967804
0.6841107476927564,0.9993560849967804
0.6842774108872732,0.9993560849967804
0.684339909585217,0.9993560849967804
0.6843815753838461,0.9993560849967804
0.6844024082831608,0.9993560849967804
0.6844649069811045,0.9993560849967804
0.6845065727797337,0.9993560849967804
0.684548238578363,0.9993560849967804
0.6845899043769922,0.9993560849967804
0.6846524030749359,0.9993560849967804
0.6847357346721943,0.9993560849967804
0.6847774004708235,0.9993560849967804
0.6848190662694528,0.9993560849967804
0.685006562363284,0.9993560849967804
0.6851523926584863,0.9993560849967804
0.6852148913564301,0.9993560849967804
0.6853607216516323,0.9993560849967804
0.6854648861482052,0.9993560849967804
0.6855273848461491,0.9993560849967804
0.6855690506447782,0.9993560849967804
0.6856107164434074,0.9993560849967804
0.6858607112351826,0.9993560849967804
0.6859023770338118,0.9993560849967804
0.685944042832441,0.9993560849967804
0.686048207329014,0.9993560849967804
0.6860690402283286,0.9993560849967804
0.6861107060269578,0.9993560849967804
0.6861315389262723,0.9993560849967804
0.6861732047249016,0.9993560849967804
0.6862148705235308,0.9993560849967804
0.6862982021207892,0.9993560849967804
0.6864023666173621,0.9993560849967804
0.6864856982146206,0.9993560849967804
0.6865065311139351,0.9993560849967804
0.686569029811879,0.9993560849967804
0.6866731943084519,0.9993560849967804
0.6866940272077665,0.9993560849967804
0.6867565259057103,0.9993560849967804
0.6868606904022833,0.9993560849967804
0.6869023562009124,0.9993560849967804
0.687235682589946,0.9993560849967804
0.6872773483885752,0.9993560849967804
0.6873190141872044,0.9993560849967804
0.6874648444824066,0.9993560849967804
0.6875065102810358,0.9993560849967804
0.6875690089789797,0.9993560849967804
0.6877148392741818,0.9993560849967804
0.6877356721734964,0.9993560849967804
0.6877773379721256,0.9993560849967804
0.6877981708714401,0.9993560849967804
0.6878815024686986,0.9993560849967804
0.6879231682673278,0.9993560849967804
0.687964834065957,0.9993560849967804
0.6881106643611592,0.9993560849967804
0.6882564946563613,0.9993560849967804
0.6884231578508782,0.9993560849967804
0.6884648236495073,0.9993560849967804
0.6888189829378555,0.9993560849967804
0.6888606487364847,0.9993560849967804
0.6890273119310014,0.9993560849967804
0.6890689777296306,0.9993560849967804
0.6891314764275744,0.9993560849967804
0.6891731422262036,0.9993560849967804
0.6893189725214058,0.9993560849967804
0.6894439699172934,0.9993560849967804
0.6894856357159226,0.9993560849967804
0.6895273015145518,0.9993560849967804
0.6896314660111248,0.9993560849967804
0.689673131809754,0.9993560849967804
0.6896939647090685,0.9993560849967804
0.6898814608028999,0.9993560849967804
0.6899647924001583,0.9993560849967804
0.6900064581987875,0.9993560849967804
0.6900689568967313,0.9993560849967804
0.6904231161850795,0.9993560849967804
0.6905064477823378,0.9993560849967804
0.690548113580967,0.9993560849967804
0.6905689464802817,0.9993560849967804
0.6906939438761692,0.9993560849967804
0.6907147767754839,0.9993560849967804
0.6907564425741131,0.9993560849967804
0.6908189412720568,0.9993560849967804
0.6909022728693153,0.9993560849967804
0.6909231057686298,0.9993560849967804
0.6909856044665736,0.9993560849967804
0.6910064373658882,0.9993560849967804
0.6911522676610904,0.9993560849967804
0.6912147663590342,0.9993560849967804
0.6912564321576634,0.9993560849967804
0.6913189308556071,0.9993560849967804
0.6913605966542363,0.9993560849967804
0.6914439282514948,0.9993560849967804
0.691485594050124,0.9993560849967804
0.6916314243453261,0.9993560849967804
0.6916730901439553,0.9993560849967804
0.6917355888418991,0.9993560849967804
0.6920064165329889,0.9993560849967804
0.6920689152309327,0.9993560849967804
0.6921314139288764,0.9993560849967804
0.6922147455261348,0.9993560849967804
0.6922980771233933,0.9993560849967804
0.692360575821337,0.9993560849967804
0.6924230745192809,0.9993560849967804
0.6924855732172246,0.9993560849967804
0.6925064061165392,0.9993560849967804
0.6925689048144831,0.9993560849967804
0.6926105706131123,0.9993560849967804
0.6926522364117415,0.9993560849967804
0.692673069311056,0.9993560849967804
0.6927980667069437,0.9993560849967804
0.692881398304202,0.9993560849967804
0.6929230641028312,0.9993560849967804
0.6929647299014604,0.9993560849967804
0.6931105601966626,0.9993560849967804
0.693193891793921,0.9993560849967804
0.6932355575925502,0.9993560849967804
0.6933188891898086,0.9993560849967804
0.6934647194850108,0.9993560849967804
0.6935480510822691,0.9993560849967804
0.6936313826795275,0.9993560849967804
0.6937147142767859,0.9993560849967804
0.6938813774713026,0.9993560849967804
0.6939022103706173,0.9993560849967804
0.6939438761692465,0.9993560849967804
0.6939647090685611,0.9993560849967804
0.6940063748671903,0.9993560849967804
0.6940480406658195,0.9993560849967804
0.6941105393637632,0.9993560849967804
0.6941938709610217,0.9993560849967804
0.6942355367596509,0.9993560849967804
0.6943188683569093,0.9993560849967804
0.6943605341555384,0.9993560849967804
0.6944230328534822,0.9993560849967804
0.6945271973500552,0.9993560849967804
0.6946105289473136,0.9993560849967804
0.6946938605445719,0.9993560849967804
0.6947146934438866,0.9993560849967804
0.6947771921418304,0.9993560849967804
0.694798025041145,0.9993560849967804
0.6949646882356617,0.9993560849967804
0.6949855211349764,0.9993560849967804
0.6950271869336055,0.9993560849967804
0.6951730172288078,0.9993560849967804
0.6952980146246953,0.9993560849967804
0.69531884752401,0.9993560849967804
0.6953813462219537,0.9993560849967804
0.6957146726109873,0.9993560849967804
0.6957563384096165,0.9993560849967804
0.6958188371075602,0.9993560849967804
0.6958605029061895,0.9993560849967804
0.6959646674027624,0.9993560849967804
0.6960479990000208,0.9993560849967804
0.6961104976979646,0.9993560849967804
0.696193829295223,0.9993560849967804
0.6963604924897397,0.9993560849967804
0.6964854898856274,0.9993560849967804
0.6965271556842566,0.9993560849967804
0.6965479885835711,0.9993560849967804
0.6965896543822003,0.9993560849967804
0.696610487281515,0.9993560849967804
0.6966521530801442,0.9993560849967804
0.6966729859794588,0.9993560849967804
0.696714651778088,0.9993560849967804
0.6968188162746609,0.9993560849967804
0.6969229807712339,0.9993560849967804
0.6970063123684923,0.9993560849967804
0.6970479781671215,0.9993560849967804
0.6970896439657507,0.9993560849967804
0.6972146413616384,0.9993560849967804
0.6972771400595821,0.9993560849967804
0.6973604716568405,0.9993560849967804
0.6973813045561551,0.9993560849967804
0.6974646361534135,0.9993560849967804
0.6976104664486157,0.9993560849967804
0.6976521322472449,0.9993560849967804
0.6976937980458741,0.9993560849967804
0.6981937876294244,0.9993560849967804
0.698214620528739,0.9993560849967804
0.6982771192266828,0.9993560849967804
0.6983396179246266,0.9993560849967804
0.6983812837232558,0.9993560849967804
0.6985062811191434,0.9993560849967804
0.6985271140184579,0.9993560849967804
0.6985687798170871,0.9993560849967804
0.6986104456157164,0.9993560849967804
0.6986521114143456,0.9993560849967804
0.6987146101122893,0.9993560849967804
0.6987562759109185,0.9993560849967804
0.6987771088102331,0.9993560849967804
0.6988812733068062,0.9993560849967804
0.6989437720047499,0.9993560849967804
0.6990062707026937,0.9993560849967804
0.6990479365013229,0.9993560849967804
0.6990896022999521,0.9993560849967804
0.6991312680985813,0.9993560849967804
0.6995062602862441,0.9993560849967804
0.6995479260848733,0.9993560849967804
0.699610424782817,0.9993560849967804
0.6996520905814462,0.9993560849967804
0.6997562550780192,0.9993560849967804
0.6999229182725359,0.9993560849967804
0.6999437511718506,0.9993560849967804
0.7001104143663673,0.9993560849967804
0.7001520801649965,0.9993560849967804
0.7002145788629404,0.9993560849967804
0.7002979104601987,0.9993560849967804
0.700443740755401,0.9993560849967804
0.7004854065540301,0.9993560849967804
0.7005062394533447,0.9993560849967804
0.700547905251974,0.9993560849967804
0.7006104039499177,0.9993560849967804
0.7006729026478615,0.9993560849967804
0.7007145684464907,0.9993560849967804
0.7007562342451199,0.9993560849967804
0.7007770671444344,0.9993560849967804
0.7008395658423783,0.9993560849967804
0.7008812316410075,0.9993560849967804
0.7009020645403221,0.9993560849967804
0.7009437303389513,0.9993560849967804
0.7009645632382658,0.9993560849967804
0.701006229036895,0.9993560849967804
0.7010895606341535,0.9993560849967804
0.7011520593320972,0.9993560849967804
0.7012353909293556,0.9993560849967804
0.701318722526614,0.9993560849967804
0.7013812212245578,0.9993560849967804
0.701422887023187,0.9993560849967804
0.7015062186204454,0.9993560849967804
0.70152705151976,0.9993560849967804
0.7015687173183892,0.9993560849967804
0.701631216016333,0.9993560849967804
0.7016937147142768,0.9993560849967804
0.701735380512906,0.9993560849967804
0.7017978792108498,0.9993560849967804
0.7018603779087935,0.9993560849967804
0.7019645424053665,0.9993560849967804
0.7019853753046812,0.9993560849967804
0.7020895398012541,0.9993560849967804
0.7022770358950855,0.9993560849967804
0.7023187016937147,0.9993560849967804
0.7023812003916585,0.9993560849967804
0.7024228661902877,0.9993560849967804
0.7024436990896022,0.9993560849967804
0.7025686964854899,0.9993560849967804
0.7026311951834336,0.9993560849967804
0.7026728609820628,0.9993560849967804
0.7026936938813775,0.9993560849967804
0.7027353596800067,0.9993560849967804
0.7030478531697256,0.9993560849967804
0.7030686860690403,0.9993560849967804
0.7031103518676695,0.9993560849967804
0.7031520176662986,0.9993560849967804
0.7032561821628716,0.9993560849967804
0.7033186808608154,0.9993560849967804
0.703443678256703,0.9993560849967804
0.7034853440553321,0.9993560849967804
0.7036728401491635,0.9993560849967804
0.7037145059477927,0.9993560849967804
0.7038603362429949,0.9993560849967804
0.7039020020416241,0.9993560849967804
0.703964500739568,0.9993560849967804
0.7040061665381971,0.9993560849967804
0.7040478323368263,0.9993560849967804
0.7040894981354555,0.9993560849967804
0.7042561613299723,0.9993560849967804
0.7042978271286015,0.9993560849967804
0.7044019916251745,0.9993560849967804
0.7044228245244891,0.9993560849967804
0.7044853232224328,0.9993560849967804
0.704526989021062,0.9993560849967804
0.7045478219203767,0.9993560849967804
0.7046103206183204,0.9993560849967804
0.7048603154100956,0.9993560849967804
0.7049228141080394,0.9993560849967804
0.7050061457052978,0.9993560849967804
0.705047811503927,0.9993560849967804
0.7050686444032416,0.9993560849967804
0.7052769733963876,0.9993560849967804
0.7053186391950168,0.9993560849967804
0.7053394720943313,0.9993560849967804
0.7053811378929605,0.9993560849967804
0.7054436365909044,0.9993560849967804
0.7057561300806233,0.9993560849967804
0.7059227932751401,0.9993560849967804
0.7059852919730839,0.9993560849967804
0.7060269577717131,0.9993560849967804
0.7061102893689715,0.9993560849967804
0.7061727880669153,0.9993560849967804
0.7062144538655445,0.9993560849967804
0.706235286764859,0.9993560849967804
0.7062769525634882,0.9993560849967804
0.7063811170600612,0.9993560849967804
0.7064436157580051,0.9993560849967804
0.7064852815566343,0.9993560849967804
0.7065269473552634,0.9993560849967804
0.7066102789525218,0.9993560849967804
0.7066311118518365,0.9993560849967804
0.7067144434490948,0.9993560849967804
0.707172767234016,0.9993560849967804
0.7071936001333305,0.9993560849967804
0.7072352659319597,0.9993560849967804
0.7072977646299036,0.9993560849967804
0.7073602633278473,0.9993560849967804
0.7074019291264765,0.9993560849967804
0.7074227620257911,0.9993560849967804
0.7074644278244203,0.9993560849967804
0.707485260723735,0.9993560849967804
0.7076310910189371,0.9993560849967804
0.7076727568175663,0.9993560849967804
0.7077560884148247,0.9993560849967804
0.7077977542134539,0.9993560849967804
0.7078394200120831,0.9993560849967804
0.7078810858107123,0.9993560849967804
0.7079644174079707,0.9993560849967804
0.7079852503072853,0.9993560849967804
0.708047749005229,0.9993560849967804
0.7080894148038582,0.9993560849967804
0.7082769108976896,0.9993560849967804
0.7083394095956335,0.9993560849967804
0.7084435740922064,0.9993560849967804
0.708464406991521,0.9993560849967804
0.7085269056894647,0.9993560849967804
0.7085477385887794,0.9993560849967804
0.7086310701860378,0.9993560849967804
0.708672735984667,0.9993560849967804
0.7087144017832961,0.9993560849967804
0.7088185662798692,0.9993560849967804
0.708881064977813,0.9993560849967804
0.7089227307764422,0.9993560849967804
0.7089852294743859,0.9993560849967804
0.7090268952730151,0.9993560849967804
0.7092143913668465,0.9993560849967804
0.7092352242661611,0.9993560849967804
0.7092977229641049,0.9993560849967804
0.7093185558634195,0.9993560849967804
0.7093810545613634,0.9993560849967804
0.7094018874606779,0.9993560849967804
0.7094435532593071,0.9993560849967804
0.7094852190579363,0.9993560849967804
0.7095477177558801,0.9993560849967804
0.7095685506551946,0.9993560849967804
0.709756046749026,0.9993560849967804
0.7100060415408013,0.9993560849967804
0.710172704735318,0.9993560849967804
0.7101935376346327,0.9993560849967804
0.7107768588154414,0.9993560849967804
0.7107976917147559,0.9993560849967804
0.7110476865065312,0.9993560849967804
0.7110685194058457,0.9993560849967804
0.7111935168017333,0.9993560849967804
0.7112351826003624,0.9993560849967804
0.7113393470969355,0.9993560849967804
0.7113810128955647,0.9993560849967804
0.7114435115935085,0.9993560849967804
0.7114851773921377,0.9993560849967804
0.711568508989396,0.9993560849967804
0.7116101747880252,0.9993560849967804
0.7116518405866544,0.9993560849967804
0.7119643340763734,0.9993560849967804
0.711985166975688,0.9993560849967804
0.7121309972708902,0.9993560849967804
0.7121518301702048,0.9993560849967804
0.7122143288681486,0.9993560849967804
0.712297660465407,0.9993560849967804
0.7124851565592384,0.9993560849967804
0.7125268223578676,0.9993560849967804
0.7125684881564968,0.9993560849967804
0.712714318451699,0.9993560849967804
0.7127768171496427,0.9993560849967804
0.7128184829482719,0.9993560849967804
0.7128809816462157,0.9993560849967804
0.7129226474448449,0.9993560849967804
0.7133184725318222,0.9993560849967804
0.7133393054311369,0.9993560849967804
0.7134226370283953,0.9993560849967804
0.7136101331222267,0.9993560849967804
0.7136309660215412,0.9993560849967804
0.7136726318201704,0.9993560849967804
0.713693464719485,0.9993560849967804
0.7138184621153726,0.9993560849967804
0.7138392950146872,0.9993560849967804
0.7138809608133164,0.9993560849967804
0.713901793712631,0.9993560849967804
0.7139642924105748,0.9993560849967804
0.7139851253098893,0.9993560849967804
0.7140267911085185,0.9993560849967804
0.7141309556050915,0.9993560849967804
0.7141934543030354,0.9993560849967804
0.7142351201016646,0.9993560849967804
0.7142559530009791,0.9993560849967804
0.7143184516989229,0.9993560849967804
0.7143601174975521,0.9993560849967804
0.714422616195496,0.9993560849967804
0.7145059477927543,0.9993560849967804
0.7145684464906981,0.9993560849967804
0.7146726109872711,0.9993560849967804
0.7147976083831586,0.9993560849967804
0.7148809399804171,0.9993560849967804
0.715818420449574,0.9993560849967804
0.7158392533488885,0.9993560849967804
0.7158809191475177,0.9993560849967804
0.7160267494427199,0.9993560849967804
0.7161100810399783,0.9993560849967804
0.7161725797379221,0.9993560849967804
0.7162975771338097,0.9993560849967804
0.7163184100331244,0.9993560849967804
0.7164017416303827,0.9993560849967804
0.7164225745296973,0.9993560849967804
0.7166100706235287,0.9993560849967804
0.7166725693214725,0.9993560849967804
0.7167142351201017,0.9993560849967804
0.7167559009187309,0.9993560849967804
0.7167975667173601,0.9993560849967804
0.7168183996166747,0.9993560849967804
0.717005895710506,0.9993560849967804
0.7170683944084498,0.9993560849967804
0.7171517260057082,0.9993560849967804
0.7171725589050228,0.9993560849967804
0.7173808878981688,0.9993560849967804
0.7174017207974834,0.9993560849967804
0.7174433865961126,0.9993560849967804
0.7174642194954272,0.9993560849967804
0.7176933813878877,0.9993560849967804
0.7177767129851461,0.9993560849967804
0.7177975458844608,0.9993560849967804
0.7183600341659548,0.9993560849967804
0.7183808670652695,0.9993560849967804
0.7184641986625279,0.9993560849967804
0.7185475302597862,0.9993560849967804
0.7185891960584154,0.9993560849967804
0.7186933605549884,0.9993560849967804
0.7188600237495052,0.9993560849967804
0.7192766817357972,0.9993560849967804
0.719339180433741,0.9993560849967804
0.7194016791316847,0.9993560849967804
0.7194641778296286,0.9993560849967804
0.7196100081248308,0.9993560849967804
0.7196308410241453,0.9993560849967804
0.7197766713193475,0.9993560849967804
0.7198183371179767,0.9993560849967804
0.7198600029166059,0.9993560849967804
0.7199433345138643,0.9993560849967804
0.7199850003124935,0.9993560849967804
0.7200266661111226,0.9993560849967804
0.720109997708381,0.9993560849967804
0.7201933293056395,0.9993560849967804
0.7202349951042687,0.9993560849967804
0.7203183267015271,0.9993560849967804
0.7203599925001563,0.9993560849967804
0.7205891543926168,0.9993560849967804
0.7207766504864482,0.9993560849967804
0.7207974833857628,0.9993560849967804
0.720839149184392,0.9993560849967804
0.7252140580404575,0.9993560849967804
0.7252765567384013,0.9993560849967804
0.7253182225370305,0.9993560849967804
0.7253807212349743,0.9993560849967804
0.7254223870336035,0.9993560849967804
0.7255265515301764,0.9993560849967804
0.7255682173288056,0.9993560849967804
0.7256515489260641,0.9993560849967804
0.7256723818253786,0.9993560849967804
0.7257348805233225,0.9993560849967804
0.7258807108185246,0.9993560849967804
0.7259848753150976,0.9993560849967804
0.7261515385096143,0.9993560849967804
0.7262140372075582,0.9993560849967804
0.726276535905502,0.9993560849967804
0.7263182017041312,0.9993560849967804
0.7263807004020749,0.9993560849967804
0.7264431991000188,0.9993560849967804
0.7264848648986479,0.9993560849967804
0.726589029395221,0.9993560849967804
0.7267556925897377,0.9993560849967804
0.7268390241869961,0.9993560849967804
0.7268806899856253,0.9993560849967804
0.7269223557842545,0.9993560849967804
0.7271098518780859,0.9993560849967804
0.727151517676715,0.9993560849967804
0.727568175663007,0.9993560849967804
0.7275890085623217,0.9993560849967804
0.7276931730588946,0.9993560849967804
0.7278181704547821,0.9993560849967804
0.7278390033540968,0.9993560849967804
0.727880669152726,0.9993560849967804
0.7280473323472427,0.9993560849967804
0.7281723297431304,0.9993560849967804
0.7282556613403888,0.9993560849967804
0.7283389929376471,0.9993560849967804
0.7284014916355909,0.9993560849967804
0.7284431574342202,0.9993560849967804
0.7284639903335347,0.9993560849967804
0.7285056561321639,0.9993560849967804
0.7285681548301077,0.9993560849967804
0.7286514864273661,0.9993560849967804
0.7286931522259953,0.9993560849967804
0.7287764838232537,0.9993560849967804
0.7288389825211975,0.9993560849967804
0.7289223141184559,0.9993560849967804
0.7289848128163997,0.9993560849967804
0.7293389721047479,0.9993560849967804
0.7294014708026916,0.9993560849967804
0.7299639590841858,0.9993560849967804
0.730005624882815,0.9993560849967804
0.7300264577821295,0.9993560849967804
0.730109789379388,0.9993560849967804
0.7301306222787025,0.9993560849967804
0.7301722880773317,0.9993560849967804
0.7302556196745901,0.9993560849967804
0.7303389512718486,0.9993560849967804
0.7303806170704777,0.9993560849967804
0.7304639486677361,0.9993560849967804
0.7305056144663653,0.9993560849967804
0.7305889460636237,0.9993560849967804
0.7306306118622529,0.9993560849967804
0.7310056040499157,0.9993560849967804
0.7310681027478594,0.9993560849967804
0.7311514343451178,0.9993560849967804
0.731193100143747,0.9993560849967804
0.7313597633382638,0.9993560849967804
0.7314639278348368,0.9993560849967804
0.7316722568279828,0.9993560849967804
0.7318597529218142,0.9993560849967804
0.7319014187204433,0.9993560849967804
0.7319847503177017,0.9993560849967804
0.7320264161163309,0.9993560849967804
0.7321097477135893,0.9993560849967804
0.7324222412033082,0.9993560849967804
0.7325055728005666,0.9993560849967804
0.7325264056998813,0.9993560849967804
0.7325680714985104,0.9993560849967804
0.7325889043978251,0.9993560849967804
0.7326305701964543,0.9993560849967804
0.732693068894398,0.9993560849967804
0.7327764004916564,0.9993560849967804
0.7328597320889149,0.9993560849967804
0.7328805649882294,0.9993560849967804
0.7329222307868586,0.9993560849967804
0.733005562384117,0.9993560849967804
0.7331722255786338,0.9993560849967804
0.7332347242765775,0.9993560849967804
0.7333180558738359,0.9993560849967804
0.7333597216724651,0.9993560849967804
0.7334013874710944,0.9993560849967804
0.7334222203704089,0.9993560849967804
0.7334638861690381,0.9993560849967804
0.7335055519676673,0.9993560849967804
0.7336722151621842,0.9993560849967804
0.7337763796587571,0.9993560849967804
0.7338388783567009,0.9993560849967804
0.7338805441553301,0.9993560849967804
0.7339222099539593,0.9993560849967804
0.7339430428532739,0.9993560849967804
0.7339847086519031,0.9993560849967804
0.7340055415512177,0.9993560849967804
0.7341722047457344,0.9993560849967804
0.7343805337388805,0.9993560849967804
0.7344221995375096,0.9993560849967804
0.7346305285306556,0.9993560849967804
0.7346513614299702,0.9993560849967804
0.7347346930272286,0.9993560849967804
0.7347971917251724,0.9993560849967804
0.7348388575238016,0.9993560849967804
0.7348805233224308,0.9993560849967804
0.73492218912106,0.9993560849967804
0.7352763484094081,0.9993560849967804
0.7353180142080373,0.9993560849967804
0.7354013458052957,0.9993560849967804
0.7356305076977563,0.9993560849967804
0.7356930063957001,0.9993560849967804
0.7357346721943293,0.9993560849967804
0.7357555050936438,0.9993560849967804
0.7358388366909022,0.9993560849967804
0.7362763275765088,0.9993560849967804
0.736317993375138,0.9993560849967804
0.7363388262744526,0.9993560849967804
0.7364846565696548,0.9993560849967804
0.7365054894689694,0.9993560849967804
0.7365679881669132,0.9993560849967804
0.736630486864857,0.9993560849967804
0.7366721526634862,0.9993560849967804
0.7377137976292161,0.9993560849967804
0.7377971292264744,0.9993560849967804
0.7378596279244183,0.9993560849967804
0.7378804608237328,0.9993560849967804
0.7379846253203058,0.9993560849967804
0.7380471240182496,0.9993560849967804
0.738130455615508,0.9993560849967804
0.7381929543134518,0.9993560849967804
0.7382554530113956,0.9993560849967804
0.7382971188100248,0.9993560849967804
0.738338784608654,0.9993560849967804
0.7384012833065978,0.9993560849967804
0.7385262807024854,0.9993560849967804
0.7385679465011146,0.9993560849967804
0.7386721109976876,0.9993560849967804
0.7387137767963168,0.9993560849967804
0.738755442594946,0.9993560849967804
0.7388179412928897,0.9993560849967804
0.7388596070915189,0.9993560849967804
0.7388804399908335,0.9993560849967804
0.7389637715880919,0.9993560849967804
0.7389846044874065,0.9993560849967804
0.7390679360846649,0.9993560849967804
0.7391304347826086,0.9993560849967804
0.739172100581238,0.9993560849967804
0.7392554321784963,0.9993560849967804
0.7392762650778109,0.9993560849967804
0.7393804295743839,0.9993560849967804
0.7394220953730131,0.9993560849967804
0.7394637611716423,0.9993560849967804
0.7395470927689006,0.9993560849967804
0.7395887585675298,0.9993560849967804
0.7396095914668445,0.9993560849967804
0.7396512572654736,0.9993560849967804
0.7399220849565634,0.9993560849967804
0.7399637507551926,0.9993560849967804
0.7400054165538218,0.9993560849967804
0.740047082352451,0.9993560849967804
0.7400887481510802,0.9993560849967804
0.740151246849024,0.9993560849967804
0.7401720797483385,0.9993560849967804
0.740463740338743,0.9993560849967804
0.7405054061373721,0.9993560849967804
0.7406929022312035,0.9993560849967804
0.7407137351305181,0.9993560849967804
0.7407554009291473,0.9993560849967804
0.7407762338284619,0.9993560849967804
0.7409428970229787,0.9993560849967804
0.7409845628216079,0.9993560849967804
0.741026228620237,0.9993560849967804
0.7410678944188662,0.9993560849967804
0.7411720589154392,0.9993560849967804
0.7412137247140684,0.9993560849967804
0.7412762234120123,0.9993560849967804
0.7413178892106415,0.9993560849967804
0.741338722109956,0.9993560849967804
0.7413803879085853,0.9993560849967804
0.7414220537072145,0.9993560849967804
0.7414637195058437,0.9993560849967804
0.7414845524051582,0.9993560849967804
0.741547051103102,0.9993560849967804
0.7416303827003604,0.9993560849967804
0.7417762129955626,0.9993560849967804
0.7419012103914502,0.9993560849967804
0.7419845419887086,0.9993560849967804
0.7420262077873377,0.9993560849967804
0.7420887064852816,0.9993560849967804
0.7421303722839108,0.9993560849967804
0.74217203808254,0.9993560849967804
0.7422970354784275,0.9993560849967804
0.7423387012770567,0.9993560849967804
0.7424220328743151,0.9993560849967804
0.7424428657736297,0.9993560849967804
0.7424428657736297,1.0
0.7424636986729443,1.0
0.7425053644715736,1.0
0.7425470302702027,1.0
0.7427970250619779,1.0
0.7428595237599217,1.0
0.7429220224578654,1.0
0.7429428553571801,1.0
0.7430261869544385,1.0
0.7430470198537531,1.0
0.7431095185516968,1.0
0.7431303514510115,1.0
0.7431720172496407,1.0
0.7431928501489552,1.0
0.7433595133434721,1.0
0.7434845107393596,1.0
0.7435261765379888,1.0
0.7435886752359326,1.0
0.743880335826337,1.0
0.7440886648194829,1.0
0.7441094977187975,1.0
0.7441511635174267,1.0
0.7442136622153706,1.0
0.7443178267119435,1.0
0.7444428241078311,1.0
0.7445886544030332,1.0
0.7447553175975501,1.0
0.7447761504968646,1.0
0.744859482094123,1.0
0.7449011478927522,1.0
0.7449428136913814,1.0
0.744963646590696,1.0
0.7450469781879544,1.0
0.7450886439865836,1.0
0.7455053019728756,1.0
0.745692798066707,1.0
0.7458594612612237,1.0
0.7459427928584821,1.0
0.7459636257577967,1.0
0.7460677902543698,1.0
0.7461094560529989,1.0
0.746255286348201,1.0
0.7462761192475157,1.0
0.7463594508447741,1.0
0.7464011166434033,1.0
0.7464427824420324,1.0
0.7464844482406616,1.0
0.74656777983792,1.0
0.7465886127372346,1.0
0.7466302785358638,1.0
0.746671944334493,1.0
0.7467552759317514,1.0
0.7468386075290098,1.0
0.746880273327639,1.0
0.7469011062269536,1.0
0.747192766817358,1.0
0.7472135997166726,1.0
0.7472552655153017,1.0
0.7473802629111893,1.0
0.7474844274077623,1.0
0.7476094248036499,1.0
0.7476510906022791,1.0
0.7477135893002229,1.0
0.7477552550988521,1.0
0.7478385866961105,1.0
0.7478594195954251,1.0
0.7479010853940543,1.0
0.747963584091998,1.0
0.7480469156892565,1.0
0.7481302472865149,1.0
0.7481510801858294,1.0
0.7481927459844586,1.0
0.7482552446824025,1.0
0.7482969104810316,1.0
0.74838024207829,1.0
0.7484219078769192,1.0
0.7485052394741776,1.0
0.7488177329638965,1.0
0.7488385658632112,1.0
0.7489218974604696,1.0
0.7490260619570426,1.0
0.749109393554301,1.0
0.7491302264536156,1.0
0.7492552238495032,1.0
0.7492968896481323,1.0
0.7493177225474469,1.0
0.7493593883460761,1.0
0.7494218870440199,1.0
0.749776046332368,1.0
0.7497968792316827,1.0
0.7498802108289411,1.0
0.7499427095268849,1.0
0.7499843753255141,1.0
0.7500468740234578,1.0
0.7501718714193454,1.0
0.7502343701172892,1.0
0.7503802004124914,1.0
0.7504218662111206,1.0
0.750609362304952,1.0
0.7506301952042665,1.0
0.7507135268015249,1.0
0.7508385241974126,1.0
0.7508593570967271,1.0
0.750921855794671,1.0
0.7509426886939855,1.0
0.7512551821837045,1.0
0.7514010124789067,1.0
0.7514426782775359,1.0
0.7515885085727381,1.0
0.7516093414720527,1.0
0.7516510072706819,1.0
0.7516926730693111,1.0
0.7517343388679403,1.0
0.7517760046665695,1.0
0.7518385033645132,1.0
0.7519218349617717,1.0
0.7519843336597154,1.0
0.7520468323576592,1.0
0.7521718297535468,1.0
0.752213495552176,1.0
0.7522759942501198,1.0
0.7523593258473782,1.0
0.7523801587466927,1.0
0.752421824545322,1.0
0.7524426574446366,1.0
0.7525468219412096,1.0
0.7526926522364118,1.0
0.752734318035041,1.0
0.7531509760213329,1.0
0.7531718089206475,1.0
0.7532968063165351,1.0
0.7533176392158497,1.0
0.7534009708131081,1.0
0.7535259682089956,1.0
0.7535884669069395,1.0
0.7536301327055687,1.0
0.7538592945980293,1.0
0.7539009603966584,1.0
0.754025957792546,1.0
0.7540676235911752,1.0
0.754130122289119,1.0
0.7541509551884336,1.0
0.7542342867856919,1.0
0.7542759525843211,1.0
0.7543176183829503,1.0
0.754442615778838,1.0
0.7545259473760964,1.0
0.7545467802754109,1.0
0.7547134434699277,1.0
0.7547342763692423,1.0
0.7547759421678715,1.0
0.7548592737651298,1.0
0.7548801066644445,1.0
0.7551717672548488,1.0
0.7552342659527926,1.0
0.7553592633486802,1.0
0.755421762046624,1.0
0.7555050936438824,1.0
0.7555884252411408,1.0
0.7558800858315452,1.0
0.7559842503281181,1.0
0.7560259161267474,1.0
0.7561717464219495,1.0
0.7561925793212642,1.0
0.7564842399116685,1.0
0.7566092373075561,1.0
0.7566300702068707,1.0
0.7566717360054999,1.0
0.756713401804129,1.0
0.7567550676027582,1.0
0.7568383992000167,1.0
0.7569008978979604,1.0
0.757025895293848,1.0
0.7571092268911065,1.0
0.7572967229849378,1.0
0.7573175558842524,1.0
0.7573592216828816,1.0
0.7576925480719152,1.0
0.7577967125684881,1.0
0.7578383783671173,1.0
0.7579842086623195,1.0
0.7589633549301056,1.0
0.7590258536280494,1.0
0.7590466865273641,1.0
0.7590883523259933,1.0
0.7591091852253078,1.0
0.7591925168225662,1.0
0.75925501552051,1.0
0.7592966813191392,1.0
0.7593175142184538,1.0
0.7594008458157122,1.0
0.7594633445136559,1.0
0.7596091748088581,1.0
0.7596925064061165,1.0
0.7597758380033749,1.0
0.7602758275869252,1.0
0.7602966604862399,1.0
0.7604216578821275,1.0
0.7609008145663632,1.0
0.7609424803649923,1.0
0.7610049790629362,1.0
0.7611299764588237,1.0
0.7611508093581384,1.0
0.7612133080560821,1.0
0.7612549738547114,1.0
0.7612966396533406,1.0
0.7613383054519698,1.0
0.761379971250599,1.0
0.7614424699485427,1.0
0.7614633028478573,1.0
0.7615466344451157,1.0
0.7616716318410033,1.0
0.7617132976396325,1.0
0.7617549634382617,1.0
0.7618174621362055,1.0
0.7618591279348347,1.0
0.7619841253307222,1.0
0.7621091227266099,1.0
0.7621299556259244,1.0
0.7622132872231828,1.0
0.7624424491156434,1.0
0.762463282014958,1.0
0.7625466136122164,1.0
0.7626924439074186,1.0
0.7627341097060478,1.0
0.7628174413033062,1.0
0.7629216057998792,1.0
0.762984104497823,1.0
0.7630257702964521,1.0
0.7633799295848003,1.0
0.7634007624841149,1.0
0.7634632611820588,1.0
0.7634840940813733,1.0
0.7635257598800025,1.0
0.7635465927793171,1.0
0.7635882585779463,1.0
0.7636299243765755,1.0
0.7636715901752047,1.0
0.7637965875710923,1.0
0.7638799191683506,1.0
0.7639215849669798,1.0
0.7639840836649237,1.0
0.764067415262182,1.0
0.7641507468594404,1.0
0.7642132455573842,1.0
0.764484073248474,1.0
0.7645257390471032,1.0
0.7647340680402491,1.0
0.7647757338388783,1.0
0.764796566738193,1.0
0.7648590654361368,1.0
0.764900731234766,1.0
0.7650465615299681,1.0
0.7651090602279119,1.0
0.7651298931272266,1.0
0.7652965563217433,1.0
0.7653382221203725,1.0
0.7655257182142039,1.0
0.7655673840128331,1.0
0.7655882169121476,1.0
0.7656298827107768,1.0
0.7656507156100915,1.0
0.7656923814087206,1.0
0.7657132143080353,1.0
0.765879877502552,1.0
0.7663798670861024,1.0
0.7664215328847316,1.0
0.7668590237703381,1.0
0.7669006895689673,1.0
0.7670048540655403,1.0
0.7670465198641695,1.0
0.7670673527634841,1.0
0.7671298514614279,1.0
0.7671923501593717,1.0
0.7672340159580009,1.0
0.7674631778504615,1.0
0.7675673423470344,1.0
0.767588175246349,1.0
0.7676298410449782,1.0
0.7679631674340118,1.0
0.7680464990312702,1.0
0.7681923293264724,1.0
0.7682548280244161,1.0
0.7685256557155059,1.0
0.7685881544134497,1.0
0.7687548176079665,1.0
0.7687964834065957,1.0
0.7689839795004271,1.0
0.7690256452990563,1.0
0.7690673110976854,1.0
0.769192308493573,1.0
0.7692339742922022,1.0
0.769400637486719,1.0
0.769504801983292,1.0
0.7695464677819213,1.0
0.7697339638757525,1.0
0.7697756296743817,1.0
0.7699422928688986,1.0
0.7699631257682131,1.0
0.770025624466157,1.0
0.7701506218620445,1.0
0.7702339534593029,1.0
0.7703589508551906,1.0
0.7703797837545051,1.0
0.770442282452449,1.0
0.7706714443449095,1.0
0.7707131101435387,1.0
0.7708172746401116,1.0
0.77090060623737,1.0
0.771108935230516,1.0
0.7712130997270891,1.0
0.7712755984250328,1.0
0.7712964313243474,1.0
0.7713380971229766,1.0
0.7713797629216058,1.0
0.7714630945188642,1.0
0.771525593216808,1.0
0.7715672590154372,1.0
0.7716089248140664,1.0
0.7716505906126956,1.0
0.771733922209954,1.0
0.7717755880085831,1.0
0.7718589196058415,1.0
0.7719005854044707,1.0
0.7721922459948751,1.0
0.7722130788941897,1.0
0.7722755775921335,1.0
0.7723797420887065,1.0
0.7725047394845941,1.0
0.7725255723839086,1.0
0.7725880710818525,1.0
0.7727547342763692,1.0
0.7727964000749984,1.0
0.7730047290681444,1.0
0.7730463948667736,1.0
0.7730880606654028,1.0
0.7731505593633466,1.0
0.7732755567592342,1.0
0.7733797212558071,1.0
0.7734213870544364,1.0
0.7735047186516948,1.0
0.773546384450324,1.0
0.7736297160475823,1.0
0.7736505489468969,1.0
0.7738380450407283,1.0
0.7738797108393575,1.0
0.7739213766379867,1.0
0.7739422095373013,1.0
0.7740047082352451,1.0
0.7740463740338743,1.0
0.7740672069331889,1.0
0.7741505385304472,1.0
0.7741713714297619,1.0
0.7742547030270203,1.0
0.7743172017249641,1.0
0.7744005333222225,1.0
0.7744421991208517,1.0
0.7746296952146831,1.0
0.7748796900064582,1.0
0.7749213558050874,1.0
0.7749630216037166,1.0
0.7750880189996042,1.0
0.7751713505968626,1.0
0.7752338492948063,1.0
0.775254682194121,1.0
0.7755880085831545,1.0
0.7756296743817838,1.0
0.7756505072810983,1.0
0.7757546717776713,1.0
0.7757963375763005,1.0
0.7759421678715027,1.0
0.7759838336701319,1.0
0.7760254994687611,1.0
0.776546321951626,1.0
0.7766921522468282,1.0
0.7767754838440866,1.0
0.7768171496427158,1.0
0.7768588154413449,1.0
0.7768796483406596,1.0
0.7770046457365472,1.0
0.7770463115351763,1.0
0.7771296431324347,1.0
0.7771921418303785,1.0
0.7772338076290077,1.0
0.7777546301118726,1.0
0.7778171288098165,1.0
0.7783171183933668,1.0
0.778358784191996,1.0
0.7784004499906252,1.0
0.778462948688569,1.0
0.7785879460844566,1.0
0.7786087789837711,1.0
0.7786921105810296,1.0
0.7787337763796588,1.0
0.7788171079769172,1.0
0.7788587737755464,1.0
0.7789004395741755,1.0
0.7789421053728047,1.0
0.7796295910501865,1.0
0.7797337555467594,1.0
0.7798379200433324,1.0
0.7800045832378492,1.0
0.780067081935793,1.0
0.780379575425512,1.0
0.7804420741234558,1.0
0.7827128601487469,1.0
0.782754525947376,1.0
0.7827753588466907,1.0
0.7828170246453199,1.0
0.7828378575446345,1.0
0.7837753380137914,1.0
0.7837961709131059,1.0
0.7838795025103643,1.0
0.7839211683089936,1.0
0.7842753275973418,1.0
0.7843794920939147,1.0
0.7844628236911732,1.0
0.7844836565904877,1.0
0.7846294868856899,1.0
0.7846503197850044,1.0
0.7847544842815775,1.0
0.7848169829795213,1.0
0.7852753067644425,1.0
0.7854628028582737,1.0
0.7854836357575884,1.0
0.785608633153476,1.0
0.7856919647507343,1.0
0.785712797650049,1.0
0.7859002937438804,1.0
0.7859419595425096,1.0
0.7859836253411387,1.0
0.7860252911397679,1.0
0.7863169517301722,1.0
0.7865461136226328,1.0
0.7865669465219475,1.0
0.7868169413137226,1.0
0.7868586071123518,1.0
0.786900272910981,1.0
0.7869211058102956,1.0
0.787004437407554,1.0
0.7870461032061832,1.0
0.7870877690048124,1.0
0.7873794295952168,1.0
0.7874419282931605,1.0
0.7874835940917898,1.0
0.7875460927897335,1.0
0.7875877585883627,1.0
0.7877752546821941,1.0
0.7878585862794525,1.0
0.7878794191787671,1.0
0.7879627507760255,1.0
0.7881502468698569,1.0
0.7881919126684861,1.0
0.7883169100643737,1.0
0.7883377429636883,1.0
0.7883794087623175,1.0
0.7884835732588904,1.0
0.7885669048561488,1.0
0.7886085706547781,1.0
0.7886502364534073,1.0
0.7889627299431262,1.0
0.7890252286410699,1.0
0.7893793879294181,1.0
0.7894002208287327,1.0
0.7894418866273619,1.0
0.7896502156205079,1.0
0.7896918814191372,1.0
0.7897335472177663,1.0
0.7899835420095415,1.0
0.7900252078081706,1.0
0.7905043644924064,1.0
0.7909626882773275,1.0
0.7910876856732152,1.0
0.7911085185725297,1.0
0.7911710172704736,1.0
0.7912960146663611,1.0
0.7913168475656757,1.0
0.7914001791629341,1.0
0.7914210120622487,1.0
0.7914626778608779,1.0
0.7915043436595071,1.0
0.7915460094581362,1.0
0.7916085081560801,1.0
0.7917335055519676,1.0
0.7917960042499115,1.0
0.791816837149226,1.0
0.7918793358471699,1.0
0.7919835003437429,1.0
0.7922751609341472,1.0
0.7923168267327764,1.0
0.7923793254307202,1.0
0.7924834899272932,1.0
0.7925876544238661,1.0
0.79265015312181,1.0
0.7927126518197537,1.0
0.793066811108102,1.0
0.7931293098060457,1.0
0.7931918085039895,1.0
0.7932334743026187,1.0
0.7932751401012479,1.0
0.7933168058998771,1.0
0.7939626257786296,1.0
0.7940667902752025,1.0
0.7940876231745172,1.0
0.7941709547717756,1.0
0.7941917876710902,1.0
0.7943376179662923,1.0
0.794358450865607,1.0
0.7944417824628653,1.0
0.79446261536218,1.0
0.7945667798587529,1.0
0.7945876127580676,1.0
0.794775108851899,1.0
0.7947959417512135,1.0
0.7948376075498427,1.0
0.7948584404491573,1.0
0.7949626049457303,1.0
0.7949834378450449,1.0
0.7950251036436741,1.0
0.7950876023416179,1.0
0.7951709339388763,1.0
0.7952959313347638,1.0
0.7954209287306514,1.0
0.795441761629966,1.0
0.7954834274285952,1.0
0.7955250932272244,1.0
0.7956292577237974,1.0
0.795650090623112,1.0
0.7956917564217412,1.0
0.7966917355888419,1.0
0.7967334013874711,1.0
0.79704589487719,1.0
0.7970667277765047,1.0
0.7971083935751339,1.0
0.7971708922730777,1.0
0.7973792212662236,1.0
0.7976292160579987,1.0
0.7983792004333243,1.0
0.7985458636278411,1.0
0.7986291952250995,1.0
0.7987125268223578,1.0
0.7989000229161892,1.0
0.7989416887148184,1.0
0.7990458532113914,1.0
0.7991083519093353,1.0
0.799170850607279,1.0
0.7991916835065936,1.0
0.7994208453990542,1.0
0.7994625111976834,1.0
0.7995666756942563,1.0
0.7996500072915148,1.0
0.7997750046874024,1.0
0.7998166704860316,1.0
0.7999208349826046,1.0
0.7999833336805483,1.0
0.8000458323784921,1.0
0.8001083310764359,1.0
0.8001916626736943,1.0
0.8002124955730089,1.0
0.8002749942709527,1.0
0.8003374929688964,1.0
0.8003791587675256,1.0
0.8004833232640987,1.0
0.8005458219620425,1.0
0.8007124851565592,1.0
0.8009416470490198,1.0
0.8018999604174913,1.0
0.8019416262161205,1.0
0.8020249578133789,1.0
0.8021082894106373,1.0
0.8021707881085811,1.0
0.8022124539072103,1.0
0.8022541197058395,1.0
0.8022957855044687,1.0
0.8023582842024124,1.0
0.802379117101727,1.0
0.8024624486989854,1.0
0.8024832815983001,1.0
0.8025457802962438,1.0
0.8026082789941876,1.0
0.8026707776921315,1.0
0.8027541092893898,1.0
0.802795775088019,1.0
0.8028999395845919,1.0
0.8029416053832212,1.0
0.803004104081165,1.0
0.8030874356784233,1.0
0.8031291014770525,1.0
0.8032540988729402,1.0
0.80352492656403,1.0
0.8035457594633445,1.0
0.8036499239599175,1.0
0.8037124226578612,1.0
0.8037749213558051,1.0
0.8041290806441532,1.0
0.8041707464427824,1.0
0.8042124122414116,1.0
0.8043582425366138,1.0
0.804399908335243,1.0
0.8044832399325014,1.0
0.804504072831816,1.0
0.8045874044290744,1.0
0.804608237328389,1.0
0.8046707360263328,1.0
0.804712401824962,1.0
0.8048373992208495,1.0
0.8048582321201642,1.0
0.804920730818108,1.0
0.8049832295160517,1.0
0.8050248953146809,1.0
0.8064415324680736,1.0
0.806629028561905,1.0
0.8066706943605342,1.0
0.8067956917564217,1.0
0.8068373575550509,1.0
0.8068998562529948,1.0
0.8069831878502531,1.0
0.8071290181454553,1.0
0.8071706839440845,1.0
0.8071915168433991,1.0
0.8072540155413429,1.0
0.8072748484406574,1.0
0.8073165142392866,1.0
0.8073998458365451,1.0
0.8074415116351743,1.0
0.8074623445344888,1.0
0.8075873419303764,1.0
0.8077540051248933,1.0
0.8079415012187247,1.0
0.8079623341180392,1.0
0.8080456657152976,1.0
0.8080873315139268,1.0
0.8081289973125559,1.0
0.8081706631111852,1.0
0.808337326305702,1.0
0.8083581592050165,1.0
0.8083998250036457,1.0
0.809628966063207,1.0
0.8097122976604654,1.0
0.80973313055978,1.0
0.8202537447136518,1.0
0.8202745776129664,1.0
0.8203579092102248,1.0
0.8204620737067978,1.0
0.820816232995146,1.0
0.8208787316930898,1.0
0.820920397491719,1.0
0.8213995541759547,1.0
0.8215662173704714,1.0
0.8216078831691006,1.0
0.8216287160684153,1.0
0.8218787108601904,1.0
0.8219203766588196,1.0
0.8219412095581342,1.0
0.8220870398533364,1.0
0.8221287056519656,1.0
0.8221912043499093,1.0
0.8222745359471678,1.0
0.8223995333430554,1.0
0.8228995229266057,1.0
0.8229203558259203,1.0
0.8229620216245495,1.0
0.8230245203224933,1.0
0.8231078519197517,1.0
0.8231703506176955,1.0
0.8232120164163247,1.0
0.8232745151142684,1.0
0.8232953480135831,1.0
0.823503677006729,1.0
0.8235661757046728,1.0
0.823607841503302,1.0
0.8237953375971334,1.0
0.8239620007916502,1.0
0.8239828336909648,1.0
0.824024499489594,1.0
0.8240869981875377,1.0
0.8241703297847961,1.0
0.8242744942813691,1.0
0.8244203245765713,1.0
0.8247744838649195,1.0
0.8248161496635487,1.0
0.8248369825628633,1.0
0.8248786483614925,1.0
0.8249203141601217,1.0
0.8250244786566947,1.0
0.8250661444553239,1.0
0.8251286431532676,1.0
0.825211974750526,1.0
0.8253578050457282,1.0
0.825420303743672,1.0
0.8254828024416158,1.0
0.8255869669381888,1.0
0.8262119539176267,1.0
0.8262536197162559,1.0
0.8262952855148851,1.0
0.8263161184141997,1.0
0.8263994500114581,1.0
0.8267327764004917,1.0
0.8267744421991209,1.0
0.8268161079977501,1.0
0.8270661027895252,1.0
0.8270869356888398,1.0
0.827336930480615,1.0
0.8273577633799296,1.0
0.827441094977188,1.0
0.8274619278765025,1.0
0.8275035936751318,1.0
0.8275244265744464,1.0
0.8275660923730755,1.0
0.8278369200641653,1.0
0.8278994187621092,1.0
0.8279202516614237,1.0
0.8281494135538843,1.0
0.8281910793525135,1.0
0.8282744109497718,1.0
0.8283577425470303,1.0
0.8284619070436032,1.0
0.8284827399429179,1.0
0.8285244057415471,1.0
0.8286077373388054,1.0
0.8287119018353785,1.0
0.828732734734693,1.0
0.8287744005333222,1.0
0.8287952334326368,1.0
0.828836899231266,1.0
0.8333159725839046,1.0
0.8335868002749943,1.0
0.8336284660736235,1.0
0.8337951292681403,1.0
0.8338159621674548,1.0
0.8338992937647133,1.0
0.8340034582612862,1.0
0.8340451240599154,1.0
0.8353367638174205,1.0
0.835357596716735,1.0
0.8354200954146789,1.0
0.8354825941126226,1.0
0.8355659257098811,1.0
0.8356492573071395,1.0
0.8356909231057686,1.0
0.8357950876023417,1.0
0.8358159205016562,1.0
0.8358784191996,1.0
0.8359409178975438,1.0
0.8366284035749255,1.0
0.8366700693735547,1.0
0.8367117351721839,1.0
0.8367742338701277,1.0
0.8369408970646445,1.0
0.8372742234536781,1.0
0.8373575550509365,1.0
0.837378387950251,1.0
0.8378158788358576,1.0
0.8378367117351722,1.0
0.8380242078290036,1.0
0.8380658736276327,1.0
0.8381492052248911,1.0
0.8383783671173517,1.0
0.8384200329159809,1.0
0.8385033645132393,1.0
0.8387116935063853,1.0
0.8388158580029583,1.0
0.8388366909022729,1.0
0.8396283410762275,1.0
0.8398783358680028,1.0
0.8399200016666319,1.0
0.8399408345659466,1.0
0.8408366492364743,1.0
0.8408783150351035,1.0
0.8409616466323618,1.0
0.841003312430991,1.0
0.8412949730213954,1.0
0.84131580592071,1.0
0.8414616362159122,1.0
0.8415033020145414,1.0
0.8415658007124851,1.0
0.8422116205912377,1.0
0.8422324534905523,1.0
0.8423574508864399,1.0
0.8425449469802713,1.0
0.8425866127789005,1.0
0.8426491114768442,1.0
0.8430657694631362,1.0
0.8431491010603945,1.0
0.8432740984562822,1.0
0.8433157642549114,1.0
0.8434824274494281,1.0
0.8437324222412033,1.0
0.8437532551405179,1.0
0.8438782525364055,1.0
0.8443574092206413,1.0
0.8443990750192705,1.0
0.844419907918585,1.0
0.8446282369117311,1.0
0.8446699027103602,1.0
0.8447532343076186,1.0
0.8447949001062478,1.0
0.844836565904877,1.0
0.8450032290993937,1.0
0.8450448948980229,1.0
0.8450865606966521,1.0
0.8452115580925398,1.0
0.8453990541863711,1.0
0.8454198870856857,1.0
0.8455032186829441,1.0
0.8455865502802025,1.0
0.8456490489781463,1.0
0.8456698818774608,1.0
0.845815712172663,1.0
0.8458573779712922,1.0
0.8458782108706069,1.0
0.8463990333534718,1.0
0.8468573571383929,1.0
0.8468990229370221,1.0
0.8470031874335952,1.0
0.8470240203329097,1.0
0.8471281848294827,1.0
0.8471698506281119,1.0
0.8472323493260557,1.0
0.8473156809233141,1.0
0.8473781796212579,1.0
0.8477323389096061,1.0
0.8477740047082353,1.0
0.8479823337013812,1.0
0.8483989916876732,1.0
0.8484823232849316,1.0
0.8485448219828754,1.0
0.8485656548821899,1.0
0.8487531509760213,1.0
0.848773983875336,1.0
0.8488156496739652,1.0
0.8488989812712235,1.0
0.8490031457677965,1.0
0.8491489760629987,1.0
0.8491906418616278,1.0
0.8492531405595717,1.0
0.8492948063582009,1.0
0.8493156392575155,1.0
0.8494198037540884,1.0
0.8494823024520323,1.0
0.8495239682506615,1.0
0.8539197100060415,1.0
0.8539613758046707,1.0
0.8540030416033,1.0
0.8542113705964459,1.0
0.8542322034957605,1.0
0.8543363679923335,1.0
0.8544821982875357,1.0
0.8545030311868502,1.0
0.8545863627841087,1.0
0.8546280285827379,1.0
0.8548571904751985,1.0
0.8549196891731422,1.0
0.8552530155621758,1.0
0.8553155142601195,1.0
0.8556905064477823,1.0
0.855711339347097,1.0
0.8557946709443554,1.0
0.8558571696422991,1.0
0.8559821670381867,1.0
0.8560238328368159,1.0
0.8560863315347597,1.0
0.8561279973333888,1.0
0.8561904960313327,1.0
0.8562113289306473,1.0
0.8565238224203663,1.0
0.85658632111831,1.0
0.8566071540176247,1.0
0.8567529843128269,1.0
0.8569196475073436,1.0
0.8570238120039165,1.0
0.8570446449032312,1.0
0.8574613028895232,1.0
0.8574821357888377,1.0
0.8575238015874669,1.0
0.8575446344867815,1.0
0.8575863002854107,1.0
0.8577737963792421,1.0
0.8581904543655341,1.0
0.8582321201641633,1.0
0.8583571175600508,1.0
0.85839878335868,1.0
0.8585446136538822,1.0
0.858607112351826,1.0
0.8586279452511406,1.0
0.858711276848399,1.0
0.8587529426470282,1.0
0.8590862690360618,1.0
0.8591487677340055,1.0
0.8591696006333202,1.0
0.8593362638278369,1.0
0.8593987625257807,1.0
0.8594404283244099,1.0
0.8595029270223536,1.0
0.8595862586196121,1.0
0.8596070915189267,1.0
0.8608987312764318,1.0
0.8609612299743755,1.0
0.8609820628736902,1.0
0.8631486844024083,1.0
0.8631695173017229,1.0
0.8632736817982959,1.0
0.8633361804962396,1.0
0.8634611778921273,1.0
0.8635028436907565,1.0
0.863627841086644,1.0
0.8636486739859586,1.0
0.8653986375283849,1.0
0.8654194704276994,1.0
0.8654611362263286,1.0
0.8654819691256432,1.0
0.8656069665215308,1.0
0.8656277994208454,1.0
0.8656902981187892,1.0
0.8657111310181038,1.0
0.8660444574071373,1.0
0.866169454803025,1.0
0.8662527864002834,1.0
0.8672110997687548,1.0
0.8672527655673841,1.0
0.8673360971646424,1.0
0.8675444261577884,1.0
0.867565259057103,1.0
0.8676277577550467,1.0
0.8676694235536759,1.0
0.8677527551509343,1.0
0.867773588050249,1.0
0.8692318910022708,1.0
0.8692735568009,1.0
0.8693360554988437,1.0
0.8693777212974729,1.0
0.8693985541967876,1.0
0.869481885794046,1.0
0.8695235515926751,1.0
0.8696277160892482,1.0
0.8696485489885627,1.0
0.8696902147871919,1.0
0.8697110476865065,1.0
0.8699402095789671,1.0
0.870002708276911,1.0
0.8703985333638883,1.0
0.8704818649611467,1.0
0.8706068623570342,1.0
0.8707943584508656,1.0
0.8708568571488094,1.0
0.8709401887460678,1.0
0.8715651757255057,1.0
0.8715860086248203,1.0
0.8716485073227641,1.0
0.8718360034165955,1.0
0.8764817399637508,1.0
0.8765442386616945,1.0
0.8767942334534697,1.0
0.8768983979500428,1.0
0.876940063748672,1.0
0.8769608966479865,1.0
0.877398387533593,1.0
0.8783150351034353,1.0
0.8783775338013792,1.0
0.8786066956938398,1.0
0.8786275285931543,1.0
0.8786691943917835,1.0
0.8786900272910981,1.0
0.8791066852773901,1.0
0.8791275181767046,1.0
0.8791691839753338,1.0
0.8792525155725922,1.0
0.8792941813712214,1.0
0.879315014270536,1.0
0.8797525051561426,1.0
0.8798358367534009,1.0
0.8800233328472323,1.0
0.880044165746547,1.0
0.8800858315451762,1.0
0.8801066644444907,1.0
0.8801899960417491,1.0
0.8802316618403784,1.0
0.8804399908335243,1.0
0.8805441553300973,1.0
0.8805858211287265,1.0
0.8806066540280411,1.0
0.8807316514239286,1.0
0.8807733172225579,1.0
0.8811691423095352,1.0
0.8822732859732089,1.0
0.8825441136642986,1.0
0.882939938751276,1.0
0.8858982104539489,1.0
0.8859398762525781,1.0
0.8868565238224204,1.0
0.8868981896210496,1.0
0.886981521218308,1.0
0.8904814483031603,1.0
0.8905647799004187,1.0
0.8906897772963063,1.0
0.8907106101956209,1.0
0.8908356075915085,1.0
0.8915022603695756,1.0
0.8915439261682049,1.0
0.8915647590675194,1.0
0.8982729526468198,1.0
0.8987521093310556,1.0
0.8987729422303702,1.0
0.8988562738276286,1.0
0.8991271015187183,1.0
0.8995020937063811,1.0
0.8995437595050103,1.0
0.8997520884981562,1.0
0.8998145871961001,1.0
0.9002312451823921,1.0
0.9002520780817066,1.0
0.9004187412762235,1.0
0.9005645715714256,1.0
0.900647903168684,1.0
0.9022103706172788,1.0
0.9023145351138518,1.0
0.9026270286035708,1.0
0.9026478615028853,1.0
0.9037728380658736,1.0
0.9047728172329743,1.0
0.9048561488302327,1.0
0.9069394387616925,1.0
0.9070227703589508,1.0
0.9086269036061748,1.0
0.9089185641965792,1.0
0.9092310576862982,1.0
0.9093352221828712,1.0
0.9093768879815004,1.0
0.9111685173225558,1.0
0.91173100560405,1.0
0.9121476635903418,1.0
0.9122101622882857,1.0
0.9141892877231724,1.0
0.9146892773067228,1.0
0.9150642694943856,1.0
1.0,1.0
